<?xml version="1.0" encoding="UTF-8"?>
<osm version="0.6" generator="openstreetmap-cgimap 2.1.0 (3498752 spike-06.openstreetmap.org)" copyright="OpenStreetMap and contributors" attribution="http://www.openstreetmap.org/copyright" license="http://opendatacommons.org/licenses/odbl/1-0/">
 <bounds minlat="43.2684273" minlon="-5.8012632" maxlat="43.2704273" maxlon="-5.7992632"/>
 <node id="30779800" visible="true" version="3" changeset="7091717" timestamp="2011-01-26T09:51:54Z" user="Marcial" uid="190240" lat="43.2656282" lon="-5.7955941"/>
 <node id="30779801" visible="true" version="4" changeset="7091717" timestamp="2011-01-26T09:51:37Z" user="Marcial" uid="190240" lat="43.2646387" lon="-5.7928914"/>
 <node id="30782800" visible="true" version="3" changeset="2628874" timestamp="2009-09-25T22:59:49Z" user="cdavila" uid="26599" lat="43.2657178" lon="-5.7954795"/>
 <node id="30782803" visible="true" version="6" changeset="83580524" timestamp="2020-04-15T09:24:49Z" user="sanchi" uid="170106" lat="43.2762172" lon="-5.8093553">
  <tag k="highway" v="motorway_junction"/>
  <tag k="ref" v="44"/>
 </node>
 <node id="30782805" visible="true" version="5" changeset="5844724" timestamp="2010-09-22T11:52:27Z" user="Marcial" uid="190240" lat="43.2746957" lon="-5.8083137"/>
 <node id="30819646" visible="true" version="7" changeset="62054203" timestamp="2018-08-27T23:32:27Z" user="robertogeb" uid="491515" lat="43.2733139" lon="-5.8064841"/>
 <node id="30819661" visible="true" version="5" changeset="31647837" timestamp="2015-06-01T20:46:58Z" user="ddsaimon" uid="1893271" lat="43.2710995" lon="-5.8045931"/>
 <node id="30819678" visible="true" version="4" changeset="7091717" timestamp="2011-01-26T09:51:56Z" user="Marcial" uid="190240" lat="43.2706903" lon="-5.8042519"/>
 <node id="30819679" visible="true" version="5" changeset="31647837" timestamp="2015-06-01T20:46:59Z" user="ddsaimon" uid="1893271" lat="43.2702568" lon="-5.8037466"/>
 <node id="30819681" visible="true" version="4" changeset="31647837" timestamp="2015-06-01T20:46:59Z" user="ddsaimon" uid="1893271" lat="43.2699128" lon="-5.8029141"/>
 <node id="30819709" visible="true" version="3" changeset="7091717" timestamp="2011-01-26T09:51:53Z" user="Marcial" uid="190240" lat="43.2700488" lon="-5.7992655"/>
 <node id="30819711" visible="true" version="4" changeset="7091717" timestamp="2011-01-26T09:51:37Z" user="Marcial" uid="190240" lat="43.2699465" lon="-5.7986577"/>
 <node id="30819712" visible="true" version="4" changeset="7091717" timestamp="2011-01-26T09:51:43Z" user="Marcial" uid="190240" lat="43.2697333" lon="-5.7980987"/>
 <node id="30819713" visible="true" version="3" changeset="2628874" timestamp="2009-09-25T22:59:49Z" user="cdavila" uid="26599" lat="43.2690979" lon="-5.7971216"/>
 <node id="112280812" visible="true" version="4" changeset="7091717" timestamp="2011-01-26T09:51:56Z" user="Marcial" uid="190240" lat="43.2690121" lon="-5.8022517"/>
 <node id="256679168" visible="true" version="4" changeset="7040478" timestamp="2011-01-21T13:46:46Z" user="Marcial" uid="190240" lat="43.2746314" lon="-5.8084546"/>
 <node id="256679169" visible="true" version="3" changeset="4330398" timestamp="2010-04-05T08:38:44Z" user="Marcial" uid="190240" lat="43.2725555" lon="-5.8071770"/>
 <node id="256679173" visible="true" version="3" changeset="4330398" timestamp="2010-04-05T08:38:44Z" user="Marcial" uid="190240" lat="43.2769794" lon="-5.8095982"/>
 <node id="256679176" visible="true" version="4" changeset="5844724" timestamp="2010-09-22T11:52:27Z" user="Marcial" uid="190240" lat="43.2726594" lon="-5.8070466"/>
 <node id="256679185" visible="true" version="3" changeset="7091717" timestamp="2011-01-26T09:51:52Z" user="Marcial" uid="190240" lat="43.2699579" lon="-5.8045285"/>
 <node id="256679186" visible="true" version="3" changeset="7091717" timestamp="2011-01-26T09:51:53Z" user="Marcial" uid="190240" lat="43.2700719" lon="-5.8044523"/>
 <node id="256679187" visible="true" version="3" changeset="7091717" timestamp="2011-01-26T09:51:56Z" user="Marcial" uid="190240" lat="43.2696751" lon="-5.8035853"/>
 <node id="256679188" visible="true" version="3" changeset="7091717" timestamp="2011-01-26T09:51:48Z" user="Marcial" uid="190240" lat="43.2695580" lon="-5.8036575"/>
 <node id="256679189" visible="true" version="3" changeset="7091717" timestamp="2011-01-26T09:51:54Z" user="Marcial" uid="190240" lat="43.2688998" lon="-5.8015767"/>
 <node id="256679190" visible="true" version="3" changeset="7091717" timestamp="2011-01-26T09:51:55Z" user="Marcial" uid="190240" lat="43.2687854" lon="-5.8016503"/>
 <node id="256684095" visible="true" version="3" changeset="7091717" timestamp="2011-01-26T09:51:39Z" user="Marcial" uid="190240" lat="43.2652411" lon="-5.7948755"/>
 <node id="256684096" visible="true" version="3" changeset="7091717" timestamp="2011-01-26T09:51:47Z" user="Marcial" uid="190240" lat="43.2653526" lon="-5.7947911"/>
 <node id="256698891" visible="true" version="3" changeset="7091717" timestamp="2011-01-26T09:51:48Z" user="Marcial" uid="190240" lat="43.2650447" lon="-5.7940053"/>
 <node id="493420440" visible="true" version="2" changeset="7091717" timestamp="2011-01-26T09:51:41Z" user="Marcial" uid="190240" lat="43.2678248" lon="-5.7991384"/>
 <node id="493420457" visible="true" version="2" changeset="7091717" timestamp="2011-01-26T09:51:41Z" user="Marcial" uid="190240" lat="43.2712845" lon="-5.8060793"/>
 <node id="493420460" visible="true" version="2" changeset="7091717" timestamp="2011-01-26T09:51:39Z" user="Marcial" uid="190240" lat="43.2683107" lon="-5.8001163"/>
 <node id="493420463" visible="true" version="2" changeset="7091717" timestamp="2011-01-26T09:51:54Z" user="Marcial" uid="190240" lat="43.2706012" lon="-5.8052826"/>
 <node id="493420467" visible="true" version="2" changeset="4330398" timestamp="2010-04-05T08:38:43Z" user="Marcial" uid="190240" lat="43.2720352" lon="-5.8066095"/>
 <node id="493425641" visible="true" version="1" changeset="2446129" timestamp="2009-09-11T14:02:24Z" user="Alberto" uid="9037" lat="43.2705109" lon="-5.8054044"/>
 <node id="493425642" visible="true" version="2" changeset="7091717" timestamp="2011-01-26T09:51:40Z" user="Marcial" uid="190240" lat="43.2712026" lon="-5.8062039"/>
 <node id="493425643" visible="true" version="2" changeset="4330398" timestamp="2010-04-05T08:38:43Z" user="Marcial" uid="190240" lat="43.2719005" lon="-5.8067298"/>
 <node id="493425644" visible="true" version="3" changeset="7040478" timestamp="2011-01-21T13:46:52Z" user="Marcial" uid="190240" lat="43.2764479" lon="-5.8094382"/>
 <node id="493425651" visible="true" version="2" changeset="7091717" timestamp="2011-01-26T09:51:38Z" user="Marcial" uid="190240" lat="43.2677195" lon="-5.7992291"/>
 <node id="493425653" visible="true" version="2" changeset="7091717" timestamp="2011-01-26T09:51:56Z" user="Marcial" uid="190240" lat="43.2682080" lon="-5.8001953"/>
 <node id="1113011436" visible="true" version="1" changeset="7040478" timestamp="2011-01-21T13:46:40Z" user="Marcial" uid="190240" lat="43.2735405" lon="-5.8076161"/>
 <node id="1113011438" visible="true" version="1" changeset="7040478" timestamp="2011-01-21T13:46:41Z" user="Marcial" uid="190240" lat="43.2757862" lon="-5.8091515"/>
 <node id="1113011467" visible="true" version="3" changeset="31647837" timestamp="2015-06-01T20:46:57Z" user="ddsaimon" uid="1893271" lat="43.2731360" lon="-5.8063352"/>
 <node id="1113011507" visible="true" version="1" changeset="7040478" timestamp="2011-01-21T13:46:42Z" user="Marcial" uid="190240" lat="43.2734870" lon="-5.8077693"/>
 <node id="1121373863" visible="true" version="2" changeset="7144083" timestamp="2011-01-31T11:30:27Z" user="Marcial" uid="190240" lat="43.2692581" lon="-5.8022175"/>
 <node id="1121373868" visible="true" version="1" changeset="7091717" timestamp="2011-01-26T09:50:29Z" user="Marcial" uid="190240" lat="43.2690592" lon="-5.7996154"/>
 <node id="1121373874" visible="true" version="1" changeset="7091717" timestamp="2011-01-26T09:50:29Z" user="Marcial" uid="190240" lat="43.2682471" lon="-5.7958427"/>
 <node id="1121373885" visible="true" version="1" changeset="7091717" timestamp="2011-01-26T09:50:29Z" user="Marcial" uid="190240" lat="43.2694388" lon="-5.7994826"/>
 <node id="1121373897" visible="true" version="1" changeset="7091717" timestamp="2011-01-26T09:50:30Z" user="Marcial" uid="190240" lat="43.2696135" lon="-5.8004751"/>
 <node id="1121373903" visible="true" version="1" changeset="7091717" timestamp="2011-01-26T09:50:30Z" user="Marcial" uid="190240" lat="43.2696121" lon="-5.7997844"/>
 <node id="1121373912" visible="true" version="1" changeset="7091717" timestamp="2011-01-26T09:50:30Z" user="Marcial" uid="190240" lat="43.2689340" lon="-5.7985383"/>
 <node id="1121373919" visible="true" version="1" changeset="7091717" timestamp="2011-01-26T09:50:31Z" user="Marcial" uid="190240" lat="43.2690723" lon="-5.7996135"/>
 <node id="1121373937" visible="true" version="1" changeset="7091717" timestamp="2011-01-26T09:50:31Z" user="Marcial" uid="190240" lat="43.2692011" lon="-5.8007653"/>
 <node id="1121373939" visible="true" version="1" changeset="7091717" timestamp="2011-01-26T09:50:32Z" user="Marcial" uid="190240" lat="43.2698381" lon="-5.7993886"/>
 <node id="1121373940" visible="true" version="1" changeset="7091717" timestamp="2011-01-26T09:50:32Z" user="Marcial" uid="190240" lat="43.2699451" lon="-5.7993746"/>
 <node id="1121373941" visible="true" version="1" changeset="7091717" timestamp="2011-01-26T09:50:32Z" user="Marcial" uid="190240" lat="43.2695077" lon="-5.8004775"/>
 <node id="1121373942" visible="true" version="1" changeset="7091717" timestamp="2011-01-26T09:50:32Z" user="Marcial" uid="190240" lat="43.2648598" lon="-5.7933490"/>
 <node id="1121373943" visible="true" version="4" changeset="175726514" timestamp="2025-12-09T18:19:10Z" user="kapazao_import" uid="8770019" lat="43.2689848" lon="-5.7986564">
  <tag k="crossing" v="uncontrolled"/>
  <tag k="crossing:markings" v="zebra"/>
  <tag k="highway" v="crossing"/>
  <tag k="source" v="PNOA"/>
  <tag k="source:date" v="2007"/>
  <tag k="tactile_paving" v="no"/>
 </node>
 <node id="1121373962" visible="true" version="1" changeset="7091717" timestamp="2011-01-26T09:50:32Z" user="Marcial" uid="190240" lat="43.2695534" lon="-5.7997378"/>
 <node id="1121373972" visible="true" version="1" changeset="7091717" timestamp="2011-01-26T09:50:33Z" user="Marcial" uid="190240" lat="43.2696328" lon="-5.8012443"/>
 <node id="1121373975" visible="true" version="1" changeset="7091717" timestamp="2011-01-26T09:50:33Z" user="Marcial" uid="190240" lat="43.2697049" lon="-5.7997932"/>
 <node id="1121373977" visible="true" version="1" changeset="7091717" timestamp="2011-01-26T09:50:33Z" user="Marcial" uid="190240" lat="43.2647771" lon="-5.7929304"/>
 <node id="1121373978" visible="true" version="2" changeset="31647837" timestamp="2015-06-01T20:46:57Z" user="ddsaimon" uid="1893271" lat="43.2698792" lon="-5.8013857"/>
 <node id="1121373997" visible="true" version="1" changeset="7091717" timestamp="2011-01-26T09:50:34Z" user="Marcial" uid="190240" lat="43.2692999" lon="-5.8011363"/>
 <node id="1121374001" visible="true" version="1" changeset="7091717" timestamp="2011-01-26T09:50:34Z" user="Marcial" uid="190240" lat="43.2696810" lon="-5.7991798"/>
 <node id="1121374003" visible="true" version="2" changeset="7144083" timestamp="2011-01-31T11:30:28Z" user="Marcial" uid="190240" lat="43.2697024" lon="-5.8017015">
  <tag k="barrier" v="gate"/>
  <tag k="bicycle" v="no"/>
  <tag k="foot" v="no"/>
 </node>
 <node id="1121374007" visible="true" version="1" changeset="7091717" timestamp="2011-01-26T09:50:34Z" user="Marcial" uid="190240" lat="43.2699994" lon="-5.7992967"/>
 <node id="1121374014" visible="true" version="1" changeset="7091717" timestamp="2011-01-26T09:50:34Z" user="Marcial" uid="190240" lat="43.2695470" lon="-5.8005076"/>
 <node id="1121374018" visible="true" version="1" changeset="7091717" timestamp="2011-01-26T09:50:35Z" user="Marcial" uid="190240" lat="43.2700128" lon="-5.7989630"/>
 <node id="1121374022" visible="true" version="1" changeset="7091717" timestamp="2011-01-26T09:50:35Z" user="Marcial" uid="190240" lat="43.2694929" lon="-5.7997169"/>
 <node id="1121374033" visible="true" version="2" changeset="7144083" timestamp="2011-01-31T11:30:28Z" user="Marcial" uid="190240" lat="43.2693735" lon="-5.8002606"/>
 <node id="1121374037" visible="true" version="1" changeset="7091717" timestamp="2011-01-26T09:50:36Z" user="Marcial" uid="190240" lat="43.2695875" lon="-5.8005388"/>
 <node id="1121374046" visible="true" version="1" changeset="7091717" timestamp="2011-01-26T09:50:36Z" user="Marcial" uid="190240" lat="43.2694660" lon="-5.7999456"/>
 <node id="1121374052" visible="true" version="1" changeset="7091717" timestamp="2011-01-26T09:50:36Z" user="Marcial" uid="190240" lat="43.2697904" lon="-5.7998555"/>
 <node id="1121374055" visible="true" version="1" changeset="7091717" timestamp="2011-01-26T09:50:36Z" user="Marcial" uid="190240" lat="43.2688368" lon="-5.7986542"/>
 <node id="1121374060" visible="true" version="1" changeset="7091717" timestamp="2011-01-26T09:50:36Z" user="Marcial" uid="190240" lat="43.2696378" lon="-5.8000107"/>
 <node id="1121374062" visible="true" version="1" changeset="7091717" timestamp="2011-01-26T09:50:36Z" user="Marcial" uid="190240" lat="43.2687989" lon="-5.7992943"/>
 <node id="1121374072" visible="true" version="1" changeset="7091717" timestamp="2011-01-26T09:50:37Z" user="Marcial" uid="190240" lat="43.2691598" lon="-5.8009947"/>
 <node id="1121374083" visible="true" version="1" changeset="7091717" timestamp="2011-01-26T09:50:37Z" user="Marcial" uid="190240" lat="43.2698719" lon="-5.7988713"/>
 <node id="1121374085" visible="true" version="2" changeset="31647837" timestamp="2015-06-01T20:46:57Z" user="ddsaimon" uid="1893271" lat="43.2705043" lon="-5.8040667"/>
 <node id="1121374101" visible="true" version="5" changeset="175726514" timestamp="2025-12-09T18:19:10Z" user="kapazao_import" uid="8770019" lat="43.2693579" lon="-5.8006315">
  <tag k="crossing" v="uncontrolled"/>
  <tag k="crossing:markings" v="zebra"/>
  <tag k="highway" v="crossing"/>
  <tag k="source" v="PNOA"/>
  <tag k="source:date" v="2007"/>
  <tag k="tactile_paving" v="no"/>
 </node>
 <node id="1121374103" visible="true" version="1" changeset="7091717" timestamp="2011-01-26T09:50:38Z" user="Marcial" uid="190240" lat="43.2697493" lon="-5.8000872"/>
 <node id="1121374105" visible="true" version="1" changeset="7091717" timestamp="2011-01-26T09:50:38Z" user="Marcial" uid="190240" lat="43.2694198" lon="-5.8007763"/>
 <node id="1121374119" visible="true" version="2" changeset="31647837" timestamp="2015-06-01T20:46:57Z" user="ddsaimon" uid="1893271" lat="43.2698292" lon="-5.8023408"/>
 <node id="1121374122" visible="true" version="1" changeset="7091717" timestamp="2011-01-26T09:50:38Z" user="Marcial" uid="190240" lat="43.2694483" lon="-5.7993060"/>
 <node id="1121374138" visible="true" version="1" changeset="7091717" timestamp="2011-01-26T09:50:39Z" user="Marcial" uid="190240" lat="43.2696779" lon="-5.8012461"/>
 <node id="1121374147" visible="true" version="4" changeset="175726514" timestamp="2025-12-09T18:19:10Z" user="kapazao_import" uid="8770019" lat="43.2691810" lon="-5.7993052">
  <tag k="crossing" v="uncontrolled"/>
  <tag k="crossing:markings" v="zebra"/>
  <tag k="highway" v="crossing"/>
  <tag k="source" v="PNOA"/>
  <tag k="source:date" v="2007"/>
  <tag k="tactile_paving" v="no"/>
 </node>
 <node id="1121374161" visible="true" version="1" changeset="7091717" timestamp="2011-01-26T09:50:39Z" user="Marcial" uid="190240" lat="43.2697827" lon="-5.8001102"/>
 <node id="1121374170" visible="true" version="1" changeset="7091717" timestamp="2011-01-26T09:50:40Z" user="Marcial" uid="190240" lat="43.2691917" lon="-5.8010672"/>
 <node id="1121374177" visible="true" version="1" changeset="7091717" timestamp="2011-01-26T09:50:40Z" user="Marcial" uid="190240" lat="43.2694428" lon="-5.7996604"/>
 <node id="1121374193" visible="true" version="1" changeset="7091717" timestamp="2011-01-26T09:50:41Z" user="Marcial" uid="190240" lat="43.2699178" lon="-5.7990515"/>
 <node id="1121374197" visible="true" version="1" changeset="7091717" timestamp="2011-01-26T09:50:41Z" user="Marcial" uid="190240" lat="43.2694385" lon="-5.8014863"/>
 <node id="1121374207" visible="true" version="1" changeset="7091717" timestamp="2011-01-26T09:50:41Z" user="Marcial" uid="190240" lat="43.2694792" lon="-5.8002364"/>
 <node id="1121374215" visible="true" version="1" changeset="7091717" timestamp="2011-01-26T09:50:41Z" user="Marcial" uid="190240" lat="43.2649257" lon="-5.7940691"/>
 <node id="1121374221" visible="true" version="1" changeset="7091717" timestamp="2011-01-26T09:50:42Z" user="Marcial" uid="190240" lat="43.2691035" lon="-5.8000256"/>
 <node id="1121374223" visible="true" version="2" changeset="123160594" timestamp="2022-07-03T18:09:45Z" user="bermiego" uid="3699758" lat="43.2696591" lon="-5.8010323"/>
 <node id="1121374229" visible="true" version="1" changeset="7091717" timestamp="2011-01-26T09:50:42Z" user="Marcial" uid="190240" lat="43.2691654" lon="-5.8008321"/>
 <node id="1121374249" visible="true" version="1" changeset="7091717" timestamp="2011-01-26T09:50:43Z" user="Marcial" uid="190240" lat="43.2674277" lon="-5.7945229"/>
 <node id="1121374252" visible="true" version="1" changeset="7091717" timestamp="2011-01-26T09:50:43Z" user="Marcial" uid="190240" lat="43.2699206" lon="-5.7990511"/>
 <node id="1121374255" visible="true" version="1" changeset="7091717" timestamp="2011-01-26T09:50:43Z" user="Marcial" uid="190240" lat="43.2686205" lon="-5.8008385"/>
 <node id="1121374284" visible="true" version="1" changeset="7091717" timestamp="2011-01-26T09:50:44Z" user="Marcial" uid="190240" lat="43.2687514" lon="-5.7996969"/>
 <node id="1121374290" visible="true" version="1" changeset="7091717" timestamp="2011-01-26T09:50:44Z" user="Marcial" uid="190240" lat="43.2693507" lon="-5.8011276"/>
 <node id="1121374306" visible="true" version="4" changeset="175726514" timestamp="2025-12-09T18:19:10Z" user="kapazao_import" uid="8770019" lat="43.2688904" lon="-5.7987517">
  <tag k="crossing" v="uncontrolled"/>
  <tag k="crossing:markings" v="zebra"/>
  <tag k="highway" v="crossing"/>
  <tag k="source" v="PNOA"/>
  <tag k="source:date" v="2007"/>
  <tag k="tactile_paving" v="no"/>
 </node>
 <node id="1121374323" visible="true" version="1" changeset="7091717" timestamp="2011-01-26T09:50:45Z" user="Marcial" uid="190240" lat="43.2698023" lon="-5.7993937"/>
 <node id="1121374330" visible="true" version="1" changeset="7091717" timestamp="2011-01-26T09:50:46Z" user="Marcial" uid="190240" lat="43.2694317" lon="-5.7998625"/>
 <node id="1121374353" visible="true" version="1" changeset="7091717" timestamp="2011-01-26T09:50:46Z" user="Marcial" uid="190240" lat="43.2695248" lon="-5.7999922"/>
 <node id="1121374356" visible="true" version="1" changeset="7091717" timestamp="2011-01-26T09:50:46Z" user="Marcial" uid="190240" lat="43.2695550" lon="-5.8013834"/>
 <node id="1121374384" visible="true" version="1" changeset="7091717" timestamp="2011-01-26T09:50:48Z" user="Marcial" uid="190240" lat="43.2690324" lon="-5.7992609"/>
 <node id="1121374385" visible="true" version="1" changeset="7091717" timestamp="2011-01-26T09:50:48Z" user="Marcial" uid="190240" lat="43.2694098" lon="-5.8010825"/>
 <node id="1121374402" visible="true" version="2" changeset="7144083" timestamp="2011-01-31T11:30:28Z" user="Marcial" uid="190240" lat="43.2696772" lon="-5.8011331">
  <tag k="barrier" v="gate"/>
  <tag k="bicycle" v="no"/>
  <tag k="foot" v="no"/>
 </node>
 <node id="1121374411" visible="true" version="1" changeset="7091717" timestamp="2011-01-26T09:50:49Z" user="Marcial" uid="190240" lat="43.2693973" lon="-5.7991286"/>
 <node id="1121374416" visible="true" version="1" changeset="7091717" timestamp="2011-01-26T09:50:49Z" user="Marcial" uid="190240" lat="43.2695719" lon="-5.8004465"/>
 <node id="1121374427" visible="true" version="2" changeset="7144452" timestamp="2011-01-31T12:18:19Z" user="Marcial" uid="190240" lat="43.2700019" lon="-5.7997376"/>
 <node id="1121374429" visible="true" version="1" changeset="7091717" timestamp="2011-01-26T09:50:49Z" user="Marcial" uid="190240" lat="43.2698352" lon="-5.7993504"/>
 <node id="1121374436" visible="true" version="1" changeset="7091717" timestamp="2011-01-26T09:50:49Z" user="Marcial" uid="190240" lat="43.2697092" lon="-5.7992698"/>
 <node id="1121374444" visible="true" version="1" changeset="7091717" timestamp="2011-01-26T09:50:49Z" user="Marcial" uid="190240" lat="43.2685081" lon="-5.8009128"/>
 <node id="1121374454" visible="true" version="2" changeset="187077070" timestamp="2026-08-07T10:09:53Z" user="ddsaimon" uid="1893271" lat="43.2697111" lon="-5.8000609"/>
 <node id="1121374455" visible="true" version="1" changeset="7091717" timestamp="2011-01-26T09:50:50Z" user="Marcial" uid="190240" lat="43.2694620" lon="-5.8009297"/>
 <node id="1121374466" visible="true" version="1" changeset="7091717" timestamp="2011-01-26T09:50:50Z" user="Marcial" uid="190240" lat="43.2693432" lon="-5.8002663"/>
 <node id="1121374478" visible="true" version="1" changeset="7091717" timestamp="2011-01-26T09:50:51Z" user="Marcial" uid="190240" lat="43.2699229" lon="-5.7990487"/>
 <node id="1121374509" visible="true" version="1" changeset="7091717" timestamp="2011-01-26T09:50:52Z" user="Marcial" uid="190240" lat="43.2696426" lon="-5.8004951"/>
 <node id="1121374517" visible="true" version="1" changeset="7091717" timestamp="2011-01-26T09:50:52Z" user="Marcial" uid="190240" lat="43.2692399" lon="-5.8011160"/>
 <node id="1121374536" visible="true" version="1" changeset="7091717" timestamp="2011-01-26T09:50:53Z" user="Marcial" uid="190240" lat="43.2697994" lon="-5.7993555"/>
 <node id="1121374555" visible="true" version="1" changeset="7091717" timestamp="2011-01-26T09:50:53Z" user="Marcial" uid="190240" lat="43.2708434" lon="-5.8058274"/>
 <node id="1121374564" visible="true" version="4" changeset="175726514" timestamp="2025-12-09T18:19:10Z" user="kapazao_import" uid="8770019" lat="43.2692987" lon="-5.7992488">
  <tag k="crossing" v="uncontrolled"/>
  <tag k="crossing:markings" v="zebra"/>
  <tag k="highway" v="crossing"/>
  <tag k="source" v="PNOA"/>
  <tag k="source:date" v="2007"/>
  <tag k="tactile_paving" v="no"/>
 </node>
 <node id="1121374569" visible="true" version="1" changeset="7091717" timestamp="2011-01-26T09:50:54Z" user="Marcial" uid="190240" lat="43.2698282" lon="-5.7998831"/>
 <node id="1121374578" visible="true" version="1" changeset="7091717" timestamp="2011-01-26T09:50:54Z" user="Marcial" uid="190240" lat="43.2698240" lon="-5.7992020"/>
 <node id="1121374616" visible="true" version="1" changeset="7091717" timestamp="2011-01-26T09:50:56Z" user="Marcial" uid="190240" lat="43.2688282" lon="-5.8000649"/>
 <node id="1121374623" visible="true" version="5" changeset="175726514" timestamp="2025-12-09T18:19:10Z" user="kapazao_import" uid="8770019" lat="43.2692263" lon="-5.8006370">
  <tag k="crossing" v="uncontrolled"/>
  <tag k="crossing:markings" v="zebra"/>
  <tag k="highway" v="crossing"/>
  <tag k="source" v="PNOA"/>
  <tag k="source:date" v="2007"/>
  <tag k="tactile_paving" v="no"/>
 </node>
 <node id="1121374650" visible="true" version="1" changeset="7091717" timestamp="2011-01-26T09:50:58Z" user="Marcial" uid="190240" lat="43.2666140" lon="-5.7931736"/>
 <node id="1121374671" visible="true" version="2" changeset="123160594" timestamp="2022-07-03T18:09:45Z" user="bermiego" uid="3699758" lat="43.2692958" lon="-5.8014765"/>
 <node id="1121374675" visible="true" version="1" changeset="7091717" timestamp="2011-01-26T09:50:59Z" user="Marcial" uid="190240" lat="43.2697437" lon="-5.7998214"/>
 <node id="1121374679" visible="true" version="1" changeset="7091717" timestamp="2011-01-26T09:50:59Z" user="Marcial" uid="190240" lat="43.2647432" lon="-5.7933919"/>
 <node id="1121374684" visible="true" version="1" changeset="7091717" timestamp="2011-01-26T09:50:59Z" user="Marcial" uid="190240" lat="43.2687349" lon="-5.7994792"/>
 <node id="1121374709" visible="true" version="1" changeset="7091717" timestamp="2011-01-26T09:51:00Z" user="Marcial" uid="190240" lat="43.2694619" lon="-5.8003137"/>
 <node id="1121374713" visible="true" version="1" changeset="7091717" timestamp="2011-01-26T09:51:01Z" user="Marcial" uid="190240" lat="43.2699764" lon="-5.8005193"/>
 <node id="1121374719" visible="true" version="1" changeset="7091717" timestamp="2011-01-26T09:51:01Z" user="Marcial" uid="190240" lat="43.2698382" lon="-5.7993898"/>
 <node id="1121374722" visible="true" version="1" changeset="7091717" timestamp="2011-01-26T09:51:01Z" user="Marcial" uid="190240" lat="43.2645966" lon="-5.7911896"/>
 <node id="1121374724" visible="true" version="1" changeset="7091717" timestamp="2011-01-26T09:51:01Z" user="Marcial" uid="190240" lat="43.2709308" lon="-5.8057055"/>
 <node id="1121374739" visible="true" version="1" changeset="7091717" timestamp="2011-01-26T09:51:02Z" user="Marcial" uid="190240" lat="43.2687998" lon="-5.7996899"/>
 <node id="1121374742" visible="true" version="1" changeset="7091717" timestamp="2011-01-26T09:51:02Z" user="Marcial" uid="190240" lat="43.2694719" lon="-5.8004499"/>
 <node id="1121374756" visible="true" version="2" changeset="31647837" timestamp="2015-06-01T20:46:57Z" user="ddsaimon" uid="1893271" lat="43.2698244" lon="-5.8020926"/>
 <node id="1121374759" visible="true" version="1" changeset="7091717" timestamp="2011-01-26T09:51:03Z" user="Marcial" uid="190240" lat="43.2688121" lon="-5.7994682"/>
 <node id="1121374762" visible="true" version="1" changeset="7091717" timestamp="2011-01-26T09:51:03Z" user="Marcial" uid="190240" lat="43.2694479" lon="-5.8010117"/>
 <node id="1121374779" visible="true" version="1" changeset="7091717" timestamp="2011-01-26T09:51:03Z" user="Marcial" uid="190240" lat="43.2699395" lon="-5.7996395"/>
 <node id="1121374793" visible="true" version="1" changeset="7091717" timestamp="2011-01-26T09:51:04Z" user="Marcial" uid="190240" lat="43.2695448" lon="-5.7997581"/>
 <node id="1121374800" visible="true" version="1" changeset="7091717" timestamp="2011-01-26T09:51:04Z" user="Marcial" uid="190240" lat="43.2694521" lon="-5.8008474"/>
 <node id="1121374815" visible="true" version="2" changeset="31647837" timestamp="2015-06-01T20:46:57Z" user="ddsaimon" uid="1893271" lat="43.2700703" lon="-5.8033946"/>
 <node id="1121374841" visible="true" version="1" changeset="7091717" timestamp="2011-01-26T09:51:06Z" user="Marcial" uid="190240" lat="43.2696637" lon="-5.8000284"/>
 <node id="1121374854" visible="true" version="1" changeset="7091717" timestamp="2011-01-26T09:51:07Z" user="Marcial" uid="190240" lat="43.2694977" lon="-5.8003956"/>
 <node id="1121374862" visible="true" version="1" changeset="7091717" timestamp="2011-01-26T09:51:07Z" user="Marcial" uid="190240" lat="43.2691509" lon="-5.8009128"/>
 <node id="1121374884" visible="true" version="1" changeset="7091717" timestamp="2011-01-26T09:51:08Z" user="Marcial" uid="190240" lat="43.2699355" lon="-5.7994616"/>
 <node id="1121374887" visible="true" version="1" changeset="7091717" timestamp="2011-01-26T09:51:08Z" user="Marcial" uid="190240" lat="43.2695316" lon="-5.8004190"/>
 <node id="1121374888" visible="true" version="1" changeset="7091717" timestamp="2011-01-26T09:51:08Z" user="Marcial" uid="190240" lat="43.2700573" lon="-5.7997671"/>
 <node id="1121374893" visible="true" version="1" changeset="7091717" timestamp="2011-01-26T09:51:09Z" user="Marcial" uid="190240" lat="43.2694836" lon="-5.7999036"/>
 <node id="1121374903" visible="true" version="1" changeset="7091717" timestamp="2011-01-26T09:51:09Z" user="Marcial" uid="190240" lat="43.2692715" lon="-5.8011267"/>
 <node id="1121374908" visible="true" version="1" changeset="7091717" timestamp="2011-01-26T09:51:09Z" user="Marcial" uid="190240" lat="43.2696480" lon="-5.7998266"/>
 <node id="1121631178" visible="true" version="1" changeset="7092763" timestamp="2011-01-26T12:06:21Z" user="Marcial" uid="190240" lat="43.2669010" lon="-5.7972982"/>
 <node id="1129314527" visible="true" version="1" changeset="7144083" timestamp="2011-01-31T11:30:24Z" user="Marcial" uid="190240" lat="43.2692688" lon="-5.8020333"/>
 <node id="1129314528" visible="true" version="2" changeset="7144452" timestamp="2011-01-31T12:18:19Z" user="Marcial" uid="190240" lat="43.2694144" lon="-5.8002928">
  <tag k="barrier" v="lift_gate"/>
  <tag k="bicycle" v="no"/>
  <tag k="foot" v="no"/>
 </node>
 <node id="1129314529" visible="true" version="1" changeset="7144083" timestamp="2011-01-31T11:30:24Z" user="Marcial" uid="190240" lat="43.2692677" lon="-5.8012035">
  <tag k="barrier" v="gate"/>
  <tag k="bicycle" v="no"/>
  <tag k="foot" v="no"/>
 </node>
 <node id="1129314530" visible="true" version="1" changeset="7144083" timestamp="2011-01-31T11:30:24Z" user="Marcial" uid="190240" lat="43.2694588" lon="-5.7998840"/>
 <node id="1129314531" visible="true" version="2" changeset="7144452" timestamp="2011-01-31T12:18:18Z" user="Marcial" uid="190240" lat="43.2694128" lon="-5.8002395">
  <tag k="barrier" v="lift_gate"/>
  <tag k="bicycle" v="no"/>
  <tag k="foot" v="no"/>
 </node>
 <node id="1129314532" visible="true" version="1" changeset="7144083" timestamp="2011-01-31T11:30:24Z" user="Marcial" uid="190240" lat="43.2694239" lon="-5.8000108"/>
 <node id="1129314533" visible="true" version="1" changeset="7144083" timestamp="2011-01-31T11:30:24Z" user="Marcial" uid="190240" lat="43.2695640" lon="-5.7997047"/>
 <node id="1129314534" visible="true" version="1" changeset="7144083" timestamp="2011-01-31T11:30:24Z" user="Marcial" uid="190240" lat="43.2690161" lon="-5.8014464"/>
 <node id="1129314535" visible="true" version="1" changeset="7144083" timestamp="2011-01-31T11:30:24Z" user="Marcial" uid="190240" lat="43.2696835" lon="-5.8016231"/>
 <node id="1129314536" visible="true" version="1" changeset="7144083" timestamp="2011-01-31T11:30:24Z" user="Marcial" uid="190240" lat="43.2695179" lon="-5.7997367"/>
 <node id="1129314537" visible="true" version="1" changeset="7144083" timestamp="2011-01-31T11:30:24Z" user="Marcial" uid="190240" lat="43.2697065" lon="-5.8011467"/>
 <node id="1129314538" visible="true" version="1" changeset="7144083" timestamp="2011-01-31T11:30:24Z" user="Marcial" uid="190240" lat="43.2693883" lon="-5.8012114"/>
 <node id="1129314539" visible="true" version="1" changeset="7144083" timestamp="2011-01-31T11:30:24Z" user="Marcial" uid="190240" lat="43.2691987" lon="-5.8011814"/>
 <node id="1129314540" visible="true" version="1" changeset="7144083" timestamp="2011-01-31T11:30:24Z" user="Marcial" uid="190240" lat="43.2695055" lon="-5.8010489"/>
 <node id="1129314541" visible="true" version="1" changeset="7144083" timestamp="2011-01-31T11:30:25Z" user="Marcial" uid="190240" lat="43.2694400" lon="-5.8001370"/>
 <node id="1129314542" visible="true" version="1" changeset="7144083" timestamp="2011-01-31T11:30:25Z" user="Marcial" uid="190240" lat="43.2694273" lon="-5.8002632">
  <tag k="barrier" v="toll_booth"/>
 </node>
 <node id="1129314543" visible="true" version="1" changeset="7144083" timestamp="2011-01-31T11:30:25Z" user="Marcial" uid="190240" lat="43.2697007" lon="-5.8019182"/>
 <node id="1129348120" visible="true" version="1" changeset="7144452" timestamp="2011-01-31T12:18:18Z" user="Marcial" uid="190240" lat="43.2699730" lon="-5.7996732"/>
 <node id="1129348122" visible="true" version="1" changeset="7144452" timestamp="2011-01-31T12:18:18Z" user="Marcial" uid="190240" lat="43.2694227" lon="-5.8005732"/>
 <node id="1129348124" visible="true" version="1" changeset="7144452" timestamp="2011-01-31T12:18:18Z" user="Marcial" uid="190240" lat="43.2693967" lon="-5.7996975"/>
 <node id="1129348125" visible="true" version="1" changeset="7144452" timestamp="2011-01-31T12:18:18Z" user="Marcial" uid="190240" lat="43.2696122" lon="-5.8006771"/>
 <node id="1764198034" visible="true" version="1" changeset="11689355" timestamp="2012-05-24T12:37:50Z" user="jasonez" uid="229489" lat="43.2698534" lon="-5.7983779"/>
 <node id="3240227384" visible="true" version="1" changeset="27539662" timestamp="2014-12-17T21:22:04Z" user="nokutu" uid="2257299" lat="43.2753545" lon="-5.8086958"/>
 <node id="3564376703" visible="true" version="1" changeset="31647837" timestamp="2015-06-01T20:46:36Z" user="ddsaimon" uid="1893271" lat="43.2698627" lon="-5.8026580"/>
 <node id="3564376704" visible="true" version="1" changeset="31647837" timestamp="2015-06-01T20:46:36Z" user="ddsaimon" uid="1893271" lat="43.2699858" lon="-5.8031732"/>
 <node id="3564376705" visible="true" version="1" changeset="31647837" timestamp="2015-06-01T20:46:36Z" user="ddsaimon" uid="1893271" lat="43.2701636" lon="-5.8035908"/>
 <node id="3564376706" visible="true" version="1" changeset="31647837" timestamp="2015-06-01T20:46:36Z" user="ddsaimon" uid="1893271" lat="43.2703696" lon="-5.8039095"/>
 <node id="4594782685" visible="true" version="1" changeset="44984848" timestamp="2017-01-07T18:03:47Z" user="sanchi" uid="170106" lat="43.2696848" lon="-5.8017015"/>
 <node id="5146313305" visible="true" version="1" changeset="52611542" timestamp="2017-10-04T01:03:52Z" user="edrux" uid="865716" lat="43.2696522" lon="-5.7979740"/>
 <node id="5146319545" visible="true" version="1" changeset="52611610" timestamp="2017-10-04T01:13:15Z" user="edrux" uid="865716" lat="43.2707793" lon="-5.8043261"/>
 <node id="5146319564" visible="true" version="1" changeset="52611610" timestamp="2017-10-04T01:13:15Z" user="edrux" uid="865716" lat="43.2720014" lon="-5.8053646"/>
 <node id="5282916849" visible="true" version="1" changeset="54610297" timestamp="2017-12-13T23:08:22Z" user="bermiego" uid="3699758" lat="43.2645824" lon="-5.7906264"/>
 <node id="5282916850" visible="true" version="1" changeset="54610297" timestamp="2017-12-13T23:08:22Z" user="bermiego" uid="3699758" lat="43.2650386" lon="-5.7902761"/>
 <node id="5282916851" visible="true" version="1" changeset="54610297" timestamp="2017-12-13T23:08:22Z" user="bermiego" uid="3699758" lat="43.2647772" lon="-5.7919363"/>
 <node id="5282916852" visible="true" version="2" changeset="156742846" timestamp="2024-09-17T18:31:48Z" user="Oviedo1997" uid="17349438" lat="43.2655942" lon="-5.7944818"/>
 <node id="5819190574" visible="true" version="4" changeset="176372744" timestamp="2025-12-24T18:41:13Z" user="Hugoren Martinako" uid="3392826" lat="43.2762296" lon="-5.8093597">
  <tag k="distance" v="44"/>
  <tag k="highway" v="milestone"/>
  <tag k="ref" v="A-66"/>
 </node>
 <node id="5819190976" visible="true" version="4" changeset="176372744" timestamp="2025-12-24T18:41:13Z" user="Hugoren Martinako" uid="3392826" lat="43.2691589" lon="-5.8022438">
  <tag k="distance" v="45"/>
  <tag k="highway" v="milestone"/>
  <tag k="ref" v="A-66"/>
 </node>
 <node id="5819190977" visible="true" version="4" changeset="176372744" timestamp="2025-12-24T18:41:13Z" user="Hugoren Martinako" uid="3392826" lat="43.2690558" lon="-5.8023633">
  <tag k="distance" v="45"/>
  <tag k="highway" v="milestone"/>
  <tag k="ref" v="A-66"/>
 </node>
 <node id="6208147119" visible="true" version="1" changeset="66307028" timestamp="2019-01-14T16:28:25Z" user="Bytemark" uid="9229116" lat="43.2656835" lon="-5.7918864"/>
 <node id="6208147120" visible="true" version="1" changeset="66307028" timestamp="2019-01-14T16:28:25Z" user="Bytemark" uid="9229116" lat="43.2681516" lon="-5.7959050"/>
 <node id="6208147121" visible="true" version="1" changeset="66307028" timestamp="2019-01-14T16:28:25Z" user="Bytemark" uid="9229116" lat="43.2697758" lon="-5.7983875"/>
 <node id="6582000766" visible="true" version="1" changeset="71789946" timestamp="2019-07-01T15:38:55Z" user="Osmand+" uid="1433092" lat="43.2697097" lon="-5.8020450"/>
 <node id="6582000767" visible="true" version="1" changeset="71789946" timestamp="2019-07-01T15:38:55Z" user="Osmand+" uid="1433092" lat="43.2690919" lon="-5.8010179"/>
 <node id="6582000768" visible="true" version="1" changeset="71789946" timestamp="2019-07-01T15:38:55Z" user="Osmand+" uid="1433092" lat="43.2689217" lon="-5.8012204"/>
 <node id="6582000769" visible="true" version="1" changeset="71789946" timestamp="2019-07-01T15:38:55Z" user="Osmand+" uid="1433092" lat="43.2682639" lon="-5.7996783"/>
 <node id="6582000770" visible="true" version="1" changeset="71789946" timestamp="2019-07-01T15:38:55Z" user="Osmand+" uid="1433092" lat="43.2689586" lon="-5.7990280"/>
 <node id="6582000771" visible="true" version="1" changeset="71789946" timestamp="2019-07-01T15:38:55Z" user="Osmand+" uid="1433092" lat="43.2691146" lon="-5.7993590"/>
 <node id="6582000772" visible="true" version="1" changeset="71789946" timestamp="2019-07-01T15:38:55Z" user="Osmand+" uid="1433092" lat="43.2691769" lon="-5.8006596"/>
 <node id="6582000773" visible="true" version="1" changeset="71789946" timestamp="2019-07-01T15:38:55Z" user="Osmand+" uid="1433092" lat="43.2691089" lon="-5.8007531"/>
 <node id="6582000774" visible="true" version="1" changeset="71789946" timestamp="2019-07-01T15:38:55Z" user="Osmand+" uid="1433092" lat="43.2690862" lon="-5.8008738"/>
 <node id="7141734394" visible="true" version="1" changeset="79742054" timestamp="2020-01-18T21:26:30Z" user="saul_ast" uid="10669722" lat="43.2694285" lon="-5.8000471"/>
 <node id="7141734395" visible="true" version="1" changeset="79742054" timestamp="2020-01-18T21:26:30Z" user="saul_ast" uid="10669722" lat="43.2694938" lon="-5.7999676"/>
 <node id="7141734396" visible="true" version="1" changeset="79742054" timestamp="2020-01-18T21:26:30Z" user="saul_ast" uid="10669722" lat="43.2695853" lon="-5.7997631"/>
 <node id="7141742931" visible="true" version="1" changeset="79742028" timestamp="2020-01-18T21:25:24Z" user="saul_ast" uid="10669722" lat="43.2696003" lon="-5.7997275"/>
 <node id="7141742932" visible="true" version="1" changeset="79742028" timestamp="2020-01-18T21:25:24Z" user="saul_ast" uid="10669722" lat="43.2696569" lon="-5.7997127"/>
 <node id="7141742933" visible="true" version="1" changeset="79742028" timestamp="2020-01-18T21:25:24Z" user="saul_ast" uid="10669722" lat="43.2698102" lon="-5.7997087"/>
 <node id="7141742934" visible="true" version="1" changeset="79742028" timestamp="2020-01-18T21:25:24Z" user="saul_ast" uid="10669722" lat="43.2698327" lon="-5.7997315"/>
 <node id="7141742935" visible="true" version="1" changeset="79742028" timestamp="2020-01-18T21:25:24Z" user="saul_ast" uid="10669722" lat="43.2698591" lon="-5.7997677"/>
 <node id="7141742936" visible="true" version="1" changeset="79742028" timestamp="2020-01-18T21:25:24Z" user="saul_ast" uid="10669722" lat="43.2698747" lon="-5.7998321"/>
 <node id="7141742937" visible="true" version="1" changeset="79742028" timestamp="2020-01-18T21:25:24Z" user="saul_ast" uid="10669722" lat="43.2698727" lon="-5.7999045"/>
 <node id="7141742938" visible="true" version="1" changeset="79742028" timestamp="2020-01-18T21:25:24Z" user="saul_ast" uid="10669722" lat="43.2696305" lon="-5.8005710"/>
 <node id="9864308257" visible="true" version="1" changeset="123160594" timestamp="2022-07-03T18:09:45Z" user="bermiego" uid="3699758" lat="43.2696085" lon="-5.8009796"/>
 <node id="9864308258" visible="true" version="1" changeset="123160594" timestamp="2022-07-03T18:09:45Z" user="bermiego" uid="3699758" lat="43.2695705" lon="-5.8009891"/>
 <node id="9864308259" visible="true" version="1" changeset="123160594" timestamp="2022-07-03T18:09:45Z" user="bermiego" uid="3699758" lat="43.2695417" lon="-5.8010319"/>
 <node id="9864308260" visible="true" version="1" changeset="123160594" timestamp="2022-07-03T18:09:45Z" user="bermiego" uid="3699758" lat="43.2694529" lon="-5.8011760"/>
 <node id="9864308261" visible="true" version="1" changeset="123160594" timestamp="2022-07-03T18:09:45Z" user="bermiego" uid="3699758" lat="43.2693664" lon="-5.8012995"/>
 <node id="9864308262" visible="true" version="1" changeset="123160594" timestamp="2022-07-03T18:09:45Z" user="bermiego" uid="3699758" lat="43.2693133" lon="-5.8013091"/>
 <node id="9864308263" visible="true" version="1" changeset="123160594" timestamp="2022-07-03T18:09:45Z" user="bermiego" uid="3699758" lat="43.2692735" lon="-5.8013126"/>
 <node id="9864308266" visible="true" version="1" changeset="123160594" timestamp="2022-07-03T18:09:45Z" user="bermiego" uid="3699758" lat="43.2693396" lon="-5.8014795"/>
 <node id="12090972464" visible="true" version="2" changeset="187629755" timestamp="2026-08-18T09:52:26Z" user="Nar_ach" uid="14727398" lat="43.2659386" lon="-5.7919344"/>
 <node id="12090985877" visible="true" version="2" changeset="187629755" timestamp="2026-08-18T09:52:26Z" user="Nar_ach" uid="14727398" lat="43.2660019" lon="-5.7920387"/>
 <node id="13195795247" visible="true" version="1" changeset="172870135" timestamp="2025-10-05T14:24:05Z" user="jorgeyp" uid="2089491" lat="43.2694726" lon="-5.7995831">
  <tag k="check_date" v="2025-10-03"/>
  <tag k="name" v="Kef"/>
  <tag k="shop" v="car_repair"/>
 </node>
 <way id="13247837" visible="true" version="13" changeset="146665622" timestamp="2024-01-25T09:54:27Z" user="kapazao_import" uid="8770019">
  <nd ref="6208147120"/>
  <nd ref="6208147121"/>
  <nd ref="1121374007"/>
  <nd ref="1121374427"/>
  <nd ref="6582000766"/>
  <nd ref="1121373863"/>
  <nd ref="1121631178"/>
  <nd ref="5282916852"/>
  <nd ref="5282916851"/>
  <nd ref="1121374722"/>
  <nd ref="5282916849"/>
  <nd ref="5282916850"/>
  <nd ref="6208147119"/>
  <nd ref="6208147120"/>
  <tag k="landuse" v="industrial"/>
  <tag k="name" v="Polígono Industrial Fábrica de Mieres"/>
 </way>
 <way id="96793463" visible="true" version="1" changeset="7091717" timestamp="2011-01-26T09:51:13Z" user="Marcial" uid="190240">
  <nd ref="1121373937"/>
  <nd ref="1121374623"/>
  <nd ref="1121374147"/>
  <nd ref="1121374306"/>
  <nd ref="1121374055"/>
  <tag k="highway" v="service"/>
  <tag k="oneway" v="yes"/>
  <tag k="source" v="PNOA"/>
  <tag k="source:date" v="2007"/>
 </way>
 <way id="96793466" visible="true" version="1" changeset="7091717" timestamp="2011-01-26T09:51:13Z" user="Marcial" uid="190240">
  <nd ref="1121373912"/>
  <nd ref="1121373943"/>
  <nd ref="1121374564"/>
  <nd ref="1121374466"/>
  <nd ref="1121374101"/>
  <nd ref="1121374105"/>
  <tag k="highway" v="service"/>
  <tag k="oneway" v="yes"/>
  <tag k="source" v="PNOA"/>
  <tag k="source:date" v="2007"/>
 </way>
 <way id="96793477" visible="true" version="1" changeset="7091717" timestamp="2011-01-26T09:51:19Z" user="Marcial" uid="190240">
  <nd ref="1121374536"/>
  <nd ref="1121374323"/>
  <nd ref="1121373939"/>
  <nd ref="1121374719"/>
  <nd ref="1121373940"/>
  <nd ref="1121374252"/>
  <nd ref="1121374193"/>
  <nd ref="1121374478"/>
  <nd ref="1121374083"/>
  <nd ref="1121374411"/>
  <nd ref="1121374122"/>
  <nd ref="1121374001"/>
  <nd ref="1121374436"/>
  <nd ref="1121374578"/>
  <nd ref="1121374429"/>
  <nd ref="1121374536"/>
  <tag k="building" v="yes"/>
  <tag k="source" v="PNOA"/>
  <tag k="source:date" v="2007"/>
 </way>
 <way id="96793480" visible="true" version="1" changeset="7091717" timestamp="2011-01-26T09:51:20Z" user="Marcial" uid="190240">
  <nd ref="1121373897"/>
  <nd ref="1121374037"/>
  <nd ref="1121374014"/>
  <nd ref="1121373941"/>
  <nd ref="1121374742"/>
  <tag k="highway" v="service"/>
  <tag k="oneway" v="yes"/>
  <tag k="source" v="PNOA"/>
  <tag k="source:date" v="2007"/>
 </way>
 <way id="96793484" visible="true" version="1" changeset="7091717" timestamp="2011-01-26T09:51:21Z" user="Marcial" uid="190240">
  <nd ref="1121374416"/>
  <nd ref="1121374014"/>
  <tag k="highway" v="service"/>
  <tag k="oneway" v="yes"/>
  <tag k="source" v="PNOA"/>
  <tag k="source:date" v="2007"/>
 </way>
 <way id="96793485" visible="true" version="1" changeset="7091717" timestamp="2011-01-26T09:51:21Z" user="Marcial" uid="190240">
  <nd ref="1121374675"/>
  <nd ref="1121374052"/>
  <nd ref="1121374454"/>
  <tag k="highway" v="service"/>
  <tag k="oneway" v="yes"/>
  <tag k="source" v="PNOA"/>
  <tag k="source:date" v="2007"/>
 </way>
 <way id="96793486" visible="true" version="2" changeset="112142335" timestamp="2021-10-05T21:57:17Z" user="Israelrg" uid="14180685">
  <nd ref="1121374466"/>
  <nd ref="1121374033"/>
  <tag k="highway" v="service"/>
  <tag k="source" v="PNOA"/>
  <tag k="source:date" v="2007"/>
  <tag k="surface" v="asphalt"/>
 </way>
 <way id="96793488" visible="true" version="1" changeset="7091717" timestamp="2011-01-26T09:51:22Z" user="Marcial" uid="190240">
  <nd ref="1121374779"/>
  <nd ref="1121374884"/>
  <nd ref="1121373885"/>
  <nd ref="1121374177"/>
  <nd ref="1121374779"/>
  <tag k="building" v="yes"/>
  <tag k="source" v="PNOA"/>
  <tag k="source:date" v="2007"/>
 </way>
 <way id="96793489" visible="true" version="4" changeset="123160594" timestamp="2022-07-03T18:09:45Z" user="bermiego" uid="3699758">
  <nd ref="9864308263"/>
  <nd ref="9864308262"/>
  <nd ref="9864308261"/>
  <nd ref="9864308260"/>
  <nd ref="9864308259"/>
  <nd ref="9864308258"/>
  <nd ref="9864308257"/>
  <nd ref="1121374223"/>
  <nd ref="1121374402"/>
  <nd ref="1121374138"/>
  <nd ref="1129314535"/>
  <nd ref="4594782685"/>
  <tag k="highway" v="service"/>
  <tag k="source" v="PNOA"/>
  <tag k="source:date" v="2007"/>
 </way>
 <way id="96793496" visible="true" version="3" changeset="123160594" timestamp="2022-07-03T18:09:45Z" user="bermiego" uid="3699758">
  <nd ref="1121374903"/>
  <nd ref="1129314529"/>
  <nd ref="9864308263"/>
  <nd ref="1121374671"/>
  <nd ref="9864308266"/>
  <nd ref="1121374197"/>
  <nd ref="1121374356"/>
  <nd ref="1121373972"/>
  <nd ref="1121374138"/>
  <tag k="highway" v="service"/>
  <tag k="source" v="PNOA"/>
  <tag k="source:date" v="2007"/>
 </way>
 <way id="96793506" visible="true" version="4" changeset="7144452" timestamp="2011-01-31T12:18:19Z" user="Marcial" uid="190240">
  <nd ref="1121374509"/>
  <nd ref="1121374161"/>
  <nd ref="1121374103"/>
  <nd ref="1121374454"/>
  <nd ref="1121374841"/>
  <nd ref="1121374060"/>
  <nd ref="1121374854"/>
  <nd ref="1121374887"/>
  <nd ref="1121374416"/>
  <nd ref="1121373897"/>
  <nd ref="1121374509"/>
  <tag k="building" v="yes"/>
 </way>
 <way id="96793512" visible="true" version="2" changeset="7144083" timestamp="2011-01-31T11:30:27Z" user="Marcial" uid="190240">
  <nd ref="1121374742"/>
  <nd ref="1121374709"/>
  <nd ref="1129314528"/>
  <nd ref="1121374033"/>
  <tag k="highway" v="service"/>
  <tag k="oneway" v="yes"/>
  <tag k="source" v="PNOA"/>
  <tag k="source:date" v="2007"/>
 </way>
 <way id="96793515" visible="true" version="1" changeset="7091717" timestamp="2011-01-26T09:51:32Z" user="Marcial" uid="190240">
  <nd ref="1121374105"/>
  <nd ref="1121374800"/>
  <nd ref="1121374455"/>
  <nd ref="1121374762"/>
  <nd ref="1121374385"/>
  <nd ref="1121374290"/>
  <nd ref="1121373997"/>
  <nd ref="1121374903"/>
  <nd ref="1121374517"/>
  <nd ref="1121374170"/>
  <nd ref="1121374072"/>
  <nd ref="1121374862"/>
  <nd ref="1121374229"/>
  <nd ref="1121373937"/>
  <tag k="highway" v="service"/>
  <tag k="oneway" v="yes"/>
  <tag k="source" v="PNOA"/>
  <tag k="source:date" v="2007"/>
 </way>
 <way id="96793518" visible="true" version="8" changeset="179911184" timestamp="2026-03-15T17:53:54Z" user="Hugoren Martinako" uid="3392826">
  <nd ref="1121373977"/>
  <nd ref="1121373942"/>
  <nd ref="256698891"/>
  <nd ref="256684096"/>
  <nd ref="30782800"/>
  <nd ref="493420440"/>
  <nd ref="493420460"/>
  <nd ref="1121374255"/>
  <nd ref="256679189"/>
  <nd ref="5819190976"/>
  <nd ref="256679187"/>
  <nd ref="256679186"/>
  <nd ref="493420463"/>
  <nd ref="1121374724"/>
  <nd ref="493420457"/>
  <nd ref="493420467"/>
  <nd ref="256679176"/>
  <nd ref="1113011436"/>
  <nd ref="30782805"/>
  <nd ref="3240227384"/>
  <tag k="hazmat" v="designated"/>
  <tag k="highway" v="motorway"/>
  <tag k="lanes" v="2"/>
  <tag k="maxspeed" v="120"/>
  <tag k="name" v="Autovía Ruta de la Plata"/>
  <tag k="oneway" v="yes"/>
  <tag k="ref" v="A-66"/>
  <tag k="surface" v="asphalt"/>
 </way>
 <way id="96793521" visible="true" version="2" changeset="7144083" timestamp="2011-01-31T11:30:28Z" user="Marcial" uid="190240">
  <nd ref="1121374033"/>
  <nd ref="1129314531"/>
  <nd ref="1121374207"/>
  <nd ref="1121374908"/>
  <nd ref="1121373975"/>
  <tag k="highway" v="service"/>
  <tag k="oneway" v="yes"/>
  <tag k="source" v="PNOA"/>
  <tag k="source:date" v="2007"/>
 </way>
 <way id="96793528" visible="true" version="1" changeset="7091717" timestamp="2011-01-26T09:51:34Z" user="Marcial" uid="190240">
  <nd ref="1121374052"/>
  <nd ref="1121374569"/>
  <nd ref="1121374103"/>
  <tag k="highway" v="service"/>
  <tag k="oneway" v="yes"/>
  <tag k="source" v="PNOA"/>
  <tag k="source:date" v="2007"/>
 </way>
 <way id="96793532" visible="true" version="5" changeset="79742054" timestamp="2020-01-18T21:26:30Z" user="saul_ast" uid="10669722">
  <nd ref="1121374330"/>
  <nd ref="1129314530"/>
  <nd ref="1121374893"/>
  <nd ref="1121374046"/>
  <nd ref="7141734395"/>
  <nd ref="1121374353"/>
  <nd ref="1121373903"/>
  <nd ref="7141734396"/>
  <nd ref="1121373962"/>
  <nd ref="1121374793"/>
  <nd ref="1129314536"/>
  <nd ref="1121374022"/>
  <nd ref="1121374330"/>
  <tag k="building" v="yes"/>
 </way>
 <way id="96793534" visible="true" version="1" changeset="7091717" timestamp="2011-01-26T09:51:35Z" user="Marcial" uid="190240">
  <nd ref="1121374759"/>
  <nd ref="1121374684"/>
  <nd ref="1121374284"/>
  <nd ref="1121374739"/>
  <nd ref="1121374616"/>
  <nd ref="1121374221"/>
  <nd ref="1121373919"/>
  <nd ref="1121373868"/>
  <nd ref="1121374384"/>
  <nd ref="1121374062"/>
  <nd ref="1121374759"/>
  <tag k="building" v="yes"/>
  <tag k="source" v="PNOA"/>
  <tag k="source:date" v="2007"/>
 </way>
 <way id="96853600" visible="true" version="9" changeset="154789593" timestamp="2024-08-03T20:50:13Z" user="ivansanchez" uid="5265">
  <nd ref="30819646"/>
  <nd ref="1113011467"/>
  <nd ref="5146319564"/>
  <nd ref="30819661"/>
  <nd ref="5146319545"/>
  <nd ref="30819678"/>
  <nd ref="1121374085"/>
  <nd ref="3564376706"/>
  <nd ref="30819679"/>
  <nd ref="3564376705"/>
  <nd ref="1121374815"/>
  <nd ref="3564376704"/>
  <nd ref="30819681"/>
  <nd ref="3564376703"/>
  <nd ref="1121374119"/>
  <nd ref="1121374756"/>
  <nd ref="1121373978"/>
  <nd ref="1121374713"/>
  <nd ref="1121374888"/>
  <nd ref="30819709"/>
  <nd ref="1121374018"/>
  <nd ref="30819711"/>
  <nd ref="1764198034"/>
  <nd ref="30819712"/>
  <nd ref="5146313305"/>
  <nd ref="30819713"/>
  <nd ref="1121373874"/>
  <nd ref="1121374249"/>
  <nd ref="1121374650"/>
  <nd ref="12090985877"/>
  <nd ref="12090972464"/>
  <tag k="highway" v="trunk"/>
  <tag k="lanes" v="2"/>
  <tag k="name" v="Carretera Gijón a Puerto de Sevilla"/>
  <tag k="ref" v="N-630"/>
  <tag k="surface" v="asphalt"/>
 </way>
 <way id="97540366" visible="true" version="2" changeset="79742054" timestamp="2020-01-18T21:26:30Z" user="saul_ast" uid="10669722">
  <nd ref="1121374207"/>
  <nd ref="1129314541"/>
  <nd ref="7141734394"/>
  <nd ref="1129314532"/>
  <nd ref="1129314530"/>
  <tag k="highway" v="service"/>
  <tag k="oneway" v="yes"/>
  <tag k="source" v="PNOA"/>
  <tag k="source:date" v="2007"/>
 </way>
 <way id="97540367" visible="true" version="2" changeset="79742028" timestamp="2020-01-18T21:25:24Z" user="saul_ast" uid="10669722">
  <nd ref="1129314536"/>
  <nd ref="1129314533"/>
  <nd ref="7141742931"/>
  <nd ref="1121373975"/>
  <tag k="highway" v="service"/>
  <tag k="oneway" v="yes"/>
  <tag k="source" v="PNOA"/>
  <tag k="source:date" v="2007"/>
 </way>
 <way id="97540368" visible="true" version="3" changeset="71789946" timestamp="2019-07-01T15:38:55Z" user="Osmand+" uid="1433092">
  <nd ref="1129314543"/>
  <nd ref="1121374003"/>
  <nd ref="1129314537"/>
  <nd ref="1121374402"/>
  <nd ref="1129314540"/>
  <nd ref="1129314538"/>
  <nd ref="1129314529"/>
  <nd ref="1129314539"/>
  <nd ref="1129314534"/>
  <nd ref="1129314527"/>
  <nd ref="1129314543"/>
  <tag k="amenity" v="recycling"/>
  <tag k="name" v="Punto Limpio"/>
  <tag k="operator" v="Cogersa"/>
  <tag k="recycling:batteries" v="yes"/>
  <tag k="recycling:cans" v="yes"/>
  <tag k="recycling:clothes" v="yes"/>
  <tag k="recycling:electrical_items" v="yes"/>
  <tag k="recycling:glass" v="yes"/>
  <tag k="recycling:paper" v="yes"/>
  <tag k="recycling:scrap_metal" v="yes"/>
  <tag k="recycling_type" v="centre"/>
 </way>
 <way id="97543202" visible="true" version="2" changeset="147170507" timestamp="2024-02-07T10:37:52Z" user="kapazao_import" uid="8770019">
  <nd ref="1129314528"/>
  <nd ref="1129348122"/>
  <nd ref="1129348125"/>
  <nd ref="1129348120"/>
  <nd ref="1129348124"/>
  <nd ref="1129314531"/>
  <nd ref="1129314528"/>
  <tag k="addr:city" v="Mieres del Camín"/>
  <tag k="addr:postcode" v="33600"/>
  <tag k="addr:street" v="Polígono La Fábrica"/>
  <tag k="addr:unit" v="7"/>
  <tag k="amenity" v="vehicle_inspection"/>
  <tag k="email" v="mieres@itvasa.es"/>
  <tag k="fax" v="+34 985 46 36 85"/>
  <tag k="name" v="ITVASA ITV Mieres"/>
  <tag k="opening_hours" v="Mo-Fr 07:00-22:00; Sa-Su off"/>
  <tag k="operator" v="ITVASA"/>
  <tag k="payment:cash" v="yes"/>
  <tag k="payment:credit_cards" v="yes"/>
  <tag k="phone" v="+34 985 45 18 15"/>
  <tag k="source" v="PNOA"/>
  <tag k="source:date" v="2007"/>
  <tag k="website" v="https://www.itvasa.es/estacion.php?cod=9"/>
 </way>
 <way id="317727955" visible="true" version="6" changeset="179911212" timestamp="2026-03-15T17:54:08Z" user="Hugoren Martinako" uid="3392826">
  <nd ref="256679173"/>
  <nd ref="493425644"/>
  <nd ref="5819190574"/>
  <nd ref="30782803"/>
  <nd ref="1113011438"/>
  <nd ref="256679168"/>
  <nd ref="1113011507"/>
  <nd ref="256679169"/>
  <nd ref="493425643"/>
  <nd ref="493425642"/>
  <nd ref="1121374555"/>
  <nd ref="493425641"/>
  <nd ref="256679185"/>
  <nd ref="256679188"/>
  <nd ref="5819190977"/>
  <nd ref="112280812"/>
  <nd ref="256679190"/>
  <nd ref="1121374444"/>
  <nd ref="493425653"/>
  <nd ref="493425651"/>
  <nd ref="30779800"/>
  <nd ref="256684095"/>
  <nd ref="1121374215"/>
  <nd ref="1121374679"/>
  <nd ref="30779801"/>
  <tag k="hazmat" v="designated"/>
  <tag k="highway" v="motorway"/>
  <tag k="lanes" v="2"/>
  <tag k="maxspeed" v="120"/>
  <tag k="name" v="Autovía Ruta de la Plata"/>
  <tag k="oneway" v="yes"/>
  <tag k="ref" v="A-66"/>
  <tag k="surface" v="asphalt"/>
 </way>
 <way id="700876272" visible="true" version="2" changeset="71929241" timestamp="2019-07-05T11:51:48Z" user="assalea" uid="6964776">
  <nd ref="6582000767"/>
  <nd ref="6582000768"/>
  <nd ref="6582000769"/>
  <nd ref="6582000770"/>
  <nd ref="6582000771"/>
  <nd ref="6582000772"/>
  <nd ref="6582000773"/>
  <nd ref="6582000774"/>
  <nd ref="6582000767"/>
  <tag k="craft" v="carpenter"/>
 </way>
 <way id="764460913" visible="true" version="1" changeset="79742028" timestamp="2020-01-18T21:25:24Z" user="saul_ast" uid="10669722">
  <nd ref="1121373975"/>
  <nd ref="1121374675"/>
  <tag k="highway" v="residential"/>
  <tag k="oneway" v="yes"/>
 </way>
 <way id="764460914" visible="true" version="1" changeset="79742028" timestamp="2020-01-18T21:25:24Z" user="saul_ast" uid="10669722">
  <nd ref="7141742931"/>
  <nd ref="7141742932"/>
  <nd ref="7141742933"/>
  <nd ref="7141742934"/>
  <nd ref="7141742935"/>
  <nd ref="7141742936"/>
  <nd ref="7141742937"/>
  <nd ref="7141742938"/>
  <nd ref="1121374037"/>
  <tag k="highway" v="residential"/>
  <tag k="oneway" v="yes"/>
 </way>
 <way id="764460959" visible="true" version="1" changeset="79742054" timestamp="2020-01-18T21:26:30Z" user="saul_ast" uid="10669722">
  <nd ref="7141734394"/>
  <nd ref="7141734395"/>
  <tag k="highway" v="residential"/>
  <tag k="oneway" v="yes"/>
 </way>
 <way id="764460960" visible="true" version="1" changeset="79742054" timestamp="2020-01-18T21:26:30Z" user="saul_ast" uid="10669722">
  <nd ref="7141734396"/>
  <nd ref="7141742931"/>
  <tag k="highway" v="residential"/>
  <tag k="oneway" v="yes"/>
 </way>
 <way id="1075572232" visible="true" version="2" changeset="175729220" timestamp="2025-12-09T19:43:20Z" user="kapazao_import" uid="8770019">
  <nd ref="1121374101"/>
  <nd ref="1121374623"/>
  <tag k="crossing" v="uncontrolled"/>
  <tag k="crossing:markings" v="zebra"/>
  <tag k="footway" v="crossing"/>
  <tag k="highway" v="footway"/>
 </way>
 <relation id="12453" visible="true" version="385" changeset="188556748" timestamp="2026-09-05T06:51:22Z" user="gscholz" uid="109705">
  <member type="way" ref="965349140" role=""/>
  <member type="way" ref="31544818" role=""/>
  <member type="way" ref="31544824" role=""/>
  <member type="way" ref="31544825" role=""/>
  <member type="way" ref="193180805" role=""/>
  <member type="way" ref="1304123278" role=""/>
  <member type="way" ref="87172976" role=""/>
  <member type="way" ref="72473763" role=""/>
  <member type="way" ref="72473718" role=""/>
  <member type="way" ref="577366807" role=""/>
  <member type="way" ref="66767351" role=""/>
  <member type="way" ref="66767334" role=""/>
  <member type="way" ref="72473705" role=""/>
  <member type="way" ref="369279419" role=""/>
  <member type="way" ref="369279409" role=""/>
  <member type="way" ref="66767776" role=""/>
  <member type="way" ref="66767918" role=""/>
  <member type="way" ref="360569443" role=""/>
  <member type="way" ref="72473631" role=""/>
  <member type="way" ref="72473679" role=""/>
  <member type="way" ref="257743547" role=""/>
  <member type="way" ref="30081080" role=""/>
  <member type="way" ref="257782297" role=""/>
  <member type="way" ref="769707665" role=""/>
  <member type="way" ref="72709717" role=""/>
  <member type="way" ref="72709617" role=""/>
  <member type="way" ref="32638726" role=""/>
  <member type="way" ref="32638719" role=""/>
  <member type="way" ref="72709612" role=""/>
  <member type="way" ref="72709734" role=""/>
  <member type="way" ref="72709611" role=""/>
  <member type="way" ref="72709743" role=""/>
  <member type="way" ref="72709744" role=""/>
  <member type="way" ref="72709729" role=""/>
  <member type="way" ref="257782279" role=""/>
  <member type="way" ref="79273257" role=""/>
  <member type="way" ref="79273267" role=""/>
  <member type="way" ref="126243039" role=""/>
  <member type="way" ref="126243037" role=""/>
  <member type="way" ref="72709738" role=""/>
  <member type="way" ref="72709695" role=""/>
  <member type="way" ref="79273246" role=""/>
  <member type="way" ref="79273254" role=""/>
  <member type="way" ref="80221257" role=""/>
  <member type="way" ref="80221242" role=""/>
  <member type="way" ref="72709651" role=""/>
  <member type="way" ref="72709606" role=""/>
  <member type="way" ref="257782285" role=""/>
  <member type="way" ref="80222204" role=""/>
  <member type="way" ref="80222181" role=""/>
  <member type="way" ref="85683041" role=""/>
  <member type="way" ref="1165939967" role=""/>
  <member type="way" ref="1165939968" role=""/>
  <member type="way" ref="1268571618" role=""/>
  <member type="way" ref="1268571619" role=""/>
  <member type="way" ref="85683036" role=""/>
  <member type="way" ref="1342509412" role=""/>
  <member type="way" ref="1342509409" role=""/>
  <member type="way" ref="31689069" role=""/>
  <member type="way" ref="75722983" role=""/>
  <member type="way" ref="75722972" role=""/>
  <member type="way" ref="75722982" role=""/>
  <member type="way" ref="75722978" role=""/>
  <member type="way" ref="336122983" role=""/>
  <member type="way" ref="75722408" role=""/>
  <member type="way" ref="75722418" role=""/>
  <member type="way" ref="72709745" role=""/>
  <member type="way" ref="72709731" role=""/>
  <member type="way" ref="95993289" role=""/>
  <member type="way" ref="95993286" role=""/>
  <member type="way" ref="35019071" role=""/>
  <member type="way" ref="35019072" role=""/>
  <member type="way" ref="70904335" role=""/>
  <member type="way" ref="70904352" role=""/>
  <member type="way" ref="35020046" role=""/>
  <member type="way" ref="35020047" role=""/>
  <member type="way" ref="34261281" role=""/>
  <member type="way" ref="34261282" role=""/>
  <member type="way" ref="1341622758" role=""/>
  <member type="way" ref="1341622759" role=""/>
  <member type="way" ref="308796438" role=""/>
  <member type="way" ref="308796442" role=""/>
  <member type="way" ref="34260178" role=""/>
  <member type="way" ref="1322959131" role=""/>
  <member type="way" ref="34260180" role=""/>
  <member type="way" ref="34260720" role=""/>
  <member type="way" ref="34260721" role=""/>
  <member type="way" ref="31356184" role=""/>
  <member type="way" ref="35273753" role=""/>
  <member type="way" ref="35273754" role=""/>
  <member type="way" ref="24808733" role=""/>
  <member type="way" ref="32816823" role=""/>
  <member type="way" ref="32816825" role=""/>
  <member type="way" ref="32573198" role=""/>
  <member type="way" ref="1322955066" role=""/>
  <member type="way" ref="1322955067" role=""/>
  <member type="way" ref="32573199" role=""/>
  <member type="way" ref="34917608" role=""/>
  <member type="way" ref="34917609" role=""/>
  <member type="way" ref="32572573" role=""/>
  <member type="way" ref="1322949862" role=""/>
  <member type="way" ref="1322949855" role=""/>
  <member type="way" ref="1322949859" role=""/>
  <member type="way" ref="1322949858" role=""/>
  <member type="way" ref="1322949847" role=""/>
  <member type="way" ref="1322949849" role=""/>
  <member type="way" ref="1322949852" role=""/>
  <member type="way" ref="1322949853" role=""/>
  <member type="way" ref="32572574" role=""/>
  <member type="way" ref="32346602" role=""/>
  <member type="way" ref="32346603" role=""/>
  <member type="way" ref="31823008" role=""/>
  <member type="way" ref="1322949843" role=""/>
  <member type="way" ref="1322949846" role=""/>
  <member type="way" ref="31823009" role=""/>
  <member type="way" ref="232891384" role=""/>
  <member type="way" ref="232891385" role=""/>
  <member type="way" ref="1322941792" role=""/>
  <member type="way" ref="1322941790" role=""/>
  <member type="way" ref="31820765" role=""/>
  <member type="way" ref="1322941789" role=""/>
  <member type="way" ref="1322941786" role=""/>
  <member type="way" ref="31820767" role=""/>
  <member type="way" ref="1322941785" role=""/>
  <member type="way" ref="1322941784" role=""/>
  <member type="way" ref="1322941783" role=""/>
  <member type="way" ref="1322941782" role=""/>
  <member type="way" ref="1307213502" role=""/>
  <member type="way" ref="83851639" role=""/>
  <member type="way" ref="83851638" role=""/>
  <member type="way" ref="1307213504" role=""/>
  <member type="way" ref="83812321" role=""/>
  <member type="way" ref="702544974" role=""/>
  <member type="way" ref="1307213501" role=""/>
  <member type="way" ref="1307213503" role=""/>
  <member type="way" ref="83812319" role=""/>
  <member type="way" ref="87637387" role=""/>
  <member type="way" ref="22984146" role=""/>
  <member type="way" ref="1307213497" role=""/>
  <member type="way" ref="1307213498" role=""/>
  <member type="way" ref="793509810" role=""/>
  <member type="way" ref="23244881" role=""/>
  <member type="way" ref="23244880" role=""/>
  <member type="way" ref="83741678" role=""/>
  <member type="way" ref="93583585" role=""/>
  <member type="way" ref="23022707" role=""/>
  <member type="way" ref="1095227988" role=""/>
  <member type="way" ref="1095227987" role=""/>
  <member type="way" ref="197814908" role=""/>
  <member type="way" ref="23022706" role=""/>
  <member type="way" ref="24236375" role=""/>
  <member type="way" ref="83741670" role=""/>
  <member type="way" ref="83741684" role=""/>
  <member type="way" ref="31178767" role=""/>
  <member type="way" ref="34671819" role=""/>
  <member type="way" ref="22984155" role=""/>
  <member type="way" ref="83496805" role=""/>
  <member type="way" ref="83496711" role=""/>
  <member type="way" ref="83496808" role=""/>
  <member type="way" ref="83496728" role=""/>
  <member type="way" ref="328967517" role=""/>
  <member type="way" ref="328967493" role=""/>
  <member type="way" ref="328967541" role=""/>
  <member type="way" ref="328967515" role=""/>
  <member type="way" ref="22984156" role=""/>
  <member type="way" ref="31056091" role=""/>
  <member type="way" ref="31056092" role=""/>
  <member type="way" ref="318233232" role=""/>
  <member type="way" ref="318233229" role=""/>
  <member type="way" ref="22984157" role=""/>
  <member type="way" ref="34663421" role=""/>
  <member type="way" ref="34663423" role=""/>
  <member type="way" ref="389730828" role=""/>
  <member type="way" ref="389730829" role=""/>
  <member type="way" ref="30852994" role=""/>
  <member type="way" ref="30852997" role=""/>
  <member type="way" ref="23186259" role=""/>
  <member type="way" ref="23186260" role=""/>
  <member type="way" ref="25262990" role=""/>
  <member type="way" ref="25262991" role=""/>
  <member type="way" ref="793546049" role=""/>
  <member type="way" ref="22984158" role=""/>
  <member type="way" ref="24574618" role=""/>
  <member type="way" ref="1009329513" role=""/>
  <member type="way" ref="1009329514" role=""/>
  <member type="way" ref="24574619" role=""/>
  <member type="way" ref="23789367" role=""/>
  <member type="way" ref="23789366" role=""/>
  <member type="way" ref="24304084" role=""/>
  <member type="way" ref="24304087" role=""/>
  <member type="way" ref="23789368" role=""/>
  <member type="way" ref="23789362" role=""/>
  <member type="way" ref="34110111" role=""/>
  <member type="way" ref="34110112" role=""/>
  <member type="way" ref="23165615" role=""/>
  <member type="way" ref="23165614" role=""/>
  <member type="way" ref="30098160" role=""/>
  <member type="way" ref="30098161" role=""/>
  <member type="way" ref="145257294" role=""/>
  <member type="way" ref="145257292" role=""/>
  <member type="way" ref="145257298" role=""/>
  <member type="way" ref="145257302" role=""/>
  <member type="way" ref="25144994" role=""/>
  <member type="way" ref="1309012779" role=""/>
  <member type="way" ref="1309012780" role=""/>
  <member type="way" ref="25144995" role=""/>
  <member type="way" ref="173163609" role=""/>
  <member type="way" ref="173163612" role=""/>
  <member type="way" ref="315615438" role=""/>
  <member type="way" ref="315615439" role=""/>
  <member type="way" ref="32097231" role=""/>
  <member type="way" ref="32097232" role=""/>
  <member type="way" ref="173168937" role=""/>
  <member type="way" ref="173168934" role=""/>
  <member type="way" ref="23861519" role=""/>
  <member type="way" ref="23861520" role=""/>
  <member type="way" ref="173168931" role=""/>
  <member type="way" ref="173168941" role=""/>
  <member type="way" ref="102578537" role=""/>
  <member type="way" ref="102578539" role=""/>
  <member type="way" ref="32147474" role=""/>
  <member type="way" ref="32147476" role=""/>
  <member type="way" ref="132833191" role=""/>
  <member type="way" ref="132833194" role=""/>
  <member type="way" ref="97068549" role=""/>
  <member type="way" ref="97068562" role=""/>
  <member type="way" ref="173168933" role=""/>
  <member type="way" ref="173168939" role=""/>
  <member type="way" ref="30824699" role=""/>
  <member type="way" ref="30824700" role=""/>
  <member type="way" ref="173171772" role=""/>
  <member type="way" ref="173171784" role=""/>
  <member type="way" ref="1026868980" role=""/>
  <member type="way" ref="1026868979" role=""/>
  <member type="way" ref="173171778" role=""/>
  <member type="way" ref="173171790" role=""/>
  <member type="way" ref="25347463" role=""/>
  <member type="way" ref="25347464" role=""/>
  <member type="way" ref="173477305" role=""/>
  <member type="way" ref="26637745" role=""/>
  <member type="way" ref="173477313" role=""/>
  <member type="way" ref="173477331" role=""/>
  <member type="way" ref="96639080" role=""/>
  <member type="way" ref="96639078" role=""/>
  <member type="way" ref="46491058" role=""/>
  <member type="way" ref="46491061" role=""/>
  <member type="way" ref="46491063" role=""/>
  <member type="way" ref="46491057" role=""/>
  <member type="way" ref="41281860" role=""/>
  <member type="way" ref="41281859" role=""/>
  <member type="way" ref="173477324" role=""/>
  <member type="way" ref="173477346" role=""/>
  <member type="way" ref="122977416" role=""/>
  <member type="way" ref="122977415" role=""/>
  <member type="way" ref="41281852" role=""/>
  <member type="way" ref="41281855" role=""/>
  <member type="way" ref="319859868" role=""/>
  <member type="way" ref="319859870" role=""/>
  <member type="way" ref="51354041" role=""/>
  <member type="way" ref="51354025" role=""/>
  <member type="way" ref="40691232" role=""/>
  <member type="way" ref="173477340" role=""/>
  <member type="way" ref="40659192" role=""/>
  <member type="way" ref="40659193" role=""/>
  <member type="way" ref="46884274" role=""/>
  <member type="way" ref="46884265" role=""/>
  <member type="way" ref="46884267" role=""/>
  <member type="way" ref="46884261" role=""/>
  <member type="way" ref="46884287" role=""/>
  <member type="way" ref="40659197" role=""/>
  <member type="way" ref="40659196" role=""/>
  <member type="way" ref="40659194" role=""/>
  <member type="way" ref="85232777" role=""/>
  <member type="way" ref="447101291" role=""/>
  <member type="way" ref="40681867" role=""/>
  <member type="way" ref="40681866" role=""/>
  <member type="way" ref="39949048" role=""/>
  <member type="way" ref="39949050" role=""/>
  <member type="way" ref="157000905" role=""/>
  <member type="way" ref="46884471" role=""/>
  <member type="way" ref="46884469" role=""/>
  <member type="way" ref="46884462" role=""/>
  <member type="way" ref="186626473" role=""/>
  <member type="way" ref="833123851" role=""/>
  <member type="way" ref="23233850" role=""/>
  <member type="way" ref="40694890" role=""/>
  <member type="way" ref="40694893" role=""/>
  <member type="way" ref="23303065" role=""/>
  <member type="way" ref="46884258" role=""/>
  <member type="way" ref="817733614" role=""/>
  <member type="way" ref="40699159" role=""/>
  <member type="way" ref="40699157" role=""/>
  <member type="way" ref="833123850" role=""/>
  <member type="way" ref="497721324" role=""/>
  <member type="way" ref="40699166" role=""/>
  <member type="way" ref="40699168" role=""/>
  <member type="way" ref="46884635" role=""/>
  <member type="way" ref="46884524" role=""/>
  <member type="way" ref="497721323" role=""/>
  <member type="way" ref="1082119962" role=""/>
  <member type="way" ref="497719842" role=""/>
  <member type="way" ref="40701847" role=""/>
  <member type="way" ref="41527367" role=""/>
  <member type="way" ref="45840096" role=""/>
  <member type="way" ref="45840098" role=""/>
  <member type="way" ref="41183591" role=""/>
  <member type="way" ref="41183589" role=""/>
  <member type="way" ref="195999129" role=""/>
  <member type="way" ref="195999123" role=""/>
  <member type="way" ref="41229107" role=""/>
  <member type="way" ref="41229106" role=""/>
  <member type="way" ref="1082119968" role=""/>
  <member type="way" ref="41229042" role=""/>
  <member type="way" ref="41229041" role=""/>
  <member type="way" ref="41183579" role=""/>
  <member type="way" ref="41183574" role=""/>
  <member type="way" ref="46899815" role=""/>
  <member type="way" ref="46899818" role=""/>
  <member type="way" ref="46899819" role=""/>
  <member type="way" ref="46899798" role=""/>
  <member type="way" ref="45840045" role=""/>
  <member type="way" ref="45840072" role=""/>
  <member type="way" ref="211937257" role=""/>
  <member type="way" ref="211937259" role=""/>
  <member type="way" ref="85283383" role=""/>
  <member type="way" ref="85283385" role=""/>
  <member type="way" ref="211937255" role=""/>
  <member type="way" ref="211937260" role=""/>
  <member type="way" ref="196116182" role=""/>
  <member type="way" ref="196116188" role=""/>
  <member type="way" ref="196116183" role=""/>
  <member type="way" ref="196116189" role=""/>
  <member type="way" ref="47079829" role=""/>
  <member type="way" ref="826533350" role=""/>
  <member type="way" ref="47079824" role=""/>
  <member type="way" ref="826533351" role=""/>
  <member type="way" ref="41229111" role=""/>
  <member type="way" ref="41229115" role=""/>
  <member type="way" ref="648886603" role=""/>
  <member type="way" ref="75601717" role=""/>
  <member type="way" ref="41180882" role=""/>
  <member type="way" ref="41180881" role=""/>
  <member type="way" ref="41180879" role=""/>
  <member type="way" ref="41180877" role=""/>
  <member type="way" ref="75601716" role=""/>
  <member type="way" ref="41832189" role=""/>
  <member type="way" ref="41832190" role=""/>
  <member type="way" ref="45840102" role=""/>
  <member type="way" ref="45840103" role=""/>
  <member type="way" ref="45840101" role=""/>
  <member type="way" ref="85704597" role=""/>
  <member type="way" ref="210007962" role=""/>
  <member type="way" ref="210007961" role=""/>
  <member type="way" ref="23257957" role=""/>
  <member type="way" ref="41180867" role=""/>
  <member type="way" ref="23257018" role=""/>
  <member type="way" ref="23257019" role=""/>
  <member type="way" ref="128680874" role=""/>
  <member type="way" ref="41123942" role=""/>
  <member type="way" ref="41123943" role=""/>
  <member type="way" ref="41123935" role=""/>
  <member type="way" ref="385186701" role=""/>
  <member type="way" ref="41123936" role=""/>
  <member type="way" ref="385186703" role=""/>
  <member type="way" ref="41118501" role=""/>
  <member type="way" ref="307508013" role=""/>
  <member type="way" ref="136754110" role=""/>
  <member type="way" ref="46518397" role=""/>
  <member type="way" ref="46518398" role=""/>
  <member type="way" ref="44313967" role=""/>
  <member type="way" ref="44313969" role=""/>
  <member type="way" ref="44704507" role=""/>
  <member type="way" ref="41178331" role=""/>
  <member type="way" ref="128607110" role=""/>
  <member type="way" ref="46431290" role=""/>
  <member type="way" ref="46431291" role=""/>
  <member type="way" ref="46431289" role=""/>
  <member type="way" ref="46431263" role=""/>
  <member type="way" ref="46431302" role=""/>
  <member type="way" ref="46431243" role=""/>
  <member type="way" ref="46431332" role=""/>
  <member type="way" ref="46431249" role=""/>
  <member type="way" ref="41281847" role=""/>
  <member type="way" ref="41281846" role=""/>
  <member type="way" ref="42998363" role=""/>
  <member type="way" ref="42998364" role=""/>
  <member type="way" ref="46378210" role=""/>
  <member type="way" ref="46378206" role=""/>
  <member type="way" ref="41118509" role=""/>
  <member type="way" ref="41118510" role=""/>
  <member type="way" ref="41769963" role=""/>
  <member type="way" ref="41769964" role=""/>
  <member type="way" ref="41118496" role=""/>
  <member type="way" ref="39979361" role=""/>
  <member type="way" ref="41114755" role=""/>
  <member type="way" ref="41114754" role=""/>
  <member type="way" ref="41114751" role=""/>
  <member type="way" ref="41114750" role=""/>
  <member type="way" ref="46679399" role=""/>
  <member type="way" ref="46679391" role=""/>
  <member type="way" ref="46679408" role=""/>
  <member type="way" ref="46679407" role=""/>
  <member type="way" ref="46679402" role=""/>
  <member type="way" ref="46679359" role=""/>
  <member type="way" ref="46691980" role=""/>
  <member type="way" ref="46691968" role=""/>
  <member type="way" ref="46691995" role=""/>
  <member type="way" ref="46691989" role=""/>
  <member type="way" ref="46692005" role=""/>
  <member type="way" ref="46691943" role=""/>
  <member type="way" ref="46699409" role=""/>
  <member type="way" ref="46699405" role=""/>
  <member type="way" ref="46699416" role=""/>
  <member type="way" ref="46699414" role=""/>
  <member type="way" ref="46699419" role=""/>
  <member type="way" ref="46699411" role=""/>
  <member type="way" ref="46699439" role=""/>
  <member type="way" ref="46699444" role=""/>
  <member type="way" ref="46699445" role=""/>
  <member type="way" ref="668622060" role=""/>
  <member type="way" ref="46699403" role=""/>
  <member type="way" ref="46699459" role=""/>
  <member type="way" ref="46699453" role=""/>
  <member type="way" ref="46699473" role=""/>
  <member type="way" ref="46699475" role=""/>
  <member type="way" ref="46699476" role=""/>
  <member type="way" ref="46699464" role=""/>
  <member type="way" ref="46699480" role=""/>
  <member type="way" ref="46699446" role=""/>
  <member type="way" ref="46699482" role=""/>
  <member type="way" ref="46699484" role=""/>
  <member type="way" ref="41073606" role=""/>
  <member type="way" ref="41073607" role=""/>
  <member type="way" ref="46699497" role=""/>
  <member type="way" ref="46699494" role=""/>
  <member type="way" ref="40994153" role=""/>
  <member type="way" ref="40994154" role=""/>
  <member type="way" ref="40994149" role=""/>
  <member type="way" ref="40994150" role=""/>
  <member type="way" ref="40994142" role=""/>
  <member type="way" ref="40994137" role=""/>
  <member type="way" ref="45969534" role=""/>
  <member type="way" ref="55654615" role=""/>
  <member type="way" ref="128609097" role=""/>
  <member type="way" ref="376363056" role=""/>
  <member type="way" ref="338093992" role=""/>
  <member type="way" ref="338093993" role=""/>
  <member type="way" ref="239176769" role=""/>
  <member type="way" ref="239176778" role=""/>
  <member type="way" ref="338102450" role=""/>
  <member type="way" ref="338102458" role=""/>
  <member type="way" ref="338102455" role=""/>
  <member type="way" ref="338102462" role=""/>
  <member type="way" ref="338102449" role=""/>
  <member type="way" ref="338102456" role=""/>
  <member type="way" ref="338102452" role=""/>
  <member type="way" ref="338102448" role=""/>
  <member type="way" ref="239176772" role=""/>
  <member type="way" ref="239176773" role=""/>
  <member type="way" ref="582041910" role=""/>
  <member type="way" ref="582041909" role=""/>
  <member type="way" ref="338105314" role=""/>
  <member type="way" ref="338105317" role=""/>
  <member type="way" ref="345707866" role=""/>
  <member type="way" ref="682125046" role=""/>
  <member type="way" ref="620196353" role=""/>
  <member type="way" ref="841862337" role=""/>
  <member type="way" ref="344358182" role=""/>
  <member type="way" ref="351207827" role=""/>
  <member type="way" ref="351207829" role=""/>
  <member type="way" ref="620196362" role=""/>
  <member type="way" ref="620196363" role=""/>
  <member type="way" ref="4869435" role=""/>
  <member type="way" ref="4869430" role=""/>
  <member type="way" ref="239277747" role=""/>
  <member type="way" ref="789238084" role=""/>
  <member type="way" ref="4854958" role=""/>
  <member type="way" ref="4854962" role=""/>
  <member type="way" ref="61887381" role=""/>
  <member type="way" ref="5913515" role=""/>
  <member type="way" ref="1267948600" role=""/>
  <member type="way" ref="5913514" role=""/>
  <member type="way" ref="26648609" role=""/>
  <member type="way" ref="26648610" role=""/>
  <member type="way" ref="4859686" role=""/>
  <member type="way" ref="79120861" role=""/>
  <member type="way" ref="79120867" role=""/>
  <member type="way" ref="40952723" role=""/>
  <member type="way" ref="40952724" role=""/>
  <member type="way" ref="4859864" role=""/>
  <member type="way" ref="4859866" role=""/>
  <member type="way" ref="40952726" role=""/>
  <member type="way" ref="40952727" role=""/>
  <member type="way" ref="40952730" role=""/>
  <member type="way" ref="40952731" role=""/>
  <member type="way" ref="40952736" role=""/>
  <member type="way" ref="40952734" role=""/>
  <member type="way" ref="4859684" role=""/>
  <member type="way" ref="4860101" role=""/>
  <member type="way" ref="51793706" role=""/>
  <member type="way" ref="51793704" role=""/>
  <member type="way" ref="40952739" role=""/>
  <member type="way" ref="40952743" role=""/>
  <member type="way" ref="4860102" role=""/>
  <member type="way" ref="4860107" role=""/>
  <member type="way" ref="40953433" role=""/>
  <member type="way" ref="40953435" role=""/>
  <member type="way" ref="48880495" role=""/>
  <member type="way" ref="48880636" role=""/>
  <member type="way" ref="1182136861" role=""/>
  <member type="way" ref="40953439" role=""/>
  <member type="way" ref="40953438" role=""/>
  <member type="way" ref="51793656" role=""/>
  <member type="way" ref="51793655" role=""/>
  <member type="way" ref="99069512" role=""/>
  <member type="way" ref="99069478" role=""/>
  <member type="way" ref="4874827" role=""/>
  <member type="way" ref="136896866" role=""/>
  <member type="way" ref="1449551947" role=""/>
  <member type="way" ref="299773491" role=""/>
  <member type="way" ref="305424594" role=""/>
  <member type="way" ref="305424598" role=""/>
  <member type="way" ref="4869437" role=""/>
  <member type="way" ref="4869434" role=""/>
  <member type="way" ref="4854956" role=""/>
  <member type="way" ref="4854960" role=""/>
  <member type="way" ref="4859685" role=""/>
  <member type="way" ref="5913513" role=""/>
  <member type="way" ref="1267948599" role=""/>
  <member type="way" ref="5913511" role=""/>
  <member type="way" ref="4859687" role=""/>
  <member type="way" ref="26648611" role=""/>
  <member type="way" ref="26648612" role=""/>
  <member type="way" ref="4859865" role=""/>
  <member type="way" ref="79120851" role=""/>
  <member type="way" ref="79120858" role=""/>
  <member type="way" ref="40952721" role=""/>
  <member type="way" ref="40952722" role=""/>
  <member type="way" ref="4859867" role=""/>
  <member type="way" ref="4860090" role=""/>
  <member type="way" ref="40952725" role=""/>
  <member type="way" ref="40952728" role=""/>
  <member type="way" ref="40952729" role=""/>
  <member type="way" ref="40952732" role=""/>
  <member type="way" ref="40952735" role=""/>
  <member type="way" ref="40952733" role=""/>
  <member type="way" ref="4860091" role=""/>
  <member type="way" ref="5217318" role=""/>
  <member type="way" ref="51793700" role=""/>
  <member type="way" ref="51793702" role=""/>
  <member type="way" ref="40952738" role=""/>
  <member type="way" ref="40952746" role=""/>
  <member type="way" ref="5217319" role=""/>
  <member type="way" ref="4854904" role=""/>
  <member type="way" ref="40953432" role=""/>
  <member type="way" ref="40953434" role=""/>
  <member type="way" ref="48880666" role=""/>
  <member type="way" ref="1182136859" role=""/>
  <member type="way" ref="48880677" role=""/>
  <member type="way" ref="40953437" role=""/>
  <member type="way" ref="4852593" role=""/>
  <member type="way" ref="51793657" role=""/>
  <member type="way" ref="51793647" role=""/>
  <member type="way" ref="483237449" role=""/>
  <member type="way" ref="81284632" role=""/>
  <member type="way" ref="4711316" role=""/>
  <member type="way" ref="4874821" role=""/>
  <member type="way" ref="202438591" role=""/>
  <member type="way" ref="4874819" role=""/>
  <member type="way" ref="4874828" role=""/>
  <member type="way" ref="4874823" role=""/>
  <member type="way" ref="4874824" role=""/>
  <member type="way" ref="390278374" role=""/>
  <member type="way" ref="40953442" role=""/>
  <member type="way" ref="682125043" role=""/>
  <member type="way" ref="655980022" role=""/>
  <member type="way" ref="239176853" role=""/>
  <member type="way" ref="620196356" role=""/>
  <member type="way" ref="620196355" role=""/>
  <member type="way" ref="305913952" role=""/>
  <member type="way" ref="338105315" role=""/>
  <member type="way" ref="338105316" role=""/>
  <member type="way" ref="582041911" role=""/>
  <member type="way" ref="582041912" role=""/>
  <member type="way" ref="239176771" role=""/>
  <member type="way" ref="128609096" role=""/>
  <member type="way" ref="338102454" role=""/>
  <member type="way" ref="338102457" role=""/>
  <member type="way" ref="338102451" role=""/>
  <member type="way" ref="338102463" role=""/>
  <member type="way" ref="338102459" role=""/>
  <member type="way" ref="338102460" role=""/>
  <member type="way" ref="880775370" role=""/>
  <member type="way" ref="338102453" role=""/>
  <member type="way" ref="338102461" role=""/>
  <member type="way" ref="863735369" role=""/>
  <member type="way" ref="239176770" role=""/>
  <member type="way" ref="1554168436" role=""/>
  <member type="way" ref="239176775" role=""/>
  <member type="way" ref="338093991" role=""/>
  <member type="way" ref="338093990" role=""/>
  <member type="way" ref="376363055" role=""/>
  <member type="way" ref="339135668" role=""/>
  <member type="way" ref="1554431994" role=""/>
  <member type="way" ref="55654616" role=""/>
  <member type="way" ref="55654614" role=""/>
  <member type="way" ref="40994138" role=""/>
  <member type="way" ref="40994141" role=""/>
  <member type="way" ref="40994148" role=""/>
  <member type="way" ref="40994147" role=""/>
  <member type="way" ref="40994151" role=""/>
  <member type="way" ref="40994152" role=""/>
  <member type="way" ref="46699498" role=""/>
  <member type="way" ref="46699481" role=""/>
  <member type="way" ref="666861232" role=""/>
  <member type="way" ref="41073604" role=""/>
  <member type="way" ref="41073605" role=""/>
  <member type="way" ref="46699483" role=""/>
  <member type="way" ref="46699447" role=""/>
  <member type="way" ref="46699479" role=""/>
  <member type="way" ref="46699463" role=""/>
  <member type="way" ref="46699477" role=""/>
  <member type="way" ref="46699478" role=""/>
  <member type="way" ref="46699474" role=""/>
  <member type="way" ref="46699454" role=""/>
  <member type="way" ref="46699458" role=""/>
  <member type="way" ref="46699402" role=""/>
  <member type="way" ref="46699441" role=""/>
  <member type="way" ref="46699442" role=""/>
  <member type="way" ref="46699440" role=""/>
  <member type="way" ref="46699412" role=""/>
  <member type="way" ref="46699420" role=""/>
  <member type="way" ref="46699415" role=""/>
  <member type="way" ref="1554431977" role=""/>
  <member type="way" ref="46699417" role=""/>
  <member type="way" ref="46699406" role=""/>
  <member type="way" ref="46699407" role=""/>
  <member type="way" ref="46699408" role=""/>
  <member type="way" ref="41073628" role=""/>
  <member type="way" ref="46692008" role=""/>
  <member type="way" ref="46691992" role=""/>
  <member type="way" ref="46691994" role=""/>
  <member type="way" ref="46691967" role=""/>
  <member type="way" ref="46691981" role=""/>
  <member type="way" ref="46691971" role=""/>
  <member type="way" ref="46679405" role=""/>
  <member type="way" ref="46679403" role=""/>
  <member type="way" ref="46679406" role=""/>
  <member type="way" ref="46679392" role=""/>
  <member type="way" ref="46679400" role=""/>
  <member type="way" ref="46679363" role=""/>
  <member type="way" ref="41114748" role=""/>
  <member type="way" ref="41114749" role=""/>
  <member type="way" ref="41114752" role=""/>
  <member type="way" ref="41114753" role=""/>
  <member type="way" ref="41118494" role=""/>
  <member type="way" ref="41118499" role=""/>
  <member type="way" ref="41769965" role=""/>
  <member type="way" ref="41769966" role=""/>
  <member type="way" ref="41118505" role=""/>
  <member type="way" ref="817206822" role=""/>
  <member type="way" ref="817206821" role=""/>
  <member type="way" ref="41118506" role=""/>
  <member type="way" ref="46378214" role=""/>
  <member type="way" ref="46378050" role=""/>
  <member type="way" ref="42998365" role=""/>
  <member type="way" ref="42998366" role=""/>
  <member type="way" ref="41281844" role=""/>
  <member type="way" ref="41281845" role=""/>
  <member type="way" ref="46431334" role=""/>
  <member type="way" ref="46431244" role=""/>
  <member type="way" ref="46431304" role=""/>
  <member type="way" ref="46431261" role=""/>
  <member type="way" ref="46431288" role=""/>
  <member type="way" ref="46431294" role=""/>
  <member type="way" ref="307508014" role=""/>
  <member type="way" ref="46431296" role=""/>
  <member type="way" ref="46431227" role=""/>
  <member type="way" ref="541765334" role=""/>
  <member type="way" ref="44704513" role=""/>
  <member type="way" ref="41178330" role=""/>
  <member type="way" ref="44313974" role=""/>
  <member type="way" ref="44313976" role=""/>
  <member type="way" ref="23257838" role=""/>
  <member type="way" ref="876025976" role=""/>
  <member type="way" ref="41123937" role=""/>
  <member type="way" ref="41123938" role=""/>
  <member type="way" ref="70527189" role=""/>
  <member type="way" ref="41123939" role=""/>
  <member type="way" ref="41123940" role=""/>
  <member type="way" ref="23257837" role=""/>
  <member type="way" ref="23257836" role=""/>
  <member type="way" ref="24988834" role=""/>
  <member type="way" ref="162958761" role=""/>
  <member type="way" ref="162958762" role=""/>
  <member type="way" ref="45602237" role=""/>
  <member type="way" ref="305999568" role=""/>
  <member type="way" ref="85703183" role=""/>
  <member type="way" ref="128680872" role=""/>
  <member type="way" ref="23233847" role=""/>
  <member type="way" ref="307508010" role=""/>
  <member type="way" ref="305999564" role=""/>
  <member type="way" ref="41832187" role=""/>
  <member type="way" ref="41832188" role=""/>
  <member type="way" ref="75601718" role=""/>
  <member type="way" ref="41180876" role=""/>
  <member type="way" ref="41180878" role=""/>
  <member type="way" ref="41180880" role=""/>
  <member type="way" ref="75601719" role=""/>
  <member type="way" ref="305999563" role=""/>
  <member type="way" ref="41229114" role=""/>
  <member type="way" ref="826533352" role=""/>
  <member type="way" ref="41229110" role=""/>
  <member type="way" ref="826533349" role=""/>
  <member type="way" ref="47079830" role=""/>
  <member type="way" ref="47079823" role=""/>
  <member type="way" ref="196116184" role=""/>
  <member type="way" ref="196116187" role=""/>
  <member type="way" ref="196116185" role=""/>
  <member type="way" ref="196116186" role=""/>
  <member type="way" ref="211937256" role=""/>
  <member type="way" ref="211937254" role=""/>
  <member type="way" ref="85283384" role=""/>
  <member type="way" ref="85283391" role=""/>
  <member type="way" ref="211937258" role=""/>
  <member type="way" ref="211937253" role=""/>
  <member type="way" ref="45840048" role=""/>
  <member type="way" ref="45840057" role=""/>
  <member type="way" ref="46899820" role=""/>
  <member type="way" ref="46899821" role=""/>
  <member type="way" ref="46899817" role=""/>
  <member type="way" ref="46899816" role=""/>
  <member type="way" ref="41183573" role=""/>
  <member type="way" ref="41183578" role=""/>
  <member type="way" ref="41229044" role=""/>
  <member type="way" ref="41229043" role=""/>
  <member type="way" ref="41229109" role=""/>
  <member type="way" ref="41229108" role=""/>
  <member type="way" ref="195999125" role=""/>
  <member type="way" ref="195999130" role=""/>
  <member type="way" ref="41183588" role=""/>
  <member type="way" ref="41183592" role=""/>
  <member type="way" ref="45840099" role=""/>
  <member type="way" ref="45840100" role=""/>
  <member type="way" ref="40701845" role=""/>
  <member type="way" ref="497719841" role=""/>
  <member type="way" ref="1082119961" role=""/>
  <member type="way" ref="40701846" role=""/>
  <member type="way" ref="497721319" role=""/>
  <member type="way" ref="46884634" role=""/>
  <member type="way" ref="46884557" role=""/>
  <member type="way" ref="40699155" role=""/>
  <member type="way" ref="40699165" role=""/>
  <member type="way" ref="833123853" role=""/>
  <member type="way" ref="497721316" role=""/>
  <member type="way" ref="46884569" role=""/>
  <member type="way" ref="40699152" role=""/>
  <member type="way" ref="40699154" role=""/>
  <member type="way" ref="46884300" role=""/>
  <member type="way" ref="40694886" role=""/>
  <member type="way" ref="40694888" role=""/>
  <member type="way" ref="1554431974" role=""/>
  <member type="way" ref="833123852" role=""/>
  <member type="way" ref="40694875" role=""/>
  <member type="way" ref="686638961" role=""/>
  <member type="way" ref="40694882" role=""/>
  <member type="way" ref="46884470" role=""/>
  <member type="way" ref="46884473" role=""/>
  <member type="way" ref="39949049" role=""/>
  <member type="way" ref="40659195" role=""/>
  <member type="way" ref="40681868" role=""/>
  <member type="way" ref="836778826" role=""/>
  <member type="way" ref="1554431969" role=""/>
  <member type="way" ref="40681869" role=""/>
  <member type="way" ref="40681865" role=""/>
  <member type="way" ref="40694840" role=""/>
  <member type="way" ref="833764728" role=""/>
  <member type="way" ref="46884277" role=""/>
  <member type="way" ref="46884264" role=""/>
  <member type="way" ref="46884268" role=""/>
  <member type="way" ref="46884266" role=""/>
  <member type="way" ref="46884260" role=""/>
  <member type="way" ref="46887307" role=""/>
  <member type="way" ref="40659190" role=""/>
  <member type="way" ref="40659191" role=""/>
  <member type="way" ref="40691231" role=""/>
  <member type="way" ref="40691230" role=""/>
  <member type="way" ref="51354043" role=""/>
  <member type="way" ref="51354042" role=""/>
  <member type="way" ref="319859869" role=""/>
  <member type="way" ref="319859867" role=""/>
  <member type="way" ref="41281850" role=""/>
  <member type="way" ref="41281851" role=""/>
  <member type="way" ref="122977411" role=""/>
  <member type="way" ref="122977409" role=""/>
  <member type="way" ref="173477308" role=""/>
  <member type="way" ref="173477337" role=""/>
  <member type="way" ref="41281857" role=""/>
  <member type="way" ref="41281858" role=""/>
  <member type="way" ref="46491065" role=""/>
  <member type="way" ref="46491066" role=""/>
  <member type="way" ref="46491059" role=""/>
  <member type="way" ref="46491056" role=""/>
  <member type="way" ref="96639076" role=""/>
  <member type="way" ref="96639079" role=""/>
  <member type="way" ref="173477328" role=""/>
  <member type="way" ref="1554431968" role=""/>
  <member type="way" ref="173477330" role=""/>
  <member type="way" ref="26637746" role=""/>
  <member type="way" ref="1554431966" role=""/>
  <member type="way" ref="1554438102" role=""/>
  <member type="way" ref="26637750" role=""/>
  <member type="way" ref="25347465" role=""/>
  <member type="way" ref="25347466" role=""/>
  <member type="way" ref="173171775" role=""/>
  <member type="way" ref="1026868977" role=""/>
  <member type="way" ref="1026868978" role=""/>
  <member type="way" ref="173171769" role=""/>
  <member type="way" ref="173171776" role=""/>
  <member type="way" ref="173171785" role=""/>
  <member type="way" ref="30824704" role=""/>
  <member type="way" ref="30824706" role=""/>
  <member type="way" ref="173168935" role=""/>
  <member type="way" ref="173168930" role=""/>
  <member type="way" ref="97068547" role=""/>
  <member type="way" ref="97068568" role=""/>
  <member type="way" ref="132833192" role=""/>
  <member type="way" ref="132833193" role=""/>
  <member type="way" ref="32147477" role=""/>
  <member type="way" ref="32147478" role=""/>
  <member type="way" ref="102578536" role=""/>
  <member type="way" ref="102578540" role=""/>
  <member type="way" ref="173168936" role=""/>
  <member type="way" ref="173168940" role=""/>
  <member type="way" ref="23861521" role=""/>
  <member type="way" ref="23861522" role=""/>
  <member type="way" ref="173168932" role=""/>
  <member type="way" ref="173168938" role=""/>
  <member type="way" ref="32097227" role=""/>
  <member type="way" ref="32097229" role=""/>
  <member type="way" ref="315615437" role=""/>
  <member type="way" ref="315615436" role=""/>
  <member type="way" ref="173163611" role=""/>
  <member type="way" ref="173163615" role=""/>
  <member type="way" ref="1309012782" role=""/>
  <member type="way" ref="1309012781" role=""/>
  <member type="way" ref="25144992" role=""/>
  <member type="way" ref="25144993" role=""/>
  <member type="way" ref="145257300" role=""/>
  <member type="way" ref="145257291" role=""/>
  <member type="way" ref="145257293" role=""/>
  <member type="way" ref="145257297" role=""/>
  <member type="way" ref="30098148" role=""/>
  <member type="way" ref="30098159" role=""/>
  <member type="way" ref="23165611" role=""/>
  <member type="way" ref="541765333" role=""/>
  <member type="way" ref="23165613" role=""/>
  <member type="way" ref="34110109" role=""/>
  <member type="way" ref="23789360" role=""/>
  <member type="way" ref="23789363" role=""/>
  <member type="way" ref="23789364" role=""/>
  <member type="way" ref="24304082" role=""/>
  <member type="way" ref="24304083" role=""/>
  <member type="way" ref="1554445520" role=""/>
  <member type="way" ref="23789365" role=""/>
  <member type="way" ref="22900911" role=""/>
  <member type="way" ref="1009329515" role=""/>
  <member type="way" ref="24574620" role=""/>
  <member type="way" ref="1009329512" role=""/>
  <member type="way" ref="24574621" role=""/>
  <member type="way" ref="1312990614" role=""/>
  <member type="way" ref="22984154" role=""/>
  <member type="way" ref="25262992" role=""/>
  <member type="way" ref="25262993" role=""/>
  <member type="way" ref="23186261" role=""/>
  <member type="way" ref="23186262" role=""/>
  <member type="way" ref="30853002" role=""/>
  <member type="way" ref="389730830" role=""/>
  <member type="way" ref="389730827" role=""/>
  <member type="way" ref="30853004" role=""/>
  <member type="way" ref="34663424" role=""/>
  <member type="way" ref="34663425" role=""/>
  <member type="way" ref="22984152" role=""/>
  <member type="way" ref="318233231" role=""/>
  <member type="way" ref="318233228" role=""/>
  <member type="way" ref="31056088" role=""/>
  <member type="way" ref="31056089" role=""/>
  <member type="way" ref="22984153" role=""/>
  <member type="way" ref="328967530" role=""/>
  <member type="way" ref="328967497" role=""/>
  <member type="way" ref="83496794" role=""/>
  <member type="way" ref="83496814" role=""/>
  <member type="way" ref="83496790" role=""/>
  <member type="way" ref="83496738" role=""/>
  <member type="way" ref="34671808" role=""/>
  <member type="way" ref="34671814" role=""/>
  <member type="way" ref="1173018752" role=""/>
  <member type="way" ref="1173018753" role=""/>
  <member type="way" ref="1173018754" role=""/>
  <member type="way" ref="39426853" role=""/>
  <member type="way" ref="1095227989" role=""/>
  <member type="way" ref="1095227990" role=""/>
  <member type="way" ref="22984145" role=""/>
  <member type="way" ref="83741681" role=""/>
  <member type="way" ref="23244883" role=""/>
  <member type="way" ref="793509826" role=""/>
  <member type="way" ref="23244882" role=""/>
  <member type="way" ref="22984150" role=""/>
  <member type="way" ref="24212710" role=""/>
  <member type="way" ref="24212714" role=""/>
  <member type="way" ref="31178766" role=""/>
  <member type="way" ref="83812322" role=""/>
  <member type="way" ref="83812320" role=""/>
  <member type="way" ref="83851637" role=""/>
  <member type="way" ref="793509807" role=""/>
  <member type="way" ref="83851642" role=""/>
  <member type="way" ref="24163625" role=""/>
  <member type="way" ref="1322941776" role=""/>
  <member type="way" ref="1322941777" role=""/>
  <member type="way" ref="1322941780" role=""/>
  <member type="way" ref="1322941781" role=""/>
  <member type="way" ref="24163626" role=""/>
  <member type="way" ref="1322941788" role=""/>
  <member type="way" ref="1322941787" role=""/>
  <member type="way" ref="31820768" role=""/>
  <member type="way" ref="1322941791" role=""/>
  <member type="way" ref="1322941793" role=""/>
  <member type="way" ref="31820769" role=""/>
  <member type="way" ref="232891398" role=""/>
  <member type="way" ref="232891401" role=""/>
  <member type="way" ref="1322949845" role=""/>
  <member type="way" ref="1322949844" role=""/>
  <member type="way" ref="31823011" role=""/>
  <member type="way" ref="31823012" role=""/>
  <member type="way" ref="32346599" role=""/>
  <member type="way" ref="32346600" role=""/>
  <member type="way" ref="1322949851" role=""/>
  <member type="way" ref="1322949850" role=""/>
  <member type="way" ref="1322949854" role=""/>
  <member type="way" ref="1322949848" role=""/>
  <member type="way" ref="1322949857" role=""/>
  <member type="way" ref="1322949860" role=""/>
  <member type="way" ref="1322949856" role=""/>
  <member type="way" ref="1322949861" role=""/>
  <member type="way" ref="32572571" role=""/>
  <member type="way" ref="32572572" role=""/>
  <member type="way" ref="34917610" role=""/>
  <member type="way" ref="1322950920" role=""/>
  <member type="way" ref="1322950921" role=""/>
  <member type="way" ref="1322955069" role=""/>
  <member type="way" ref="1322955070" role=""/>
  <member type="way" ref="34917611" role=""/>
  <member type="way" ref="1322955068" role=""/>
  <member type="way" ref="1322955065" role=""/>
  <member type="way" ref="32573200" role=""/>
  <member type="way" ref="32573201" role=""/>
  <member type="way" ref="32816819" role=""/>
  <member type="way" ref="32816820" role=""/>
  <member type="way" ref="24809119" role=""/>
  <member type="way" ref="24809120" role=""/>
  <member type="way" ref="34260718" role=""/>
  <member type="way" ref="34260719" role=""/>
  <member type="way" ref="1322959132" role=""/>
  <member type="way" ref="34260173" role=""/>
  <member type="way" ref="1322959133" role=""/>
  <member type="way" ref="34260175" role=""/>
  <member type="way" ref="308796436" role=""/>
  <member type="way" ref="1322959134" role=""/>
  <member type="way" ref="1341622760" role=""/>
  <member type="way" ref="1341622757" role=""/>
  <member type="way" ref="1322959135" role=""/>
  <member type="way" ref="308796441" role=""/>
  <member type="way" ref="34261285" role=""/>
  <member type="way" ref="34261283" role=""/>
  <member type="way" ref="35020044" role=""/>
  <member type="way" ref="35020045" role=""/>
  <member type="way" ref="70904331" role=""/>
  <member type="way" ref="70904337" role=""/>
  <member type="way" ref="35019070" role=""/>
  <member type="way" ref="31689060" role=""/>
  <member type="way" ref="95993288" role=""/>
  <member type="way" ref="95993287" role=""/>
  <member type="way" ref="72709735" role=""/>
  <member type="way" ref="72709631" role=""/>
  <member type="way" ref="75722410" role=""/>
  <member type="way" ref="75722419" role=""/>
  <member type="way" ref="75722975" role=""/>
  <member type="way" ref="75722980" role=""/>
  <member type="way" ref="75722979" role=""/>
  <member type="way" ref="1342509411" role=""/>
  <member type="way" ref="1342509410" role=""/>
  <member type="way" ref="75722977" role=""/>
  <member type="way" ref="1268571613" role=""/>
  <member type="way" ref="1268571612" role=""/>
  <member type="way" ref="1165939970" role=""/>
  <member type="way" ref="1165939969" role=""/>
  <member type="way" ref="85683072" role=""/>
  <member type="way" ref="85683066" role=""/>
  <member type="way" ref="80222187" role=""/>
  <member type="way" ref="80222184" role=""/>
  <member type="way" ref="257782281" role=""/>
  <member type="way" ref="72709730" role=""/>
  <member type="way" ref="72709675" role=""/>
  <member type="way" ref="80221261" role=""/>
  <member type="way" ref="80221259" role=""/>
  <member type="way" ref="79273266" role=""/>
  <member type="way" ref="79273261" role=""/>
  <member type="way" ref="257782294" role=""/>
  <member type="way" ref="72709647" role=""/>
  <member type="way" ref="72709636" role=""/>
  <member type="way" ref="126243038" role=""/>
  <member type="way" ref="126243040" role=""/>
  <member type="way" ref="79273263" role=""/>
  <member type="way" ref="79273248" role=""/>
  <member type="way" ref="257782287" role=""/>
  <member type="way" ref="72709641" role=""/>
  <member type="way" ref="72709622" role=""/>
  <member type="way" ref="72709692" role=""/>
  <member type="way" ref="72709628" role=""/>
  <member type="way" ref="72709662" role=""/>
  <member type="way" ref="72709645" role=""/>
  <member type="way" ref="712016225" role=""/>
  <member type="way" ref="32638721" role=""/>
  <member type="way" ref="32638723" role=""/>
  <member type="way" ref="72709688" role=""/>
  <member type="way" ref="72709665" role=""/>
  <member type="way" ref="257782282" role=""/>
  <member type="way" ref="239955023" role=""/>
  <member type="way" ref="72473770" role=""/>
  <member type="way" ref="72473754" role=""/>
  <member type="way" ref="360569444" role=""/>
  <member type="way" ref="25348028" role=""/>
  <member type="way" ref="66767775" role=""/>
  <member type="way" ref="369279427" role=""/>
  <member type="way" ref="72473765" role=""/>
  <member type="way" ref="66767308" role=""/>
  <member type="way" ref="66767317" role=""/>
  <member type="way" ref="767701544" role=""/>
  <member type="way" ref="72473690" role=""/>
  <member type="way" ref="72473670" role=""/>
  <member type="way" ref="66767377" role=""/>
  <member type="way" ref="1304123280" role=""/>
  <member type="way" ref="193180810" role=""/>
  <member type="way" ref="577366802" role=""/>
  <member type="way" ref="193180808" role=""/>
  <member type="way" ref="31544829" role=""/>
  <member type="way" ref="31544830" role=""/>
  <member type="way" ref="24196211" role=""/>
  <member type="way" ref="965414969" role=""/>
  <member type="way" ref="1304123279" role=""/>
  <member type="way" ref="24196213" role=""/>
  <member type="way" ref="377071944" role=""/>
  <member type="way" ref="4803584" role=""/>
  <member type="way" ref="4803581" role=""/>
  <member type="way" ref="4803571" role=""/>
  <member type="way" ref="545749460" role=""/>
  <member type="way" ref="545749459" role=""/>
  <member type="way" ref="545749461" role=""/>
  <member type="way" ref="545749462" role=""/>
  <member type="way" ref="4803573" role=""/>
  <member type="way" ref="4803335" role=""/>
  <member type="way" ref="93671686" role=""/>
  <member type="way" ref="93671688" role=""/>
  <member type="way" ref="4803337" role=""/>
  <member type="way" ref="620421340" role=""/>
  <member type="way" ref="4798420" role=""/>
  <member type="way" ref="78504036" role=""/>
  <member type="way" ref="78504034" role=""/>
  <member type="way" ref="233878650" role=""/>
  <member type="way" ref="233878645" role=""/>
  <member type="way" ref="239280219" role=""/>
  <member type="way" ref="4798417" role=""/>
  <member type="way" ref="4797736" role=""/>
  <member type="way" ref="239280221" role=""/>
  <member type="way" ref="601280262" role=""/>
  <member type="way" ref="601280261" role=""/>
  <member type="way" ref="177618463" role=""/>
  <member type="way" ref="177618465" role=""/>
  <member type="way" ref="813149914" role=""/>
  <member type="way" ref="813163315" role=""/>
  <member type="way" ref="971388464" role=""/>
  <member type="way" ref="971388463" role=""/>
  <member type="way" ref="4802716" role=""/>
  <member type="way" ref="67519090" role=""/>
  <member type="way" ref="620503438" role=""/>
  <member type="way" ref="67519084" role=""/>
  <member type="way" ref="317542652" role=""/>
  <member type="way" ref="96793483" role=""/>
  <member type="way" ref="96793518" role=""/>
  <member type="way" ref="317727956" role=""/>
  <member type="way" ref="220536703" role=""/>
  <member type="way" ref="220536704" role=""/>
  <member type="way" ref="4797737" role=""/>
  <member type="way" ref="54359660" role=""/>
  <member type="way" ref="317727954" role=""/>
  <member type="way" ref="54359661" role=""/>
  <member type="way" ref="54359662" role=""/>
  <member type="way" ref="317816024" role=""/>
  <member type="way" ref="4801915" role=""/>
  <member type="way" ref="4797735" role=""/>
  <member type="way" ref="317816025" role=""/>
  <member type="way" ref="16113490" role=""/>
  <member type="way" ref="16113492" role=""/>
  <member type="way" ref="4801909" role=""/>
  <member type="way" ref="4801906" role=""/>
  <member type="way" ref="4797511" role=""/>
  <member type="way" ref="1201603677" role=""/>
  <member type="way" ref="1201603676" role=""/>
  <member type="way" ref="317816023" role=""/>
  <member type="way" ref="907131438" role=""/>
  <member type="way" ref="907131437" role=""/>
  <member type="way" ref="317816018" role=""/>
  <member type="way" ref="907131048" role=""/>
  <member type="way" ref="907131049" role=""/>
  <member type="way" ref="40624854" role=""/>
  <member type="way" ref="317816022" role=""/>
  <member type="way" ref="813177221" role=""/>
  <member type="way" ref="8017860" role=""/>
  <member type="way" ref="163439201" role=""/>
  <member type="way" ref="161368718" role=""/>
  <member type="way" ref="40624879" role=""/>
  <member type="way" ref="163439193" role=""/>
  <member type="way" ref="163439194" role=""/>
  <member type="way" ref="40625301" role=""/>
  <member type="way" ref="161368723" role=""/>
  <member type="way" ref="40624877" role=""/>
  <member type="way" ref="40624855" role=""/>
  <member type="way" ref="1066754457" role=""/>
  <member type="way" ref="760022693" role=""/>
  <member type="way" ref="55219851" role=""/>
  <member type="way" ref="55219849" role=""/>
  <member type="way" ref="1434954364" role=""/>
  <member type="way" ref="384968738" role=""/>
  <member type="way" ref="40624871" role=""/>
  <member type="way" ref="40624874" role=""/>
  <member type="way" ref="904514295" role=""/>
  <member type="way" ref="40626829" role=""/>
  <member type="way" ref="40626082" role=""/>
  <member type="way" ref="40625919" role=""/>
  <member type="way" ref="1217203015" role=""/>
  <member type="way" ref="40623420" role=""/>
  <member type="way" ref="40626726" role=""/>
  <member type="way" ref="40625739" role=""/>
  <member type="way" ref="53202072" role=""/>
  <member type="way" ref="53202069" role=""/>
  <member type="way" ref="59462743" role=""/>
  <member type="way" ref="59462735" role=""/>
  <member type="way" ref="40625764" role=""/>
  <member type="way" ref="40625751" role=""/>
  <member type="way" ref="1217203017" role=""/>
  <member type="way" ref="1061023674" role=""/>
  <member type="way" ref="588804042" role=""/>
  <member type="way" ref="690142105" role=""/>
  <member type="way" ref="1160217308" role=""/>
  <member type="way" ref="690142110" role=""/>
  <member type="way" ref="60793279" role=""/>
  <member type="way" ref="60793273" role=""/>
  <member type="way" ref="162607369" role=""/>
  <member type="way" ref="307656984" role=""/>
  <member type="way" ref="162607367" role=""/>
  <member type="way" ref="307656983" role=""/>
  <member type="way" ref="60793277" role=""/>
  <member type="way" ref="40625745" role=""/>
  <member type="way" ref="307783571" role=""/>
  <member type="way" ref="620985432" role=""/>
  <member type="way" ref="1160217326" role=""/>
  <member type="way" ref="162607366" role=""/>
  <member type="way" ref="847063360" role=""/>
  <member type="way" ref="847063359" role=""/>
  <member type="way" ref="588497484" role=""/>
  <member type="way" ref="1217203018" role=""/>
  <member type="way" ref="847063361" role=""/>
  <member type="way" ref="40625766" role=""/>
  <member type="way" ref="40625738" role=""/>
  <member type="way" ref="40626073" role=""/>
  <member type="way" ref="162300580" role=""/>
  <member type="way" ref="40626072" role=""/>
  <member type="way" ref="53202073" role=""/>
  <member type="way" ref="53202067" role=""/>
  <member type="way" ref="95513457" role=""/>
  <member type="way" ref="203676347" role=""/>
  <member type="way" ref="40626698" role=""/>
  <member type="way" ref="1217203019" role=""/>
  <member type="way" ref="40623419" role=""/>
  <member type="way" ref="59606563" role=""/>
  <member type="way" ref="379455935" role=""/>
  <member type="way" ref="40626828" role=""/>
  <member type="way" ref="95509033" role=""/>
  <member type="way" ref="94355062" role=""/>
  <member type="way" ref="40624869" role=""/>
  <member type="way" ref="40624880" role=""/>
  <member type="way" ref="161368717" role=""/>
  <member type="way" ref="384968740" role=""/>
  <member type="way" ref="759117578" role=""/>
  <member type="way" ref="55219850" role=""/>
  <member type="way" ref="55219848" role=""/>
  <member type="way" ref="310574357" role=""/>
  <member type="way" ref="760022694" role=""/>
  <member type="way" ref="161368722" role=""/>
  <member type="way" ref="40624876" role=""/>
  <member type="way" ref="40624878" role=""/>
  <member type="way" ref="760022695" role=""/>
  <member type="way" ref="40625296" role=""/>
  <member type="way" ref="40625297" role=""/>
  <member type="way" ref="4744501" role=""/>
  <member type="way" ref="40624703" role=""/>
  <member type="way" ref="40625386" role=""/>
  <member type="way" ref="813177222" role=""/>
  <member type="way" ref="1081272192" role=""/>
  <member type="way" ref="95084968" role=""/>
  <member type="way" ref="95084971" role=""/>
  <member type="way" ref="1201603675" role=""/>
  <member type="way" ref="1201603674" role=""/>
  <member type="way" ref="1334902898" role=""/>
  <member type="way" ref="4801908" role=""/>
  <member type="way" ref="4801907" role=""/>
  <member type="way" ref="16113487" role=""/>
  <member type="way" ref="16113488" role=""/>
  <member type="way" ref="1104488777" role=""/>
  <member type="way" ref="1081272193" role=""/>
  <member type="way" ref="4801914" role=""/>
  <member type="way" ref="4801912" role=""/>
  <member type="way" ref="96063224" role=""/>
  <member type="way" ref="54359663" role=""/>
  <member type="way" ref="54359659" role=""/>
  <member type="way" ref="1081272186" role=""/>
  <member type="way" ref="317727953" role=""/>
  <member type="way" ref="54359665" role=""/>
  <member type="way" ref="54359666" role=""/>
  <member type="way" ref="4797739" role=""/>
  <member type="way" ref="4802721" role=""/>
  <member type="way" ref="220536701" role=""/>
  <member type="way" ref="220536702" role=""/>
  <member type="way" ref="317727955" role=""/>
  <member type="way" ref="96793465" role=""/>
  <member type="way" ref="96793503" role=""/>
  <member type="way" ref="317542649" role=""/>
  <member type="way" ref="67519080" role=""/>
  <member type="way" ref="4812713" role=""/>
  <member type="way" ref="971388465" role=""/>
  <member type="way" ref="971388466" role=""/>
  <member type="way" ref="434779863" role=""/>
  <member type="way" ref="349689686" role=""/>
  <member type="way" ref="813149912" role=""/>
  <member type="way" ref="177618462" role=""/>
  <member type="way" ref="242626396" role=""/>
  <member type="way" ref="434779867" role=""/>
  <member type="way" ref="318804453" role=""/>
  <member type="way" ref="8463540" role=""/>
  <member type="way" ref="67498320" role=""/>
  <member type="way" ref="233878648" role=""/>
  <member type="way" ref="233878649" role=""/>
  <member type="way" ref="78504037" role=""/>
  <member type="way" ref="242626398" role=""/>
  <member type="way" ref="318804456" role=""/>
  <member type="way" ref="242626401" role=""/>
  <member type="way" ref="4803338" role=""/>
  <member type="way" ref="4803336" role=""/>
  <member type="way" ref="242626392" role=""/>
  <member type="way" ref="93671673" role=""/>
  <member type="way" ref="93671689" role=""/>
  <member type="way" ref="4803572" role=""/>
  <member type="way" ref="4803570" role=""/>
  <member type="way" ref="242639030" role=""/>
  <member type="way" ref="4803582" role=""/>
  <member type="way" ref="4803580" role=""/>
  <member type="way" ref="377071945" role=""/>
  <tag k="name" v="Autovía Ruta de la Plata"/>
  <tag k="network" v="ES:A-road"/>
  <tag k="operator" v="Ministerio de Transportes y Movilidad Sostenible"/>
  <tag k="operator:type" v="government"/>
  <tag k="ref" v="A-66"/>
  <tag k="ref:colour" v="#19408B"/>
  <tag k="ref:colour_bg" v="#19408B"/>
  <tag k="ref:colour_tx" v="white"/>
  <tag k="route" v="road"/>
  <tag k="type" v="route"/>
  <tag k="wikidata" v="Q2125035"/>
  <tag k="wikipedia" v="es:Autovía Ruta de la Plata"/>
 </relation>
 <relation id="66686" visible="true" version="507" changeset="188821878" timestamp="2026-09-10T12:25:06Z" user="Maksim Sazanovich" uid="19969905">
  <member type="way" ref="548019117" role=""/>
  <member type="way" ref="548019116" role=""/>
  <member type="way" ref="605026887" role=""/>
  <member type="way" ref="76679976" role=""/>
  <member type="way" ref="40623657" role=""/>
  <member type="way" ref="80419952" role=""/>
  <member type="way" ref="605026886" role=""/>
  <member type="way" ref="119300157" role=""/>
  <member type="way" ref="1307181643" role=""/>
  <member type="way" ref="80419955" role=""/>
  <member type="way" ref="40626145" role=""/>
  <member type="way" ref="307193505" role=""/>
  <member type="way" ref="40624832" role=""/>
  <member type="way" ref="40624840" role=""/>
  <member type="way" ref="12081394" role=""/>
  <member type="way" ref="12081393" role=""/>
  <member type="way" ref="40627133" role=""/>
  <member type="way" ref="40623618" role=""/>
  <member type="way" ref="605018805" role=""/>
  <member type="way" ref="163439163" role=""/>
  <member type="way" ref="40624833" role=""/>
  <member type="way" ref="40624835" role=""/>
  <member type="way" ref="40626174" role=""/>
  <member type="way" ref="40625400" role=""/>
  <member type="way" ref="40624783" role=""/>
  <member type="way" ref="64880402" role=""/>
  <member type="way" ref="517108791" role=""/>
  <member type="way" ref="23704511" role=""/>
  <member type="way" ref="605018814" role=""/>
  <member type="way" ref="64880403" role=""/>
  <member type="way" ref="620498921" role=""/>
  <member type="way" ref="620498924" role=""/>
  <member type="way" ref="620498922" role=""/>
  <member type="way" ref="55342294" role=""/>
  <member type="way" ref="605026885" role=""/>
  <member type="way" ref="605018816" role=""/>
  <member type="way" ref="605026884" role=""/>
  <member type="way" ref="55339280" role=""/>
  <member type="way" ref="439206835" role=""/>
  <member type="way" ref="55342283" role=""/>
  <member type="way" ref="56012459" role=""/>
  <member type="way" ref="164863625" role=""/>
  <member type="way" ref="56012460" role=""/>
  <member type="way" ref="164863622" role=""/>
  <member type="way" ref="164863621" role=""/>
  <member type="way" ref="1351822324" role=""/>
  <member type="way" ref="439206833" role=""/>
  <member type="way" ref="112557850" role=""/>
  <member type="way" ref="112557863" role=""/>
  <member type="way" ref="605036941" role=""/>
  <member type="way" ref="605016429" role=""/>
  <member type="way" ref="605036940" role=""/>
  <member type="way" ref="112557865" role=""/>
  <member type="way" ref="39218939" role=""/>
  <member type="way" ref="112557849" role=""/>
  <member type="way" ref="112557870" role=""/>
  <member type="way" ref="530798707" role=""/>
  <member type="way" ref="95084962" role=""/>
  <member type="way" ref="95084972" role=""/>
  <member type="way" ref="530798708" role=""/>
  <member type="way" ref="95084974" role=""/>
  <member type="way" ref="1307198318" role=""/>
  <member type="way" ref="95084964" role=""/>
  <member type="way" ref="548019115" role=""/>
  <member type="way" ref="95084973" role=""/>
  <member type="way" ref="95084963" role=""/>
  <member type="way" ref="350674537" role=""/>
  <member type="way" ref="4797898" role=""/>
  <member type="way" ref="4797899" role=""/>
  <member type="way" ref="111545236" role=""/>
  <member type="way" ref="22966391" role=""/>
  <member type="way" ref="311871266" role=""/>
  <member type="way" ref="311871265" role=""/>
  <member type="way" ref="655630215" role=""/>
  <member type="way" ref="311871267" role=""/>
  <member type="way" ref="655719690" role=""/>
  <member type="way" ref="310909361" role=""/>
  <member type="way" ref="310909359" role=""/>
  <member type="way" ref="22966398" role=""/>
  <member type="way" ref="310909358" role=""/>
  <member type="way" ref="94888995" role=""/>
  <member type="way" ref="29722365" role=""/>
  <member type="way" ref="22966399" role=""/>
  <member type="way" ref="310909362" role=""/>
  <member type="way" ref="23029613" role=""/>
  <member type="way" ref="310909363" role=""/>
  <member type="way" ref="310909360" role=""/>
  <member type="way" ref="22966409" role=""/>
  <member type="way" ref="419864785" role=""/>
  <member type="way" ref="29722370" role=""/>
  <member type="way" ref="421812801" role=""/>
  <member type="way" ref="23029616" role=""/>
  <member type="way" ref="255759399" role=""/>
  <member type="way" ref="23029618" role=""/>
  <member type="way" ref="23029614" role=""/>
  <member type="way" ref="255759400" role=""/>
  <member type="way" ref="23029615" role=""/>
  <member type="way" ref="310763130" role=""/>
  <member type="way" ref="38974888" role=""/>
  <member type="way" ref="23112484" role=""/>
  <member type="way" ref="310763153" role=""/>
  <member type="way" ref="1075061168" role=""/>
  <member type="way" ref="38974890" role=""/>
  <member type="way" ref="1075061169" role=""/>
  <member type="way" ref="23022703" role=""/>
  <member type="way" ref="310324537" role=""/>
  <member type="way" ref="310763129" role=""/>
  <member type="way" ref="54597418" role=""/>
  <member type="way" ref="23112478" role=""/>
  <member type="way" ref="655630213" role=""/>
  <member type="way" ref="655719700" role=""/>
  <member type="way" ref="310324546" role=""/>
  <member type="way" ref="310763152" role=""/>
  <member type="way" ref="310763158" role=""/>
  <member type="way" ref="310324544" role=""/>
  <member type="way" ref="310324545" role=""/>
  <member type="way" ref="255793165" role=""/>
  <member type="way" ref="301083206" role=""/>
  <member type="way" ref="23029621" role=""/>
  <member type="way" ref="23029617" role=""/>
  <member type="way" ref="255759401" role=""/>
  <member type="way" ref="23029619" role=""/>
  <member type="way" ref="255793164" role=""/>
  <member type="way" ref="255793163" role=""/>
  <member type="way" ref="301083207" role=""/>
  <member type="way" ref="23029620" role=""/>
  <member type="way" ref="23029624" role=""/>
  <member type="way" ref="296573985" role=""/>
  <member type="way" ref="23029623" role=""/>
  <member type="way" ref="296573986" role=""/>
  <member type="way" ref="54597413" role=""/>
  <member type="way" ref="421780547" role=""/>
  <member type="way" ref="793546047" role=""/>
  <member type="way" ref="23112476" role=""/>
  <member type="way" ref="793546051" role=""/>
  <member type="way" ref="655719693" role=""/>
  <member type="way" ref="421812818" role=""/>
  <member type="way" ref="23112477" role=""/>
  <member type="way" ref="23029622" role=""/>
  <member type="way" ref="30079722" role=""/>
  <member type="way" ref="23121489" role=""/>
  <member type="way" ref="313691715" role=""/>
  <member type="way" ref="25347451" role=""/>
  <member type="way" ref="25347450" role=""/>
  <member type="way" ref="25347449" role=""/>
  <member type="way" ref="25347439" role=""/>
  <member type="way" ref="363906350" role=""/>
  <member type="way" ref="313691714" role=""/>
  <member type="way" ref="216207418" role=""/>
  <member type="way" ref="299128078" role=""/>
  <member type="way" ref="691954506" role=""/>
  <member type="way" ref="216207416" role=""/>
  <member type="way" ref="315899040" role=""/>
  <member type="way" ref="172795419" role=""/>
  <member type="way" ref="1387188471" role=""/>
  <member type="way" ref="365126734" role=""/>
  <member type="way" ref="172795406" role=""/>
  <member type="way" ref="280040298" role=""/>
  <member type="way" ref="313690127" role=""/>
  <member type="way" ref="314900534" role=""/>
  <member type="way" ref="24323394" role=""/>
  <member type="way" ref="276410453" role=""/>
  <member type="way" ref="276410452" role=""/>
  <member type="way" ref="310400867" role=""/>
  <member type="way" ref="310400868" role=""/>
  <member type="way" ref="310401514" role=""/>
  <member type="way" ref="391570645" role=""/>
  <member type="way" ref="312478803" role=""/>
  <member type="way" ref="98328077" role=""/>
  <member type="way" ref="23304209" role=""/>
  <member type="way" ref="23304211" role=""/>
  <member type="way" ref="64391363" role=""/>
  <member type="way" ref="23304212" role=""/>
  <member type="way" ref="23304213" role=""/>
  <member type="way" ref="318860876" role=""/>
  <member type="way" ref="23304214" role=""/>
  <member type="way" ref="23304215" role=""/>
  <member type="way" ref="318860875" role=""/>
  <member type="way" ref="64391402" role=""/>
  <member type="way" ref="98328097" role=""/>
  <member type="way" ref="98328075" role=""/>
  <member type="way" ref="98328090" role=""/>
  <member type="way" ref="98328076" role=""/>
  <member type="way" ref="98328080" role=""/>
  <member type="way" ref="98328078" role=""/>
  <member type="way" ref="98328088" role=""/>
  <member type="way" ref="98328087" role=""/>
  <member type="way" ref="1194095668" role=""/>
  <member type="way" ref="1194095669" role=""/>
  <member type="way" ref="391523090" role=""/>
  <member type="way" ref="391523088" role=""/>
  <member type="way" ref="391523091" role=""/>
  <member type="way" ref="391523087" role=""/>
  <member type="way" ref="319244015" role=""/>
  <member type="way" ref="391523089" role=""/>
  <member type="way" ref="319244014" role=""/>
  <member type="way" ref="313752234" role=""/>
  <member type="way" ref="22950963" role=""/>
  <member type="way" ref="318860877" role=""/>
  <member type="way" ref="30193430" role=""/>
  <member type="way" ref="30193429" role=""/>
  <member type="way" ref="189669510" role=""/>
  <member type="way" ref="189669508" role=""/>
  <member type="way" ref="1242097831" role=""/>
  <member type="way" ref="102578538" role=""/>
  <member type="way" ref="318860878" role=""/>
  <member type="way" ref="98328081" role=""/>
  <member type="way" ref="30193421" role=""/>
  <member type="way" ref="1075042055" role=""/>
  <member type="way" ref="30193447" role=""/>
  <member type="way" ref="64391491" role=""/>
  <member type="way" ref="954938790" role=""/>
  <member type="way" ref="318860879" role=""/>
  <member type="way" ref="318860874" role=""/>
  <member type="way" ref="102578542" role=""/>
  <member type="way" ref="848874171" role=""/>
  <member type="way" ref="32320967" role=""/>
  <member type="way" ref="30193404" role=""/>
  <member type="way" ref="1075042056" role=""/>
  <member type="way" ref="32320966" role=""/>
  <member type="way" ref="32320964" role=""/>
  <member type="way" ref="848874170" role=""/>
  <member type="way" ref="848874169" role=""/>
  <member type="way" ref="32147936" role=""/>
  <member type="way" ref="32147935" role=""/>
  <member type="way" ref="32147940" role=""/>
  <member type="way" ref="32147941" role=""/>
  <member type="way" ref="848874168" role=""/>
  <member type="way" ref="848874167" role=""/>
  <member type="way" ref="123352201" role=""/>
  <member type="way" ref="96312146" role=""/>
  <member type="way" ref="32320970" role=""/>
  <member type="way" ref="848874166" role=""/>
  <member type="way" ref="392037504" role=""/>
  <member type="way" ref="392037506" role=""/>
  <member type="way" ref="392037505" role=""/>
  <member type="way" ref="392037503" role=""/>
  <member type="way" ref="483891778" role=""/>
  <member type="way" ref="483891776" role=""/>
  <member type="way" ref="392554132" role=""/>
  <member type="way" ref="392554131" role=""/>
  <member type="way" ref="392554129" role=""/>
  <member type="way" ref="392554125" role=""/>
  <member type="way" ref="30762958" role=""/>
  <member type="way" ref="30762957" role=""/>
  <member type="way" ref="30762926" role=""/>
  <member type="way" ref="69109277" role=""/>
  <member type="way" ref="69109283" role=""/>
  <member type="way" ref="23215502" role=""/>
  <member type="way" ref="69109287" role=""/>
  <member type="way" ref="312478799" role=""/>
  <member type="way" ref="119032973" role=""/>
  <member type="way" ref="119032938" role=""/>
  <member type="way" ref="1014570890" role=""/>
  <member type="way" ref="26677212" role=""/>
  <member type="way" ref="26677318" role=""/>
  <member type="way" ref="26658849" role=""/>
  <member type="way" ref="1014570889" role=""/>
  <member type="way" ref="26658864" role=""/>
  <member type="way" ref="26658865" role=""/>
  <member type="way" ref="1018921228" role=""/>
  <member type="way" ref="26658095" role=""/>
  <member type="way" ref="119032941" role=""/>
  <member type="way" ref="119032970" role=""/>
  <member type="way" ref="24896207" role=""/>
  <member type="way" ref="24896208" role=""/>
  <member type="way" ref="25100328" role=""/>
  <member type="way" ref="371743679" role=""/>
  <member type="way" ref="371743762" role=""/>
  <member type="way" ref="1356657504" role=""/>
  <member type="way" ref="1356657502" role=""/>
  <member type="way" ref="1149150439" role=""/>
  <member type="way" ref="371743678" role=""/>
  <member type="way" ref="29504855" role=""/>
  <member type="way" ref="29504854" role=""/>
  <member type="way" ref="29505472" role=""/>
  <member type="way" ref="29505469" role=""/>
  <member type="way" ref="31283071" role=""/>
  <member type="way" ref="645478170" role=""/>
  <member type="way" ref="392433025" role=""/>
  <member type="way" ref="310763154" role=""/>
  <member type="way" ref="310763156" role=""/>
  <member type="way" ref="312542053" role=""/>
  <member type="way" ref="23112489" role=""/>
  <member type="way" ref="226633855" role=""/>
  <member type="way" ref="23112488" role=""/>
  <member type="way" ref="312542060" role=""/>
  <member type="way" ref="312542054" role=""/>
  <member type="way" ref="310763160" role=""/>
  <member type="way" ref="310763150" role=""/>
  <member type="way" ref="312542059" role=""/>
  <member type="way" ref="472296529" role=""/>
  <member type="way" ref="472296524" role=""/>
  <member type="way" ref="30079720" role=""/>
  <member type="way" ref="472296519" role=""/>
  <member type="way" ref="312542062" role=""/>
  <member type="way" ref="23127295" role=""/>
  <member type="way" ref="312542048" role=""/>
  <member type="way" ref="472296521" role=""/>
  <member type="way" ref="30079719" role=""/>
  <member type="way" ref="30079719" role=""/>
  <member type="way" ref="472296521" role=""/>
  <member type="way" ref="312542058" role=""/>
  <member type="way" ref="226633854" role=""/>
  <member type="way" ref="1018921227" role=""/>
  <member type="way" ref="1242097830" role=""/>
  <member type="way" ref="1237400088" role=""/>
  <member type="way" ref="30193417" role=""/>
  <member type="way" ref="1237400089" role=""/>
  <member type="way" ref="365126739" role=""/>
  <member type="way" ref="1242097835" role=""/>
  <member type="way" ref="172795415" role=""/>
  <member type="way" ref="25347452" role=""/>
  <member type="way" ref="25347462" role=""/>
  <member type="way" ref="25347461" role=""/>
  <member type="way" ref="87415672" role=""/>
  <member type="way" ref="87415646" role=""/>
  <member type="way" ref="23121488" role=""/>
  <member type="way" ref="363906349" role=""/>
  <member type="way" ref="34380038" role=""/>
  <member type="way" ref="34380037" role=""/>
  <member type="way" ref="25347457" role=""/>
  <member type="way" ref="87415657" role=""/>
  <member type="way" ref="30195095" role=""/>
  <member type="way" ref="1260647967" role=""/>
  <member type="way" ref="655719702" role=""/>
  <member type="way" ref="421780548" role=""/>
  <member type="way" ref="23112479" role=""/>
  <member type="way" ref="655719697" role=""/>
  <member type="way" ref="1242675212" role=""/>
  <member type="way" ref="1242675211" role=""/>
  <member type="way" ref="1075084284" role=""/>
  <member type="way" ref="31556407" role=""/>
  <member type="way" ref="31556408" role=""/>
  <member type="way" ref="31556410" role=""/>
  <member type="way" ref="1242675207" role=""/>
  <member type="way" ref="31556414" role=""/>
  <member type="way" ref="1392240345" role=""/>
  <member type="way" ref="1260397308" role=""/>
  <member type="way" ref="1392240344" role=""/>
  <member type="way" ref="1260397307" role=""/>
  <member type="way" ref="34678873" role=""/>
  <member type="way" ref="1260397309" role=""/>
  <member type="way" ref="254063654" role=""/>
  <member type="way" ref="1260397311" role=""/>
  <member type="way" ref="1260397310" role=""/>
  <member type="way" ref="1550749998" role=""/>
  <member type="way" ref="1550749997" role=""/>
  <member type="way" ref="254063655" role=""/>
  <member type="way" ref="1260397312" role=""/>
  <member type="way" ref="770975039" role=""/>
  <member type="way" ref="1260397313" role=""/>
  <member type="way" ref="770975048" role=""/>
  <member type="way" ref="1260397315" role=""/>
  <member type="way" ref="770975062" role=""/>
  <member type="way" ref="770975063" role=""/>
  <member type="way" ref="34678874" role=""/>
  <member type="way" ref="1260397316" role=""/>
  <member type="way" ref="34678880" role=""/>
  <member type="way" ref="1260397317" role=""/>
  <member type="way" ref="31822998" role=""/>
  <member type="way" ref="31822999" role=""/>
  <member type="way" ref="264614848" role=""/>
  <member type="way" ref="31823001" role=""/>
  <member type="way" ref="34678881" role=""/>
  <member type="way" ref="62799067" role=""/>
  <member type="way" ref="466097223" role=""/>
  <member type="way" ref="466097229" role=""/>
  <member type="way" ref="34678885" role=""/>
  <member type="way" ref="595203975" role=""/>
  <member type="way" ref="595203976" role=""/>
  <member type="way" ref="1260397321" role=""/>
  <member type="way" ref="34678886" role=""/>
  <member type="way" ref="1260397322" role=""/>
  <member type="way" ref="32346298" role=""/>
  <member type="way" ref="1075084283" role=""/>
  <member type="way" ref="32346292" role=""/>
  <member type="way" ref="32346294" role=""/>
  <member type="way" ref="32346290" role=""/>
  <member type="way" ref="32346288" role=""/>
  <member type="way" ref="32346296" role=""/>
  <member type="way" ref="32346295" role=""/>
  <member type="way" ref="1075084282" role=""/>
  <member type="way" ref="32346291" role=""/>
  <member type="way" ref="26658089" role=""/>
  <member type="way" ref="1242097829" role=""/>
  <member type="way" ref="23861836" role=""/>
  <member type="way" ref="1242097828" role=""/>
  <member type="way" ref="1075061159" role=""/>
  <member type="way" ref="34664152" role=""/>
  <member type="way" ref="34664151" role=""/>
  <member type="way" ref="1242384843" role=""/>
  <member type="way" ref="1075061160" role=""/>
  <member type="way" ref="34664150" role=""/>
  <member type="way" ref="1260648023" role=""/>
  <member type="way" ref="1260648022" role=""/>
  <member type="way" ref="1260648021" role=""/>
  <member type="way" ref="63115610" role=""/>
  <member type="way" ref="1260648017" role=""/>
  <member type="way" ref="34662587" role=""/>
  <member type="way" ref="1260648016" role=""/>
  <member type="way" ref="34662592" role=""/>
  <member type="way" ref="63115482" role=""/>
  <member type="way" ref="1260648015" role=""/>
  <member type="way" ref="1260648014" role=""/>
  <member type="way" ref="1260648013" role=""/>
  <member type="way" ref="1260648012" role=""/>
  <member type="way" ref="1260648011" role=""/>
  <member type="way" ref="1260648010" role=""/>
  <member type="way" ref="31724692" role=""/>
  <member type="way" ref="1260648006" role=""/>
  <member type="way" ref="34662591" role=""/>
  <member type="way" ref="313143545" role=""/>
  <member type="way" ref="313141629" role=""/>
  <member type="way" ref="1260648005" role=""/>
  <member type="way" ref="1260648004" role=""/>
  <member type="way" ref="31724726" role=""/>
  <member type="way" ref="1260648001" role=""/>
  <member type="way" ref="1260648000" role=""/>
  <member type="way" ref="1260647999" role=""/>
  <member type="way" ref="31724699" role=""/>
  <member type="way" ref="1075061161" role=""/>
  <member type="way" ref="34662589" role=""/>
  <member type="way" ref="1260647996" role=""/>
  <member type="way" ref="1260647995" role=""/>
  <member type="way" ref="34662586" role=""/>
  <member type="way" ref="1260647992" role=""/>
  <member type="way" ref="1260647994" role=""/>
  <member type="way" ref="1260647993" role=""/>
  <member type="way" ref="1260647991" role=""/>
  <member type="way" ref="34662585" role=""/>
  <member type="way" ref="1260647990" role=""/>
  <member type="way" ref="22984148" role=""/>
  <member type="way" ref="1260647986" role=""/>
  <member type="way" ref="1260647985" role=""/>
  <member type="way" ref="1260647984" role=""/>
  <member type="way" ref="1260647983" role=""/>
  <member type="way" ref="1260647982" role=""/>
  <member type="way" ref="1260647981" role=""/>
  <member type="way" ref="1260647980" role=""/>
  <member type="way" ref="1260647978" role=""/>
  <member type="way" ref="1260647977" role=""/>
  <member type="way" ref="23157625" role=""/>
  <member type="way" ref="23157626" role=""/>
  <member type="way" ref="23186263" role=""/>
  <member type="way" ref="23186265" role=""/>
  <member type="way" ref="1260647974" role=""/>
  <member type="way" ref="1260647973" role=""/>
  <member type="way" ref="1312819664" role=""/>
  <member type="way" ref="1312819665" role=""/>
  <member type="way" ref="312542056" role=""/>
  <member type="way" ref="1260647972" role=""/>
  <member type="way" ref="771119231" role=""/>
  <member type="way" ref="30852640" role=""/>
  <member type="way" ref="30852641" role=""/>
  <member type="way" ref="1242384838" role=""/>
  <member type="way" ref="312542052" role=""/>
  <member type="way" ref="1242384837" role=""/>
  <member type="way" ref="23127299" role=""/>
  <member type="way" ref="34671823" role=""/>
  <member type="way" ref="23112490" role=""/>
  <member type="way" ref="310763151" role=""/>
  <member type="way" ref="22984163" role=""/>
  <member type="way" ref="310763159" role=""/>
  <member type="way" ref="310763155" role=""/>
  <member type="way" ref="472296526" role=""/>
  <member type="way" ref="472296526" role=""/>
  <member type="way" ref="50160304" role=""/>
  <member type="way" ref="136434470" role=""/>
  <member type="way" ref="1179683557" role=""/>
  <member type="way" ref="1179683556" role=""/>
  <member type="way" ref="34729411" role=""/>
  <member type="way" ref="34729410" role=""/>
  <member type="way" ref="1075084281" role=""/>
  <member type="way" ref="1242675213" role=""/>
  <member type="way" ref="32346594" role=""/>
  <member type="way" ref="34729412" role=""/>
  <member type="way" ref="1242675214" role=""/>
  <member type="way" ref="31556413" role=""/>
  <member type="way" ref="1075084285" role=""/>
  <member type="way" ref="1260397305" role=""/>
  <member type="way" ref="1260397304" role=""/>
  <member type="way" ref="31556406" role=""/>
  <member type="way" ref="31556404" role=""/>
  <member type="way" ref="87415686" role=""/>
  <member type="way" ref="655630214" role=""/>
  <member type="way" ref="32147937" role=""/>
  <member type="way" ref="1242097827" role=""/>
  <member type="way" ref="1075042057" role=""/>
  <member type="way" ref="1242097826" role=""/>
  <member type="way" ref="23112481" role=""/>
  <member type="way" ref="421812811" role=""/>
  <member type="way" ref="30198675" role=""/>
  <member type="way" ref="620340478" role=""/>
  <member type="way" ref="815560940" role=""/>
  <member type="way" ref="905952460" role=""/>
  <member type="way" ref="815560941" role=""/>
  <member type="way" ref="815560938" role=""/>
  <member type="way" ref="815560939" role=""/>
  <member type="way" ref="620340470" role=""/>
  <member type="way" ref="815560934" role=""/>
  <member type="way" ref="815560935" role=""/>
  <member type="way" ref="319859871" role=""/>
  <member type="way" ref="897962192" role=""/>
  <member type="way" ref="897962194" role=""/>
  <member type="way" ref="897962188" role=""/>
  <member type="way" ref="821513020" role=""/>
  <member type="way" ref="821513021" role=""/>
  <member type="way" ref="816176036" role=""/>
  <member type="way" ref="620340481" role=""/>
  <member type="way" ref="392557979" role=""/>
  <member type="way" ref="319859872" role=""/>
  <member type="way" ref="392435530" role=""/>
  <member type="way" ref="392436679" role=""/>
  <member type="way" ref="392435528" role=""/>
  <member type="way" ref="392435529" role=""/>
  <member type="way" ref="24896203" role=""/>
  <member type="way" ref="621692435" role=""/>
  <member type="way" ref="1241795552" role=""/>
  <member type="way" ref="1014574166" role=""/>
  <member type="way" ref="621692436" role=""/>
  <member type="way" ref="96000019" role=""/>
  <member type="way" ref="96000021" role=""/>
  <member type="way" ref="200077135" role=""/>
  <member type="way" ref="200077133" role=""/>
  <member type="way" ref="290884199" role=""/>
  <member type="way" ref="290884198" role=""/>
  <member type="way" ref="1241795547" role=""/>
  <member type="way" ref="1241795543" role=""/>
  <member type="way" ref="1241795546" role=""/>
  <member type="way" ref="1241795544" role=""/>
  <member type="way" ref="1241795548" role=""/>
  <member type="way" ref="1241795549" role=""/>
  <member type="way" ref="26534738" role=""/>
  <member type="way" ref="1241795545" role=""/>
  <member type="way" ref="41073613" role=""/>
  <member type="way" ref="41073615" role=""/>
  <member type="way" ref="41073616" role=""/>
  <member type="way" ref="31556405" role=""/>
  <member type="way" ref="1242675208" role=""/>
  <member type="way" ref="31689084" role=""/>
  <member type="way" ref="31689082" role=""/>
  <member type="way" ref="312542050" role=""/>
  <member type="way" ref="312542057" role=""/>
  <member type="way" ref="31689086" role=""/>
  <member type="way" ref="31689088" role=""/>
  <member type="way" ref="22977003" role=""/>
  <member type="way" ref="793546048" role=""/>
  <member type="way" ref="22977001" role=""/>
  <member type="way" ref="1242384833" role=""/>
  <member type="way" ref="22977004" role=""/>
  <member type="way" ref="31689078" role=""/>
  <member type="way" ref="23022705" role=""/>
  <member type="way" ref="23022704" role=""/>
  <member type="way" ref="1260647971" role=""/>
  <member type="way" ref="1242384841" role=""/>
  <member type="way" ref="31724696" role=""/>
  <member type="way" ref="1242384840" role=""/>
  <member type="way" ref="31724700" role=""/>
  <member type="way" ref="1260647970" role=""/>
  <member type="way" ref="1260647969" role=""/>
  <member type="way" ref="55608329" role=""/>
  <member type="way" ref="472296516" role=""/>
  <member type="way" ref="55608334" role=""/>
  <member type="way" ref="1075061162" role=""/>
  <member type="way" ref="909393529" role=""/>
  <member type="way" ref="38256179" role=""/>
  <member type="way" ref="909393530" role=""/>
  <member type="way" ref="38256177" role=""/>
  <member type="way" ref="1260407428" role=""/>
  <member type="way" ref="149716545" role=""/>
  <member type="way" ref="1340804761" role=""/>
  <member type="way" ref="74489922" role=""/>
  <member type="way" ref="30198671" role=""/>
  <member type="way" ref="30198674" role=""/>
  <member type="way" ref="34671825" role=""/>
  <member type="way" ref="392554127" role=""/>
  <member type="way" ref="392554130" role=""/>
  <member type="way" ref="25347456" role=""/>
  <member type="way" ref="25347454" role=""/>
  <member type="way" ref="1242675210" role=""/>
  <member type="way" ref="1242675209" role=""/>
  <member type="way" ref="26658087" role=""/>
  <member type="way" ref="38758937" role=""/>
  <member type="way" ref="30198672" role=""/>
  <member type="way" ref="30198670" role=""/>
  <member type="way" ref="34380040" role=""/>
  <member type="way" ref="35412443" role=""/>
  <member type="way" ref="31283070" role=""/>
  <member type="way" ref="35412447" role=""/>
  <member type="way" ref="35412440" role=""/>
  <member type="way" ref="87415682" role=""/>
  <member type="way" ref="35412442" role=""/>
  <member type="way" ref="35412439" role=""/>
  <member type="way" ref="34664156" role=""/>
  <member type="way" ref="34664155" role=""/>
  <member type="way" ref="1242384842" role=""/>
  <member type="way" ref="34671780" role=""/>
  <member type="way" ref="897962190" role=""/>
  <member type="way" ref="897962185" role=""/>
  <member type="way" ref="392557980" role=""/>
  <member type="way" ref="34674367" role=""/>
  <member type="way" ref="34674364" role=""/>
  <member type="way" ref="34674370" role=""/>
  <member type="way" ref="34672831" role=""/>
  <member type="way" ref="34672829" role=""/>
  <member type="way" ref="1242675241" role=""/>
  <member type="way" ref="859998760" role=""/>
  <member type="way" ref="1242675240" role=""/>
  <member type="way" ref="1242675238" role=""/>
  <member type="way" ref="312542049" role=""/>
  <member type="way" ref="472296524" role=""/>
  <member type="way" ref="355121572" role=""/>
  <member type="way" ref="49215134" role=""/>
  <member type="way" ref="355121569" role=""/>
  <member type="way" ref="268278449" role=""/>
  <member type="way" ref="207595096" role=""/>
  <member type="way" ref="207578356" role=""/>
  <member type="way" ref="1532410553" role=""/>
  <member type="way" ref="35269846" role=""/>
  <member type="way" ref="35269845" role=""/>
  <member type="way" ref="41718059" role=""/>
  <member type="way" ref="1532410552" role=""/>
  <member type="way" ref="50675445" role=""/>
  <member type="way" ref="397456398" role=""/>
  <member type="way" ref="281820859" role=""/>
  <member type="way" ref="23303062" role=""/>
  <member type="way" ref="65702078" role=""/>
  <member type="way" ref="171780799" role=""/>
  <member type="way" ref="65702073" role=""/>
  <member type="way" ref="65702136" role=""/>
  <member type="way" ref="80905758" role=""/>
  <member type="way" ref="41718060" role=""/>
  <member type="way" ref="692448728" role=""/>
  <member type="way" ref="80905745" role=""/>
  <member type="way" ref="35269848" role=""/>
  <member type="way" ref="35269847" role=""/>
  <member type="way" ref="390886811" role=""/>
  <member type="way" ref="355121575" role=""/>
  <member type="way" ref="1241504675" role=""/>
  <member type="way" ref="355121566" role=""/>
  <member type="way" ref="1496793113" role=""/>
  <member type="way" ref="23212360" role=""/>
  <member type="way" ref="30198673" role=""/>
  <member type="way" ref="31353587" role=""/>
  <member type="way" ref="909724117" role=""/>
  <member type="way" ref="156778997" role=""/>
  <member type="way" ref="156779003" role=""/>
  <member type="way" ref="156778992" role=""/>
  <member type="way" ref="156779004" role=""/>
  <member type="way" ref="156778994" role=""/>
  <member type="way" ref="156779008" role=""/>
  <member type="way" ref="1339155836" role=""/>
  <member type="way" ref="1339155835" role=""/>
  <member type="way" ref="156779001" role=""/>
  <member type="way" ref="909393519" role=""/>
  <member type="way" ref="909393526" role=""/>
  <member type="way" ref="909393525" role=""/>
  <member type="way" ref="909724124" role=""/>
  <member type="way" ref="156779005" role=""/>
  <member type="way" ref="156778998" role=""/>
  <member type="way" ref="392432558" role=""/>
  <member type="way" ref="156779000" role=""/>
  <member type="way" ref="909724125" role=""/>
  <member type="way" ref="909393524" role=""/>
  <member type="way" ref="909393523" role=""/>
  <member type="way" ref="156778990" role=""/>
  <member type="way" ref="1339155833" role=""/>
  <member type="way" ref="1339155834" role=""/>
  <member type="way" ref="156779006" role=""/>
  <member type="way" ref="156778991" role=""/>
  <member type="way" ref="156779007" role=""/>
  <member type="way" ref="156778996" role=""/>
  <member type="way" ref="156779002" role=""/>
  <member type="way" ref="156778995" role=""/>
  <member type="way" ref="156778989" role=""/>
  <member type="way" ref="98328071" role=""/>
  <member type="way" ref="149716544" role=""/>
  <member type="way" ref="34672830" role=""/>
  <member type="way" ref="39978564" role=""/>
  <member type="way" ref="648891020" role=""/>
  <member type="way" ref="43177386" role=""/>
  <member type="way" ref="65536422" role=""/>
  <member type="way" ref="660832526" role=""/>
  <member type="way" ref="660832525" role=""/>
  <member type="way" ref="190298580" role=""/>
  <member type="way" ref="190298579" role=""/>
  <member type="way" ref="85568314" role=""/>
  <member type="way" ref="296206170" role=""/>
  <member type="way" ref="655957438" role=""/>
  <member type="way" ref="85568292" role=""/>
  <member type="way" ref="655957437" role=""/>
  <member type="way" ref="270698347" role=""/>
  <member type="way" ref="270698340" role=""/>
  <member type="way" ref="114687006" role=""/>
  <member type="way" ref="114687038" role=""/>
  <member type="way" ref="270698360" role=""/>
  <member type="way" ref="270698393" role=""/>
  <member type="way" ref="270698363" role=""/>
  <member type="way" ref="270698355" role=""/>
  <member type="way" ref="270698345" role=""/>
  <member type="way" ref="270698369" role=""/>
  <member type="way" ref="270698385" role=""/>
  <member type="way" ref="865061778" role=""/>
  <member type="way" ref="85568288" role=""/>
  <member type="way" ref="304851758" role=""/>
  <member type="way" ref="46679361" role=""/>
  <member type="way" ref="46679362" role=""/>
  <member type="way" ref="297524655" role=""/>
  <member type="way" ref="297524658" role=""/>
  <member type="way" ref="48617033" role=""/>
  <member type="way" ref="48617027" role=""/>
  <member type="way" ref="58777650" role=""/>
  <member type="way" ref="681407926" role=""/>
  <member type="way" ref="268169344" role=""/>
  <member type="way" ref="58777679" role=""/>
  <member type="way" ref="41161935" role=""/>
  <member type="way" ref="41161936" role=""/>
  <member type="way" ref="268169340" role=""/>
  <member type="way" ref="268169348" role=""/>
  <member type="way" ref="648898335" role=""/>
  <member type="way" ref="659182241" role=""/>
  <member type="way" ref="648898334" role=""/>
  <member type="way" ref="51559162" role=""/>
  <member type="way" ref="254063653" role=""/>
  <member type="way" ref="770975042" role=""/>
  <member type="way" ref="1260397314" role=""/>
  <member type="way" ref="770975041" role=""/>
  <member type="way" ref="32147938" role=""/>
  <member type="way" ref="1241795541" role=""/>
  <member type="way" ref="26677296" role=""/>
  <member type="way" ref="27337142" role=""/>
  <member type="way" ref="1014570891" role=""/>
  <member type="way" ref="26677311" role=""/>
  <member type="way" ref="26677313" role=""/>
  <member type="way" ref="1241795542" role=""/>
  <member type="way" ref="30077895" role=""/>
  <member type="way" ref="30077894" role=""/>
  <member type="way" ref="26677315" role=""/>
  <member type="way" ref="71335661" role=""/>
  <member type="way" ref="808870151" role=""/>
  <member type="way" ref="808870152" role=""/>
  <member type="way" ref="158695337" role=""/>
  <member type="way" ref="905952462" role=""/>
  <member type="way" ref="1242675239" role=""/>
  <member type="way" ref="264614845" role=""/>
  <member type="way" ref="264614846" role=""/>
  <member type="way" ref="264614847" role=""/>
  <member type="way" ref="34678882" role=""/>
  <member type="way" ref="32320961" role=""/>
  <member type="way" ref="87415689" role=""/>
  <member type="way" ref="312542051" role=""/>
  <member type="way" ref="1242384835" role=""/>
  <member type="way" ref="31689080" role=""/>
  <member type="way" ref="26677297" role=""/>
  <member type="way" ref="42998368" role=""/>
  <member type="way" ref="42998369" role=""/>
  <member type="way" ref="1241504667" role=""/>
  <member type="way" ref="42998367" role=""/>
  <member type="way" ref="859998761" role=""/>
  <member type="way" ref="322317499" role=""/>
  <member type="way" ref="136434462" role=""/>
  <member type="way" ref="787814797" role=""/>
  <member type="way" ref="787814796" role=""/>
  <member type="way" ref="64399830" role=""/>
  <member type="way" ref="136434463" role=""/>
  <member type="way" ref="62196962" role=""/>
  <member type="way" ref="200077146" role=""/>
  <member type="way" ref="136434459" role=""/>
  <member type="way" ref="440932191" role=""/>
  <member type="way" ref="136434467" role=""/>
  <member type="way" ref="136434460" role=""/>
  <member type="way" ref="136434461" role=""/>
  <member type="way" ref="60892224" role=""/>
  <member type="way" ref="41073618" role=""/>
  <member type="way" ref="41073617" role=""/>
  <member type="way" ref="111545243" role=""/>
  <member type="way" ref="111545239" role=""/>
  <member type="way" ref="4797897" role=""/>
  <member type="way" ref="164863631" role=""/>
  <member type="way" ref="350674541" role=""/>
  <member type="way" ref="350674539" role=""/>
  <member type="way" ref="350674540" role=""/>
  <member type="way" ref="350674538" role=""/>
  <member type="way" ref="78501099" role=""/>
  <member type="way" ref="78501100" role=""/>
  <member type="way" ref="350674535" role=""/>
  <member type="way" ref="350674531" role=""/>
  <member type="way" ref="239913645" role=""/>
  <member type="way" ref="239913642" role=""/>
  <member type="way" ref="164863627" role=""/>
  <member type="way" ref="95603220" role=""/>
  <member type="way" ref="95603215" role=""/>
  <member type="way" ref="350674532" role=""/>
  <member type="way" ref="350674536" role=""/>
  <member type="way" ref="350674534" role=""/>
  <member type="way" ref="78501068" role=""/>
  <member type="way" ref="4801925" role=""/>
  <member type="way" ref="350674533" role=""/>
  <member type="way" ref="95602392" role=""/>
  <member type="way" ref="4801924" role=""/>
  <member type="way" ref="4801927" role=""/>
  <member type="way" ref="4801926" role=""/>
  <member type="way" ref="4801930" role=""/>
  <member type="way" ref="4801928" role=""/>
  <member type="way" ref="4801933" role=""/>
  <member type="way" ref="4801931" role=""/>
  <member type="way" ref="4803576" role=""/>
  <member type="way" ref="176265490" role=""/>
  <member type="way" ref="176265496" role=""/>
  <member type="way" ref="317010703" role=""/>
  <member type="way" ref="440661367" role=""/>
  <member type="way" ref="440661366" role=""/>
  <member type="way" ref="545710557" role=""/>
  <member type="way" ref="440661073" role=""/>
  <member type="way" ref="548588899" role=""/>
  <member type="way" ref="317010704" role=""/>
  <member type="way" ref="548588898" role=""/>
  <member type="way" ref="860162278" role=""/>
  <member type="way" ref="545710556" role=""/>
  <member type="way" ref="176265488" role=""/>
  <member type="way" ref="176265485" role=""/>
  <member type="way" ref="176265487" role=""/>
  <member type="way" ref="687680472" role=""/>
  <member type="way" ref="687680469" role=""/>
  <member type="way" ref="176265493" role=""/>
  <member type="way" ref="176265486" role=""/>
  <member type="way" ref="176265492" role=""/>
  <member type="way" ref="176265489" role=""/>
  <member type="way" ref="176265494" role=""/>
  <member type="way" ref="545710555" role=""/>
  <member type="way" ref="545710552" role=""/>
  <member type="way" ref="550094114" role=""/>
  <member type="way" ref="67503531" role=""/>
  <member type="way" ref="67503535" role=""/>
  <member type="way" ref="793546050" role=""/>
  <member type="way" ref="312542055" role=""/>
  <member type="way" ref="62799067" role=""/>
  <member type="way" ref="23112486" role=""/>
  <member type="way" ref="310763157" role=""/>
  <member type="way" ref="312542061" role=""/>
  <member type="way" ref="32320968" role=""/>
  <member type="way" ref="32346297" role=""/>
  <member type="way" ref="32346289" role=""/>
  <member type="way" ref="32346293" role=""/>
  <member type="way" ref="1260397356" role=""/>
  <member type="way" ref="1075084678" role=""/>
  <member type="way" ref="393319204" role=""/>
  <member type="way" ref="1260397357" role=""/>
  <member type="way" ref="1260397358" role=""/>
  <member type="way" ref="1260397359" role=""/>
  <member type="way" ref="34942731" role=""/>
  <member type="way" ref="393318705" role=""/>
  <member type="way" ref="393318702" role=""/>
  <member type="way" ref="393318685" role=""/>
  <member type="way" ref="393318706" role=""/>
  <member type="way" ref="34953402" role=""/>
  <member type="way" ref="393318681" role=""/>
  <member type="way" ref="393318693" role=""/>
  <member type="way" ref="34953405" role=""/>
  <member type="way" ref="393318704" role=""/>
  <member type="way" ref="393318696" role=""/>
  <member type="way" ref="34953433" role=""/>
  <member type="way" ref="34953436" role=""/>
  <member type="way" ref="308796444" role=""/>
  <member type="way" ref="308794679" role=""/>
  <member type="way" ref="393318677" role=""/>
  <member type="way" ref="34954811" role=""/>
  <member type="way" ref="393318703" role=""/>
  <member type="way" ref="34954812" role=""/>
  <member type="way" ref="1061172814" role=""/>
  <member type="way" ref="393318699" role=""/>
  <member type="way" ref="34954813" role=""/>
  <member type="way" ref="393318688" role=""/>
  <member type="way" ref="53861903" role=""/>
  <member type="way" ref="1243068197" role=""/>
  <member type="way" ref="1243068195" role=""/>
  <member type="way" ref="1243068196" role=""/>
  <member type="way" ref="549598176" role=""/>
  <member type="way" ref="35019060" role=""/>
  <member type="way" ref="65448359" role=""/>
  <member type="way" ref="614692526" role=""/>
  <member type="way" ref="35019074" role=""/>
  <member type="way" ref="393559914" role=""/>
  <member type="way" ref="393559918" role=""/>
  <member type="way" ref="393559916" role=""/>
  <member type="way" ref="393559915" role=""/>
  <member type="way" ref="393559917" role=""/>
  <member type="way" ref="393559920" role=""/>
  <member type="way" ref="393559921" role=""/>
  <member type="way" ref="35019073" role=""/>
  <member type="way" ref="1421699936" role=""/>
  <member type="way" ref="77689763" role=""/>
  <member type="way" ref="1421699941" role=""/>
  <member type="way" ref="1421699937" role=""/>
  <member type="way" ref="1075131032" role=""/>
  <member type="way" ref="393315970" role=""/>
  <member type="way" ref="393315971" role=""/>
  <member type="way" ref="922806721" role=""/>
  <member type="way" ref="393315853" role=""/>
  <member type="way" ref="393315844" role=""/>
  <member type="way" ref="393315848" role=""/>
  <member type="way" ref="393315839" role=""/>
  <member type="way" ref="35019059" role=""/>
  <member type="way" ref="35019058" role=""/>
  <member type="way" ref="158670822" role=""/>
  <member type="way" ref="199488394" role=""/>
  <member type="way" ref="53861899" role=""/>
  <member type="way" ref="53861896" role=""/>
  <member type="way" ref="178988615" role=""/>
  <member type="way" ref="53861905" role=""/>
  <member type="way" ref="53861895" role=""/>
  <member type="way" ref="152456242" role=""/>
  <member type="way" ref="152456240" role=""/>
  <member type="way" ref="62329274" role=""/>
  <member type="way" ref="891436448" role=""/>
  <member type="way" ref="891436447" role=""/>
  <member type="way" ref="891436446" role=""/>
  <member type="way" ref="891436445" role=""/>
  <member type="way" ref="85196181" role=""/>
  <member type="way" ref="1243068198" role=""/>
  <member type="way" ref="1243068201" role=""/>
  <member type="way" ref="1243068200" role=""/>
  <member type="way" ref="1243068202" role=""/>
  <member type="way" ref="85196180" role=""/>
  <member type="way" ref="53861902" role=""/>
  <member type="way" ref="25347455" role=""/>
  <member type="way" ref="380417601" role=""/>
  <member type="way" ref="645924310" role=""/>
  <member type="way" ref="35269564" role=""/>
  <member type="way" ref="35269563" role=""/>
  <member type="way" ref="645924311" role=""/>
  <member type="way" ref="227125310" role=""/>
  <member type="way" ref="395795962" role=""/>
  <member type="way" ref="42807011" role=""/>
  <member type="way" ref="23303067" role=""/>
  <member type="way" ref="35412441" role=""/>
  <member type="way" ref="35412438" role=""/>
  <member type="way" ref="149716541" role=""/>
  <member type="way" ref="46884496" role=""/>
  <member type="way" ref="651594217" role=""/>
  <member type="way" ref="548549259" role=""/>
  <member type="way" ref="548549258" role=""/>
  <member type="way" ref="272255418" role=""/>
  <member type="way" ref="651594218" role=""/>
  <member type="way" ref="651594219" role=""/>
  <member type="way" ref="272255420" role=""/>
  <member type="way" ref="272255419" role=""/>
  <member type="way" ref="295658736" role=""/>
  <member type="way" ref="1245303296" role=""/>
  <member type="way" ref="23303064" role=""/>
  <member type="way" ref="46687680" role=""/>
  <member type="way" ref="46687684" role=""/>
  <member type="way" ref="763966876" role=""/>
  <member type="way" ref="1554431972" role=""/>
  <member type="way" ref="46687681" role=""/>
  <member type="way" ref="1554431973" role=""/>
  <member type="way" ref="34664154" role=""/>
  <member type="way" ref="648898339" role=""/>
  <member type="way" ref="42998372" role=""/>
  <member type="way" ref="268169343" role=""/>
  <member type="way" ref="39965240" role=""/>
  <member type="way" ref="39965239" role=""/>
  <member type="way" ref="46699423" role=""/>
  <member type="way" ref="46699404" role=""/>
  <member type="way" ref="87207341" role=""/>
  <member type="way" ref="87207355" role=""/>
  <member type="way" ref="864752157" role=""/>
  <member type="way" ref="273342906" role=""/>
  <member type="way" ref="273342907" role=""/>
  <member type="way" ref="273342912" role=""/>
  <member type="way" ref="864752152" role=""/>
  <member type="way" ref="227168249" role=""/>
  <member type="way" ref="227168251" role=""/>
  <member type="way" ref="41073611" role=""/>
  <member type="way" ref="273342911" role=""/>
  <member type="way" ref="41073612" role=""/>
  <member type="way" ref="41073610" role=""/>
  <member type="way" ref="46691998" role=""/>
  <member type="way" ref="1317140712" role=""/>
  <member type="way" ref="41073622" role=""/>
  <member type="way" ref="41073620" role=""/>
  <member type="way" ref="46691997" role=""/>
  <member type="way" ref="86573965" role=""/>
  <member type="way" ref="1217897216" role=""/>
  <member type="way" ref="660832524" role=""/>
  <member type="way" ref="660832523" role=""/>
  <member type="way" ref="396540046" role=""/>
  <member type="way" ref="396540042" role=""/>
  <member type="way" ref="864958799" role=""/>
  <member type="way" ref="864958800" role=""/>
  <member type="way" ref="46691954" role=""/>
  <member type="way" ref="1317140711" role=""/>
  <member type="way" ref="1317140710" role=""/>
  <member type="way" ref="46691996" role=""/>
  <member type="way" ref="46378250" role=""/>
  <member type="way" ref="648891017" role=""/>
  <member type="way" ref="270698374" role=""/>
  <member type="way" ref="648891016" role=""/>
  <member type="way" ref="270698365" role=""/>
  <member type="way" ref="83306224" role=""/>
  <member type="way" ref="270698349" role=""/>
  <member type="way" ref="270698352" role=""/>
  <member type="way" ref="43022736" role=""/>
  <member type="way" ref="43022737" role=""/>
  <member type="way" ref="83403404" role=""/>
  <member type="way" ref="270698380" role=""/>
  <member type="way" ref="270698358" role=""/>
  <member type="way" ref="65537453" role=""/>
  <member type="way" ref="270698343" role=""/>
  <member type="way" ref="860323637" role=""/>
  <member type="way" ref="307459650" role=""/>
  <member type="way" ref="307459647" role=""/>
  <member type="way" ref="307459648" role=""/>
  <member type="way" ref="777689737" role=""/>
  <member type="way" ref="860323636" role=""/>
  <member type="way" ref="1192694557" role=""/>
  <member type="way" ref="46679360" role=""/>
  <member type="way" ref="46679365" role=""/>
  <member type="way" ref="41114759" role=""/>
  <member type="way" ref="860439149" role=""/>
  <member type="way" ref="41114757" role=""/>
  <member type="way" ref="83306183" role=""/>
  <member type="way" ref="860439150" role=""/>
  <member type="way" ref="83488770" role=""/>
  <member type="way" ref="860439148" role=""/>
  <member type="way" ref="68580219" role=""/>
  <member type="way" ref="859998751" role=""/>
  <member type="way" ref="273342910" role=""/>
  <member type="way" ref="68580295" role=""/>
  <member type="way" ref="46679368" role=""/>
  <member type="way" ref="46679374" role=""/>
  <member type="way" ref="46679371" role=""/>
  <member type="way" ref="46679382" role=""/>
  <member type="way" ref="46679378" role=""/>
  <member type="way" ref="46679379" role=""/>
  <member type="way" ref="273342904" role=""/>
  <member type="way" ref="273342905" role=""/>
  <member type="way" ref="273342909" role=""/>
  <member type="way" ref="860439147" role=""/>
  <member type="way" ref="86573959" role=""/>
  <member type="way" ref="864958794" role=""/>
  <member type="way" ref="1198819513" role=""/>
  <member type="way" ref="1198819514" role=""/>
  <member type="way" ref="722545314" role=""/>
  <member type="way" ref="864958795" role=""/>
  <member type="way" ref="722545315" role=""/>
  <member type="way" ref="51247594" role=""/>
  <member type="way" ref="41118514" role=""/>
  <member type="way" ref="41118513" role=""/>
  <member type="way" ref="39978608" role=""/>
  <member type="way" ref="41118517" role=""/>
  <member type="way" ref="41118516" role=""/>
  <member type="way" ref="39978866" role=""/>
  <member type="way" ref="39978818" role=""/>
  <member type="way" ref="41073614" role=""/>
  <member type="way" ref="41073619" role=""/>
  <member type="way" ref="41228556" role=""/>
  <member type="way" ref="1433174211" role=""/>
  <member type="way" ref="355081459" role=""/>
  <member type="way" ref="355081460" role=""/>
  <member type="way" ref="47736970" role=""/>
  <member type="way" ref="355081461" role=""/>
  <member type="way" ref="71335659" role=""/>
  <member type="way" ref="35412435" role=""/>
  <member type="way" ref="136435126" role=""/>
  <member type="way" ref="392434396" role=""/>
  <member type="way" ref="392434394" role=""/>
  <member type="way" ref="392434393" role=""/>
  <member type="way" ref="392434395" role=""/>
  <member type="way" ref="136435127" role=""/>
  <member type="way" ref="60892227" role=""/>
  <member type="way" ref="60892223" role=""/>
  <member type="way" ref="26647895" role=""/>
  <member type="way" ref="42998371" role=""/>
  <member type="way" ref="648898332" role=""/>
  <member type="way" ref="648898338" role=""/>
  <member type="way" ref="648898333" role=""/>
  <member type="way" ref="83305975" role=""/>
  <member type="way" ref="51559147" role=""/>
  <member type="way" ref="648898337" role=""/>
  <member type="way" ref="648898336" role=""/>
  <member type="way" ref="51559160" role=""/>
  <member type="way" ref="34662588" role=""/>
  <member type="way" ref="55342292" role=""/>
  <member type="way" ref="55342293" role=""/>
  <member type="way" ref="55339299" role=""/>
  <member type="way" ref="111545229" role=""/>
  <member type="way" ref="1350784082" role=""/>
  <member type="way" ref="1350784079" role=""/>
  <member type="way" ref="112554287" role=""/>
  <member type="way" ref="1350784080" role=""/>
  <member type="way" ref="1350784081" role=""/>
  <member type="way" ref="1350784078" role=""/>
  <member type="way" ref="30193448" role=""/>
  <member type="way" ref="111545234" role=""/>
  <member type="way" ref="4802577" role=""/>
  <member type="way" ref="164815188" role=""/>
  <member type="way" ref="96853600" role=""/>
  <member type="way" ref="12365019" role=""/>
  <member type="way" ref="96064588" role=""/>
  <member type="way" ref="4801942" role=""/>
  <member type="way" ref="4801940" role=""/>
  <member type="way" ref="4801936" role=""/>
  <member type="way" ref="396209203" role=""/>
  <member type="way" ref="1171917117" role=""/>
  <member type="way" ref="1171917116" role=""/>
  <member type="way" ref="115700973" role=""/>
  <member type="way" ref="396209209" role=""/>
  <member type="way" ref="4802714" role=""/>
  <member type="way" ref="58777668" role=""/>
  <member type="way" ref="128357491" role=""/>
  <member type="way" ref="67503530" role=""/>
  <member type="way" ref="176265491" role=""/>
  <member type="way" ref="176265495" role=""/>
  <member type="way" ref="648473993" role=""/>
  <member type="way" ref="648473994" role=""/>
  <member type="way" ref="361201251" role=""/>
  <member type="way" ref="361201252" role=""/>
  <member type="way" ref="544838393" role=""/>
  <member type="way" ref="361220456" role=""/>
  <member type="way" ref="697624012" role=""/>
  <member type="way" ref="697624011" role=""/>
  <member type="way" ref="544838380" role=""/>
  <member type="way" ref="544838388" role=""/>
  <member type="way" ref="544838384" role=""/>
  <member type="way" ref="544838375" role=""/>
  <member type="way" ref="544838371" role=""/>
  <member type="way" ref="544838363" role=""/>
  <member type="way" ref="543788608" role=""/>
  <member type="way" ref="262479699" role=""/>
  <member type="way" ref="262479700" role=""/>
  <member type="way" ref="262479697" role=""/>
  <member type="way" ref="361220455" role=""/>
  <member type="way" ref="311752330" role=""/>
  <member type="way" ref="311752331" role=""/>
  <member type="way" ref="543788607" role=""/>
  <member type="way" ref="203780188" role=""/>
  <member type="way" ref="1222032090" role=""/>
  <member type="way" ref="697618329" role=""/>
  <member type="way" ref="782692620" role=""/>
  <member type="way" ref="5116669" role=""/>
  <member type="way" ref="1222032089" role=""/>
  <member type="way" ref="262479698" role=""/>
  <member type="way" ref="259345594" role=""/>
  <member type="way" ref="215365356" role=""/>
  <member type="way" ref="215365355" role=""/>
  <member type="way" ref="103110395" role=""/>
  <member type="way" ref="103110380" role=""/>
  <member type="way" ref="215365357" role=""/>
  <member type="way" ref="81109856" role=""/>
  <member type="way" ref="470783276" role=""/>
  <member type="way" ref="81109861" role=""/>
  <member type="way" ref="1445444946" role=""/>
  <member type="way" ref="543416709" role=""/>
  <member type="way" ref="572049434" role=""/>
  <member type="way" ref="543344071" role=""/>
  <member type="way" ref="259345596" role=""/>
  <member type="way" ref="81109872" role=""/>
  <member type="way" ref="81109882" role=""/>
  <member type="way" ref="409589868" role=""/>
  <member type="way" ref="409589871" role=""/>
  <member type="way" ref="259345601" role=""/>
  <member type="way" ref="1239166777" role=""/>
  <member type="way" ref="259345603" role=""/>
  <member type="way" ref="81109833" role=""/>
  <member type="way" ref="81109839" role=""/>
  <member type="way" ref="81109873" role=""/>
  <member type="way" ref="81109848" role=""/>
  <member type="way" ref="259345600" role=""/>
  <member type="way" ref="5098900" role=""/>
  <member type="way" ref="259345598" role=""/>
  <member type="way" ref="66315869" role=""/>
  <member type="way" ref="324603925" role=""/>
  <member type="way" ref="191420159" role=""/>
  <member type="way" ref="191420160" role=""/>
  <member type="way" ref="259345606" role=""/>
  <member type="way" ref="545086300" role=""/>
  <member type="way" ref="98540038" role=""/>
  <member type="way" ref="5217309" role=""/>
  <member type="way" ref="5217310" role=""/>
  <member type="way" ref="545086301" role=""/>
  <member type="way" ref="259345604" role=""/>
  <member type="way" ref="1217115408" role=""/>
  <member type="way" ref="259345597" role=""/>
  <member type="way" ref="259345605" role=""/>
  <member type="way" ref="1530694874" role=""/>
  <member type="way" ref="542947941" role=""/>
  <member type="way" ref="81109847" role=""/>
  <member type="way" ref="542947939" role=""/>
  <member type="way" ref="259345602" role=""/>
  <member type="way" ref="66315877" role=""/>
  <member type="way" ref="324603928" role=""/>
  <member type="way" ref="259345599" role=""/>
  <member type="way" ref="81109845" role=""/>
  <member type="way" ref="56681374" role=""/>
  <member type="way" ref="81109884" role=""/>
  <member type="way" ref="5116668" role=""/>
  <member type="way" ref="56681378" role=""/>
  <member type="way" ref="1310455382" role=""/>
  <member type="way" ref="259345595" role=""/>
  <member type="way" ref="478706223" role=""/>
  <member type="way" ref="478706224" role=""/>
  <member type="way" ref="1310455381" role=""/>
  <member type="way" ref="5217313" role=""/>
  <member type="way" ref="5217316" role=""/>
  <member type="way" ref="66315888" role=""/>
  <member type="way" ref="66315936" role=""/>
  <member type="way" ref="5217317" role=""/>
  <member type="way" ref="5217312" role=""/>
  <member type="way" ref="66315927" role=""/>
  <member type="way" ref="259369573" role=""/>
  <member type="way" ref="66315886" role=""/>
  <member type="way" ref="1152531477" role=""/>
  <member type="way" ref="259369594" role=""/>
  <member type="way" ref="81992414" role=""/>
  <member type="way" ref="81992317" role=""/>
  <member type="way" ref="5116871" role=""/>
  <member type="way" ref="259369576" role=""/>
  <member type="way" ref="56683794" role=""/>
  <member type="way" ref="56683818" role=""/>
  <member type="way" ref="259369591" role=""/>
  <member type="way" ref="5116870" role=""/>
  <member type="way" ref="259369579" role=""/>
  <member type="way" ref="5116869" role=""/>
  <member type="way" ref="5116868" role=""/>
  <member type="way" ref="259369585" role=""/>
  <member type="way" ref="285182433" role=""/>
  <member type="way" ref="5116867" role=""/>
  <member type="way" ref="5116866" role=""/>
  <member type="way" ref="259369571" role=""/>
  <member type="way" ref="297606322" role=""/>
  <member type="way" ref="297606325" role=""/>
  <member type="way" ref="5116865" role=""/>
  <member type="way" ref="269149883" role=""/>
  <member type="way" ref="98541314" role=""/>
  <member type="way" ref="98541315" role=""/>
  <member type="way" ref="56684044" role=""/>
  <member type="way" ref="56684032" role=""/>
  <member type="way" ref="259369584" role=""/>
  <member type="way" ref="269671382" role=""/>
  <member type="way" ref="259369578" role=""/>
  <member type="way" ref="557737520" role=""/>
  <member type="way" ref="5116864" role=""/>
  <member type="way" ref="259369595" role=""/>
  <member type="way" ref="259369582" role=""/>
  <member type="way" ref="58151676" role=""/>
  <member type="way" ref="58151610" role=""/>
  <member type="way" ref="58151635" role=""/>
  <member type="way" ref="58151654" role=""/>
  <member type="way" ref="81992398" role=""/>
  <member type="way" ref="81992441" role=""/>
  <member type="way" ref="204009274" role=""/>
  <member type="way" ref="103836937" role=""/>
  <member type="way" ref="57045618" role=""/>
  <member type="way" ref="204009273" role=""/>
  <member type="way" ref="5217293" role=""/>
  <member type="way" ref="5217294" role=""/>
  <member type="way" ref="58151620" role=""/>
  <member type="way" ref="58151627" role=""/>
  <member type="way" ref="542122034" role=""/>
  <member type="way" ref="542122036" role=""/>
  <member type="way" ref="542122037" role=""/>
  <member type="way" ref="98541486" role=""/>
  <member type="way" ref="98541485" role=""/>
  <member type="way" ref="259369587" role=""/>
  <member type="way" ref="204008860" role=""/>
  <member type="way" ref="81109832" role=""/>
  <member type="way" ref="204008858" role=""/>
  <member type="way" ref="204008857" role=""/>
  <member type="way" ref="259369580" role=""/>
  <member type="way" ref="259369589" role=""/>
  <member type="way" ref="204008859" role=""/>
  <member type="way" ref="81109867" role=""/>
  <member type="way" ref="259369592" role=""/>
  <member type="way" ref="66320103" role=""/>
  <member type="way" ref="309649828" role=""/>
  <member type="way" ref="262605010" role=""/>
  <member type="way" ref="199012717" role=""/>
  <member type="way" ref="199012716" role=""/>
  <member type="way" ref="81109859" role=""/>
  <member type="way" ref="274801076" role=""/>
  <member type="way" ref="5217295" role=""/>
  <member type="way" ref="5217296" role=""/>
  <member type="way" ref="66320109" role=""/>
  <member type="way" ref="1239166778" role=""/>
  <member type="way" ref="262477548" role=""/>
  <member type="way" ref="207089735" role=""/>
  <member type="way" ref="207089733" role=""/>
  <member type="way" ref="207089734" role=""/>
  <member type="way" ref="5217299" role=""/>
  <member type="way" ref="1239166779" role=""/>
  <member type="way" ref="5217298" role=""/>
  <member type="way" ref="210931054" role=""/>
  <member type="way" ref="5217297" role=""/>
  <member type="way" ref="5217302" role=""/>
  <member type="way" ref="210931058" role=""/>
  <member type="way" ref="56474993" role=""/>
  <member type="way" ref="56474933" role=""/>
  <member type="way" ref="690952407" role=""/>
  <member type="way" ref="66320106" role=""/>
  <member type="way" ref="56354390" role=""/>
  <member type="way" ref="56474943" role=""/>
  <member type="way" ref="56474981" role=""/>
  <member type="way" ref="210931059" role=""/>
  <member type="way" ref="768251505" role=""/>
  <member type="way" ref="210931057" role=""/>
  <member type="way" ref="205945396" role=""/>
  <member type="way" ref="205945398" role=""/>
  <member type="way" ref="103836957" role=""/>
  <member type="way" ref="103836968" role=""/>
  <member type="way" ref="5217303" role=""/>
  <member type="way" ref="5116863" role=""/>
  <member type="way" ref="259369575" role=""/>
  <member type="way" ref="56354382" role=""/>
  <member type="way" ref="56354366" role=""/>
  <member type="way" ref="182003146" role=""/>
  <member type="way" ref="182003145" role=""/>
  <member type="way" ref="182003144" role=""/>
  <member type="way" ref="182003148" role=""/>
  <member type="way" ref="1138759576" role=""/>
  <member type="way" ref="182003147" role=""/>
  <member type="way" ref="202854569" role=""/>
  <member type="way" ref="259369586" role=""/>
  <member type="way" ref="285092062" role=""/>
  <member type="way" ref="285092064" role=""/>
  <member type="way" ref="81112895" role=""/>
  <member type="way" ref="285092061" role=""/>
  <member type="way" ref="768251502" role=""/>
  <member type="way" ref="1210602316" role=""/>
  <member type="way" ref="1210602317" role=""/>
  <member type="way" ref="1210602319" role=""/>
  <member type="way" ref="259369581" role=""/>
  <member type="way" ref="728889975" role=""/>
  <member type="way" ref="714788463" role=""/>
  <member type="way" ref="202854560" role=""/>
  <member type="way" ref="768251503" role=""/>
  <member type="way" ref="1210602320" role=""/>
  <member type="way" ref="202854559" role=""/>
  <member type="way" ref="203997550" role=""/>
  <member type="way" ref="203997552" role=""/>
  <member type="way" ref="202854562" role=""/>
  <member type="way" ref="202854565" role=""/>
  <member type="way" ref="202854584" role=""/>
  <member type="way" ref="203997553" role=""/>
  <member type="way" ref="1210602318" role=""/>
  <member type="way" ref="202854567" role=""/>
  <member type="way" ref="259369577" role=""/>
  <member type="way" ref="81112886" role=""/>
  <member type="way" ref="259369572" role=""/>
  <member type="way" ref="259369588" role=""/>
  <member type="way" ref="188591408" role=""/>
  <member type="way" ref="188591411" role=""/>
  <member type="way" ref="259369583" role=""/>
  <member type="way" ref="285092063" role=""/>
  <member type="way" ref="802196266" role=""/>
  <member type="way" ref="285092065" role=""/>
  <member type="way" ref="188591410" role=""/>
  <member type="way" ref="188591412" role=""/>
  <member type="way" ref="285092066" role=""/>
  <member type="way" ref="553612322" role=""/>
  <member type="way" ref="202854576" role=""/>
  <member type="way" ref="1216130803" role=""/>
  <member type="way" ref="184327667" role=""/>
  <member type="way" ref="1210602314" role=""/>
  <member type="way" ref="184327668" role=""/>
  <member type="way" ref="24631779" role=""/>
  <member type="way" ref="24631774" role=""/>
  <member type="way" ref="1414986259" role=""/>
  <member type="way" ref="676576070" role=""/>
  <member type="way" ref="184327665" role=""/>
  <member type="way" ref="1210418949" role=""/>
  <member type="way" ref="1210426696" role=""/>
  <member type="way" ref="26936630" role=""/>
  <member type="way" ref="275596988" role=""/>
  <member type="way" ref="92251122" role=""/>
  <member type="way" ref="204000290" role=""/>
  <member type="way" ref="467513840" role=""/>
  <member type="way" ref="467513841" role=""/>
  <member type="way" ref="79129869" role=""/>
  <member type="way" ref="183546294" role=""/>
  <member type="way" ref="284213686" role=""/>
  <member type="way" ref="284213681" role=""/>
  <member type="way" ref="284213683" role=""/>
  <member type="way" ref="284213682" role=""/>
  <member type="way" ref="4854916" role=""/>
  <member type="way" ref="250363312" role=""/>
  <member type="way" ref="4854914" role=""/>
  <member type="way" ref="241355855" role=""/>
  <member type="way" ref="189138945" role=""/>
  <member type="way" ref="1061656855" role=""/>
  <member type="way" ref="189138944" role=""/>
  <member type="way" ref="1061656854" role=""/>
  <member type="way" ref="462790455" role=""/>
  <member type="way" ref="462790453" role=""/>
  <member type="way" ref="283960878" role=""/>
  <member type="way" ref="571119361" role=""/>
  <member type="way" ref="571119368" role=""/>
  <member type="way" ref="283960877" role=""/>
  <member type="way" ref="220936810" role=""/>
  <member type="way" ref="466517373" role=""/>
  <member type="way" ref="466517374" role=""/>
  <member type="way" ref="216448256" role=""/>
  <member type="way" ref="216448255" role=""/>
  <member type="way" ref="220936808" role=""/>
  <member type="way" ref="79134120" role=""/>
  <member type="way" ref="79138154" role=""/>
  <member type="way" ref="220936811" role=""/>
  <member type="way" ref="81160788" role=""/>
  <member type="way" ref="81160797" role=""/>
  <member type="way" ref="1533884076" role=""/>
  <member type="way" ref="283744242" role=""/>
  <member type="way" ref="220936809" role=""/>
  <member type="way" ref="4854915" role=""/>
  <member type="way" ref="4860120" role=""/>
  <member type="way" ref="220936819" role=""/>
  <member type="way" ref="283744260" role=""/>
  <member type="way" ref="283744257" role=""/>
  <member type="way" ref="33831679" role=""/>
  <member type="way" ref="33831680" role=""/>
  <member type="way" ref="33831678" role=""/>
  <member type="way" ref="33831677" role=""/>
  <member type="way" ref="33831683" role=""/>
  <member type="way" ref="202855536" role=""/>
  <member type="way" ref="1061656863" role=""/>
  <member type="way" ref="220451462" role=""/>
  <member type="way" ref="220451468" role=""/>
  <member type="way" ref="1061656869" role=""/>
  <member type="way" ref="283744259" role=""/>
  <member type="way" ref="1104055868" role=""/>
  <member type="way" ref="283744258" role=""/>
  <member type="way" ref="283744255" role=""/>
  <member type="way" ref="283744256" role=""/>
  <member type="way" ref="1533884086" role=""/>
  <member type="way" ref="1420333089" role=""/>
  <member type="way" ref="1533884088" role=""/>
  <member type="way" ref="1533884087" role=""/>
  <member type="way" ref="1420333088" role=""/>
  <member type="way" ref="463495570" role=""/>
  <member type="way" ref="463495587" role=""/>
  <member type="way" ref="275452589" role=""/>
  <member type="way" ref="275452585" role=""/>
  <member type="way" ref="16300648" role=""/>
  <member type="way" ref="16300651" role=""/>
  <member type="way" ref="100488363" role=""/>
  <member type="way" ref="16300655" role=""/>
  <member type="way" ref="202900554" role=""/>
  <member type="way" ref="97092670" role=""/>
  <member type="way" ref="338220221" role=""/>
  <member type="way" ref="91403450" role=""/>
  <member type="way" ref="338220216" role=""/>
  <member type="way" ref="338220214" role=""/>
  <member type="way" ref="338220215" role=""/>
  <member type="way" ref="338220213" role=""/>
  <member type="way" ref="338220218" role=""/>
  <member type="way" ref="338221748" role=""/>
  <member type="way" ref="338220219" role=""/>
  <member type="way" ref="338220222" role=""/>
  <member type="way" ref="91403442" role=""/>
  <member type="way" ref="368339617" role=""/>
  <member type="way" ref="23375908" role=""/>
  <member type="way" ref="338105325" role=""/>
  <member type="way" ref="969447425" role=""/>
  <member type="way" ref="969447426" role=""/>
  <member type="way" ref="687870574" role=""/>
  <member type="way" ref="969447434" role=""/>
  <member type="way" ref="969447433" role=""/>
  <member type="way" ref="275346206" role=""/>
  <member type="way" ref="275346220" role=""/>
  <member type="way" ref="92562654" role=""/>
  <member type="way" ref="92562564" role=""/>
  <member type="way" ref="136884870" role=""/>
  <member type="way" ref="859662310" role=""/>
  <member type="way" ref="136884862" role=""/>
  <member type="way" ref="128913939" role=""/>
  <member type="way" ref="93994536" role=""/>
  <member type="way" ref="93994543" role=""/>
  <member type="way" ref="136884865" role=""/>
  <member type="way" ref="128913933" role=""/>
  <member type="way" ref="136884866" role=""/>
  <member type="way" ref="333173452" role=""/>
  <member type="way" ref="239176802" role=""/>
  <member type="way" ref="333173449" role=""/>
  <member type="way" ref="333173453" role=""/>
  <member type="way" ref="136884868" role=""/>
  <member type="way" ref="128913936" role=""/>
  <member type="way" ref="93952796" role=""/>
  <member type="way" ref="200077126" role=""/>
  <member type="way" ref="859783605" role=""/>
  <member type="way" ref="859783606" role=""/>
  <member type="way" ref="200077125" role=""/>
  <member type="way" ref="333911638" role=""/>
  <member type="way" ref="92562593" role=""/>
  <member type="way" ref="333911637" role=""/>
  <member type="way" ref="239176851" role=""/>
  <member type="way" ref="333911636" role=""/>
  <member type="way" ref="333911635" role=""/>
  <member type="way" ref="344291259" role=""/>
  <member type="way" ref="344291266" role=""/>
  <member type="way" ref="136845499" role=""/>
  <member type="way" ref="1483743465" role=""/>
  <member type="way" ref="333910557" role=""/>
  <member type="way" ref="333909035" role=""/>
  <member type="way" ref="333910552" role=""/>
  <member type="way" ref="333908800" role=""/>
  <member type="way" ref="333910555" role=""/>
  <member type="way" ref="333910556" role=""/>
  <member type="way" ref="136845498" role=""/>
  <member type="way" ref="136844372" role=""/>
  <member type="way" ref="859783613" role=""/>
  <member type="way" ref="859783614" role=""/>
  <member type="way" ref="128913944" role=""/>
  <member type="way" ref="128913934" role=""/>
  <member type="way" ref="136844371" role=""/>
  <member type="way" ref="136844368" role=""/>
  <member type="way" ref="338102468" role=""/>
  <member type="way" ref="749925471" role=""/>
  <member type="way" ref="749925472" role=""/>
  <member type="way" ref="338102467" role=""/>
  <member type="way" ref="333173041" role=""/>
  <member type="way" ref="591419718" role=""/>
  <member type="way" ref="591419719" role=""/>
  <member type="way" ref="239176801" role=""/>
  <member type="way" ref="591419716" role=""/>
  <member type="way" ref="591419717" role=""/>
  <member type="way" ref="136844373" role=""/>
  <member type="way" ref="332355510" role=""/>
  <member type="way" ref="332355496" role=""/>
  <member type="way" ref="136843248" role=""/>
  <member type="way" ref="719354588" role=""/>
  <member type="way" ref="40976035" role=""/>
  <member type="way" ref="128913935" role=""/>
  <member type="way" ref="128913932" role=""/>
  <member type="way" ref="1557839892" role=""/>
  <member type="way" ref="1557839891" role=""/>
  <member type="way" ref="275346216" role=""/>
  <member type="way" ref="100513676" role=""/>
  <member type="way" ref="40976034" role=""/>
  <member type="way" ref="136844370" role=""/>
  <member type="way" ref="332355502" role=""/>
  <member type="way" ref="239176783" role=""/>
  <member type="way" ref="332355498" role=""/>
  <member type="way" ref="332355504" role=""/>
  <member type="way" ref="693685786" role=""/>
  <member type="way" ref="693685781" role=""/>
  <member type="way" ref="332355497" role=""/>
  <member type="way" ref="693685787" role=""/>
  <member type="way" ref="332355494" role=""/>
  <member type="way" ref="332355493" role=""/>
  <member type="way" ref="239176781" role=""/>
  <member type="way" ref="590214217" role=""/>
  <member type="way" ref="338102465" role=""/>
  <member type="way" ref="338102464" role=""/>
  <member type="way" ref="590214215" role=""/>
  <member type="way" ref="590214214" role=""/>
  <member type="way" ref="239176785" role=""/>
  <member type="way" ref="239176780" role=""/>
  <member type="way" ref="1024149752" role=""/>
  <member type="way" ref="1024149753" role=""/>
  <member type="way" ref="239176784" role=""/>
  <member type="way" ref="682125048" role=""/>
  <member type="way" ref="13960883" role=""/>
  <member type="way" ref="13960880" role=""/>
  <member type="way" ref="635376085" role=""/>
  <member type="way" ref="333172169" role=""/>
  <member type="way" ref="333172164" role=""/>
  <member type="way" ref="590210137" role=""/>
  <member type="way" ref="590210138" role=""/>
  <member type="way" ref="239176806" role=""/>
  <member type="way" ref="333172165" role=""/>
  <member type="way" ref="590210143" role=""/>
  <member type="way" ref="590210144" role=""/>
  <member type="way" ref="338093994" role=""/>
  <member type="way" ref="338093995" role=""/>
  <member type="way" ref="617218795" role=""/>
  <member type="way" ref="590210142" role=""/>
  <member type="way" ref="590210141" role=""/>
  <member type="way" ref="1554431981" role=""/>
  <member type="way" ref="859783632" role=""/>
  <member type="way" ref="239176804" role=""/>
  <member type="way" ref="1554431982" role=""/>
  <member type="way" ref="859783633" role=""/>
  <member type="way" ref="13960873" role=""/>
  <member type="way" ref="333172167" role=""/>
  <member type="way" ref="13960866" role=""/>
  <member type="way" ref="13960867" role=""/>
  <member type="way" ref="118174501" role=""/>
  <member type="way" ref="118174502" role=""/>
  <member type="way" ref="40976037" role=""/>
  <member type="way" ref="1501660258" role=""/>
  <member type="way" ref="143197638" role=""/>
  <member type="way" ref="856435361" role=""/>
  <member type="way" ref="332355492" role=""/>
  <member type="way" ref="693685769" role=""/>
  <member type="way" ref="693685770" role=""/>
  <member type="way" ref="332355509" role=""/>
  <member type="way" ref="61324766" role=""/>
  <member type="way" ref="61324791" role=""/>
  <member type="way" ref="649527722" role=""/>
  <member type="way" ref="61324750" role=""/>
  <member type="way" ref="61324727" role=""/>
  <member type="way" ref="332355507" role=""/>
  <member type="way" ref="239176800" role=""/>
  <member type="way" ref="332355499" role=""/>
  <member type="way" ref="332355500" role=""/>
  <member type="way" ref="649527712" role=""/>
  <member type="way" ref="649527713" role=""/>
  <member type="way" ref="143197636" role=""/>
  <member type="way" ref="143197637" role=""/>
  <member type="way" ref="332355501" role=""/>
  <member type="way" ref="516819789" role=""/>
  <member type="way" ref="516819790" role=""/>
  <member type="way" ref="516819785" role=""/>
  <member type="way" ref="649527714" role=""/>
  <member type="way" ref="649527715" role=""/>
  <member type="way" ref="61324709" role=""/>
  <member type="way" ref="649527716" role=""/>
  <member type="way" ref="529638087" role=""/>
  <member type="way" ref="649527717" role=""/>
  <member type="way" ref="529638088" role=""/>
  <member type="way" ref="649527718" role=""/>
  <member type="way" ref="649527719" role=""/>
  <member type="way" ref="649527721" role=""/>
  <member type="way" ref="100661056" role=""/>
  <member type="way" ref="61324775" role=""/>
  <member type="way" ref="61324730" role=""/>
  <member type="way" ref="61324783" role=""/>
  <member type="way" ref="761494355" role=""/>
  <member type="way" ref="761494354" role=""/>
  <member type="way" ref="31864018" role=""/>
  <member type="way" ref="645447589" role=""/>
  <member type="way" ref="645447590" role=""/>
  <member type="way" ref="645447592" role=""/>
  <member type="way" ref="817733617" role=""/>
  <member type="way" ref="645447595" role=""/>
  <member type="way" ref="645447598" role=""/>
  <member type="way" ref="645447601" role=""/>
  <member type="way" ref="1191413861" role=""/>
  <member type="way" ref="817733616" role=""/>
  <member type="way" ref="272255424" role=""/>
  <member type="way" ref="272255425" role=""/>
  <member type="way" ref="272255430" role=""/>
  <member type="way" ref="46627124" role=""/>
  <member type="way" ref="46627127" role=""/>
  <member type="way" ref="1199948498" role=""/>
  <member type="way" ref="1199948497" role=""/>
  <member type="way" ref="761494353" role=""/>
  <member type="way" ref="1158016821" role=""/>
  <member type="way" ref="272689056" role=""/>
  <member type="way" ref="39949522" role=""/>
  <member type="way" ref="45840106" role=""/>
  <member type="way" ref="41228862" role=""/>
  <member type="way" ref="693103057" role=""/>
  <member type="way" ref="40701862" role=""/>
  <member type="way" ref="272689051" role=""/>
  <member type="way" ref="272689050" role=""/>
  <member type="way" ref="272689053" role=""/>
  <member type="way" ref="272689048" role=""/>
  <member type="way" ref="272689046" role=""/>
  <member type="way" ref="649512086" role=""/>
  <member type="way" ref="649512087" role=""/>
  <member type="way" ref="46899802" role=""/>
  <member type="way" ref="45840088" role=""/>
  <member type="way" ref="761494357" role=""/>
  <member type="way" ref="46627126" role=""/>
  <member type="way" ref="645447611" role=""/>
  <member type="way" ref="46627129" role=""/>
  <member type="way" ref="272255445" role=""/>
  <member type="way" ref="46884601" role=""/>
  <member type="way" ref="645447662" role=""/>
  <member type="way" ref="674201591" role=""/>
  <member type="way" ref="46884256" role=""/>
  <member type="way" ref="763966879" role=""/>
  <member type="way" ref="815864387" role=""/>
  <member type="way" ref="272255437" role=""/>
  <member type="way" ref="46884502" role=""/>
  <member type="way" ref="46884514" role=""/>
  <member type="way" ref="272255435" role=""/>
  <member type="way" ref="46884507" role=""/>
  <member type="way" ref="763966878" role=""/>
  <member type="way" ref="46884510" role=""/>
  <member type="way" ref="46884511" role=""/>
  <member type="way" ref="45840068" role=""/>
  <member type="way" ref="763966877" role=""/>
  <member type="way" ref="272255431" role=""/>
  <member type="way" ref="46884495" role=""/>
  <member type="way" ref="68580234" role=""/>
  <member type="way" ref="42045920" role=""/>
  <member type="way" ref="385613070" role=""/>
  <member type="way" ref="42045921" role=""/>
  <member type="way" ref="323341743" role=""/>
  <member type="way" ref="236411640" role=""/>
  <member type="way" ref="65702149" role=""/>
  <member type="way" ref="1180084406" role=""/>
  <member type="way" ref="397767314" role=""/>
  <member type="way" ref="71242293" role=""/>
  <member type="way" ref="42045922" role=""/>
  <member type="way" ref="41153305" role=""/>
  <member type="way" ref="461554268" role=""/>
  <member type="way" ref="461554267" role=""/>
  <member type="way" ref="461554265" role=""/>
  <member type="way" ref="461554266" role=""/>
  <member type="way" ref="461554261" role=""/>
  <member type="way" ref="461554262" role=""/>
  <member type="way" ref="461554263" role=""/>
  <member type="way" ref="461554264" role=""/>
  <member type="way" ref="461554259" role=""/>
  <member type="way" ref="461554260" role=""/>
  <member type="way" ref="41191024" role=""/>
  <member type="way" ref="88702128" role=""/>
  <member type="way" ref="88702121" role=""/>
  <member type="way" ref="65702075" role=""/>
  <member type="way" ref="65702090" role=""/>
  <member type="way" ref="41191025" role=""/>
  <member type="way" ref="41752415" role=""/>
  <member type="way" ref="129831030" role=""/>
  <member type="way" ref="23303079" role=""/>
  <member type="way" ref="41191026" role=""/>
  <member type="way" ref="129831048" role=""/>
  <member type="way" ref="129831020" role=""/>
  <member type="way" ref="129831033" role=""/>
  <member type="way" ref="41191030" role=""/>
  <member type="way" ref="397760924" role=""/>
  <member type="way" ref="129831056" role=""/>
  <member type="way" ref="129831016" role=""/>
  <member type="way" ref="41191028" role=""/>
  <member type="way" ref="41190998" role=""/>
  <member type="way" ref="65702097" role=""/>
  <member type="way" ref="65702099" role=""/>
  <member type="way" ref="89240645" role=""/>
  <member type="way" ref="89240769" role=""/>
  <member type="way" ref="65702171" role=""/>
  <member type="way" ref="41190995" role=""/>
  <member type="way" ref="89240839" role=""/>
  <member type="way" ref="675629005" role=""/>
  <member type="way" ref="390995197" role=""/>
  <member type="way" ref="23214827" role=""/>
  <member type="way" ref="88702116" role=""/>
  <member type="way" ref="88702132" role=""/>
  <member type="way" ref="171780802" role=""/>
  <member type="way" ref="80905744" role=""/>
  <member type="way" ref="80905757" role=""/>
  <member type="way" ref="45982629" role=""/>
  <member type="way" ref="385616699" role=""/>
  <member type="way" ref="45982632" role=""/>
  <member type="way" ref="200459579" role=""/>
  <member type="way" ref="1241504676" role=""/>
  <member type="way" ref="58527636" role=""/>
  <member type="way" ref="58527628" role=""/>
  <member type="way" ref="23215282" role=""/>
  <member type="way" ref="65702168" role=""/>
  <member type="way" ref="281820887" role=""/>
  <member type="way" ref="859998768" role=""/>
  <member type="way" ref="884097453" role=""/>
  <member type="way" ref="45982570" role=""/>
  <member type="way" ref="45982631" role=""/>
  <member type="way" ref="23215398" role=""/>
  <member type="way" ref="80905755" role=""/>
  <member type="way" ref="236411637" role=""/>
  <member type="way" ref="210007956" role=""/>
  <member type="way" ref="23214821" role=""/>
  <member type="way" ref="236411639" role=""/>
  <member type="way" ref="236411638" role=""/>
  <member type="way" ref="65702141" role=""/>
  <member type="way" ref="42045923" role=""/>
  <member type="way" ref="65702096" role=""/>
  <member type="way" ref="207595126" role=""/>
  <member type="way" ref="65702127" role=""/>
  <member type="way" ref="41153317" role=""/>
  <member type="way" ref="461554269" role=""/>
  <member type="way" ref="41153314" role=""/>
  <member type="way" ref="65702120" role=""/>
  <member type="way" ref="65702164" role=""/>
  <member type="way" ref="129831019" role=""/>
  <member type="way" ref="129831067" role=""/>
  <member type="way" ref="129831027" role=""/>
  <member type="way" ref="397760932" role=""/>
  <member type="way" ref="397760935" role=""/>
  <member type="way" ref="397760927" role=""/>
  <member type="way" ref="129831024" role=""/>
  <member type="way" ref="397760939" role=""/>
  <member type="way" ref="129831025" role=""/>
  <member type="way" ref="41191000" role=""/>
  <member type="way" ref="89240648" role=""/>
  <member type="way" ref="89240835" role=""/>
  <member type="way" ref="390996537" role=""/>
  <member type="way" ref="675629010" role=""/>
  <member type="way" ref="41190996" role=""/>
  <member type="way" ref="89240692" role=""/>
  <member type="way" ref="46669973" role=""/>
  <member type="way" ref="46669972" role=""/>
  <member type="way" ref="645447644" role=""/>
  <member type="way" ref="645447645" role=""/>
  <member type="way" ref="520368920" role=""/>
  <member type="way" ref="520368919" role=""/>
  <member type="way" ref="645447646" role=""/>
  <member type="way" ref="645447647" role=""/>
  <member type="way" ref="46884555" role=""/>
  <member type="way" ref="645447648" role=""/>
  <member type="way" ref="46884625" role=""/>
  <member type="way" ref="84474385" role=""/>
  <member type="way" ref="46687685" role=""/>
  <member type="way" ref="46687683" role=""/>
  <member type="way" ref="46687682" role=""/>
  <member type="way" ref="493273164" role=""/>
  <member type="way" ref="833127877" role=""/>
  <member type="way" ref="493273163" role=""/>
  <member type="way" ref="46884482" role=""/>
  <member type="way" ref="833127878" role=""/>
  <member type="way" ref="660054762" role=""/>
  <member type="way" ref="46884481" role=""/>
  <member type="way" ref="46884484" role=""/>
  <member type="way" ref="493273162" role=""/>
  <member type="way" ref="46884486" role=""/>
  <member type="way" ref="782429159" role=""/>
  <member type="way" ref="136432543" role=""/>
  <member type="way" ref="763966875" role=""/>
  <member type="way" ref="782429160" role=""/>
  <member type="way" ref="46884476" role=""/>
  <member type="way" ref="46884487" role=""/>
  <member type="way" ref="136432542" role=""/>
  <member type="way" ref="742168754" role=""/>
  <member type="way" ref="493273159" role=""/>
  <member type="way" ref="157000917" role=""/>
  <member type="way" ref="493273160" role=""/>
  <member type="way" ref="493273161" role=""/>
  <member type="way" ref="590176106" role=""/>
  <member type="way" ref="46884477" role=""/>
  <member type="way" ref="272255421" role=""/>
  <member type="way" ref="46884478" role=""/>
  <member type="way" ref="1554431971" role=""/>
  <member type="way" ref="45840131" role=""/>
  <member type="way" ref="1554431970" role=""/>
  <member type="way" ref="763966874" role=""/>
  <member type="way" ref="46884479" role=""/>
  <member type="way" ref="171784618" role=""/>
  <member type="way" ref="46884382" role=""/>
  <member type="way" ref="384149772" role=""/>
  <member type="way" ref="384149774" role=""/>
  <member type="way" ref="384149775" role=""/>
  <member type="way" ref="23217284" role=""/>
  <member type="way" ref="46884409" role=""/>
  <member type="way" ref="46884420" role=""/>
  <member type="way" ref="122269805" role=""/>
  <member type="way" ref="1214155239" role=""/>
  <member type="way" ref="1214155240" role=""/>
  <member type="way" ref="1214155245" role=""/>
  <member type="way" ref="499728396" role=""/>
  <member type="way" ref="1214155247" role=""/>
  <member type="way" ref="1214155242" role=""/>
  <member type="way" ref="1214155243" role=""/>
  <member type="way" ref="122269803" role=""/>
  <member type="way" ref="122269812" role=""/>
  <member type="way" ref="122291670" role=""/>
  <member type="way" ref="122269808" role=""/>
  <member type="way" ref="122269802" role=""/>
  <member type="way" ref="46884429" role=""/>
  <member type="way" ref="782429161" role=""/>
  <member type="way" ref="782429162" role=""/>
  <member type="way" ref="1060968414" role=""/>
  <member type="way" ref="46884459" role=""/>
  <member type="way" ref="272255446" role=""/>
  <member type="way" ref="46884259" role=""/>
  <member type="way" ref="46887326" role=""/>
  <member type="way" ref="46887317" role=""/>
  <member type="way" ref="136432548" role=""/>
  <member type="way" ref="136432547" role=""/>
  <member type="way" ref="136432550" role=""/>
  <member type="way" ref="136432551" role=""/>
  <member type="way" ref="136432549" role=""/>
  <member type="way" ref="136432546" role=""/>
  <member type="way" ref="1194045426" role=""/>
  <member type="way" ref="1194045425" role=""/>
  <member type="way" ref="136432555" role=""/>
  <member type="way" ref="136432539" role=""/>
  <member type="way" ref="136432558" role=""/>
  <member type="way" ref="706646120" role=""/>
  <member type="way" ref="706646119" role=""/>
  <member type="way" ref="763966873" role=""/>
  <member type="way" ref="46884461" role=""/>
  <member type="way" ref="272255440" role=""/>
  <member type="way" ref="46887315" role=""/>
  <member type="way" ref="46887321" role=""/>
  <member type="way" ref="46887304" role=""/>
  <member type="way" ref="1241795532" role=""/>
  <member type="way" ref="48828581" role=""/>
  <member type="way" ref="48828582" role=""/>
  <member type="way" ref="620340486" role=""/>
  <member type="way" ref="46887311" role=""/>
  <member type="way" ref="46887310" role=""/>
  <member type="way" ref="71796477" role=""/>
  <member type="way" ref="60892216" role=""/>
  <member type="way" ref="26534734" role=""/>
  <member type="way" ref="1356657433" role=""/>
  <member type="way" ref="549714749" role=""/>
  <member type="way" ref="549714743" role=""/>
  <member type="way" ref="630358393" role=""/>
  <member type="way" ref="34380043" role=""/>
  <member type="way" ref="24988996" role=""/>
  <member type="way" ref="34380042" role=""/>
  <member type="way" ref="34380039" role=""/>
  <member type="way" ref="34380041" role=""/>
  <member type="way" ref="35412445" role=""/>
  <member type="way" ref="549714747" role=""/>
  <member type="way" ref="30826390" role=""/>
  <member type="way" ref="1242384831" role=""/>
  <member type="way" ref="238710687" role=""/>
  <member type="way" ref="472296518" role=""/>
  <member type="way" ref="74496644" role=""/>
  <member type="way" ref="74496638" role=""/>
  <member type="way" ref="74496633" role=""/>
  <member type="way" ref="74496640" role=""/>
  <member type="way" ref="74496676" role=""/>
  <member type="way" ref="392432560" role=""/>
  <member type="way" ref="74496636" role=""/>
  <member type="way" ref="1260413757" role=""/>
  <member type="way" ref="74489917" role=""/>
  <member type="way" ref="909393531" role=""/>
  <member type="way" ref="1242384866" role=""/>
  <member type="way" ref="38256006" role=""/>
  <member type="way" ref="1242384870" role=""/>
  <member type="way" ref="1242384867" role=""/>
  <member type="way" ref="1242384868" role=""/>
  <member type="way" ref="909393532" role=""/>
  <member type="way" ref="1242384865" role=""/>
  <member type="way" ref="74489920" role=""/>
  <member type="way" ref="74489915" role=""/>
  <member type="way" ref="909393536" role=""/>
  <member type="way" ref="74489916" role=""/>
  <member type="way" ref="909393535" role=""/>
  <member type="way" ref="157297211" role=""/>
  <member type="way" ref="223377385" role=""/>
  <member type="way" ref="34917430" role=""/>
  <member type="way" ref="34917429" role=""/>
  <member type="way" ref="34917428" role=""/>
  <member type="way" ref="1554735821" role=""/>
  <member type="way" ref="1075084272" role=""/>
  <member type="way" ref="34917247" role=""/>
  <member type="way" ref="34917246" role=""/>
  <member type="way" ref="34917245" role=""/>
  <member type="way" ref="223377386" role=""/>
  <member type="way" ref="223377384" role=""/>
  <member type="way" ref="895807240" role=""/>
  <member type="way" ref="895807238" role=""/>
  <member type="way" ref="1260397326" role=""/>
  <member type="way" ref="1260397327" role=""/>
  <member type="way" ref="895807239" role=""/>
  <member type="way" ref="34917614" role=""/>
  <member type="way" ref="1075084271" role=""/>
  <member type="way" ref="34942532" role=""/>
  <member type="way" ref="34942534" role=""/>
  <member type="way" ref="34917612" role=""/>
  <member type="way" ref="34917613" role=""/>
  <member type="way" ref="34917244" role=""/>
  <member type="way" ref="34917243" role=""/>
  <member type="way" ref="1061172813" role=""/>
  <member type="way" ref="1260397331" role=""/>
  <member type="way" ref="1260397330" role=""/>
  <member type="way" ref="34942533" role=""/>
  <member type="way" ref="1260397334" role=""/>
  <member type="way" ref="1421017887" role=""/>
  <member type="way" ref="1260397339" role=""/>
  <member type="way" ref="1421017880" role=""/>
  <member type="way" ref="1260397335" role=""/>
  <member type="way" ref="1260397336" role=""/>
  <member type="way" ref="1260397338" role=""/>
  <member type="way" ref="34942535" role=""/>
  <member type="way" ref="773627917" role=""/>
  <member type="way" ref="200077134" role=""/>
  <member type="way" ref="1260397346" role=""/>
  <member type="way" ref="200077132" role=""/>
  <member type="way" ref="1260397347" role=""/>
  <member type="way" ref="895807224" role=""/>
  <member type="way" ref="1260397348" role=""/>
  <member type="way" ref="895807225" role=""/>
  <member type="way" ref="1260397349" role=""/>
  <member type="way" ref="1260397350" role=""/>
  <member type="way" ref="1260397352" role=""/>
  <member type="way" ref="1260397353" role=""/>
  <member type="way" ref="1260397355" role=""/>
  <member type="way" ref="895804383" role=""/>
  <member type="way" ref="895804384" role=""/>
  <member type="way" ref="895804385" role=""/>
  <member type="way" ref="1260397354" role=""/>
  <member type="way" ref="24809117" role=""/>
  <member type="way" ref="53861898" role=""/>
  <member type="way" ref="85196177" role=""/>
  <member type="way" ref="62245887" role=""/>
  <member type="way" ref="393559020" role=""/>
  <member type="way" ref="393559019" role=""/>
  <member type="way" ref="393559018" role=""/>
  <member type="way" ref="393559010" role=""/>
  <member type="way" ref="393559007" role=""/>
  <member type="way" ref="393559009" role=""/>
  <member type="way" ref="393559008" role=""/>
  <member type="way" ref="393559006" role=""/>
  <member type="way" ref="891436438" role=""/>
  <member type="way" ref="1342509413" role=""/>
  <member type="way" ref="1342509414" role=""/>
  <member type="way" ref="85196178" role=""/>
  <member type="way" ref="891436439" role=""/>
  <member type="way" ref="72709722" role=""/>
  <member type="way" ref="72709732" role=""/>
  <member type="way" ref="891436440" role=""/>
  <member type="way" ref="891436441" role=""/>
  <member type="way" ref="891436442" role=""/>
  <member type="way" ref="891436443" role=""/>
  <member type="way" ref="360569451" role=""/>
  <member type="way" ref="393555566" role=""/>
  <member type="way" ref="257782295" role=""/>
  <member type="way" ref="360569450" role=""/>
  <member type="way" ref="1268571614" role=""/>
  <member type="way" ref="1268571615" role=""/>
  <member type="way" ref="393555567" role=""/>
  <member type="way" ref="393555569" role=""/>
  <member type="way" ref="1268571617" role=""/>
  <member type="way" ref="1268571616" role=""/>
  <member type="way" ref="360569452" role=""/>
  <member type="way" ref="393555568" role=""/>
  <member type="way" ref="72709704" role=""/>
  <member type="way" ref="30121277" role=""/>
  <member type="way" ref="72709626" role=""/>
  <member type="way" ref="72709711" role=""/>
  <member type="way" ref="72709728" role=""/>
  <member type="way" ref="72709609" role=""/>
  <member type="way" ref="72709737" role=""/>
  <member type="way" ref="72709620" role=""/>
  <member type="way" ref="72709742" role=""/>
  <member type="way" ref="362818767" role=""/>
  <member type="way" ref="1343507943" role=""/>
  <member type="way" ref="199487378" role=""/>
  <member type="way" ref="1268571607" role=""/>
  <member type="way" ref="1268571606" role=""/>
  <member type="way" ref="72709655" role=""/>
  <member type="way" ref="72709740" role=""/>
  <member type="way" ref="80221224" role=""/>
  <member type="way" ref="393552049" role=""/>
  <member type="way" ref="80221251" role=""/>
  <member type="way" ref="393552050" role=""/>
  <member type="way" ref="80221232" role=""/>
  <member type="way" ref="257782283" role=""/>
  <member type="way" ref="856348350" role=""/>
  <member type="way" ref="438884366" role=""/>
  <member type="way" ref="1061172815" role=""/>
  <member type="way" ref="257782291" role=""/>
  <member type="way" ref="856348344" role=""/>
  <member type="way" ref="72709746" role=""/>
  <member type="way" ref="72709654" role=""/>
  <member type="way" ref="72709684" role=""/>
  <member type="way" ref="72709639" role=""/>
  <member type="way" ref="72709682" role=""/>
  <member type="way" ref="72709733" role=""/>
  <member type="way" ref="72709739" role=""/>
  <member type="way" ref="343957229" role=""/>
  <member type="way" ref="343957228" role=""/>
  <member type="way" ref="72709714" role=""/>
  <member type="way" ref="72709714" role=""/>
  <member type="way" ref="72709705" role=""/>
  <member type="way" ref="69347520" role=""/>
  <member type="way" ref="69347519" role=""/>
  <member type="way" ref="69347509" role=""/>
  <member type="way" ref="257743548" role=""/>
  <member type="way" ref="453017089" role=""/>
  <member type="way" ref="453017088" role=""/>
  <member type="way" ref="32638770" role=""/>
  <member type="way" ref="393971377" role=""/>
  <member type="way" ref="32638764" role=""/>
  <member type="way" ref="393971376" role=""/>
  <member type="way" ref="69347508" role=""/>
  <member type="way" ref="393971312" role=""/>
  <member type="way" ref="393971294" role=""/>
  <member type="way" ref="393988132" role=""/>
  <member type="way" ref="393995635" role=""/>
  <member type="way" ref="393995635" role=""/>
  <member type="way" ref="393995600" role=""/>
  <member type="way" ref="393995589" role=""/>
  <member type="way" ref="393995611" role=""/>
  <member type="way" ref="37923542" role=""/>
  <member type="way" ref="1384116165" role=""/>
  <member type="way" ref="72473664" role=""/>
  <member type="way" ref="72473764" role=""/>
  <member type="way" ref="393995652" role=""/>
  <member type="way" ref="1384116167" role=""/>
  <member type="way" ref="1384116171" role=""/>
  <member type="way" ref="1384116166" role=""/>
  <member type="way" ref="393995726" role=""/>
  <member type="way" ref="393995688" role=""/>
  <member type="way" ref="393995705" role=""/>
  <member type="way" ref="1273195337" role=""/>
  <member type="way" ref="1273195336" role=""/>
  <member type="way" ref="393995676" role=""/>
  <member type="way" ref="393995665" role=""/>
  <member type="way" ref="393995698" role=""/>
  <member type="way" ref="369280271" role=""/>
  <member type="way" ref="369280259" role=""/>
  <member type="way" ref="495415991" role=""/>
  <member type="way" ref="38132581" role=""/>
  <member type="way" ref="38132581" role=""/>
  <member type="way" ref="72473700" role=""/>
  <member type="way" ref="72473700" role=""/>
  <member type="way" ref="495415981" role=""/>
  <member type="way" ref="495415989" role=""/>
  <member type="way" ref="495415974" role=""/>
  <member type="way" ref="495424365" role=""/>
  <member type="way" ref="495415971" role=""/>
  <member type="way" ref="369280266" role=""/>
  <member type="way" ref="23079288" role=""/>
  <member type="way" ref="72473633" role=""/>
  <member type="way" ref="72473684" role=""/>
  <member type="way" ref="23079300" role=""/>
  <member type="way" ref="23079292" role=""/>
  <member type="way" ref="157161289" role=""/>
  <member type="way" ref="157161961" role=""/>
  <member type="way" ref="221697203" role=""/>
  <member type="way" ref="136071072" role=""/>
  <member type="way" ref="221697205" role=""/>
  <member type="way" ref="136071071" role=""/>
  <member type="way" ref="221697204" role=""/>
  <member type="way" ref="221697206" role=""/>
  <member type="way" ref="136071070" role=""/>
  <member type="way" ref="136071073" role=""/>
  <member type="way" ref="23071758" role=""/>
  <member type="way" ref="23071759" role=""/>
  <member type="way" ref="482237018" role=""/>
  <member type="way" ref="642648817" role=""/>
  <member type="way" ref="642648814" role=""/>
  <member type="way" ref="642648821" role=""/>
  <member type="way" ref="642648820" role=""/>
  <member type="way" ref="642648823" role=""/>
  <member type="way" ref="157162893" role=""/>
  <member type="way" ref="967066272" role=""/>
  <member type="way" ref="967066271" role=""/>
  <member type="way" ref="967066270" role=""/>
  <member type="way" ref="23071750" role=""/>
  <member type="way" ref="580177154" role=""/>
  <member type="way" ref="1205200678" role=""/>
  <member type="way" ref="31544819" role=""/>
  <member type="way" ref="31544881" role=""/>
  <member type="way" ref="66763006" role=""/>
  <member type="way" ref="577366805" role=""/>
  <member type="way" ref="66763000" role=""/>
  <member type="way" ref="1047729394" role=""/>
  <member type="way" ref="1095188405" role=""/>
  <member type="way" ref="380983356" role=""/>
  <member type="way" ref="23188435" role=""/>
  <member type="way" ref="380095184" role=""/>
  <member type="way" ref="157153625" role=""/>
  <member type="way" ref="762543149" role=""/>
  <member type="way" ref="243526202" role=""/>
  <member type="way" ref="29110021" role=""/>
  <member type="way" ref="29110020" role=""/>
  <member type="way" ref="29110022" role=""/>
  <member type="way" ref="27880655" role=""/>
  <member type="way" ref="22937616" role=""/>
  <member type="way" ref="405655295" role=""/>
  <member type="way" ref="405655302" role=""/>
  <member type="way" ref="405655301" role=""/>
  <member type="way" ref="29110037" role=""/>
  <member type="way" ref="405655298" role=""/>
  <member type="way" ref="405655299" role=""/>
  <member type="way" ref="405655296" role=""/>
  <member type="way" ref="405655300" role=""/>
  <member type="way" ref="27880441" role=""/>
  <member type="way" ref="405655304" role=""/>
  <member type="way" ref="405655303" role=""/>
  <member type="way" ref="29110029" role=""/>
  <member type="way" ref="243526201" role=""/>
  <member type="way" ref="157153624" role=""/>
  <member type="way" ref="405655294" role=""/>
  <member type="way" ref="70912719" role=""/>
  <member type="way" ref="1494548761" role=""/>
  <member type="way" ref="1494548764" role=""/>
  <member type="way" ref="193803703" role=""/>
  <member type="way" ref="23126784" role=""/>
  <member type="way" ref="263455908" role=""/>
  <member type="way" ref="318406089" role=""/>
  <member type="way" ref="318406088" role=""/>
  <member type="way" ref="160725687" role=""/>
  <member type="way" ref="10233186" role=""/>
  <member type="way" ref="27880421" role=""/>
  <member type="way" ref="1494548762" role=""/>
  <member type="way" ref="1494548767" role=""/>
  <member type="way" ref="27880415" role=""/>
  <member type="way" ref="1149942713" role=""/>
  <member type="way" ref="1149865780" role=""/>
  <member type="way" ref="160725692" role=""/>
  <member type="way" ref="1061656853" role=""/>
  <member type="way" ref="1061656856" role=""/>
  <member type="way" ref="1061656864" role=""/>
  <member type="way" ref="1061656868" role=""/>
  <member type="way" ref="273342913" role=""/>
  <member type="way" ref="273342914" role=""/>
  <member type="way" ref="273342908" role=""/>
  <member type="way" ref="87207346" role=""/>
  <member type="way" ref="86573947" role=""/>
  <member type="way" ref="51247600" role=""/>
  <member type="way" ref="86573951" role=""/>
  <member type="way" ref="46378247" role=""/>
  <member type="way" ref="43177385" role=""/>
  <member type="way" ref="296206169" role=""/>
  <member type="way" ref="85568306" role=""/>
  <member type="way" ref="1148914958" role=""/>
  <member type="way" ref="1148914955" role=""/>
  <member type="way" ref="42998370" role=""/>
  <member type="way" ref="268169346" role=""/>
  <member type="way" ref="1148914956" role=""/>
  <member type="way" ref="268169347" role=""/>
  <member type="way" ref="380417602" role=""/>
  <member type="way" ref="380417600" role=""/>
  <member type="way" ref="649513367" role=""/>
  <member type="way" ref="85441930" role=""/>
  <member type="way" ref="272019708" role=""/>
  <member type="way" ref="1418025104" role=""/>
  <member type="way" ref="85441870" role=""/>
  <member type="way" ref="651601454" role=""/>
  <member type="way" ref="85441974" role=""/>
  <member type="way" ref="651601456" role=""/>
  <member type="way" ref="47328533" role=""/>
  <member type="way" ref="272019715" role=""/>
  <member type="way" ref="651601457" role=""/>
  <member type="way" ref="47328528" role=""/>
  <member type="way" ref="39445975" role=""/>
  <member type="way" ref="39445976" role=""/>
  <member type="way" ref="778256239" role=""/>
  <member type="way" ref="39445956" role=""/>
  <member type="way" ref="39445957" role=""/>
  <member type="way" ref="651601458" role=""/>
  <member type="way" ref="266154715" role=""/>
  <member type="way" ref="651601459" role=""/>
  <member type="way" ref="85441848" role=""/>
  <member type="way" ref="651601460" role=""/>
  <member type="way" ref="380417599" role=""/>
  <member type="way" ref="656613169" role=""/>
  <member type="way" ref="85441853" role=""/>
  <member type="way" ref="665558611" role=""/>
  <member type="way" ref="681407927" role=""/>
  <member type="way" ref="656613170" role=""/>
  <member type="way" ref="266154714" role=""/>
  <member type="way" ref="272019692" role=""/>
  <member type="way" ref="272019695" role=""/>
  <member type="way" ref="266154712" role=""/>
  <member type="way" ref="807450112" role=""/>
  <member type="way" ref="35269849" role=""/>
  <member type="way" ref="85441990" role=""/>
  <member type="way" ref="85441866" role=""/>
  <member type="way" ref="285199495" role=""/>
  <member type="way" ref="1155065913" role=""/>
  <member type="way" ref="35269850" role=""/>
  <member type="way" ref="807450110" role=""/>
  <member type="way" ref="807450111" role=""/>
  <member type="way" ref="1183510431" role=""/>
  <member type="way" ref="1183510430" role=""/>
  <member type="way" ref="85441947" role=""/>
  <member type="way" ref="1301199490" role=""/>
  <member type="way" ref="272689058" role=""/>
  <member type="way" ref="285199496" role=""/>
  <member type="way" ref="272019711" role=""/>
  <member type="way" ref="465928331" role=""/>
  <member type="way" ref="465928338" role=""/>
  <member type="way" ref="465928328" role=""/>
  <member type="way" ref="465928325" role=""/>
  <member type="way" ref="272019718" role=""/>
  <member type="way" ref="1301199492" role=""/>
  <member type="way" ref="665558610" role=""/>
  <member type="way" ref="1181020191" role=""/>
  <member type="way" ref="1181020192" role=""/>
  <member type="way" ref="665558609" role=""/>
  <member type="way" ref="85441984" role=""/>
  <member type="way" ref="85441850" role=""/>
  <member type="way" ref="272019705" role=""/>
  <member type="way" ref="129933506" role=""/>
  <member type="way" ref="85441856" role=""/>
  <member type="way" ref="84714641" role=""/>
  <member type="way" ref="1301199493" role=""/>
  <member type="way" ref="41229105" role=""/>
  <member type="way" ref="41229104" role=""/>
  <member type="way" ref="84714638" role=""/>
  <member type="way" ref="23234476" role=""/>
  <member type="way" ref="129933503" role=""/>
  <member type="way" ref="272689057" role=""/>
  <member type="way" ref="1301199491" role=""/>
  <member type="way" ref="129833572" role=""/>
  <member type="way" ref="46899801" role=""/>
  <member type="way" ref="45840089" role=""/>
  <member type="way" ref="1301199494" role=""/>
  <member type="way" ref="272689055" role=""/>
  <member type="way" ref="380417604" role=""/>
  <member type="way" ref="49158593" role=""/>
  <member type="way" ref="1301199495" role=""/>
  <member type="way" ref="49158621" role=""/>
  <member type="way" ref="41183581" role=""/>
  <member type="way" ref="41183580" role=""/>
  <member type="way" ref="1301199496" role=""/>
  <member type="way" ref="272689052" role=""/>
  <member type="way" ref="272689049" role=""/>
  <member type="way" ref="272689054" role=""/>
  <member type="way" ref="143201630" role=""/>
  <member type="way" ref="272689047" role=""/>
  <member type="way" ref="143201629" role=""/>
  <member type="way" ref="84714651" role=""/>
  <member type="way" ref="129933502" role=""/>
  <member type="way" ref="129833571" role=""/>
  <member type="way" ref="272019688" role=""/>
  <member type="way" ref="272019716" role=""/>
  <member type="way" ref="85441981" role=""/>
  <member type="way" ref="85441885" role=""/>
  <member type="way" ref="47328532" role=""/>
  <member type="way" ref="272019699" role=""/>
  <member type="way" ref="85441952" role=""/>
  <member type="way" ref="380417603" role=""/>
  <member type="way" ref="142482591" role=""/>
  <member type="way" ref="46899804" role=""/>
  <member type="way" ref="46899803" role=""/>
  <member type="way" ref="45840105" role=""/>
  <member type="way" ref="666918246" role=""/>
  <member type="way" ref="46884587" role=""/>
  <member type="way" ref="1148914959" role=""/>
  <member type="way" ref="1243068199" role=""/>
  <member type="way" ref="1171917115" role=""/>
  <tag k="distance" v="808"/>
  <tag k="name" v="Carretera de Gijón a Puerto de Sevilla"/>
  <tag k="network" v="ES:N-road"/>
  <tag k="official_name" v="Gijón a Puerto de Sevilla"/>
  <tag k="operator" v="Ministerio de Transportes y Movilidad Sostenible"/>
  <tag k="operator:type" v="government"/>
  <tag k="ref" v="N-630"/>
  <tag k="ref:colour" v="red"/>
  <tag k="ref:colour_tx" v="white"/>
  <tag k="route" v="road"/>
  <tag k="type" v="route"/>
  <tag k="wikidata" v="Q6036743"/>
  <tag k="wikipedia" v="es:N-630"/>
 </relation>
 <relation id="11168765" visible="true" version="158" changeset="189020883" timestamp="2026-09-14T16:37:42Z" user="Enrique Garcia Gómez" uid="24545861">
  <member type="node" ref="8589432334" role="stop"/>
  <member type="node" ref="8589432333" role="platform"/>
  <member type="node" ref="7595701250" role="stop"/>
  <member type="node" ref="13818487438" role="platform"/>
  <member type="node" ref="2638867864" role="stop"/>
  <member type="node" ref="8589432331" role="platform"/>
  <member type="node" ref="610317482" role="stop"/>
  <member type="way" ref="47377975" role="platform"/>
  <member type="node" ref="8567142845" role="stop"/>
  <member type="node" ref="1868668315" role="platform"/>
  <member type="way" ref="925527398" role=""/>
  <member type="way" ref="326424011" role=""/>
  <member type="way" ref="326424016" role=""/>
  <member type="way" ref="813197721" role=""/>
  <member type="way" ref="48848779" role=""/>
  <member type="way" ref="48848778" role=""/>
  <member type="way" ref="1410030350" role=""/>
  <member type="way" ref="1410030353" role=""/>
  <member type="way" ref="112016403" role=""/>
  <member type="way" ref="112268531" role=""/>
  <member type="way" ref="82576457" role=""/>
  <member type="way" ref="331464290" role=""/>
  <member type="way" ref="97454390" role=""/>
  <member type="way" ref="111741518" role=""/>
  <member type="way" ref="1512061225" role=""/>
  <member type="way" ref="48491513" role=""/>
  <member type="way" ref="330842115" role=""/>
  <member type="way" ref="48491509" role=""/>
  <member type="way" ref="261155781" role=""/>
  <member type="way" ref="112396702" role=""/>
  <member type="way" ref="112396746" role=""/>
  <member type="way" ref="309980682" role=""/>
  <member type="way" ref="309980683" role=""/>
  <member type="way" ref="260186762" role=""/>
  <member type="way" ref="262287564" role=""/>
  <member type="way" ref="261956387" role=""/>
  <member type="way" ref="262287578" role=""/>
  <member type="way" ref="4608717" role=""/>
  <member type="way" ref="73382157" role=""/>
  <member type="way" ref="331464291" role=""/>
  <member type="way" ref="499165468" role=""/>
  <member type="way" ref="260186757" role=""/>
  <member type="way" ref="4267834" role=""/>
  <member type="way" ref="260186750" role=""/>
  <member type="way" ref="73381942" role=""/>
  <member type="way" ref="300887585" role=""/>
  <member type="way" ref="261956380" role=""/>
  <member type="way" ref="300887584" role=""/>
  <member type="way" ref="446886366" role=""/>
  <member type="way" ref="446886367" role=""/>
  <member type="way" ref="328039153" role=""/>
  <member type="way" ref="4545817" role=""/>
  <member type="way" ref="1061374601" role=""/>
  <member type="way" ref="4545211" role=""/>
  <member type="way" ref="113578969" role=""/>
  <member type="way" ref="113578980" role=""/>
  <member type="way" ref="943964268" role=""/>
  <member type="way" ref="4709974" role=""/>
  <member type="way" ref="173878176" role=""/>
  <member type="way" ref="4552245" role=""/>
  <member type="way" ref="4552249" role=""/>
  <member type="way" ref="4552246" role=""/>
  <member type="way" ref="4552244" role=""/>
  <member type="way" ref="95094194" role=""/>
  <member type="way" ref="95094206" role=""/>
  <member type="way" ref="10821453" role=""/>
  <member type="way" ref="10821454" role=""/>
  <member type="way" ref="1553194698" role=""/>
  <member type="way" ref="1553194697" role=""/>
  <member type="way" ref="125088641" role=""/>
  <member type="way" ref="125088642" role=""/>
  <member type="way" ref="4593173" role=""/>
  <member type="way" ref="4593174" role=""/>
  <member type="way" ref="307409642" role=""/>
  <member type="way" ref="307409643" role=""/>
  <member type="way" ref="307409644" role=""/>
  <member type="way" ref="4688009" role=""/>
  <member type="way" ref="4688007" role=""/>
  <member type="way" ref="4634270" role=""/>
  <member type="way" ref="4634266" role=""/>
  <member type="way" ref="4634271" role=""/>
  <member type="way" ref="35808429" role=""/>
  <member type="way" ref="4634262" role=""/>
  <member type="way" ref="4641489" role=""/>
  <member type="way" ref="53198261" role=""/>
  <member type="way" ref="67546384" role=""/>
  <member type="way" ref="53198263" role=""/>
  <member type="way" ref="4641490" role=""/>
  <member type="way" ref="4720203" role=""/>
  <member type="way" ref="53198267" role=""/>
  <member type="way" ref="58689654" role=""/>
  <member type="way" ref="53198264" role=""/>
  <member type="way" ref="4720204" role=""/>
  <member type="way" ref="4634260" role=""/>
  <member type="way" ref="320334512" role=""/>
  <member type="way" ref="320334513" role=""/>
  <member type="way" ref="35985402" role=""/>
  <member type="way" ref="35985400" role=""/>
  <member type="way" ref="23545486" role=""/>
  <member type="way" ref="1526238491" role=""/>
  <member type="way" ref="1526238492" role=""/>
  <member type="way" ref="23545440" role=""/>
  <member type="way" ref="134409247" role=""/>
  <member type="way" ref="134409248" role=""/>
  <member type="way" ref="10484891" role=""/>
  <member type="way" ref="10484893" role=""/>
  <member type="way" ref="190289460" role=""/>
  <member type="way" ref="160726726" role=""/>
  <member type="way" ref="4714436" role=""/>
  <member type="way" ref="12080562" role=""/>
  <member type="way" ref="913318398" role=""/>
  <member type="way" ref="4714432" role=""/>
  <member type="way" ref="4714422" role=""/>
  <member type="way" ref="12081375" role=""/>
  <member type="way" ref="12081376" role=""/>
  <member type="way" ref="813183511" role=""/>
  <member type="way" ref="40626724" role=""/>
  <member type="way" ref="605832949" role=""/>
  <member type="way" ref="605832950" role=""/>
  <member type="way" ref="85472327" role=""/>
  <member type="way" ref="85472320" role=""/>
  <member type="way" ref="814864805" role=""/>
  <member type="way" ref="586266790" role=""/>
  <member type="way" ref="40626719" role=""/>
  <member type="way" ref="186073883" role=""/>
  <member type="way" ref="529141036" role=""/>
  <member type="way" ref="529141035" role=""/>
  <member type="way" ref="529141034" role=""/>
  <member type="way" ref="605276898" role=""/>
  <member type="way" ref="529141031" role=""/>
  <member type="way" ref="529141029" role=""/>
  <member type="way" ref="23651278" role=""/>
  <member type="way" ref="586266790" role=""/>
  <member type="way" ref="605880655" role=""/>
  <member type="way" ref="636049667" role=""/>
  <member type="way" ref="4893405" role=""/>
  <member type="way" ref="330915577" role=""/>
  <member type="way" ref="467580675" role=""/>
  <member type="way" ref="496981021" role=""/>
  <member type="way" ref="605091347" role=""/>
  <member type="way" ref="4861102" role=""/>
  <member type="way" ref="605832952" role=""/>
  <member type="way" ref="4861106" role=""/>
  <member type="way" ref="161368727" role=""/>
  <member type="way" ref="156189310" role=""/>
  <member type="way" ref="156189281" role=""/>
  <member type="way" ref="156189285" role=""/>
  <member type="way" ref="156189302" role=""/>
  <member type="way" ref="156189301" role=""/>
  <member type="way" ref="156189277" role=""/>
  <member type="way" ref="156189288" role=""/>
  <member type="way" ref="44304220" role=""/>
  <member type="way" ref="45897913" role=""/>
  <member type="way" ref="702162375" role=""/>
  <member type="way" ref="4852984" role=""/>
  <member type="way" ref="46239574" role=""/>
  <member type="way" ref="221470824" role=""/>
  <member type="way" ref="529013401" role=""/>
  <member type="way" ref="594261258" role=""/>
  <member type="way" ref="1196999449" role=""/>
  <member type="way" ref="1425600543" role=""/>
  <member type="way" ref="33704801" role=""/>
  <member type="way" ref="84999081" role=""/>
  <member type="way" ref="84999076" role=""/>
  <member type="way" ref="84999066" role=""/>
  <member type="way" ref="1066754459" role=""/>
  <member type="way" ref="1066754458" role=""/>
  <member type="way" ref="584340229" role=""/>
  <member type="way" ref="1557719792" role=""/>
  <member type="way" ref="584340228" role=""/>
  <member type="way" ref="40625962" role=""/>
  <member type="way" ref="1211280198" role=""/>
  <member type="way" ref="40625959" role=""/>
  <member type="way" ref="310571845" role=""/>
  <member type="way" ref="161368722" role=""/>
  <member type="way" ref="40624876" role=""/>
  <member type="way" ref="40624878" role=""/>
  <member type="way" ref="760022695" role=""/>
  <member type="way" ref="40625296" role=""/>
  <member type="way" ref="40625297" role=""/>
  <member type="way" ref="4744501" role=""/>
  <member type="way" ref="40624703" role=""/>
  <member type="way" ref="40625386" role=""/>
  <member type="way" ref="813177222" role=""/>
  <member type="way" ref="1081272192" role=""/>
  <member type="way" ref="95084968" role=""/>
  <member type="way" ref="95084971" role=""/>
  <member type="way" ref="1201603675" role=""/>
  <member type="way" ref="1201603674" role=""/>
  <member type="way" ref="1334902898" role=""/>
  <member type="way" ref="4801908" role=""/>
  <member type="way" ref="4801907" role=""/>
  <member type="way" ref="16113487" role=""/>
  <member type="way" ref="16113488" role=""/>
  <member type="way" ref="1104488777" role=""/>
  <member type="way" ref="1081272193" role=""/>
  <member type="way" ref="4801914" role=""/>
  <member type="way" ref="4801912" role=""/>
  <member type="way" ref="96063224" role=""/>
  <member type="way" ref="54359663" role=""/>
  <member type="way" ref="54359659" role=""/>
  <member type="way" ref="1081272186" role=""/>
  <member type="way" ref="317727953" role=""/>
  <member type="way" ref="54359665" role=""/>
  <member type="way" ref="54359666" role=""/>
  <member type="way" ref="4797739" role=""/>
  <member type="way" ref="4802721" role=""/>
  <member type="way" ref="220536701" role=""/>
  <member type="way" ref="220536702" role=""/>
  <member type="way" ref="317727955" role=""/>
  <member type="way" ref="96793465" role=""/>
  <member type="way" ref="96793503" role=""/>
  <member type="way" ref="317542649" role=""/>
  <member type="way" ref="67519080" role=""/>
  <member type="way" ref="4812713" role=""/>
  <member type="way" ref="971388465" role=""/>
  <member type="way" ref="971388466" role=""/>
  <member type="way" ref="434779863" role=""/>
  <member type="way" ref="4803022" role=""/>
  <member type="way" ref="229091295" role=""/>
  <member type="way" ref="229091292" role=""/>
  <member type="way" ref="814868095" role=""/>
  <member type="way" ref="1299702097" role=""/>
  <member type="way" ref="1177222587" role=""/>
  <member type="way" ref="4803023" role=""/>
  <member type="way" ref="67521286" role=""/>
  <member type="way" ref="1300202384" role=""/>
  <member type="way" ref="1302424872" role=""/>
  <member type="way" ref="1302424871" role=""/>
  <member type="way" ref="8463973" role=""/>
  <member type="way" ref="1302424885" role=""/>
  <member type="way" ref="8463982" role=""/>
  <member type="way" ref="1556799625" role=""/>
  <member type="way" ref="72049437" role=""/>
  <member type="way" ref="161969019" role=""/>
  <member type="way" ref="1351828984" role=""/>
  <member type="way" ref="297650447" role=""/>
  <member type="way" ref="161969017" role=""/>
  <member type="way" ref="72049775" role=""/>
  <member type="way" ref="72049438" role=""/>
  <member type="way" ref="366528425" role=""/>
  <member type="way" ref="72049773" role=""/>
  <member type="way" ref="1432296749" role=""/>
  <member type="way" ref="161969016" role=""/>
  <member type="way" ref="72051218" role=""/>
  <member type="way" ref="72051214" role=""/>
  <member type="way" ref="67519075" role=""/>
  <member type="way" ref="814864804" role=""/>
  <member type="way" ref="258551210" role=""/>
  <member type="way" ref="813149915" role=""/>
  <member type="way" ref="1426389788" role=""/>
  <member type="way" ref="1426389790" role=""/>
  <member type="way" ref="814864804" role=""/>
  <member type="way" ref="814864803" role=""/>
  <member type="way" ref="67519072" role=""/>
  <member type="way" ref="72051218" role=""/>
  <member type="way" ref="161969016" role=""/>
  <member type="way" ref="72049772" role=""/>
  <member type="way" ref="366528422" role=""/>
  <member type="way" ref="366528432" role=""/>
  <member type="way" ref="366528423" role=""/>
  <member type="way" ref="72049768" role=""/>
  <member type="way" ref="72049775" role=""/>
  <member type="way" ref="161969017" role=""/>
  <member type="way" ref="297650447" role=""/>
  <member type="way" ref="1351828984" role=""/>
  <member type="way" ref="161969019" role=""/>
  <member type="way" ref="72049437" role=""/>
  <member type="way" ref="1556799625" role=""/>
  <member type="way" ref="8463983" role=""/>
  <member type="way" ref="925527400" role=""/>
  <member type="way" ref="4803026" role=""/>
  <member type="way" ref="4803023" role=""/>
  <member type="way" ref="1177222587" role=""/>
  <member type="way" ref="1299702097" role=""/>
  <member type="way" ref="814868095" role=""/>
  <member type="way" ref="229091292" role=""/>
  <member type="way" ref="229091295" role=""/>
  <member type="way" ref="4803025" role=""/>
  <member type="way" ref="813149912" role=""/>
  <member type="way" ref="177618462" role=""/>
  <member type="way" ref="242626396" role=""/>
  <member type="way" ref="434779867" role=""/>
  <member type="way" ref="318804453" role=""/>
  <member type="way" ref="8463540" role=""/>
  <member type="way" ref="67498320" role=""/>
  <member type="way" ref="233878648" role=""/>
  <member type="way" ref="233878649" role=""/>
  <member type="way" ref="78504037" role=""/>
  <member type="way" ref="242626398" role=""/>
  <member type="way" ref="318804456" role=""/>
  <member type="way" ref="242626401" role=""/>
  <member type="way" ref="4803338" role=""/>
  <member type="way" ref="4803336" role=""/>
  <member type="way" ref="242626392" role=""/>
  <member type="way" ref="93671673" role=""/>
  <member type="way" ref="93671689" role=""/>
  <member type="way" ref="4803572" role=""/>
  <member type="way" ref="4803570" role=""/>
  <member type="way" ref="242639030" role=""/>
  <member type="way" ref="4803582" role=""/>
  <member type="way" ref="4803580" role=""/>
  <member type="way" ref="377071945" role=""/>
  <member type="way" ref="4803585" role=""/>
  <member type="way" ref="4803587" role=""/>
  <member type="way" ref="4803589" role=""/>
  <member type="way" ref="94658774" role=""/>
  <member type="way" ref="4803591" role=""/>
  <member type="way" ref="178873084" role=""/>
  <member type="way" ref="4830329" role=""/>
  <member type="way" ref="196543525" role=""/>
  <member type="way" ref="1341266873" role=""/>
  <member type="way" ref="1338665494" role=""/>
  <member type="way" ref="1341266875" role=""/>
  <member type="way" ref="1338665496" role=""/>
  <member type="way" ref="196543526" role=""/>
  <member type="way" ref="4830340" role=""/>
  <member type="way" ref="4830331" role=""/>
  <member type="way" ref="161356633" role=""/>
  <member type="way" ref="4830338" role=""/>
  <member type="way" ref="4830333" role=""/>
  <member type="way" ref="4830332" role=""/>
  <member type="way" ref="4830449" role=""/>
  <member type="way" ref="620198466" role=""/>
  <member type="way" ref="161356628" role=""/>
  <member type="way" ref="4830450" role=""/>
  <member type="way" ref="4830452" role=""/>
  <member type="way" ref="258138886" role=""/>
  <member type="way" ref="54445740" role=""/>
  <member type="way" ref="54445741" role=""/>
  <member type="way" ref="50826243" role=""/>
  <member type="way" ref="50826221" role=""/>
  <member type="way" ref="4830453" role=""/>
  <member type="way" ref="769120299" role=""/>
  <member type="way" ref="4830558" role=""/>
  <member type="way" ref="4830560" role=""/>
  <member type="way" ref="4830457" role=""/>
  <member type="way" ref="4830458" role=""/>
  <member type="way" ref="4830547" role=""/>
  <member type="way" ref="4830548" role=""/>
  <member type="way" ref="4830562" role=""/>
  <member type="way" ref="258138887" role=""/>
  <member type="way" ref="56021003" role=""/>
  <member type="way" ref="56021011" role=""/>
  <member type="way" ref="599481050" role=""/>
  <member type="way" ref="4830563" role=""/>
  <member type="way" ref="379147333" role=""/>
  <member type="way" ref="258138882" role=""/>
  <member type="way" ref="54447380" role=""/>
  <member type="way" ref="54447381" role=""/>
  <member type="way" ref="46426173" role=""/>
  <member type="way" ref="54447729" role=""/>
  <member type="way" ref="46426172" role=""/>
  <member type="way" ref="81175479" role=""/>
  <member type="way" ref="4869411" role=""/>
  <member type="way" ref="4869409" role=""/>
  <member type="way" ref="257122541" role=""/>
  <member type="way" ref="751046812" role=""/>
  <member type="way" ref="257122539" role=""/>
  <member type="way" ref="751046811" role=""/>
  <member type="way" ref="5217305" role=""/>
  <member type="way" ref="257122537" role=""/>
  <member type="way" ref="257122540" role=""/>
  <member type="way" ref="230723215" role=""/>
  <member type="way" ref="56680757" role=""/>
  <member type="way" ref="257122542" role=""/>
  <member type="way" ref="4869433" role=""/>
  <member type="way" ref="50459264" role=""/>
  <member type="way" ref="50459262" role=""/>
  <member type="way" ref="4803583" role=""/>
  <member type="way" ref="897122091" role=""/>
  <member type="way" ref="897122090" role=""/>
  <member type="way" ref="34038855" role=""/>
  <member type="way" ref="306889031" role=""/>
  <member type="way" ref="203266084" role=""/>
  <member type="way" ref="306889012" role=""/>
  <member type="way" ref="203266079" role=""/>
  <member type="way" ref="306889007" role=""/>
  <member type="way" ref="34038864" role=""/>
  <member type="way" ref="34038863" role=""/>
  <member type="way" ref="306889028" role=""/>
  <member type="way" ref="306889029" role=""/>
  <member type="way" ref="306889023" role=""/>
  <member type="way" ref="34038857" role=""/>
  <member type="way" ref="859476761" role=""/>
  <member type="way" ref="860584257" role=""/>
  <member type="way" ref="1426122047" role=""/>
  <member type="way" ref="34037976" role=""/>
  <member type="way" ref="203266083" role=""/>
  <member type="way" ref="813125117" role=""/>
  <member type="way" ref="81133996" role=""/>
  <member type="way" ref="81133995" role=""/>
  <member type="way" ref="81133977" role=""/>
  <member type="way" ref="81133967" role=""/>
  <member type="way" ref="81133969" role=""/>
  <member type="way" ref="26942656" role=""/>
  <member type="way" ref="26942636" role=""/>
  <member type="way" ref="1558898221" role=""/>
  <member type="way" ref="1558898220" role=""/>
  <member type="way" ref="81133994" role=""/>
  <member type="way" ref="1558898219" role=""/>
  <member type="way" ref="81133966" role=""/>
  <member type="way" ref="1558898217" role=""/>
  <member type="way" ref="26942594" role=""/>
  <member type="way" ref="26942593" role=""/>
  <member type="way" ref="81134007" role=""/>
  <member type="way" ref="81133988" role=""/>
  <member type="way" ref="26942789" role=""/>
  <member type="way" ref="26942792" role=""/>
  <member type="way" ref="81133115" role=""/>
  <member type="way" ref="81133097" role=""/>
  <member type="way" ref="1558879893" role=""/>
  <member type="way" ref="1558879894" role=""/>
  <member type="way" ref="23041953" role=""/>
  <member type="way" ref="760254434" role=""/>
  <member type="way" ref="1558879892" role=""/>
  <member type="way" ref="760254432" role=""/>
  <member type="way" ref="23041954" role=""/>
  <member type="way" ref="925527391" role=""/>
  <member type="way" ref="925527404" role=""/>
  <member type="way" ref="23041956" role=""/>
  <member type="way" ref="925527407" role=""/>
  <member type="way" ref="1558879899" role=""/>
  <member type="way" ref="23041993" role=""/>
  <member type="way" ref="1558879901" role=""/>
  <member type="way" ref="1216093355" role=""/>
  <member type="way" ref="814864801" role=""/>
  <member type="way" ref="26339076" role=""/>
  <member type="way" ref="26339084" role=""/>
  <member type="way" ref="807153963" role=""/>
  <member type="way" ref="26339081" role=""/>
  <member type="way" ref="807153964" role=""/>
  <member type="way" ref="116576051" role=""/>
  <member type="way" ref="1210613430" role=""/>
  <member type="way" ref="1212026948" role=""/>
  <member type="way" ref="802902925" role=""/>
  <member type="way" ref="1558879903" role=""/>
  <member type="way" ref="47986349" role=""/>
  <member type="way" ref="812981971" role=""/>
  <member type="way" ref="26955918" role=""/>
  <member type="way" ref="26338765" role=""/>
  <member type="way" ref="1558879903" role=""/>
  <member type="way" ref="802902925" role=""/>
  <member type="way" ref="1212026948" role=""/>
  <member type="way" ref="1210613430" role=""/>
  <member type="way" ref="116576060" role=""/>
  <member type="way" ref="802984858" role=""/>
  <member type="way" ref="807153965" role=""/>
  <member type="way" ref="1217420251" role=""/>
  <member type="way" ref="26338762" role=""/>
  <member type="way" ref="26339074" role=""/>
  <member type="way" ref="802984859" role=""/>
  <member type="way" ref="1216093354" role=""/>
  <member type="way" ref="26338764" role=""/>
  <member type="way" ref="806797253" role=""/>
  <member type="way" ref="806797252" role=""/>
  <member type="way" ref="1558879902" role=""/>
  <member type="way" ref="225990593" role=""/>
  <member type="way" ref="1558879900" role=""/>
  <member type="way" ref="925527405" role=""/>
  <member type="way" ref="23041959" role=""/>
  <member type="way" ref="23041947" role=""/>
  <member type="way" ref="925527392" role=""/>
  <member type="way" ref="23041954" role=""/>
  <member type="way" ref="1558892851" role=""/>
  <member type="way" ref="81133096" role=""/>
  <member type="way" ref="257080343" role=""/>
  <member type="way" ref="196179509" role=""/>
  <member type="way" ref="196179508" role=""/>
  <member type="way" ref="1558892848" role=""/>
  <member type="way" ref="257080339" role=""/>
  <member type="way" ref="257080338" role=""/>
  <member type="way" ref="183511892" role=""/>
  <member type="way" ref="183511895" role=""/>
  <member type="way" ref="257080344" role=""/>
  <member type="way" ref="257080346" role=""/>
  <member type="way" ref="183511887" role=""/>
  <member type="way" ref="183511881" role=""/>
  <member type="way" ref="93508536" role=""/>
  <member type="way" ref="202902071" role=""/>
  <member type="way" ref="1533841810" role=""/>
  <member type="way" ref="1533841809" role=""/>
  <member type="way" ref="4854952" role=""/>
  <member type="way" ref="4854907" role=""/>
  <member type="way" ref="4854911" role=""/>
  <member type="way" ref="4854906" role=""/>
  <member type="way" ref="4859865" role=""/>
  <member type="way" ref="79120851" role=""/>
  <member type="way" ref="79120858" role=""/>
  <member type="way" ref="40952721" role=""/>
  <member type="way" ref="40952722" role=""/>
  <member type="way" ref="4859867" role=""/>
  <member type="way" ref="4860090" role=""/>
  <member type="way" ref="40952725" role=""/>
  <member type="way" ref="40952728" role=""/>
  <member type="way" ref="40952729" role=""/>
  <member type="way" ref="40952732" role=""/>
  <member type="way" ref="40952735" role=""/>
  <member type="way" ref="40952733" role=""/>
  <member type="way" ref="4860091" role=""/>
  <member type="way" ref="5217318" role=""/>
  <member type="way" ref="51793700" role=""/>
  <member type="way" ref="51793702" role=""/>
  <member type="way" ref="40952738" role=""/>
  <member type="way" ref="40952746" role=""/>
  <member type="way" ref="5217319" role=""/>
  <member type="way" ref="4854904" role=""/>
  <member type="way" ref="40953432" role=""/>
  <member type="way" ref="40953434" role=""/>
  <member type="way" ref="48880666" role=""/>
  <member type="way" ref="1182136859" role=""/>
  <member type="way" ref="48880677" role=""/>
  <member type="way" ref="40953437" role=""/>
  <member type="way" ref="4852593" role=""/>
  <member type="way" ref="51793657" role=""/>
  <member type="way" ref="51793647" role=""/>
  <member type="way" ref="483237449" role=""/>
  <member type="way" ref="81284632" role=""/>
  <member type="way" ref="4711316" role=""/>
  <member type="way" ref="4874821" role=""/>
  <member type="way" ref="202438591" role=""/>
  <member type="way" ref="4874819" role=""/>
  <member type="way" ref="4874828" role=""/>
  <member type="way" ref="4874823" role=""/>
  <member type="way" ref="4874824" role=""/>
  <member type="way" ref="390278374" role=""/>
  <member type="way" ref="40953442" role=""/>
  <member type="way" ref="1449551948" role=""/>
  <member type="way" ref="1449551943" role=""/>
  <member type="way" ref="1449551944" role=""/>
  <member type="way" ref="1452931601" role=""/>
  <member type="way" ref="1452931602" role=""/>
  <member type="way" ref="1449551949" role=""/>
  <member type="way" ref="1449551950" role=""/>
  <member type="way" ref="390457648" role=""/>
  <member type="way" ref="1449551936" role=""/>
  <member type="way" ref="1449551935" role=""/>
  <member type="way" ref="1452929291" role=""/>
  <member type="way" ref="1452929290" role=""/>
  <member type="way" ref="390457649" role=""/>
  <member type="way" ref="1452928321" role=""/>
  <member type="way" ref="1452928322" role=""/>
  <member type="way" ref="1449551929" role=""/>
  <member type="way" ref="1449551930" role=""/>
  <member type="way" ref="4711261" role=""/>
  <member type="way" ref="1452927902" role=""/>
  <member type="way" ref="1452927901" role=""/>
  <member type="way" ref="1449551928" role=""/>
  <member type="way" ref="1449551927" role=""/>
  <member type="way" ref="1452927898" role=""/>
  <member type="way" ref="1452927895" role=""/>
  <member type="way" ref="1449551924" role=""/>
  <member type="way" ref="1449551923" role=""/>
  <member type="way" ref="13976272" role=""/>
  <member type="way" ref="380767159" role=""/>
  <member type="way" ref="23375890" role=""/>
  <member type="way" ref="1449551915" role=""/>
  <member type="way" ref="1449551914" role=""/>
  <member type="way" ref="379623149" role=""/>
  <member type="way" ref="1452925731" role=""/>
  <member type="way" ref="1452925732" role=""/>
  <member type="way" ref="620196360" role=""/>
  <member type="way" ref="655980023" role=""/>
  <member type="way" ref="620196359" role=""/>
  <member type="way" ref="1449551918" role=""/>
  <member type="way" ref="1452921959" role=""/>
  <member type="way" ref="1449551919" role=""/>
  <member type="way" ref="305913956" role=""/>
  <member type="way" ref="23377239" role=""/>
  <member type="way" ref="1452921441" role=""/>
  <member type="way" ref="1452921440" role=""/>
  <member type="way" ref="1452920941" role=""/>
  <member type="way" ref="1452920940" role=""/>
  <member type="way" ref="1452920938" role=""/>
  <member type="way" ref="1452920937" role=""/>
  <member type="way" ref="1452592080" role=""/>
  <member type="way" ref="1452592081" role=""/>
  <member type="way" ref="406992553" role=""/>
  <member type="way" ref="406992558" role=""/>
  <member type="way" ref="1452031390" role=""/>
  <member type="way" ref="1452031391" role=""/>
  <member type="way" ref="23376969" role=""/>
  <member type="way" ref="52091567" role=""/>
  <member type="way" ref="52091571" role=""/>
  <member type="way" ref="52091572" role=""/>
  <member type="way" ref="1452023198" role=""/>
  <member type="way" ref="1452023199" role=""/>
  <member type="way" ref="1452021927" role=""/>
  <member type="way" ref="1452021928" role=""/>
  <member type="way" ref="52091558" role=""/>
  <member type="way" ref="1452017510" role=""/>
  <member type="way" ref="1452017509" role=""/>
  <member type="way" ref="23376223" role=""/>
  <member type="way" ref="23376857" role=""/>
  <member type="way" ref="52788228" role=""/>
  <member type="way" ref="23376224" role=""/>
  <member type="way" ref="23376225" role=""/>
  <member type="way" ref="23376675" role=""/>
  <member type="way" ref="235858322" role=""/>
  <member type="way" ref="235858308" role=""/>
  <member type="way" ref="235858315" role=""/>
  <member type="way" ref="235858335" role=""/>
  <member type="way" ref="235858339" role=""/>
  <member type="way" ref="235858321" role=""/>
  <member type="way" ref="235858337" role=""/>
  <member type="way" ref="235858319" role=""/>
  <member type="way" ref="410882206" role=""/>
  <member type="way" ref="410882204" role=""/>
  <member type="way" ref="24772250" role=""/>
  <member type="way" ref="24772252" role=""/>
  <member type="way" ref="235850946" role=""/>
  <member type="way" ref="235850949" role=""/>
  <member type="way" ref="235850939" role=""/>
  <member type="way" ref="235850969" role=""/>
  <member type="way" ref="91986001" role=""/>
  <member type="way" ref="466378714" role=""/>
  <member type="way" ref="417343535" role=""/>
  <member type="way" ref="417057823" role=""/>
  <member type="way" ref="623168632" role=""/>
  <member type="way" ref="417057827" role=""/>
  <member type="way" ref="91985993" role=""/>
  <member type="way" ref="48880968" role=""/>
  <member type="way" ref="48880952" role=""/>
  <member type="way" ref="622913249" role=""/>
  <member type="way" ref="622913251" role=""/>
  <member type="way" ref="235846738" role=""/>
  <member type="way" ref="52461463" role=""/>
  <member type="way" ref="52461438" role=""/>
  <member type="way" ref="235846736" role=""/>
  <member type="way" ref="235825932" role=""/>
  <member type="way" ref="416185282" role=""/>
  <member type="way" ref="235825933" role=""/>
  <member type="way" ref="235825888" role=""/>
  <member type="way" ref="235825887" role=""/>
  <member type="way" ref="235825212" role=""/>
  <member type="way" ref="235825210" role=""/>
  <member type="way" ref="235825214" role=""/>
  <member type="way" ref="235825211" role=""/>
  <member type="way" ref="34420861" role=""/>
  <member type="way" ref="34420862" role=""/>
  <member type="way" ref="61809491" role=""/>
  <member type="way" ref="61819241" role=""/>
  <member type="way" ref="1314240929" role=""/>
  <member type="way" ref="1314240928" role=""/>
  <member type="way" ref="34423325" role=""/>
  <member type="way" ref="42431838" role=""/>
  <member type="way" ref="42431837" role=""/>
  <member type="way" ref="1156401860" role=""/>
  <member type="way" ref="34423319" role=""/>
  <member type="way" ref="42107819" role=""/>
  <member type="way" ref="824162986" role=""/>
  <member type="way" ref="824162983" role=""/>
  <member type="way" ref="824162984" role=""/>
  <member type="way" ref="824162985" role=""/>
  <member type="way" ref="42107820" role=""/>
  <member type="way" ref="94617494" role=""/>
  <member type="way" ref="94617550" role=""/>
  <member type="way" ref="34351011" role=""/>
  <member type="way" ref="33829447" role=""/>
  <member type="way" ref="82962887" role=""/>
  <member type="way" ref="82962913" role=""/>
  <member type="way" ref="32210681" role=""/>
  <member type="way" ref="32210682" role=""/>
  <member type="way" ref="235152172" role=""/>
  <member type="way" ref="235152174" role=""/>
  <member type="way" ref="235626620" role=""/>
  <member type="way" ref="235626624" role=""/>
  <member type="way" ref="235623807" role=""/>
  <member type="way" ref="378016502" role=""/>
  <member type="way" ref="378016501" role=""/>
  <member type="way" ref="1221515967" role=""/>
  <member type="way" ref="1221515968" role=""/>
  <member type="way" ref="235623806" role=""/>
  <member type="way" ref="1221520119" role=""/>
  <member type="way" ref="1221520117" role=""/>
  <member type="way" ref="1221520118" role=""/>
  <member type="way" ref="130585410" role=""/>
  <member type="way" ref="306003818" role=""/>
  <member type="way" ref="306003819" role=""/>
  <member type="way" ref="24655196" role=""/>
  <member type="way" ref="24655198" role=""/>
  <member type="way" ref="74359412" role=""/>
  <member type="way" ref="74359404" role=""/>
  <member type="way" ref="235351529" role=""/>
  <member type="way" ref="235351528" role=""/>
  <member type="way" ref="235350970" role=""/>
  <member type="way" ref="1221522776" role=""/>
  <member type="way" ref="130585413" role=""/>
  <member type="way" ref="1221524223" role=""/>
  <member type="way" ref="235347470" role=""/>
  <member type="way" ref="1221524225" role=""/>
  <member type="way" ref="1221524224" role=""/>
  <member type="way" ref="1226044564" role=""/>
  <member type="way" ref="1221528117" role=""/>
  <member type="way" ref="1221528118" role=""/>
  <member type="way" ref="235345065" role=""/>
  <member type="way" ref="1221528123" role=""/>
  <member type="way" ref="1221528122" role=""/>
  <member type="way" ref="1226044562" role=""/>
  <member type="way" ref="1221529422" role=""/>
  <member type="way" ref="202159363" role=""/>
  <member type="way" ref="148621806" role=""/>
  <member type="way" ref="148621811" role=""/>
  <member type="way" ref="768603931" role=""/>
  <member type="way" ref="101293535" role=""/>
  <member type="way" ref="101293491" role=""/>
  <member type="way" ref="25004650" role=""/>
  <member type="way" ref="25004651" role=""/>
  <member type="way" ref="25186765" role=""/>
  <member type="way" ref="25186767" role=""/>
  <member type="way" ref="22970915" role=""/>
  <member type="way" ref="46138059" role=""/>
  <member type="way" ref="46137957" role=""/>
  <member type="way" ref="255898015" role=""/>
  <member type="way" ref="22970923" role=""/>
  <member type="way" ref="203780180" role=""/>
  <member type="way" ref="4300317" role=""/>
  <member type="way" ref="203780181" role=""/>
  <member type="way" ref="45177909" role=""/>
  <member type="way" ref="62225254" role=""/>
  <member type="way" ref="62225272" role=""/>
  <member type="way" ref="62225269" role=""/>
  <member type="way" ref="62225274" role=""/>
  <member type="way" ref="62225228" role=""/>
  <member type="way" ref="881560012" role=""/>
  <member type="way" ref="62225285" role=""/>
  <member type="way" ref="4300318" role=""/>
  <member type="way" ref="25004721" role=""/>
  <member type="way" ref="450243973" role=""/>
  <member type="way" ref="25004722" role=""/>
  <member type="way" ref="62225234" role=""/>
  <member type="way" ref="62225257" role=""/>
  <member type="way" ref="48880941" role=""/>
  <member type="way" ref="48880913" role=""/>
  <member type="way" ref="593473538" role=""/>
  <member type="way" ref="1214827045" role=""/>
  <member type="way" ref="62225242" role=""/>
  <member type="way" ref="39175558" role=""/>
  <member type="way" ref="39175557" role=""/>
  <member type="way" ref="234877645" role=""/>
  <member type="way" ref="234877643" role=""/>
  <member type="way" ref="234877642" role=""/>
  <member type="way" ref="39175568" role=""/>
  <member type="way" ref="39175569" role=""/>
  <member type="way" ref="591902653" role=""/>
  <member type="way" ref="591902652" role=""/>
  <member type="way" ref="536487958" role=""/>
  <member type="way" ref="955313405" role=""/>
  <member type="way" ref="234877639" role=""/>
  <member type="way" ref="45439874" role=""/>
  <member type="way" ref="45439879" role=""/>
  <member type="way" ref="22780897" role=""/>
  <member type="way" ref="345720383" role=""/>
  <member type="way" ref="345720384" role=""/>
  <member type="way" ref="593473512" role=""/>
  <member type="way" ref="22789665" role=""/>
  <member type="way" ref="22789666" role=""/>
  <member type="way" ref="23550048" role=""/>
  <member type="way" ref="23550049" role=""/>
  <member type="way" ref="593473498" role=""/>
  <member type="way" ref="25949760" role=""/>
  <member type="way" ref="1433895283" role=""/>
  <member type="way" ref="25949761" role=""/>
  <member type="way" ref="22780902" role=""/>
  <member type="way" ref="306576900" role=""/>
  <member type="way" ref="235616663" role=""/>
  <member type="way" ref="27417525" role=""/>
  <member type="way" ref="27417526" role=""/>
  <member type="way" ref="228461824" role=""/>
  <member type="way" ref="228461823" role=""/>
  <member type="way" ref="302244492" role=""/>
  <member type="way" ref="25861786" role=""/>
  <member type="way" ref="25861787" role=""/>
  <member type="way" ref="971602122" role=""/>
  <member type="way" ref="971602121" role=""/>
  <member type="way" ref="86346437" role=""/>
  <member type="way" ref="86346515" role=""/>
  <member type="way" ref="255159469" role=""/>
  <member type="way" ref="25985520" role=""/>
  <member type="way" ref="313585270" role=""/>
  <member type="way" ref="313585271" role=""/>
  <member type="way" ref="354260439" role=""/>
  <member type="way" ref="199999945" role=""/>
  <member type="way" ref="546934691" role=""/>
  <member type="way" ref="198546996" role=""/>
  <member type="way" ref="305042588" role=""/>
  <member type="way" ref="255159468" role=""/>
  <member type="way" ref="198546997" role=""/>
  <member type="way" ref="255159466" role=""/>
  <member type="way" ref="199999936" role=""/>
  <member type="way" ref="26977057" role=""/>
  <member type="way" ref="26977058" role=""/>
  <member type="way" ref="172550713" role=""/>
  <member type="way" ref="511853615" role=""/>
  <member type="way" ref="313585272" role=""/>
  <member type="way" ref="511853614" role=""/>
  <member type="way" ref="27561491" role=""/>
  <member type="way" ref="27561485" role=""/>
  <member type="way" ref="195488961" role=""/>
  <member type="way" ref="1068318146" role=""/>
  <member type="way" ref="348400737" role=""/>
  <member type="way" ref="408467966" role=""/>
  <member type="way" ref="1115504136" role=""/>
  <member type="way" ref="449734905" role=""/>
  <member type="way" ref="1115517837" role=""/>
  <member type="way" ref="141862178" role=""/>
  <member type="way" ref="73547756" role=""/>
  <member type="way" ref="117320842" role=""/>
  <member type="way" ref="423121315" role=""/>
  <member type="way" ref="255159465" role=""/>
  <member type="way" ref="172550718" role=""/>
  <member type="way" ref="1037801512" role=""/>
  <member type="way" ref="731868097" role=""/>
  <member type="way" ref="423121316" role=""/>
  <member type="way" ref="199999940" role=""/>
  <member type="way" ref="255159467" role=""/>
  <member type="way" ref="1338423267" role=""/>
  <member type="way" ref="922881501" role=""/>
  <member type="way" ref="453289413" role=""/>
  <member type="way" ref="293725522" role=""/>
  <member type="way" ref="1338423260" role=""/>
  <member type="way" ref="1014970343" role=""/>
  <member type="way" ref="1338423264" role=""/>
  <member type="way" ref="453289415" role=""/>
  <member type="way" ref="5899550" role=""/>
  <member type="way" ref="7643902" role=""/>
  <member type="way" ref="72206319" role=""/>
  <member type="way" ref="241846296" role=""/>
  <member type="way" ref="136059371" role=""/>
  <member type="way" ref="1015037052" role=""/>
  <member type="way" ref="307946098" role=""/>
  <member type="way" ref="1015037051" role=""/>
  <member type="way" ref="241846260" role=""/>
  <member type="way" ref="501188371" role=""/>
  <member type="way" ref="241846261" role=""/>
  <member type="way" ref="252027716" role=""/>
  <member type="way" ref="136434593" role=""/>
  <member type="way" ref="241846275" role=""/>
  <member type="way" ref="241846289" role=""/>
  <member type="way" ref="48417644" role=""/>
  <member type="way" ref="241846295" role=""/>
  <member type="way" ref="252027712" role=""/>
  <member type="way" ref="24344109" role=""/>
  <member type="way" ref="72206994" role=""/>
  <member type="way" ref="755559406" role=""/>
  <member type="way" ref="363601906" role=""/>
  <member type="way" ref="127683316" role=""/>
  <member type="way" ref="24343404" role=""/>
  <member type="way" ref="24343403" role=""/>
  <member type="way" ref="194292491" role=""/>
  <member type="way" ref="71591653" role=""/>
  <member type="way" ref="71591678" role=""/>
  <member type="way" ref="71591683" role=""/>
  <member type="way" ref="501749277" role=""/>
  <member type="way" ref="136434592" role=""/>
  <member type="way" ref="251998036" role=""/>
  <member type="way" ref="71591684" role=""/>
  <member type="way" ref="4360903" role=""/>
  <member type="way" ref="4360902" role=""/>
  <member type="way" ref="364390434" role=""/>
  <member type="way" ref="364390432" role=""/>
  <member type="way" ref="31048292" role=""/>
  <member type="way" ref="953138342" role=""/>
  <member type="way" ref="71609575" role=""/>
  <member type="way" ref="241758964" role=""/>
  <member type="way" ref="318930685" role=""/>
  <member type="way" ref="172550738" role=""/>
  <member type="way" ref="172550739" role=""/>
  <member type="way" ref="176328238" role=""/>
  <member type="way" ref="1007059805" role=""/>
  <member type="way" ref="511574924" role=""/>
  <member type="way" ref="925527396" role=""/>
  <member type="way" ref="903220186" role=""/>
  <member type="way" ref="903220185" role=""/>
  <member type="way" ref="176328230" role=""/>
  <tag k="from" v="Asturias"/>
  <tag k="name" v="Bus VAC-160: Asturias → León → Madrid"/>
  <tag k="network" v="Autobuses de España"/>
  <tag k="network:short" v="bus.es"/>
  <tag k="network:wikidata" v="Q108443913"/>
  <tag k="operator" v="Alsa"/>
  <tag k="operator:wikidata" v="Q294510"/>
  <tag k="public_transport:version" v="2"/>
  <tag k="ref" v="VAC-160"/>
  <tag k="route" v="bus"/>
  <tag k="to" v="Madrid"/>
  <tag k="type" v="route"/>
 </relation>
 <relation id="11168766" visible="true" version="156" changeset="189020883" timestamp="2026-09-14T16:37:42Z" user="Enrique Garcia Gómez" uid="24545861">
  <member type="node" ref="12845246720" role="stop"/>
  <member type="node" ref="1868668293" role="platform"/>
  <member type="node" ref="610317482" role="stop"/>
  <member type="way" ref="47377975" role="platform"/>
  <member type="node" ref="2638867864" role="stop"/>
  <member type="node" ref="8589432331" role="platform"/>
  <member type="node" ref="12501078683" role="stop"/>
  <member type="node" ref="12501078682" role="platform"/>
  <member type="node" ref="7595701250" role="stop"/>
  <member type="node" ref="13818487438" role="platform"/>
  <member type="node" ref="8589432334" role="stop"/>
  <member type="node" ref="8589432333" role="platform"/>
  <member type="way" ref="920536266" role=""/>
  <member type="way" ref="925527396" role=""/>
  <member type="way" ref="903220186" role=""/>
  <member type="way" ref="903220185" role=""/>
  <member type="way" ref="176328230" role=""/>
  <member type="way" ref="922881502" role=""/>
  <member type="way" ref="903579371" role=""/>
  <member type="way" ref="590885482" role=""/>
  <member type="way" ref="590885483" role=""/>
  <member type="way" ref="590885484" role=""/>
  <member type="way" ref="511570416" role=""/>
  <member type="way" ref="512149343" role=""/>
  <member type="way" ref="511362275" role=""/>
  <member type="way" ref="511362952" role=""/>
  <member type="way" ref="511410395" role=""/>
  <member type="way" ref="903220189" role=""/>
  <member type="way" ref="511361274" role=""/>
  <member type="way" ref="1007059806" role=""/>
  <member type="way" ref="176328238" role=""/>
  <member type="way" ref="172550739" role=""/>
  <member type="way" ref="172382362" role=""/>
  <member type="way" ref="172382356" role=""/>
  <member type="way" ref="172382359" role=""/>
  <member type="way" ref="4360877" role=""/>
  <member type="way" ref="277930860" role=""/>
  <member type="way" ref="339892787" role=""/>
  <member type="way" ref="813689626" role=""/>
  <member type="way" ref="277930859" role=""/>
  <member type="way" ref="4360874" role=""/>
  <member type="way" ref="4360876" role=""/>
  <member type="way" ref="135311398" role=""/>
  <member type="way" ref="46098092" role=""/>
  <member type="way" ref="78048299" role=""/>
  <member type="way" ref="277930858" role=""/>
  <member type="way" ref="4360911" role=""/>
  <member type="way" ref="4360875" role=""/>
  <member type="way" ref="71591689" role=""/>
  <member type="way" ref="71591659" role=""/>
  <member type="way" ref="194292489" role=""/>
  <member type="way" ref="127683315" role=""/>
  <member type="way" ref="4360912" role=""/>
  <member type="way" ref="7643425" role=""/>
  <member type="way" ref="755352169" role=""/>
  <member type="way" ref="72207160" role=""/>
  <member type="way" ref="24344227" role=""/>
  <member type="way" ref="755352167" role=""/>
  <member type="way" ref="24344159" role=""/>
  <member type="way" ref="921843986" role=""/>
  <member type="way" ref="243286844" role=""/>
  <member type="way" ref="1115525916" role=""/>
  <member type="way" ref="243286835" role=""/>
  <member type="way" ref="78048641" role=""/>
  <member type="way" ref="501188370" role=""/>
  <member type="way" ref="136021213" role=""/>
  <member type="way" ref="348400738" role=""/>
  <member type="way" ref="501188372" role=""/>
  <member type="way" ref="182060145" role=""/>
  <member type="way" ref="243286836" role=""/>
  <member type="way" ref="136021212" role=""/>
  <member type="way" ref="243289389" role=""/>
  <member type="way" ref="348400740" role=""/>
  <member type="way" ref="136021211" role=""/>
  <member type="way" ref="243289402" role=""/>
  <member type="way" ref="72206262" role=""/>
  <member type="way" ref="5899549" role=""/>
  <member type="way" ref="4083685" role=""/>
  <member type="way" ref="1298211345" role=""/>
  <member type="way" ref="243289420" role=""/>
  <member type="way" ref="188551863" role=""/>
  <member type="way" ref="1338423269" role=""/>
  <member type="way" ref="1338423268" role=""/>
  <member type="way" ref="188551862" role=""/>
  <member type="way" ref="136059373" role=""/>
  <member type="way" ref="243289391" role=""/>
  <member type="way" ref="312613924" role=""/>
  <member type="way" ref="136059372" role=""/>
  <member type="way" ref="194030473" role=""/>
  <member type="way" ref="312613925" role=""/>
  <member type="way" ref="243289384" role=""/>
  <member type="way" ref="277930856" role=""/>
  <member type="way" ref="172550717" role=""/>
  <member type="way" ref="1115517839" role=""/>
  <member type="way" ref="1115517838" role=""/>
  <member type="way" ref="73547779" role=""/>
  <member type="way" ref="277930857" role=""/>
  <member type="way" ref="327697138" role=""/>
  <member type="way" ref="172550714" role=""/>
  <member type="way" ref="194574527" role=""/>
  <member type="way" ref="1115498692" role=""/>
  <member type="way" ref="195488960" role=""/>
  <member type="way" ref="1115498691" role=""/>
  <member type="way" ref="27561480" role=""/>
  <member type="way" ref="28191775" role=""/>
  <member type="way" ref="731867003" role=""/>
  <member type="way" ref="313428347" role=""/>
  <member type="way" ref="419982184" role=""/>
  <member type="way" ref="418824545" role=""/>
  <member type="way" ref="313428346" role=""/>
  <member type="way" ref="731867002" role=""/>
  <member type="way" ref="172469114" role=""/>
  <member type="way" ref="26977049" role=""/>
  <member type="way" ref="25985548" role=""/>
  <member type="way" ref="313435518" role=""/>
  <member type="way" ref="731866659" role=""/>
  <member type="way" ref="196252495" role=""/>
  <member type="way" ref="970893579" role=""/>
  <member type="way" ref="196252493" role=""/>
  <member type="way" ref="970893580" role=""/>
  <member type="way" ref="313435519" role=""/>
  <member type="way" ref="199924914" role=""/>
  <member type="way" ref="970893581" role=""/>
  <member type="way" ref="368328546" role=""/>
  <member type="way" ref="1075839972" role=""/>
  <member type="way" ref="305491191" role=""/>
  <member type="way" ref="368328545" role=""/>
  <member type="way" ref="313585268" role=""/>
  <member type="way" ref="313585269" role=""/>
  <member type="way" ref="4083682" role=""/>
  <member type="way" ref="86346446" role=""/>
  <member type="way" ref="971602123" role=""/>
  <member type="way" ref="971602124" role=""/>
  <member type="way" ref="86346525" role=""/>
  <member type="way" ref="25861790" role=""/>
  <member type="way" ref="25861791" role=""/>
  <member type="way" ref="235617705" role=""/>
  <member type="way" ref="228461825" role=""/>
  <member type="way" ref="228461826" role=""/>
  <member type="way" ref="27417527" role=""/>
  <member type="way" ref="27417528" role=""/>
  <member type="way" ref="235615637" role=""/>
  <member type="way" ref="306576899" role=""/>
  <member type="way" ref="172998437" role=""/>
  <member type="way" ref="25949765" role=""/>
  <member type="way" ref="62225270" role=""/>
  <member type="way" ref="4302140" role=""/>
  <member type="way" ref="4302141" role=""/>
  <member type="way" ref="1115498689" role=""/>
  <member type="way" ref="593473493" role=""/>
  <member type="way" ref="292333302" role=""/>
  <member type="way" ref="173093419" role=""/>
  <member type="way" ref="4302142" role=""/>
  <member type="way" ref="4302143" role=""/>
  <member type="way" ref="1217319165" role=""/>
  <member type="way" ref="4083683" role=""/>
  <member type="way" ref="4300313" role=""/>
  <member type="way" ref="593473516" role=""/>
  <member type="way" ref="593473508" role=""/>
  <member type="way" ref="593473504" role=""/>
  <member type="way" ref="45439877" role=""/>
  <member type="way" ref="45439876" role=""/>
  <member type="way" ref="173093418" role=""/>
  <member type="way" ref="902795699" role=""/>
  <member type="way" ref="39175570" role=""/>
  <member type="way" ref="39175571" role=""/>
  <member type="way" ref="593473521" role=""/>
  <member type="way" ref="255159464" role=""/>
  <member type="way" ref="62225253" role=""/>
  <member type="way" ref="39175560" role=""/>
  <member type="way" ref="39175559" role=""/>
  <member type="way" ref="593473525" role=""/>
  <member type="way" ref="593473530" role=""/>
  <member type="way" ref="48880939" role=""/>
  <member type="way" ref="48880940" role=""/>
  <member type="way" ref="306600372" role=""/>
  <member type="way" ref="62225244" role=""/>
  <member type="way" ref="62225227" role=""/>
  <member type="way" ref="62225263" role=""/>
  <member type="way" ref="450243975" role=""/>
  <member type="way" ref="450243974" role=""/>
  <member type="way" ref="25004724" role=""/>
  <member type="way" ref="4300314" role=""/>
  <member type="way" ref="881560013" role=""/>
  <member type="way" ref="1197553189" role=""/>
  <member type="way" ref="62225250" role=""/>
  <member type="way" ref="62225282" role=""/>
  <member type="way" ref="62225258" role=""/>
  <member type="way" ref="62225236" role=""/>
  <member type="way" ref="62225276" role=""/>
  <member type="way" ref="4300315" role=""/>
  <member type="way" ref="203780178" role=""/>
  <member type="way" ref="203780179" role=""/>
  <member type="way" ref="4708265" role=""/>
  <member type="way" ref="46138060" role=""/>
  <member type="way" ref="46137991" role=""/>
  <member type="way" ref="4711084" role=""/>
  <member type="way" ref="25186768" role=""/>
  <member type="way" ref="25186769" role=""/>
  <member type="way" ref="25004648" role=""/>
  <member type="way" ref="34342395" role=""/>
  <member type="way" ref="101293505" role=""/>
  <member type="way" ref="101293521" role=""/>
  <member type="way" ref="681625041" role=""/>
  <member type="way" ref="306797163" role=""/>
  <member type="way" ref="306797161" role=""/>
  <member type="way" ref="306797166" role=""/>
  <member type="way" ref="797594886" role=""/>
  <member type="way" ref="306797167" role=""/>
  <member type="way" ref="306797168" role=""/>
  <member type="way" ref="306797165" role=""/>
  <member type="way" ref="1221530432" role=""/>
  <member type="way" ref="768604121" role=""/>
  <member type="way" ref="306797170" role=""/>
  <member type="way" ref="1221529424" role=""/>
  <member type="way" ref="1221529423" role=""/>
  <member type="way" ref="148621809" role=""/>
  <member type="way" ref="148621804" role=""/>
  <member type="way" ref="4711088" role=""/>
  <member type="way" ref="1226044561" role=""/>
  <member type="way" ref="202159364" role=""/>
  <member type="way" ref="1221528124" role=""/>
  <member type="way" ref="1221528121" role=""/>
  <member type="way" ref="801980360" role=""/>
  <member type="way" ref="797594894" role=""/>
  <member type="way" ref="593473553" role=""/>
  <member type="way" ref="1221528116" role=""/>
  <member type="way" ref="1221528115" role=""/>
  <member type="way" ref="235345435" role=""/>
  <member type="way" ref="1226044563" role=""/>
  <member type="way" ref="235346508" role=""/>
  <member type="way" ref="235346512" role=""/>
  <member type="way" ref="235347464" role=""/>
  <member type="way" ref="1221524222" role=""/>
  <member type="way" ref="1221524221" role=""/>
  <member type="way" ref="1221522778" role=""/>
  <member type="way" ref="1221522777" role=""/>
  <member type="way" ref="130585412" role=""/>
  <member type="way" ref="306003815" role=""/>
  <member type="way" ref="74359426" role=""/>
  <member type="way" ref="74359437" role=""/>
  <member type="way" ref="24655195" role=""/>
  <member type="way" ref="24655193" role=""/>
  <member type="way" ref="306003817" role=""/>
  <member type="way" ref="645459441" role=""/>
  <member type="way" ref="378016500" role=""/>
  <member type="way" ref="306003816" role=""/>
  <member type="way" ref="1221520120" role=""/>
  <member type="way" ref="797391576" role=""/>
  <member type="way" ref="130585411" role=""/>
  <member type="way" ref="1221515965" role=""/>
  <member type="way" ref="1221515966" role=""/>
  <member type="way" ref="4711089" role=""/>
  <member type="way" ref="235626623" role=""/>
  <member type="way" ref="235626621" role=""/>
  <member type="way" ref="235152171" role=""/>
  <member type="way" ref="235152173" role=""/>
  <member type="way" ref="32210683" role=""/>
  <member type="way" ref="32210679" role=""/>
  <member type="way" ref="82962933" role=""/>
  <member type="way" ref="82962838" role=""/>
  <member type="way" ref="880775371" role=""/>
  <member type="way" ref="33829430" role=""/>
  <member type="way" ref="33829439" role=""/>
  <member type="way" ref="94617520" role=""/>
  <member type="way" ref="1167813831" role=""/>
  <member type="way" ref="94617543" role=""/>
  <member type="way" ref="94617516" role=""/>
  <member type="way" ref="824162982" role=""/>
  <member type="way" ref="824162981" role=""/>
  <member type="way" ref="94617528" role=""/>
  <member type="way" ref="824162980" role=""/>
  <member type="way" ref="4711156" role=""/>
  <member type="way" ref="42107822" role=""/>
  <member type="way" ref="42107823" role=""/>
  <member type="way" ref="880780667" role=""/>
  <member type="way" ref="1156401861" role=""/>
  <member type="way" ref="34423318" role=""/>
  <member type="way" ref="42431836" role=""/>
  <member type="way" ref="42431835" role=""/>
  <member type="way" ref="789872795" role=""/>
  <member type="way" ref="1314240933" role=""/>
  <member type="way" ref="1314240932" role=""/>
  <member type="way" ref="34423330" role=""/>
  <member type="way" ref="383540779" role=""/>
  <member type="way" ref="34420832" role=""/>
  <member type="way" ref="34420863" role=""/>
  <member type="way" ref="34420860" role=""/>
  <member type="way" ref="26549695" role=""/>
  <member type="way" ref="235825209" role=""/>
  <member type="way" ref="235825213" role=""/>
  <member type="way" ref="235825208" role=""/>
  <member type="way" ref="235825207" role=""/>
  <member type="way" ref="235846737" role=""/>
  <member type="way" ref="235846734" role=""/>
  <member type="way" ref="52461462" role=""/>
  <member type="way" ref="52461444" role=""/>
  <member type="way" ref="235843728" role=""/>
  <member type="way" ref="235846739" role=""/>
  <member type="way" ref="235846735" role=""/>
  <member type="way" ref="48880967" role=""/>
  <member type="way" ref="48880950" role=""/>
  <member type="way" ref="4711259" role=""/>
  <member type="way" ref="623168643" role=""/>
  <member type="way" ref="623168642" role=""/>
  <member type="way" ref="623168641" role=""/>
  <member type="way" ref="92418937" role=""/>
  <member type="way" ref="235850945" role=""/>
  <member type="way" ref="235850975" role=""/>
  <member type="way" ref="24772251" role=""/>
  <member type="way" ref="410882205" role=""/>
  <member type="way" ref="410882207" role=""/>
  <member type="way" ref="24772249" role=""/>
  <member type="way" ref="235858334" role=""/>
  <member type="way" ref="235858304" role=""/>
  <member type="way" ref="235858338" role=""/>
  <member type="way" ref="235858330" role=""/>
  <member type="way" ref="235858320" role=""/>
  <member type="way" ref="235858324" role=""/>
  <member type="way" ref="235858307" role=""/>
  <member type="way" ref="235858316" role=""/>
  <member type="way" ref="235858312" role=""/>
  <member type="way" ref="235858328" role=""/>
  <member type="way" ref="235858318" role=""/>
  <member type="way" ref="1075465410" role=""/>
  <member type="way" ref="23376552" role=""/>
  <member type="way" ref="23376676" role=""/>
  <member type="way" ref="23376226" role=""/>
  <member type="way" ref="13976257" role=""/>
  <member type="way" ref="235859650" role=""/>
  <member type="way" ref="23376970" role=""/>
  <member type="way" ref="1452585806" role=""/>
  <member type="way" ref="52788212" role=""/>
  <member type="way" ref="52788214" role=""/>
  <member type="way" ref="52091570" role=""/>
  <member type="way" ref="52091568" role=""/>
  <member type="way" ref="52091557" role=""/>
  <member type="way" ref="347366770" role=""/>
  <member type="way" ref="1449551917" role=""/>
  <member type="way" ref="1449551916" role=""/>
  <member type="way" ref="368339609" role=""/>
  <member type="way" ref="1075465409" role=""/>
  <member type="way" ref="1452925733" role=""/>
  <member type="way" ref="1452925734" role=""/>
  <member type="way" ref="368339613" role=""/>
  <member type="way" ref="1449551913" role=""/>
  <member type="way" ref="1452925735" role=""/>
  <member type="way" ref="1452925736" role=""/>
  <member type="way" ref="1449551912" role=""/>
  <member type="way" ref="23375893" role=""/>
  <member type="way" ref="380767160" role=""/>
  <member type="way" ref="1449551921" role=""/>
  <member type="way" ref="1449551922" role=""/>
  <member type="way" ref="1449551925" role=""/>
  <member type="way" ref="1452927896" role=""/>
  <member type="way" ref="1452927897" role=""/>
  <member type="way" ref="1449551926" role=""/>
  <member type="way" ref="1452927899" role=""/>
  <member type="way" ref="1452927900" role=""/>
  <member type="way" ref="1449551931" role=""/>
  <member type="way" ref="1449551932" role=""/>
  <member type="way" ref="1449551933" role=""/>
  <member type="way" ref="1449551934" role=""/>
  <member type="way" ref="1452928320" role=""/>
  <member type="way" ref="1452928319" role=""/>
  <member type="way" ref="1449551937" role=""/>
  <member type="way" ref="1452929287" role=""/>
  <member type="way" ref="1452929286" role=""/>
  <member type="way" ref="1449551938" role=""/>
  <member type="way" ref="1449551939" role=""/>
  <member type="way" ref="1449551940" role=""/>
  <member type="way" ref="13976236" role=""/>
  <member type="way" ref="1449551942" role=""/>
  <member type="way" ref="1452931599" role=""/>
  <member type="way" ref="1452931598" role=""/>
  <member type="way" ref="1452931600" role=""/>
  <member type="way" ref="1449551945" role=""/>
  <member type="way" ref="1449551946" role=""/>
  <member type="way" ref="1449551941" role=""/>
  <member type="way" ref="305424598" role=""/>
  <member type="way" ref="305424594" role=""/>
  <member type="way" ref="299773491" role=""/>
  <member type="way" ref="1449551947" role=""/>
  <member type="way" ref="136896866" role=""/>
  <member type="way" ref="4874827" role=""/>
  <member type="way" ref="99069478" role=""/>
  <member type="way" ref="99069512" role=""/>
  <member type="way" ref="51793655" role=""/>
  <member type="way" ref="51793656" role=""/>
  <member type="way" ref="40953438" role=""/>
  <member type="way" ref="40953439" role=""/>
  <member type="way" ref="1182136861" role=""/>
  <member type="way" ref="48880636" role=""/>
  <member type="way" ref="48880495" role=""/>
  <member type="way" ref="40953435" role=""/>
  <member type="way" ref="40953433" role=""/>
  <member type="way" ref="4860107" role=""/>
  <member type="way" ref="4860102" role=""/>
  <member type="way" ref="40952743" role=""/>
  <member type="way" ref="40952739" role=""/>
  <member type="way" ref="51793704" role=""/>
  <member type="way" ref="51793706" role=""/>
  <member type="way" ref="4860101" role=""/>
  <member type="way" ref="4859684" role=""/>
  <member type="way" ref="40952734" role=""/>
  <member type="way" ref="40952736" role=""/>
  <member type="way" ref="40952731" role=""/>
  <member type="way" ref="40952730" role=""/>
  <member type="way" ref="40952727" role=""/>
  <member type="way" ref="40952726" role=""/>
  <member type="way" ref="4859866" role=""/>
  <member type="way" ref="4859864" role=""/>
  <member type="way" ref="40952724" role=""/>
  <member type="way" ref="40952723" role=""/>
  <member type="way" ref="79120867" role=""/>
  <member type="way" ref="79120861" role=""/>
  <member type="way" ref="4854913" role=""/>
  <member type="way" ref="256750277" role=""/>
  <member type="way" ref="26498987" role=""/>
  <member type="way" ref="4854955" role=""/>
  <member type="way" ref="4818166" role=""/>
  <member type="way" ref="93508541" role=""/>
  <member type="way" ref="256750282" role=""/>
  <member type="way" ref="189138947" role=""/>
  <member type="way" ref="93508477" role=""/>
  <member type="way" ref="93508523" role=""/>
  <member type="way" ref="93508491" role=""/>
  <member type="way" ref="93508467" role=""/>
  <member type="way" ref="812981968" role=""/>
  <member type="way" ref="256750275" role=""/>
  <member type="way" ref="183511883" role=""/>
  <member type="way" ref="183511897" role=""/>
  <member type="way" ref="257080340" role=""/>
  <member type="way" ref="257080348" role=""/>
  <member type="way" ref="183511884" role=""/>
  <member type="way" ref="1558892844" role=""/>
  <member type="way" ref="1558892843" role=""/>
  <member type="way" ref="183511889" role=""/>
  <member type="way" ref="257080341" role=""/>
  <member type="way" ref="257080345" role=""/>
  <member type="way" ref="760254428" role=""/>
  <member type="way" ref="925527403" role=""/>
  <member type="way" ref="1558892850" role=""/>
  <member type="way" ref="196179507" role=""/>
  <member type="way" ref="257080347" role=""/>
  <member type="way" ref="1558892849" role=""/>
  <member type="way" ref="925527404" role=""/>
  <member type="way" ref="23041956" role=""/>
  <member type="way" ref="925527407" role=""/>
  <member type="way" ref="1558879899" role=""/>
  <member type="way" ref="23041993" role=""/>
  <member type="way" ref="1558879901" role=""/>
  <member type="way" ref="1216093355" role=""/>
  <member type="way" ref="814864801" role=""/>
  <member type="way" ref="26339076" role=""/>
  <member type="way" ref="26339084" role=""/>
  <member type="way" ref="807153963" role=""/>
  <member type="way" ref="26339081" role=""/>
  <member type="way" ref="807153964" role=""/>
  <member type="way" ref="116576051" role=""/>
  <member type="way" ref="1210613430" role=""/>
  <member type="way" ref="1212026948" role=""/>
  <member type="way" ref="802902925" role=""/>
  <member type="way" ref="1558879903" role=""/>
  <member type="way" ref="47986349" role=""/>
  <member type="way" ref="812981971" role=""/>
  <member type="way" ref="26955918" role=""/>
  <member type="way" ref="26338765" role=""/>
  <member type="way" ref="1558879903" role=""/>
  <member type="way" ref="802902925" role=""/>
  <member type="way" ref="1212026948" role=""/>
  <member type="way" ref="1210613430" role=""/>
  <member type="way" ref="116576060" role=""/>
  <member type="way" ref="802984858" role=""/>
  <member type="way" ref="807153965" role=""/>
  <member type="way" ref="1217420251" role=""/>
  <member type="way" ref="26338762" role=""/>
  <member type="way" ref="26339074" role=""/>
  <member type="way" ref="802984859" role=""/>
  <member type="way" ref="1216093354" role=""/>
  <member type="way" ref="26338764" role=""/>
  <member type="way" ref="806797253" role=""/>
  <member type="way" ref="806797252" role=""/>
  <member type="way" ref="1558879902" role=""/>
  <member type="way" ref="225990593" role=""/>
  <member type="way" ref="1558879900" role=""/>
  <member type="way" ref="925527405" role=""/>
  <member type="way" ref="1558879898" role=""/>
  <member type="way" ref="23041960" role=""/>
  <member type="way" ref="813119914" role=""/>
  <member type="way" ref="81133105" role=""/>
  <member type="way" ref="81133093" role=""/>
  <member type="way" ref="26942791" role=""/>
  <member type="way" ref="26942790" role=""/>
  <member type="way" ref="81133987" role=""/>
  <member type="way" ref="81133983" role=""/>
  <member type="way" ref="1558898229" role=""/>
  <member type="way" ref="1558898228" role=""/>
  <member type="way" ref="1558898230" role=""/>
  <member type="way" ref="26942590" role=""/>
  <member type="way" ref="1162981444" role=""/>
  <member type="way" ref="1558898225" role=""/>
  <member type="way" ref="1558898224" role=""/>
  <member type="way" ref="81133981" role=""/>
  <member type="way" ref="81134000" role=""/>
  <member type="way" ref="26942634" role=""/>
  <member type="way" ref="26942633" role=""/>
  <member type="way" ref="81133963" role=""/>
  <member type="way" ref="81133999" role=""/>
  <member type="way" ref="81133984" role=""/>
  <member type="way" ref="81134006" role=""/>
  <member type="way" ref="4869456" role=""/>
  <member type="way" ref="34037969" role=""/>
  <member type="way" ref="66481980" role=""/>
  <member type="way" ref="813125119" role=""/>
  <member type="way" ref="789238083" role=""/>
  <member type="way" ref="34038867" role=""/>
  <member type="way" ref="1426122049" role=""/>
  <member type="way" ref="34038866" role=""/>
  <member type="way" ref="306889014" role=""/>
  <member type="way" ref="306889009" role=""/>
  <member type="way" ref="813125120" role=""/>
  <member type="way" ref="4830564" role=""/>
  <member type="way" ref="50459265" role=""/>
  <member type="way" ref="50459266" role=""/>
  <member type="way" ref="44366324" role=""/>
  <member type="way" ref="257122536" role=""/>
  <member type="way" ref="239279149" role=""/>
  <member type="way" ref="239279150" role=""/>
  <member type="way" ref="230723205" role=""/>
  <member type="way" ref="239279156" role=""/>
  <member type="way" ref="56680762" role=""/>
  <member type="way" ref="5217307" role=""/>
  <member type="way" ref="4869410" role=""/>
  <member type="way" ref="257122538" role=""/>
  <member type="way" ref="4869412" role=""/>
  <member type="way" ref="4852597" role=""/>
  <member type="way" ref="258138881" role=""/>
  <member type="way" ref="258138883" role=""/>
  <member type="way" ref="54447728" role=""/>
  <member type="way" ref="54447730" role=""/>
  <member type="way" ref="54447379" role=""/>
  <member type="way" ref="54447373" role=""/>
  <member type="way" ref="81175473" role=""/>
  <member type="way" ref="81175477" role=""/>
  <member type="way" ref="4830561" role=""/>
  <member type="way" ref="379147336" role=""/>
  <member type="way" ref="258138884" role=""/>
  <member type="way" ref="56021008" role=""/>
  <member type="way" ref="56021036" role=""/>
  <member type="way" ref="4830551" role=""/>
  <member type="way" ref="4830549" role=""/>
  <member type="way" ref="258138880" role=""/>
  <member type="way" ref="4830456" role=""/>
  <member type="way" ref="4830454" role=""/>
  <member type="way" ref="4830559" role=""/>
  <member type="way" ref="4830557" role=""/>
  <member type="way" ref="239279147" role=""/>
  <member type="way" ref="769120298" role=""/>
  <member type="way" ref="4830455" role=""/>
  <member type="way" ref="50826242" role=""/>
  <member type="way" ref="258138888" role=""/>
  <member type="way" ref="81164207" role=""/>
  <member type="way" ref="50826220" role=""/>
  <member type="way" ref="54445739" role=""/>
  <member type="way" ref="54445717" role=""/>
  <member type="way" ref="258138885" role=""/>
  <member type="way" ref="4830448" role=""/>
  <member type="way" ref="4830335" role=""/>
  <member type="way" ref="307597895" role=""/>
  <member type="way" ref="307597896" role=""/>
  <member type="way" ref="4830334" role=""/>
  <member type="way" ref="4830336" role=""/>
  <member type="way" ref="4830337" role=""/>
  <member type="way" ref="4830330" role=""/>
  <member type="way" ref="483238029" role=""/>
  <member type="way" ref="4830339" role=""/>
  <member type="way" ref="1338665495" role=""/>
  <member type="way" ref="1341266874" role=""/>
  <member type="way" ref="1341266876" role=""/>
  <member type="way" ref="1338665499" role=""/>
  <member type="way" ref="4830328" role=""/>
  <member type="way" ref="483238344" role=""/>
  <member type="way" ref="4803579" role=""/>
  <member type="way" ref="239279145" role=""/>
  <member type="way" ref="94658799" role=""/>
  <member type="way" ref="94658795" role=""/>
  <member type="way" ref="4803588" role=""/>
  <member type="way" ref="4803586" role=""/>
  <member type="way" ref="377071944" role=""/>
  <member type="way" ref="4803584" role=""/>
  <member type="way" ref="4803581" role=""/>
  <member type="way" ref="4803571" role=""/>
  <member type="way" ref="545749460" role=""/>
  <member type="way" ref="545749459" role=""/>
  <member type="way" ref="545749461" role=""/>
  <member type="way" ref="545749462" role=""/>
  <member type="way" ref="4803573" role=""/>
  <member type="way" ref="4803335" role=""/>
  <member type="way" ref="93671686" role=""/>
  <member type="way" ref="93671688" role=""/>
  <member type="way" ref="4803337" role=""/>
  <member type="way" ref="620421340" role=""/>
  <member type="way" ref="4798420" role=""/>
  <member type="way" ref="78504036" role=""/>
  <member type="way" ref="78504034" role=""/>
  <member type="way" ref="233878650" role=""/>
  <member type="way" ref="233878645" role=""/>
  <member type="way" ref="239280219" role=""/>
  <member type="way" ref="4798417" role=""/>
  <member type="way" ref="4797736" role=""/>
  <member type="way" ref="239280221" role=""/>
  <member type="way" ref="601280262" role=""/>
  <member type="way" ref="601280261" role=""/>
  <member type="way" ref="177618463" role=""/>
  <member type="way" ref="177618465" role=""/>
  <member type="way" ref="4803021" role=""/>
  <member type="way" ref="1299702097" role=""/>
  <member type="way" ref="1177222587" role=""/>
  <member type="way" ref="4803023" role=""/>
  <member type="way" ref="67521286" role=""/>
  <member type="way" ref="1300202384" role=""/>
  <member type="way" ref="1302424872" role=""/>
  <member type="way" ref="1302424871" role=""/>
  <member type="way" ref="8463973" role=""/>
  <member type="way" ref="1302424885" role=""/>
  <member type="way" ref="8463982" role=""/>
  <member type="way" ref="1556799625" role=""/>
  <member type="way" ref="72049437" role=""/>
  <member type="way" ref="161969019" role=""/>
  <member type="way" ref="1351828984" role=""/>
  <member type="way" ref="297650447" role=""/>
  <member type="way" ref="161969017" role=""/>
  <member type="way" ref="72049775" role=""/>
  <member type="way" ref="72049438" role=""/>
  <member type="way" ref="366528425" role=""/>
  <member type="way" ref="72049773" role=""/>
  <member type="way" ref="1432296749" role=""/>
  <member type="way" ref="161969016" role=""/>
  <member type="way" ref="72051218" role=""/>
  <member type="way" ref="72051214" role=""/>
  <member type="way" ref="67519075" role=""/>
  <member type="way" ref="814864804" role=""/>
  <member type="way" ref="258551210" role=""/>
  <member type="way" ref="813149915" role=""/>
  <member type="way" ref="1426389788" role=""/>
  <member type="way" ref="1426389790" role=""/>
  <member type="way" ref="814864804" role=""/>
  <member type="way" ref="814864803" role=""/>
  <member type="way" ref="67519072" role=""/>
  <member type="way" ref="72051218" role=""/>
  <member type="way" ref="161969016" role=""/>
  <member type="way" ref="72049772" role=""/>
  <member type="way" ref="366528422" role=""/>
  <member type="way" ref="366528432" role=""/>
  <member type="way" ref="366528423" role=""/>
  <member type="way" ref="72049768" role=""/>
  <member type="way" ref="72049775" role=""/>
  <member type="way" ref="161969017" role=""/>
  <member type="way" ref="297650447" role=""/>
  <member type="way" ref="1351828984" role=""/>
  <member type="way" ref="161969019" role=""/>
  <member type="way" ref="72049437" role=""/>
  <member type="way" ref="1556799625" role=""/>
  <member type="way" ref="8463983" role=""/>
  <member type="way" ref="925527400" role=""/>
  <member type="way" ref="4803026" role=""/>
  <member type="way" ref="4803023" role=""/>
  <member type="way" ref="1177222587" role=""/>
  <member type="way" ref="1299702097" role=""/>
  <member type="way" ref="4803024" role=""/>
  <member type="way" ref="813163315" role=""/>
  <member type="way" ref="971388464" role=""/>
  <member type="way" ref="971388463" role=""/>
  <member type="way" ref="4802716" role=""/>
  <member type="way" ref="67519090" role=""/>
  <member type="way" ref="620503438" role=""/>
  <member type="way" ref="67519084" role=""/>
  <member type="way" ref="317542652" role=""/>
  <member type="way" ref="96793483" role=""/>
  <member type="way" ref="96793518" role=""/>
  <member type="way" ref="317727956" role=""/>
  <member type="way" ref="220536703" role=""/>
  <member type="way" ref="220536704" role=""/>
  <member type="way" ref="4797737" role=""/>
  <member type="way" ref="54359660" role=""/>
  <member type="way" ref="317727954" role=""/>
  <member type="way" ref="54359661" role=""/>
  <member type="way" ref="54359662" role=""/>
  <member type="way" ref="317816024" role=""/>
  <member type="way" ref="4801915" role=""/>
  <member type="way" ref="4797735" role=""/>
  <member type="way" ref="317816025" role=""/>
  <member type="way" ref="16113490" role=""/>
  <member type="way" ref="16113492" role=""/>
  <member type="way" ref="4801909" role=""/>
  <member type="way" ref="4801906" role=""/>
  <member type="way" ref="4797511" role=""/>
  <member type="way" ref="1201603677" role=""/>
  <member type="way" ref="1201603676" role=""/>
  <member type="way" ref="317816023" role=""/>
  <member type="way" ref="907131438" role=""/>
  <member type="way" ref="907131437" role=""/>
  <member type="way" ref="317816018" role=""/>
  <member type="way" ref="907131048" role=""/>
  <member type="way" ref="907131049" role=""/>
  <member type="way" ref="40624854" role=""/>
  <member type="way" ref="317816022" role=""/>
  <member type="way" ref="813177221" role=""/>
  <member type="way" ref="8017860" role=""/>
  <member type="way" ref="163439201" role=""/>
  <member type="way" ref="161368718" role=""/>
  <member type="way" ref="40624879" role=""/>
  <member type="way" ref="163439193" role=""/>
  <member type="way" ref="163439194" role=""/>
  <member type="way" ref="40625301" role=""/>
  <member type="way" ref="161368723" role=""/>
  <member type="way" ref="40624877" role=""/>
  <member type="way" ref="40624855" role=""/>
  <member type="way" ref="1066754457" role=""/>
  <member type="way" ref="40625946" role=""/>
  <member type="way" ref="55219852" role=""/>
  <member type="way" ref="55219853" role=""/>
  <member type="way" ref="1211280197" role=""/>
  <member type="way" ref="40625963" role=""/>
  <member type="way" ref="1211280199" role=""/>
  <member type="way" ref="310571846" role=""/>
  <member type="way" ref="4852985" role=""/>
  <member type="way" ref="4852986" role=""/>
  <member type="way" ref="84999063" role=""/>
  <member type="way" ref="84999083" role=""/>
  <member type="way" ref="84999089" role=""/>
  <member type="way" ref="1150285559" role=""/>
  <member type="way" ref="84999088" role=""/>
  <member type="way" ref="45897911" role=""/>
  <member type="way" ref="310571841" role=""/>
  <member type="way" ref="605581018" role=""/>
  <member type="way" ref="361094850" role=""/>
  <member type="way" ref="221470826" role=""/>
  <member type="way" ref="310571840" role=""/>
  <member type="way" ref="605581017" role=""/>
  <member type="way" ref="330915578" role=""/>
  <member type="way" ref="1231876989" role=""/>
  <member type="way" ref="40625526" role=""/>
  <member type="way" ref="45985812" role=""/>
  <member type="way" ref="45985802" role=""/>
  <member type="way" ref="605276899" role=""/>
  <member type="way" ref="45987314" role=""/>
  <member type="way" ref="40625489" role=""/>
  <member type="way" ref="405210191" role=""/>
  <member type="way" ref="40625019" role=""/>
  <member type="way" ref="40626564" role=""/>
  <member type="way" ref="85472318" role=""/>
  <member type="way" ref="85472326" role=""/>
  <member type="way" ref="605091343" role=""/>
  <member type="way" ref="70931769" role=""/>
  <member type="way" ref="70931635" role=""/>
  <member type="way" ref="605832951" role=""/>
  <member type="way" ref="605832951" role=""/>
  <member type="way" ref="40623844" role=""/>
  <member type="way" ref="4861152" role=""/>
  <member type="way" ref="65019747" role=""/>
  <member type="way" ref="606409601" role=""/>
  <member type="way" ref="605089854" role=""/>
  <member type="way" ref="605026888" role=""/>
  <member type="way" ref="4852975" role=""/>
  <member type="way" ref="485960274" role=""/>
  <member type="way" ref="529141028" role=""/>
  <member type="way" ref="472136914" role=""/>
  <member type="way" ref="1284620129" role=""/>
  <member type="way" ref="40626583" role=""/>
  <member type="way" ref="384863953" role=""/>
  <member type="way" ref="470650211" role=""/>
  <member type="way" ref="154675115" role=""/>
  <member type="way" ref="154675117" role=""/>
  <member type="way" ref="849599670" role=""/>
  <member type="way" ref="849599669" role=""/>
  <member type="way" ref="40626581" role=""/>
  <member type="way" ref="45985808" role=""/>
  <member type="way" ref="46427874" role=""/>
  <member type="way" ref="46427873" role=""/>
  <member type="way" ref="45894649" role=""/>
  <member type="way" ref="530123944" role=""/>
  <member type="way" ref="470653154" role=""/>
  <member type="way" ref="84841896" role=""/>
  <member type="way" ref="155830453" role=""/>
  <member type="way" ref="155830448" role=""/>
  <member type="way" ref="1473805641" role=""/>
  <member type="way" ref="45899802" role=""/>
  <member type="way" ref="45985805" role=""/>
  <member type="way" ref="45985803" role=""/>
  <member type="way" ref="532551272" role=""/>
  <member type="way" ref="472242326" role=""/>
  <member type="way" ref="606471514" role=""/>
  <member type="way" ref="472242327" role=""/>
  <member type="way" ref="636049667" role=""/>
  <member type="way" ref="71395203" role=""/>
  <member type="way" ref="71395203" role=""/>
  <member type="way" ref="636049667" role=""/>
  <member type="way" ref="40626719" role=""/>
  <member type="way" ref="586266790" role=""/>
  <member type="way" ref="586266790" role=""/>
  <member type="way" ref="605880655" role=""/>
  <member type="way" ref="45894648" role=""/>
  <member type="way" ref="186073883" role=""/>
  <member type="way" ref="529141036" role=""/>
  <member type="way" ref="529141035" role=""/>
  <member type="way" ref="529141034" role=""/>
  <member type="way" ref="605276898" role=""/>
  <member type="way" ref="529141031" role=""/>
  <member type="way" ref="529141029" role=""/>
  <member type="way" ref="23651278" role=""/>
  <member type="way" ref="814864805" role=""/>
  <member type="way" ref="605880656" role=""/>
  <member type="way" ref="40625162" role=""/>
  <member type="way" ref="85472327" role=""/>
  <member type="way" ref="605832950" role=""/>
  <member type="way" ref="605832949" role=""/>
  <member type="way" ref="85472329" role=""/>
  <member type="way" ref="605832948" role=""/>
  <member type="way" ref="605832947" role=""/>
  <member type="way" ref="605880658" role=""/>
  <member type="way" ref="40626422" role=""/>
  <member type="way" ref="40626420" role=""/>
  <member type="way" ref="12081373" role=""/>
  <member type="way" ref="12081374" role=""/>
  <member type="way" ref="4714434" role=""/>
  <member type="way" ref="4714424" role=""/>
  <member type="way" ref="12080573" role=""/>
  <member type="way" ref="4634259" role=""/>
  <member type="way" ref="160726729" role=""/>
  <member type="way" ref="160726731" role=""/>
  <member type="way" ref="10484894" role=""/>
  <member type="way" ref="10484895" role=""/>
  <member type="way" ref="134409246" role=""/>
  <member type="way" ref="134409249" role=""/>
  <member type="way" ref="1526238494" role=""/>
  <member type="way" ref="1526238493" role=""/>
  <member type="way" ref="23545438" role=""/>
  <member type="way" ref="23545485" role=""/>
  <member type="way" ref="35985404" role=""/>
  <member type="way" ref="4720205" role=""/>
  <member type="way" ref="320334511" role=""/>
  <member type="way" ref="320334514" role=""/>
  <member type="way" ref="320334515" role=""/>
  <member type="way" ref="4720202" role=""/>
  <member type="way" ref="53198266" role=""/>
  <member type="way" ref="58689645" role=""/>
  <member type="way" ref="53198265" role=""/>
  <member type="way" ref="4641491" role=""/>
  <member type="way" ref="4641488" role=""/>
  <member type="way" ref="53198262" role=""/>
  <member type="way" ref="67546391" role=""/>
  <member type="way" ref="53198268" role=""/>
  <member type="way" ref="4634261" role=""/>
  <member type="way" ref="4634264" role=""/>
  <member type="way" ref="4634269" role=""/>
  <member type="way" ref="4634268" role=""/>
  <member type="way" ref="4634267" role=""/>
  <member type="way" ref="4688008" role=""/>
  <member type="way" ref="4688010" role=""/>
  <member type="way" ref="4593172" role=""/>
  <member type="way" ref="4593171" role=""/>
  <member type="way" ref="4593162" role=""/>
  <member type="way" ref="540370725" role=""/>
  <member type="way" ref="925527399" role=""/>
  <member type="way" ref="125088643" role=""/>
  <member type="way" ref="10821451" role=""/>
  <member type="way" ref="10821452" role=""/>
  <member type="way" ref="95094216" role=""/>
  <member type="way" ref="875882565" role=""/>
  <member type="way" ref="95094208" role=""/>
  <member type="way" ref="4552247" role=""/>
  <member type="way" ref="4552251" role=""/>
  <member type="way" ref="4552248" role=""/>
  <member type="way" ref="4709976" role=""/>
  <member type="way" ref="4552243" role=""/>
  <member type="way" ref="943964269" role=""/>
  <member type="way" ref="95094200" role=""/>
  <member type="way" ref="113578951" role=""/>
  <member type="way" ref="1237310538" role=""/>
  <member type="way" ref="113578950" role=""/>
  <member type="way" ref="4545818" role=""/>
  <member type="way" ref="13882877" role=""/>
  <member type="way" ref="434794529" role=""/>
  <member type="way" ref="260186752" role=""/>
  <member type="way" ref="1163547095" role=""/>
  <member type="way" ref="1163547096" role=""/>
  <member type="way" ref="300887586" role=""/>
  <member type="way" ref="300887587" role=""/>
  <member type="way" ref="1298951717" role=""/>
  <member type="way" ref="260186751" role=""/>
  <member type="way" ref="73381933" role=""/>
  <member type="way" ref="260186749" role=""/>
  <member type="way" ref="109967438" role=""/>
  <member type="way" ref="109967446" role=""/>
  <member type="way" ref="109967441" role=""/>
  <member type="way" ref="260186760" role=""/>
  <member type="way" ref="73382140" role=""/>
  <member type="way" ref="942693327" role=""/>
  <member type="way" ref="262112505" role=""/>
  <member type="way" ref="4545812" role=""/>
  <member type="way" ref="330845045" role=""/>
  <member type="way" ref="258504937" role=""/>
  <member type="way" ref="260186758" role=""/>
  <member type="way" ref="258504936" role=""/>
  <member type="way" ref="1554540136" role=""/>
  <member type="way" ref="1169938993" role=""/>
  <member type="way" ref="4545811" role=""/>
  <member type="way" ref="4545810" role=""/>
  <member type="way" ref="260186754" role=""/>
  <member type="way" ref="112396726" role=""/>
  <member type="way" ref="112396739" role=""/>
  <member type="way" ref="260186756" role=""/>
  <member type="way" ref="260186753" role=""/>
  <member type="way" ref="112396703" role=""/>
  <member type="way" ref="260186759" role=""/>
  <member type="way" ref="1552481156" role=""/>
  <member type="way" ref="112396706" role=""/>
  <member type="way" ref="261965496" role=""/>
  <member type="way" ref="545321470" role=""/>
  <member type="way" ref="106475388" role=""/>
  <member type="way" ref="298885479" role=""/>
  <member type="way" ref="74000280" role=""/>
  <member type="way" ref="106475422" role=""/>
  <member type="way" ref="73995766" role=""/>
  <member type="way" ref="306192073" role=""/>
  <member type="way" ref="4754110" role=""/>
  <member type="way" ref="326424018" role=""/>
  <tag k="from" v="Madrid"/>
  <tag k="name" v="Bus VAC-160: Madrid → León → Asturias"/>
  <tag k="network" v="Autobuses de España"/>
  <tag k="network:short" v="bus.es"/>
  <tag k="network:wikidata" v="Q108443913"/>
  <tag k="operator" v="Alsa"/>
  <tag k="operator:wikidata" v="Q294510"/>
  <tag k="public_transport:version" v="2"/>
  <tag k="ref" v="VAC-160"/>
  <tag k="route" v="bus"/>
  <tag k="to" v="Asturias"/>
  <tag k="type" v="route"/>
 </relation>
 <relation id="11168843" visible="true" version="5" changeset="174042705" timestamp="2025-10-31T23:57:34Z" user="swaree" uid="9630374">
  <member type="relation" ref="11168766" role=""/>
  <member type="relation" ref="11168765" role=""/>
  <tag k="name" v="Gijón - León - Madrid"/>
  <tag k="network" v="Autobuses de España"/>
  <tag k="network:short" v="bus.es"/>
  <tag k="network:wikidata" v="Q108443913"/>
  <tag k="operator" v="Alsa"/>
  <tag k="operator:wikidata" v="Q294510"/>
  <tag k="operator:wikipedia" v="en:ALSA (bus company)"/>
  <tag k="ref" v="VAC-160"/>
  <tag k="route_master" v="bus"/>
  <tag k="type" v="route_master"/>
 </relation>
</osm>
