<?xml version="1.0" encoding="UTF-8"?>
<osm version="0.6" generator="openstreetmap-cgimap 2.1.0 (3498742 spike-06.openstreetmap.org)" copyright="OpenStreetMap and contributors" attribution="http://www.openstreetmap.org/copyright" license="http://opendatacommons.org/licenses/odbl/1-0/">
 <bounds minlat="40.4739243" minlon="-3.7028493" maxlat="40.4759243" maxlon="-3.7008493"/>
 <node id="25549871" visible="true" version="9" changeset="7702749" timestamp="2011-03-29T00:28:25Z" user="Álvaro Arranz García" uid="89290" lat="40.4735205" lon="-3.7022401"/>
 <node id="25549880" visible="true" version="4" changeset="13635156" timestamp="2012-10-26T08:04:38Z" user="carlosz22" uid="718437" lat="40.4749423" lon="-3.7003820"/>
 <node id="25549884" visible="true" version="4" changeset="13635156" timestamp="2012-10-26T08:04:38Z" user="carlosz22" uid="718437" lat="40.4749982" lon="-3.6994509"/>
 <node id="25549899" visible="true" version="4" changeset="18846211" timestamp="2013-11-11T23:36:33Z" user="Mabema1" uid="582824" lat="40.4746258" lon="-3.6917316">
  <tag k="highway" v="traffic_signals"/>
 </node>
 <node id="25587445" visible="true" version="4" changeset="99641051" timestamp="2021-02-20T13:08:44Z" user="gpesquero" uid="3584" lat="40.4763570" lon="-3.7032528">
  <tag k="bus" v="yes"/>
  <tag k="public_transport" v="stop_position"/>
 </node>
 <node id="25587454" visible="true" version="4" changeset="31830466" timestamp="2015-06-08T22:02:17Z" user="Diego Esteban Alonso Blas" uid="699830" lat="40.4746099" lon="-3.7028903">
  <tag k="highway" v="traffic_signals"/>
 </node>
 <node id="25687303" visible="true" version="7" changeset="19026267" timestamp="2013-11-21T00:21:34Z" user="Mabema1" uid="582824" lat="40.4738194" lon="-3.7017076"/>
 <node id="25687304" visible="true" version="5" changeset="19026267" timestamp="2013-11-21T00:21:34Z" user="Mabema1" uid="582824" lat="40.4736824" lon="-3.7016656"/>
 <node id="25687305" visible="true" version="6" changeset="7702749" timestamp="2011-03-29T00:28:09Z" user="Álvaro Arranz García" uid="89290" lat="40.4740478" lon="-3.7021513"/>
 <node id="25687306" visible="true" version="6" changeset="31973179" timestamp="2015-06-15T00:13:46Z" user="Diego Esteban Alonso Blas" uid="699830" lat="40.4739586" lon="-3.7023887"/>
 <node id="25904569" visible="true" version="5" changeset="129852399" timestamp="2022-12-08T09:22:56Z" user="sbelemey" uid="10398649" lat="40.4745837" lon="-3.7026021"/>
 <node id="25904570" visible="true" version="9" changeset="176860297" timestamp="2026-01-05T12:49:48Z" user="Tingas" uid="22182237" lat="40.4746301" lon="-3.7024174">
  <tag k="highway" v="traffic_signals"/>
 </node>
 <node id="25904571" visible="true" version="6" changeset="129852399" timestamp="2022-12-08T09:22:56Z" user="sbelemey" uid="10398649" lat="40.4747680" lon="-3.7024761"/>
 <node id="25904621" visible="true" version="4" changeset="17394946" timestamp="2013-08-18T11:48:37Z" user="Diego Esteban Alonso Blas" uid="699830" lat="40.4769774" lon="-3.7032685">
  <tag k="highway" v="traffic_signals"/>
 </node>
 <node id="25905621" visible="true" version="8" changeset="129852399" timestamp="2022-12-08T09:22:56Z" user="sbelemey" uid="10398649" lat="40.4747290" lon="-3.7026638">
  <tag k="highway" v="traffic_signals"/>
 </node>
 <node id="26202518" visible="true" version="5" changeset="144702013" timestamp="2023-12-02T19:36:48Z" user="Barrunterio" uid="17808034" lat="40.4778510" lon="-3.7035803"/>
 <node id="26203551" visible="true" version="10" changeset="80218471" timestamp="2020-01-28T20:24:51Z" user="OpenSourceForEver" uid="2153421" lat="40.4771092" lon="-3.7034268">
  <tag k="colour" v="#9F1F99"/>
  <tag k="fare_area" v="A"/>
  <tag k="name" v="Barrio del Pilar"/>
  <tag k="operator" v="Metro de Madrid"/>
  <tag k="public_transport" v="stop_position"/>
  <tag k="railway" v="stop"/>
  <tag k="subway" v="yes"/>
 </node>
 <node id="26203552" visible="true" version="8" changeset="107903810" timestamp="2021-07-13T11:09:01Z" user="Cuenqui" uid="3649461" lat="40.4846603" lon="-3.7079102">
  <tag k="colour" v="#9F1F99"/>
  <tag k="fare_area" v="A"/>
  <tag k="name" v="Herrera Oria"/>
  <tag k="operator" v="Metro de Madrid"/>
  <tag k="public_transport" v="stop_position"/>
  <tag k="railway" v="stop"/>
  <tag k="subway" v="yes"/>
 </node>
 <node id="26203553" visible="true" version="10" changeset="102677086" timestamp="2021-04-10T02:23:22Z" user="Cuenqui" uid="3649461" lat="40.4698795" lon="-3.6961919">
  <tag k="colour" v="#9F1F99"/>
  <tag k="fare_area" v="A"/>
  <tag k="name" v="Ventilla"/>
  <tag k="operator" v="Metro de Madrid"/>
  <tag k="public_transport" v="stop_position"/>
  <tag k="railway" v="stop"/>
  <tag k="subway" v="yes"/>
 </node>
 <node id="26204781" visible="true" version="6" changeset="146143994" timestamp="2024-01-11T13:47:37Z" user="Barrunterio" uid="17808034" lat="40.4747331" lon="-3.7022458">
  <tag k="highway" v="traffic_signals"/>
 </node>
 <node id="26204782" visible="true" version="2" changeset="598407" timestamp="2008-10-27T11:15:32Z" user="NachoBlanco" uid="5530" lat="40.4748879" lon="-3.7015760"/>
 <node id="26204783" visible="true" version="2" changeset="598407" timestamp="2008-10-27T11:15:33Z" user="NachoBlanco" uid="5530" lat="40.4751124" lon="-3.7010074"/>
 <node id="26204784" visible="true" version="3" changeset="146143994" timestamp="2024-01-11T13:47:37Z" user="Barrunterio" uid="17808034" lat="40.4754816" lon="-3.7003261">
  <tag k="highway" v="traffic_signals"/>
 </node>
 <node id="26204785" visible="true" version="5" changeset="30759665" timestamp="2015-05-03T20:44:41Z" user="Diego Esteban Alonso Blas" uid="699830" lat="40.4747978" lon="-3.7008199"/>
 <node id="26204786" visible="true" version="4" changeset="13635156" timestamp="2012-10-26T08:04:38Z" user="carlosz22" uid="718437" lat="40.4750118" lon="-3.6998657"/>
 <node id="26204788" visible="true" version="4" changeset="13635156" timestamp="2012-10-26T08:04:38Z" user="carlosz22" uid="718437" lat="40.4748764" lon="-3.6988821"/>
 <node id="26204995" visible="true" version="3" changeset="158890971" timestamp="2024-11-08T11:10:44Z" user="Swihail" uid="15458726" lat="40.4733995" lon="-3.7006372"/>
 <node id="26205019" visible="true" version="3" changeset="146143994" timestamp="2024-01-11T13:47:37Z" user="Barrunterio" uid="17808034" lat="40.4761988" lon="-3.7010216"/>
 <node id="26233586" visible="true" version="2" changeset="30759665" timestamp="2015-05-03T20:44:41Z" user="Diego Esteban Alonso Blas" uid="699830" lat="40.4742108" lon="-3.7017346"/>
 <node id="26233590" visible="true" version="4" changeset="146143994" timestamp="2024-01-11T13:47:37Z" user="Barrunterio" uid="17808034" lat="40.4746750" lon="-3.7022105"/>
 <node id="26233597" visible="true" version="1" changeset="225862" timestamp="2007-02-28T15:54:41Z" user="NachoBlanco" uid="5530" lat="40.4734415" lon="-3.7004873"/>
 <node id="26233598" visible="true" version="2" changeset="123244981" timestamp="2022-07-05T17:44:26Z" user="ShyShark" uid="10335512" lat="40.4735489" lon="-3.7003972"/>
 <node id="26233599" visible="true" version="2" changeset="123244981" timestamp="2022-07-05T17:44:26Z" user="ShyShark" uid="10335512" lat="40.4737353" lon="-3.7003436"/>
 <node id="26233600" visible="true" version="2" changeset="31399959" timestamp="2015-05-23T15:15:51Z" user="Diego Esteban Alonso Blas" uid="699830" lat="40.4737573" lon="-3.7000797"/>
 <node id="26233601" visible="true" version="1" changeset="225862" timestamp="2007-02-28T15:54:48Z" user="NachoBlanco" uid="5530" lat="40.4734864" lon="-3.7002834"/>
 <node id="26233603" visible="true" version="1" changeset="225862" timestamp="2007-02-28T15:57:00Z" user="NachoBlanco" uid="5530" lat="40.4734864" lon="-3.7001708"/>
 <node id="26233604" visible="true" version="2" changeset="31399959" timestamp="2015-05-23T15:15:52Z" user="Diego Esteban Alonso Blas" uid="699830" lat="40.4734203" lon="-3.6998229"/>
 <node id="26233605" visible="true" version="2" changeset="31399959" timestamp="2015-05-23T15:15:52Z" user="Diego Esteban Alonso Blas" uid="699830" lat="40.4733283" lon="-3.6996790"/>
 <node id="26233606" visible="true" version="2" changeset="17379115" timestamp="2013-08-17T03:04:01Z" user="mor" uid="220932" lat="40.4732703" lon="-3.6996297"/>
 <node id="26233607" visible="true" version="3" changeset="31399959" timestamp="2015-05-23T15:15:52Z" user="Diego Esteban Alonso Blas" uid="699830" lat="40.4729284" lon="-3.6995391"/>
 <node id="26233640" visible="true" version="4" changeset="162036557" timestamp="2025-02-02T08:26:21Z" user="ShyShark" uid="10335512" lat="40.4746672" lon="-3.7001789"/>
 <node id="26233647" visible="true" version="4" changeset="162036557" timestamp="2025-02-02T08:26:21Z" user="ShyShark" uid="10335512" lat="40.4747605" lon="-3.7002633"/>
 <node id="26233649" visible="true" version="2" changeset="162036557" timestamp="2025-02-02T08:26:21Z" user="ShyShark" uid="10335512" lat="40.4748374" lon="-3.7002597"/>
 <node id="26233650" visible="true" version="2" changeset="31399959" timestamp="2015-05-23T15:15:50Z" user="Diego Esteban Alonso Blas" uid="699830" lat="40.4748828" lon="-3.6999263"/>
 <node id="26233651" visible="true" version="1" changeset="225862" timestamp="2007-02-28T15:56:12Z" user="NachoBlanco" uid="5530" lat="40.4748738" lon="-3.6994466"/>
 <node id="26233661" visible="true" version="1" changeset="225862" timestamp="2007-02-28T15:57:07Z" user="NachoBlanco" uid="5530" lat="40.4735517" lon="-3.7001708"/>
 <node id="26233662" visible="true" version="1" changeset="225862" timestamp="2007-02-28T15:57:38Z" user="NachoBlanco" uid="5530" lat="40.4735476" lon="-3.6999723"/>
 <node id="26233663" visible="true" version="1" changeset="225862" timestamp="2007-02-28T15:57:09Z" user="NachoBlanco" uid="5530" lat="40.4734864" lon="-3.6999669"/>
 <node id="26233675" visible="true" version="3" changeset="54865676" timestamp="2017-12-23T15:00:08Z" user="JSGalvez" uid="6524272" lat="40.4734760" lon="-3.7030687"/>
 <node id="26235029" visible="true" version="6" changeset="54351503" timestamp="2017-12-05T02:41:30Z" user="JSGalvez" uid="6524272" lat="40.4735702" lon="-3.7023598"/>
 <node id="26261815" visible="true" version="2" changeset="36756702" timestamp="2016-01-23T12:04:50Z" user="polkillas" uid="42055" lat="40.4748315" lon="-3.6991773"/>
 <node id="26261822" visible="true" version="3" changeset="36756702" timestamp="2016-01-23T12:04:50Z" user="polkillas" uid="42055" lat="40.4747202" lon="-3.6988375"/>
 <node id="26261829" visible="true" version="2" changeset="31399959" timestamp="2015-05-23T15:15:50Z" user="Diego Esteban Alonso Blas" uid="699830" lat="40.4746034" lon="-3.6985327"/>
 <node id="26261834" visible="true" version="1" changeset="227014" timestamp="2007-03-01T11:00:49Z" user="NachoBlanco" uid="5530" lat="40.4745151" lon="-3.6982018"/>
 <node id="26261845" visible="true" version="2" changeset="54745223" timestamp="2017-12-18T23:39:03Z" user="JSGalvez" uid="6524272" lat="40.4744831" lon="-3.6979154"/>
 <node id="26261852" visible="true" version="3" changeset="59159367" timestamp="2018-05-21T18:29:45Z" user="JSGalvez" uid="6524272" lat="40.4744575" lon="-3.6976306"/>
 <node id="26261857" visible="true" version="2" changeset="54745223" timestamp="2017-12-18T23:39:03Z" user="JSGalvez" uid="6524272" lat="40.4744817" lon="-3.6971991"/>
 <node id="26261865" visible="true" version="2" changeset="54745223" timestamp="2017-12-18T23:39:03Z" user="JSGalvez" uid="6524272" lat="40.4745508" lon="-3.6968348"/>
 <node id="26261868" visible="true" version="2" changeset="54745223" timestamp="2017-12-18T23:39:03Z" user="JSGalvez" uid="6524272" lat="40.4747011" lon="-3.6961022"/>
 <node id="26261879" visible="true" version="1" changeset="227014" timestamp="2007-03-01T11:04:10Z" user="NachoBlanco" uid="5530" lat="40.4746865" lon="-3.6958200"/>
 <node id="26261880" visible="true" version="1" changeset="227014" timestamp="2007-03-01T11:04:11Z" user="NachoBlanco" uid="5530" lat="40.4746456" lon="-3.6954820"/>
 <node id="26261882" visible="true" version="2" changeset="54867033" timestamp="2017-12-23T16:05:04Z" user="JSGalvez" uid="6524272" lat="40.4745325" lon="-3.6948342"/>
 <node id="26261885" visible="true" version="3" changeset="181642100" timestamp="2026-04-21T19:06:56Z" user="Diegatus" uid="21006289" lat="40.4744890" lon="-3.6939048"/>
 <node id="26261886" visible="true" version="3" changeset="59154257" timestamp="2018-05-21T15:23:29Z" user="JSGalvez" uid="6524272" lat="40.4745306" lon="-3.6934627"/>
 <node id="26261888" visible="true" version="2" changeset="54867033" timestamp="2017-12-23T16:05:04Z" user="JSGalvez" uid="6524272" lat="40.4746213" lon="-3.6928068"/>
 <node id="26261889" visible="true" version="1" changeset="227014" timestamp="2007-03-01T11:04:21Z" user="NachoBlanco" uid="5530" lat="40.4746252" lon="-3.6923975"/>
 <node id="26261890" visible="true" version="1" changeset="227014" timestamp="2007-03-01T11:04:23Z" user="NachoBlanco" uid="5530" lat="40.4745355" lon="-3.6918718"/>
 <node id="26261891" visible="true" version="2" changeset="59154257" timestamp="2018-05-21T15:23:29Z" user="JSGalvez" uid="6524272" lat="40.4744259" lon="-3.6914953"/>
 <node id="26261894" visible="true" version="1" changeset="227014" timestamp="2007-03-01T11:09:05Z" user="NachoBlanco" uid="5530" lat="40.4743600" lon="-3.6911798"/>
 <node id="26261895" visible="true" version="3" changeset="54801495" timestamp="2017-12-21T01:00:09Z" user="JSGalvez" uid="6524272" lat="40.4744045" lon="-3.6904992"/>
 <node id="26261897" visible="true" version="2" changeset="54801495" timestamp="2017-12-21T01:00:09Z" user="JSGalvez" uid="6524272" lat="40.4737636" lon="-3.6902783"/>
 <node id="26261906" visible="true" version="3" changeset="54865974" timestamp="2017-12-23T15:12:16Z" user="JSGalvez" uid="6524272" lat="40.4735636" lon="-3.6899256"/>
 <node id="26261907" visible="true" version="3" changeset="54867033" timestamp="2017-12-23T16:05:04Z" user="JSGalvez" uid="6524272" lat="40.4733559" lon="-3.6902363"/>
 <node id="26261935" visible="true" version="3" changeset="60349398" timestamp="2018-07-02T14:07:27Z" user="JSGalvez" uid="6524272" lat="40.4735945" lon="-3.6935418"/>
 <node id="26261936" visible="true" version="4" changeset="54801626" timestamp="2017-12-21T01:16:45Z" user="JSGalvez" uid="6524272" lat="40.4735791" lon="-3.6954114"/>
 <node id="26261937" visible="true" version="2" changeset="54350942" timestamp="2017-12-05T02:02:26Z" user="JSGalvez" uid="6524272" lat="40.4732077" lon="-3.6965189"/>
 <node id="26261938" visible="true" version="2" changeset="54350942" timestamp="2017-12-05T02:02:26Z" user="JSGalvez" uid="6524272" lat="40.4735347" lon="-3.6965762"/>
 <node id="26261988" visible="true" version="3" changeset="59331290" timestamp="2018-05-28T07:20:25Z" user="Arizu Ynewi" uid="8230247" lat="40.4736068" lon="-3.6981500"/>
 <node id="26261990" visible="true" version="4" changeset="59331290" timestamp="2018-05-28T07:20:25Z" user="Arizu Ynewi" uid="8230247" lat="40.4732653" lon="-3.6992099"/>
 <node id="26262006" visible="true" version="4" changeset="59331290" timestamp="2018-05-28T07:20:25Z" user="Arizu Ynewi" uid="8230247" lat="40.4729198" lon="-3.6993439"/>
 <node id="31416718" visible="true" version="11" changeset="19026267" timestamp="2013-11-21T00:21:34Z" user="Mabema1" uid="582824" lat="40.4739835" lon="-3.7019083"/>
 <node id="31436643" visible="true" version="5" changeset="146143994" timestamp="2024-01-11T13:47:37Z" user="Barrunterio" uid="17808034" lat="40.4770429" lon="-3.7022132"/>
 <node id="31436645" visible="true" version="3" changeset="25095336" timestamp="2014-08-29T12:22:45Z" user="mor" uid="220932" lat="40.4749304" lon="-3.7020918"/>
 <node id="31436646" visible="true" version="5" changeset="146143994" timestamp="2024-01-11T13:47:37Z" user="Barrunterio" uid="17808034" lat="40.4748656" lon="-3.7019806"/>
 <node id="31436650" visible="true" version="5" changeset="146143994" timestamp="2024-01-11T13:47:37Z" user="Barrunterio" uid="17808034" lat="40.4770946" lon="-3.7018244"/>
 <node id="31436651" visible="true" version="3" changeset="41047639" timestamp="2016-07-26T20:38:18Z" user="polkillas" uid="42055" lat="40.4771334" lon="-3.7018842"/>
 <node id="31436711" visible="true" version="2" changeset="22840133" timestamp="2014-06-09T22:57:30Z" user="Luiyo" uid="316694" lat="40.4748938" lon="-3.7022695"/>
 <node id="32205834" visible="true" version="2" changeset="30759665" timestamp="2015-05-03T20:44:41Z" user="Diego Esteban Alonso Blas" uid="699830" lat="40.4744572" lon="-3.7019438"/>
 <node id="32205855" visible="true" version="2" changeset="30759665" timestamp="2015-05-03T20:44:41Z" user="Diego Esteban Alonso Blas" uid="699830" lat="40.4745136" lon="-3.7017286"/>
 <node id="32205856" visible="true" version="2" changeset="30759665" timestamp="2015-05-03T20:44:41Z" user="Diego Esteban Alonso Blas" uid="699830" lat="40.4748891" lon="-3.7010652"/>
 <node id="32205857" visible="true" version="2" changeset="30759665" timestamp="2015-05-03T20:44:41Z" user="Diego Esteban Alonso Blas" uid="699830" lat="40.4750592" lon="-3.7006624"/>
 <node id="32205858" visible="true" version="3" changeset="146143994" timestamp="2024-01-11T13:47:37Z" user="Barrunterio" uid="17808034" lat="40.4751562" lon="-3.7002414"/>
 <node id="32205863" visible="true" version="2" changeset="146143994" timestamp="2024-01-11T13:47:37Z" user="Barrunterio" uid="17808034" lat="40.4753241" lon="-3.7004584"/>
 <node id="55169316" visible="true" version="4" changeset="181642100" timestamp="2026-04-21T19:06:56Z" user="Diegatus" uid="21006289" lat="40.4740098" lon="-3.6993815"/>
 <node id="102223740" visible="true" version="11" changeset="79668151" timestamp="2020-01-16T22:21:28Z" user="OpenSourceForEver" uid="2153421" lat="40.4675047" lon="-3.6805869">
  <tag k="colour" v="#9F1F99"/>
  <tag k="fare_area" v="A"/>
  <tag k="name" v="Duque de Pastrana"/>
  <tag k="operator" v="Metro de Madrid"/>
  <tag k="public_transport" v="stop_position"/>
  <tag k="railway" v="stop"/>
  <tag k="subway" v="yes"/>
  <tag k="wheelchair" v="no"/>
 </node>
 <node id="266171605" visible="true" version="12" changeset="174985078" timestamp="2025-11-22T11:53:42Z" user="kapazao_import" uid="8770019" lat="40.4758832" lon="-3.7016108">
  <tag k="addr:housenumber" v="9"/>
  <tag k="addr:postcode" v="28029"/>
  <tag k="addr:street" v="Calle de Finisterre"/>
  <tag k="amenity" v="kindergarten"/>
  <tag k="education" v="kindergarten"/>
  <tag k="email" v="escuelatrebol@hotmail.com"/>
  <tag k="isced:level" v="0"/>
  <tag k="name" v="Escuela Infantil Privada Happy School"/>
  <tag k="operator:type" v="private"/>
  <tag k="phone" v="+34913141675"/>
  <tag k="ref:ES:educamadrid" v="28063453"/>
  <tag k="short_name" v="EIPR Happy School"/>
 </node>
 <node id="306497575" visible="true" version="6" changeset="54351503" timestamp="2017-12-05T02:41:30Z" user="JSGalvez" uid="6524272" lat="40.4736539" lon="-3.7024417">
  <tag k="highway" v="traffic_signals"/>
 </node>
 <node id="307964945" visible="true" version="5" changeset="146143994" timestamp="2024-01-11T13:47:37Z" user="Barrunterio" uid="17808034" lat="40.4743009" lon="-3.7022903">
  <tag k="crossing" v="traffic_signals"/>
  <tag k="crossing:island" v="yes"/>
  <tag k="crossing:markings" v="dashes"/>
  <tag k="highway" v="crossing"/>
  <tag k="tactile_paving" v="yes"/>
 </node>
 <node id="307964946" visible="true" version="4" changeset="146143994" timestamp="2024-01-11T13:47:37Z" user="Barrunterio" uid="17808034" lat="40.4742616" lon="-3.7024878">
  <tag k="crossing" v="traffic_signals"/>
  <tag k="crossing:island" v="yes"/>
  <tag k="crossing:markings" v="dashes"/>
  <tag k="highway" v="crossing"/>
  <tag k="tactile_paving" v="yes"/>
 </node>
 <node id="307964994" visible="true" version="2" changeset="3167285" timestamp="2009-11-20T10:39:43Z" user="Álvaro Arranz García" uid="89290" lat="40.4739078" lon="-3.7013509"/>
 <node id="418328169" visible="true" version="2" changeset="17379115" timestamp="2013-08-17T03:04:10Z" user="mor" uid="220932" lat="40.4738043" lon="-3.6990008"/>
 <node id="418328171" visible="true" version="2" changeset="17379115" timestamp="2013-08-17T03:04:10Z" user="mor" uid="220932" lat="40.4735346" lon="-3.6978390"/>
 <node id="499586860" visible="true" version="1" changeset="2516802" timestamp="2009-09-17T21:20:32Z" user="ReLuc" uid="35598" lat="40.4637988" lon="-3.6759974"/>
 <node id="499586869" visible="true" version="3" changeset="42326920" timestamp="2016-09-21T15:35:53Z" user="Santi2222" uid="493192" lat="40.4656947" lon="-3.6756397"/>
 <node id="499586879" visible="true" version="3" changeset="42326920" timestamp="2016-09-21T15:35:53Z" user="Santi2222" uid="493192" lat="40.4660798" lon="-3.6757435"/>
 <node id="499586888" visible="true" version="3" changeset="42326920" timestamp="2016-09-21T15:35:53Z" user="Santi2222" uid="493192" lat="40.4674869" lon="-3.6774395"/>
 <node id="567341014" visible="true" version="2" changeset="49438653" timestamp="2017-06-11T10:02:21Z" user="Luiyo" uid="316694" lat="40.4738708" lon="-3.7014207"/>
 <node id="581300452" visible="true" version="2" changeset="80448076" timestamp="2020-02-02T22:26:46Z" user="Iván_" uid="1773299" lat="40.4746209" lon="-3.6917212"/>
 <node id="581300453" visible="true" version="1" changeset="3292234" timestamp="2009-12-04T22:59:35Z" user="DaveFX" uid="28201" lat="40.4744546" lon="-3.6907708"/>
 <node id="581300454" visible="true" version="2" changeset="80448076" timestamp="2020-02-02T22:26:46Z" user="Iván_" uid="1773299" lat="40.4744932" lon="-3.6913197"/>
 <node id="581300456" visible="true" version="1" changeset="3292234" timestamp="2009-12-04T22:59:35Z" user="DaveFX" uid="28201" lat="40.4746492" lon="-3.6897815"/>
 <node id="1223838067" visible="true" version="1" changeset="7702749" timestamp="2011-03-29T00:27:50Z" user="Álvaro Arranz García" uid="89290" lat="40.4740164" lon="-3.7022886"/>
 <node id="1223838072" visible="true" version="3" changeset="31768753" timestamp="2015-06-06T13:04:44Z" user="Diego Esteban Alonso Blas" uid="699830" lat="40.4729562" lon="-3.7038084"/>
 <node id="1223838086" visible="true" version="3" changeset="54351503" timestamp="2017-12-05T02:41:30Z" user="JSGalvez" uid="6524272" lat="40.4738687" lon="-3.7024570"/>
 <node id="1223838091" visible="true" version="2" changeset="31768753" timestamp="2015-06-06T13:04:44Z" user="Diego Esteban Alonso Blas" uid="699830" lat="40.4730873" lon="-3.7034575"/>
 <node id="1223838093" visible="true" version="5" changeset="139025193" timestamp="2023-07-26T08:29:09Z" user="jeslop" uid="275212" lat="40.4740243" lon="-3.7019857"/>
 <node id="1223838109" visible="true" version="1" changeset="7702749" timestamp="2011-03-29T00:27:53Z" user="Álvaro Arranz García" uid="89290" lat="40.4739117" lon="-3.7019819"/>
 <node id="1223838111" visible="true" version="3" changeset="31768753" timestamp="2015-06-06T13:04:44Z" user="Diego Esteban Alonso Blas" uid="699830" lat="40.4731710" lon="-3.7033410"/>
 <node id="1223838123" visible="true" version="9" changeset="139927725" timestamp="2023-08-15T18:35:05Z" user="brjmoez" uid="1723580" lat="40.4741632" lon="-3.7016749">
  <tag k="button_operated" v="no"/>
  <tag k="crossing" v="traffic_signals"/>
  <tag k="highway" v="crossing"/>
  <tag k="tactile_paving" v="yes"/>
  <tag k="traffic_signals:sound" v="no"/>
  <tag k="traffic_signals:vibration" v="no"/>
 </node>
 <node id="1223838128" visible="true" version="2" changeset="18544272" timestamp="2013-10-25T22:17:46Z" user="Mabema1" uid="582824" lat="40.4738133" lon="-3.7019332">
  <tag k="highway" v="traffic_signals"/>
 </node>
 <node id="1223838129" visible="true" version="1" changeset="7702749" timestamp="2011-03-29T00:27:54Z" user="Álvaro Arranz García" uid="89290" lat="40.4737201" lon="-3.7021910">
  <tag k="highway" v="traffic_signals"/>
 </node>
 <node id="1403129654" visible="true" version="3" changeset="25095336" timestamp="2014-08-29T12:22:35Z" user="mor" uid="220932" lat="40.4761470" lon="-3.7027158"/>
 <node id="1403129657" visible="true" version="2" changeset="22878166" timestamp="2014-06-11T19:47:17Z" user="Luiyo" uid="316694" lat="40.4762848" lon="-3.7020644"/>
 <node id="1437132920" visible="true" version="8" changeset="79668151" timestamp="2020-01-16T22:21:28Z" user="OpenSourceForEver" uid="2153421" lat="40.4618052" lon="-3.6765115">
  <tag k="colour" v="#9F1F99"/>
  <tag k="fare_area" v="A"/>
  <tag k="name" v="Pío XII"/>
  <tag k="operator" v="Metro de Madrid"/>
  <tag k="public_transport" v="stop_position"/>
  <tag k="railway" v="stop"/>
  <tag k="subway" v="yes"/>
 </node>
 <node id="1439704872" visible="true" version="7" changeset="166671348" timestamp="2025-05-23T19:40:29Z" user="Cuenqui" uid="3649461" lat="40.4741873" lon="-3.7025566">
  <tag k="bench" v="yes"/>
  <tag k="bus" v="yes"/>
  <tag k="highway" v="bus_stop"/>
  <tag k="name" v="Ginzo de Limia-Ferrol"/>
  <tag k="network" v="Empresa Municipal de Transportes de Madrid"/>
  <tag k="network:short" v="EMT Madrid"/>
  <tag k="network:wikidata" v="Q1094755"/>
  <tag k="operator" v="Empresa Municipal de Transportes de Madrid"/>
  <tag k="operator:short" v="EMT Madrid"/>
  <tag k="operator:wikidata" v="Q1094755"/>
  <tag k="public_transport" v="platform"/>
  <tag k="ref" v="1777"/>
  <tag k="shelter" v="yes"/>
  <tag k="source" v="https://navegapormadrid.emtmadrid.es/app/"/>
 </node>
 <node id="1439704873" visible="true" version="11" changeset="166671348" timestamp="2025-05-23T19:40:29Z" user="Cuenqui" uid="3649461" lat="40.4749715" lon="-3.7024959">
  <tag k="bench" v="no"/>
  <tag k="bin" v="no"/>
  <tag k="bus" v="yes"/>
  <tag k="highway" v="bus_stop"/>
  <tag k="lit" v="yes"/>
  <tag k="name" v="Metro Barrio del Pilar"/>
  <tag k="network" v="Empresa Municipal de Transportes de Madrid"/>
  <tag k="network:short" v="EMT Madrid"/>
  <tag k="network:wikidata" v="Q1094755"/>
  <tag k="operator" v="Empresa Municipal de Transportes de Madrid"/>
  <tag k="operator:short" v="EMT Madrid"/>
  <tag k="operator:wikidata" v="Q1094755"/>
  <tag k="public_transport" v="platform"/>
  <tag k="ref" v="5212"/>
  <tag k="shelter" v="no"/>
  <tag k="source" v="https://navegapormadrid.emtmadrid.es/app/"/>
  <tag k="tactile_paving" v="yes"/>
 </node>
 <node id="1984004472" visible="true" version="1" changeset="13635156" timestamp="2012-10-26T08:04:35Z" user="carlosz22" uid="718437" lat="40.4749390" lon="-3.6994633"/>
 <node id="1984004475" visible="true" version="3" changeset="19026267" timestamp="2013-11-21T00:21:34Z" user="Mabema1" uid="582824" lat="40.4739303" lon="-3.7018209"/>
 <node id="1984004477" visible="true" version="1" changeset="13635156" timestamp="2012-10-26T08:04:36Z" user="carlosz22" uid="718437" lat="40.4746504" lon="-3.6952361"/>
 <node id="1984004481" visible="true" version="2" changeset="18544272" timestamp="2013-10-25T22:17:46Z" user="Mabema1" uid="582824" lat="40.4740362" lon="-3.7017084"/>
 <node id="1984004483" visible="true" version="2" changeset="13661178" timestamp="2012-10-28T13:28:17Z" user="Diego Esteban Alonso Blas" uid="699830" lat="40.4746788" lon="-3.6928540"/>
 <node id="1984004485" visible="true" version="1" changeset="13635156" timestamp="2012-10-26T08:04:36Z" user="carlosz22" uid="718437" lat="40.4745743" lon="-3.6948086"/>
 <node id="1984004487" visible="true" version="2" changeset="13661178" timestamp="2012-10-28T13:30:07Z" user="Diego Esteban Alonso Blas" uid="699830" lat="40.4745389" lon="-3.6980964"/>
 <node id="1984004489" visible="true" version="2" changeset="13661178" timestamp="2012-10-28T13:28:17Z" user="Diego Esteban Alonso Blas" uid="699830" lat="40.4746034" lon="-3.6967455"/>
 <node id="1984004493" visible="true" version="3" changeset="99641051" timestamp="2021-02-20T13:08:44Z" user="gpesquero" uid="3584" lat="40.4745012" lon="-3.6974012">
  <tag k="bus" v="yes"/>
  <tag k="public_transport" v="stop_position"/>
 </node>
 <node id="1984004495" visible="true" version="2" changeset="31399959" timestamp="2015-05-23T15:15:50Z" user="Diego Esteban Alonso Blas" uid="699830" lat="40.4747373" lon="-3.7007877"/>
 <node id="1984004497" visible="true" version="2" changeset="13661178" timestamp="2012-10-28T13:28:17Z" user="Diego Esteban Alonso Blas" uid="699830" lat="40.4747437" lon="-3.6957645"/>
 <node id="1984004499" visible="true" version="2" changeset="31399959" timestamp="2015-05-23T15:15:50Z" user="Diego Esteban Alonso Blas" uid="699830" lat="40.4749450" lon="-3.6998546"/>
 <node id="1984004501" visible="true" version="2" changeset="13661178" timestamp="2012-10-28T13:28:17Z" user="Diego Esteban Alonso Blas" uid="699830" lat="40.4746816" lon="-3.6923081"/>
 <node id="1984004503" visible="true" version="1" changeset="13635156" timestamp="2012-10-26T08:04:36Z" user="carlosz22" uid="718437" lat="40.4744631" lon="-3.7012329"/>
 <node id="1984004505" visible="true" version="1" changeset="13635156" timestamp="2012-10-26T08:04:36Z" user="carlosz22" uid="718437" lat="40.4745577" lon="-3.6936395"/>
 <node id="1984004506" visible="true" version="2" changeset="30759665" timestamp="2015-05-03T20:44:41Z" user="Diego Esteban Alonso Blas" uid="699830" lat="40.4745543" lon="-3.7012409"/>
 <node id="1984004508" visible="true" version="1" changeset="13635156" timestamp="2012-10-26T08:04:36Z" user="carlosz22" uid="718437" lat="40.4747031" lon="-3.6986039"/>
 <node id="1984004512" visible="true" version="6" changeset="85787682" timestamp="2020-05-26T18:52:08Z" user="Hugoren Martinako" uid="3392826" lat="40.4745001" lon="-3.6975866">
  <tag k="button_operated" v="yes"/>
  <tag k="crossing" v="traffic_signals"/>
  <tag k="highway" v="crossing"/>
  <tag k="tactile_paving" v="yes"/>
  <tag k="traffic_signals:sound" v="yes"/>
 </node>
 <node id="1984004515" visible="true" version="6" changeset="139927725" timestamp="2023-08-15T18:35:01Z" user="brjmoez" uid="1723580" lat="40.4741202" lon="-3.7016210">
  <tag k="button_operated" v="no"/>
  <tag k="crossing" v="traffic_signals"/>
  <tag k="highway" v="crossing"/>
  <tag k="tactile_paving" v="yes"/>
  <tag k="traffic_signals:sound" v="no"/>
  <tag k="traffic_signals:vibration" v="no"/>
 </node>
 <node id="1984004518" visible="true" version="3" changeset="30759665" timestamp="2015-05-03T20:44:41Z" user="Diego Esteban Alonso Blas" uid="699830" lat="40.4748771" lon="-3.7003657"/>
 <node id="1984004522" visible="true" version="1" changeset="13635156" timestamp="2012-10-26T08:04:36Z" user="carlosz22" uid="718437" lat="40.4745193" lon="-3.6940507"/>
 <node id="1984004524" visible="true" version="2" changeset="13661178" timestamp="2012-10-28T13:30:06Z" user="Diego Esteban Alonso Blas" uid="699830" lat="40.4748477" lon="-3.6989907"/>
 <node id="1984004525" visible="true" version="3" changeset="99641051" timestamp="2021-02-20T13:08:44Z" user="gpesquero" uid="3584" lat="40.4745145" lon="-3.6978649"/>
 <node id="1984004530" visible="true" version="2" changeset="31399959" timestamp="2015-05-23T15:15:50Z" user="Diego Esteban Alonso Blas" uid="699830" lat="40.4745348" lon="-3.7011449"/>
 <node id="1984004532" visible="true" version="1" changeset="13635156" timestamp="2012-10-26T08:04:37Z" user="carlosz22" uid="718437" lat="40.4745284" lon="-3.6943943"/>
 <node id="1984004534" visible="true" version="1" changeset="13635156" timestamp="2012-10-26T08:04:37Z" user="carlosz22" uid="718437" lat="40.4747232" lon="-3.6962675"/>
 <node id="1984004538" visible="true" version="2" changeset="18846211" timestamp="2013-11-11T23:36:33Z" user="Mabema1" uid="582824" lat="40.4745686" lon="-3.6917616"/>
 <node id="1984004816" visible="true" version="2" changeset="30759665" timestamp="2015-05-03T20:44:41Z" user="Diego Esteban Alonso Blas" uid="699830" lat="40.4746528" lon="-3.7010968"/>
 <node id="1986926556" visible="true" version="1" changeset="13661178" timestamp="2012-10-28T13:28:16Z" user="Diego Esteban Alonso Blas" uid="699830" lat="40.4747117" lon="-3.6954788"/>
 <node id="1986926559" visible="true" version="1" changeset="13661178" timestamp="2012-10-28T13:28:17Z" user="Diego Esteban Alonso Blas" uid="699830" lat="40.4746994" lon="-3.6925719"/>
 <node id="1986926569" visible="true" version="1" changeset="13661178" timestamp="2012-10-28T13:28:17Z" user="Diego Esteban Alonso Blas" uid="699830" lat="40.4745194" lon="-3.6971765"/>
 <node id="1986926570" visible="true" version="2" changeset="13661178" timestamp="2012-10-28T13:29:15Z" user="Diego Esteban Alonso Blas" uid="699830" lat="40.4747465" lon="-3.6960173"/>
 <node id="1986926571" visible="true" version="1" changeset="13661178" timestamp="2012-10-28T13:28:17Z" user="Diego Esteban Alonso Blas" uid="699830" lat="40.4746062" lon="-3.6950470"/>
 <node id="1986927631" visible="true" version="1" changeset="13661178" timestamp="2012-10-28T13:30:06Z" user="Diego Esteban Alonso Blas" uid="699830" lat="40.4746313" lon="-3.6984269"/>
 <node id="1986927636" visible="true" version="1" changeset="13661178" timestamp="2012-10-28T13:30:06Z" user="Diego Esteban Alonso Blas" uid="699830" lat="40.4749030" lon="-3.6992043"/>
 <node id="1986928819" visible="true" version="2" changeset="31399959" timestamp="2015-05-23T15:15:50Z" user="Diego Esteban Alonso Blas" uid="699830" lat="40.4749227" lon="-3.7001163"/>
 <node id="1986928823" visible="true" version="1" changeset="13661178" timestamp="2012-10-28T13:30:26Z" user="Diego Esteban Alonso Blas" uid="699830" lat="40.4749616" lon="-3.6991958"/>
 <node id="1987876781" visible="true" version="6" changeset="146143994" timestamp="2024-01-11T13:47:37Z" user="Barrunterio" uid="17808034" lat="40.4746669" lon="-3.7023364"/>
 <node id="2048646985" visible="true" version="3" changeset="128794500" timestamp="2022-11-11T21:48:13Z" user="vicropa" uid="589506" lat="40.4741412" lon="-3.7000908"/>
 <node id="2048646986" visible="true" version="5" changeset="158890971" timestamp="2024-11-08T11:10:44Z" user="Swihail" uid="15458726" lat="40.4739735" lon="-3.7009786"/>
 <node id="2048646987" visible="true" version="4" changeset="128794500" timestamp="2022-11-11T21:48:13Z" user="vicropa" uid="589506" lat="40.4737842" lon="-3.7000805"/>
 <node id="2048646989" visible="true" version="5" changeset="162036557" timestamp="2025-02-02T08:26:21Z" user="ShyShark" uid="10335512" lat="40.4737442" lon="-3.7008774"/>
 <node id="2315932010" visible="true" version="2" changeset="42326920" timestamp="2016-09-21T15:35:51Z" user="Santi2222" uid="493192" lat="40.4674073" lon="-3.6817681"/>
 <node id="2422159122" visible="true" version="2" changeset="31768753" timestamp="2015-06-06T13:04:44Z" user="Diego Esteban Alonso Blas" uid="699830" lat="40.4730128" lon="-3.7036262"/>
 <node id="2422159123" visible="true" version="2" changeset="31768753" timestamp="2015-06-06T13:04:44Z" user="Diego Esteban Alonso Blas" uid="699830" lat="40.4731177" lon="-3.7034110"/>
 <node id="2422159124" visible="true" version="1" changeset="17387308" timestamp="2013-08-17T18:43:22Z" user="Diego Esteban Alonso Blas" uid="699830" lat="40.4730528" lon="-3.7035309"/>
 <node id="2446404927" visible="true" version="1" changeset="17678068" timestamp="2013-09-04T20:41:48Z" user="Mabema1" uid="582824" lat="40.4896919" lon="-3.7148325"/>
 <node id="2502789747" visible="true" version="2" changeset="22878166" timestamp="2014-06-11T19:47:18Z" user="Luiyo" uid="316694" lat="40.4758809" lon="-3.7013838"/>
 <node id="2502789749" visible="true" version="3" changeset="146143994" timestamp="2024-01-11T13:47:37Z" user="Barrunterio" uid="17808034" lat="40.4760537" lon="-3.7015135"/>
 <node id="2502789768" visible="true" version="1" changeset="18450927" timestamp="2013-10-20T13:01:26Z" user="Diego Esteban Alonso Blas" uid="699830" lat="40.4758012" lon="-3.7014454"/>
 <node id="2502789769" visible="true" version="1" changeset="18450927" timestamp="2013-10-20T13:01:26Z" user="Diego Esteban Alonso Blas" uid="699830" lat="40.4758788" lon="-3.7012682"/>
 <node id="2502789770" visible="true" version="1" changeset="18450927" timestamp="2013-10-20T13:01:26Z" user="Diego Esteban Alonso Blas" uid="699830" lat="40.4757095" lon="-3.7011463"/>
 <node id="2502789771" visible="true" version="1" changeset="18450927" timestamp="2013-10-20T13:01:26Z" user="Diego Esteban Alonso Blas" uid="699830" lat="40.4757430" lon="-3.7010726"/>
 <node id="2502789772" visible="true" version="1" changeset="18450927" timestamp="2013-10-20T13:01:26Z" user="Diego Esteban Alonso Blas" uid="699830" lat="40.4756362" lon="-3.7009932"/>
 <node id="2502789773" visible="true" version="1" changeset="18450927" timestamp="2013-10-20T13:01:26Z" user="Diego Esteban Alonso Blas" uid="699830" lat="40.4755262" lon="-3.7012413"/>
 <node id="2502789774" visible="true" version="1" changeset="18450927" timestamp="2013-10-20T13:01:26Z" user="Diego Esteban Alonso Blas" uid="699830" lat="40.4756017" lon="-3.7010131"/>
 <node id="2502789775" visible="true" version="1" changeset="18450927" timestamp="2013-10-20T13:01:26Z" user="Diego Esteban Alonso Blas" uid="699830" lat="40.4754464" lon="-3.7013660"/>
 <node id="2502789776" visible="true" version="1" changeset="18450927" timestamp="2013-10-20T13:01:26Z" user="Diego Esteban Alonso Blas" uid="699830" lat="40.4753160" lon="-3.7012725"/>
 <node id="2502789777" visible="true" version="1" changeset="18450927" timestamp="2013-10-20T13:01:26Z" user="Diego Esteban Alonso Blas" uid="699830" lat="40.4754712" lon="-3.7009124"/>
 <node id="2502789778" visible="true" version="1" changeset="18450927" timestamp="2013-10-20T13:01:26Z" user="Diego Esteban Alonso Blas" uid="699830" lat="40.4753138" lon="-3.7018268"/>
 <node id="2502789779" visible="true" version="1" changeset="18450927" timestamp="2013-10-20T13:01:26Z" user="Diego Esteban Alonso Blas" uid="699830" lat="40.4748224" lon="-3.7018554"/>
 <node id="2502789780" visible="true" version="4" changeset="49368995" timestamp="2017-06-08T14:01:49Z" user="Luiyo" uid="316694" lat="40.4753584" lon="-3.7016482"/>
 <node id="2502789781" visible="true" version="4" changeset="49368995" timestamp="2017-06-08T14:01:49Z" user="Luiyo" uid="316694" lat="40.4754555" lon="-3.7014226"/>
 <node id="2502789782" visible="true" version="4" changeset="49368995" timestamp="2017-06-08T14:01:49Z" user="Luiyo" uid="316694" lat="40.4752979" lon="-3.7013053"/>
 <node id="2502789784" visible="true" version="3" changeset="49368995" timestamp="2017-06-08T14:01:49Z" user="Luiyo" uid="316694" lat="40.4752008" lon="-3.7015310"/>
 <node id="2502789786" visible="true" version="2" changeset="22840133" timestamp="2014-06-09T22:57:28Z" user="Luiyo" uid="316694" lat="40.4750695" lon="-3.7014300"/>
 <node id="2502789788" visible="true" version="2" changeset="22840133" timestamp="2014-06-09T22:57:28Z" user="Luiyo" uid="316694" lat="40.4749702" lon="-3.7016564"/>
 <node id="2502789790" visible="true" version="2" changeset="22840133" timestamp="2014-06-09T22:57:28Z" user="Luiyo" uid="316694" lat="40.4751261" lon="-3.7017746"/>
 <node id="2502789791" visible="true" version="3" changeset="49368995" timestamp="2017-06-08T14:01:49Z" user="Luiyo" uid="316694" lat="40.4752250" lon="-3.7015490"/>
 <node id="2508899779" visible="true" version="1" changeset="18544272" timestamp="2013-10-25T22:17:45Z" user="Mabema1" uid="582824" lat="40.4738873" lon="-3.7018621"/>
 <node id="2525236873" visible="true" version="1" changeset="18798836" timestamp="2013-11-09T13:25:00Z" user="Diego Esteban Alonso Blas" uid="699830" lat="40.4737418" lon="-3.7022768"/>
 <node id="2525236875" visible="true" version="1" changeset="18798836" timestamp="2013-11-09T13:25:00Z" user="Diego Esteban Alonso Blas" uid="699830" lat="40.4739447" lon="-3.7020501"/>
 <node id="2525236877" visible="true" version="1" changeset="18798836" timestamp="2013-11-09T13:25:00Z" user="Diego Esteban Alonso Blas" uid="699830" lat="40.4739606" lon="-3.7020890"/>
 <node id="2525236879" visible="true" version="1" changeset="18798836" timestamp="2013-11-09T13:25:00Z" user="Diego Esteban Alonso Blas" uid="699830" lat="40.4739674" lon="-3.7021285"/>
 <node id="2525236881" visible="true" version="1" changeset="18798836" timestamp="2013-11-09T13:25:00Z" user="Diego Esteban Alonso Blas" uid="699830" lat="40.4739682" lon="-3.7021533"/>
 <node id="2525236883" visible="true" version="1" changeset="18798836" timestamp="2013-11-09T13:25:00Z" user="Diego Esteban Alonso Blas" uid="699830" lat="40.4739661" lon="-3.7021893"/>
 <node id="2525236885" visible="true" version="1" changeset="18798836" timestamp="2013-11-09T13:25:00Z" user="Diego Esteban Alonso Blas" uid="699830" lat="40.4739584" lon="-3.7022284"/>
 <node id="2525236887" visible="true" version="1" changeset="18798836" timestamp="2013-11-09T13:25:00Z" user="Diego Esteban Alonso Blas" uid="699830" lat="40.4739486" lon="-3.7022541"/>
 <node id="2525236889" visible="true" version="1" changeset="18798836" timestamp="2013-11-09T13:25:00Z" user="Diego Esteban Alonso Blas" uid="699830" lat="40.4739328" lon="-3.7022798"/>
 <node id="2525236890" visible="true" version="1" changeset="18798836" timestamp="2013-11-09T13:25:00Z" user="Diego Esteban Alonso Blas" uid="699830" lat="40.4739145" lon="-3.7023046"/>
 <node id="2525236892" visible="true" version="1" changeset="18798836" timestamp="2013-11-09T13:25:00Z" user="Diego Esteban Alonso Blas" uid="699830" lat="40.4738931" lon="-3.7023166"/>
 <node id="2525236894" visible="true" version="1" changeset="18798836" timestamp="2013-11-09T13:25:00Z" user="Diego Esteban Alonso Blas" uid="699830" lat="40.4738602" lon="-3.7023304"/>
 <node id="2525236896" visible="true" version="1" changeset="18798836" timestamp="2013-11-09T13:25:00Z" user="Diego Esteban Alonso Blas" uid="699830" lat="40.4738374" lon="-3.7023352"/>
 <node id="2525236898" visible="true" version="1" changeset="18798836" timestamp="2013-11-09T13:25:00Z" user="Diego Esteban Alonso Blas" uid="699830" lat="40.4738132" lon="-3.7023263"/>
 <node id="2525236900" visible="true" version="1" changeset="18798836" timestamp="2013-11-09T13:25:00Z" user="Diego Esteban Alonso Blas" uid="699830" lat="40.4737779" lon="-3.7023104"/>
 <node id="2526029072" visible="true" version="1" changeset="18809438" timestamp="2013-11-10T02:15:09Z" user="Iván_" uid="1773299" lat="40.4754052" lon="-3.7017856"/>
 <node id="2526029073" visible="true" version="1" changeset="18809438" timestamp="2013-11-10T02:15:09Z" user="Iván_" uid="1773299" lat="40.4755137" lon="-3.7015502"/>
 <node id="2528653037" visible="true" version="1" changeset="18846211" timestamp="2013-11-11T23:36:31Z" user="Mabema1" uid="582824" lat="40.4746509" lon="-3.6920993"/>
 <node id="2529913041" visible="true" version="1" changeset="18864640" timestamp="2013-11-12T22:22:10Z" user="Mabema1" uid="582824" lat="40.4739001" lon="-3.7021759"/>
 <node id="2529913042" visible="true" version="1" changeset="18864640" timestamp="2013-11-12T22:22:10Z" user="Mabema1" uid="582824" lat="40.4736283" lon="-3.7018575"/>
 <node id="2529913043" visible="true" version="1" changeset="18864640" timestamp="2013-11-12T22:22:11Z" user="Mabema1" uid="582824" lat="40.4836170" lon="-3.7063722"/>
 <node id="2529913044" visible="true" version="2" changeset="32100488" timestamp="2015-06-20T16:43:38Z" user="Diego Esteban Alonso Blas" uid="699830" lat="40.4834528" lon="-3.7061412"/>
 <node id="2529913045" visible="true" version="1" changeset="18864640" timestamp="2013-11-12T22:22:11Z" user="Mabema1" uid="582824" lat="40.4752942" lon="-3.7027871"/>
 <node id="2529913047" visible="true" version="1" changeset="18864640" timestamp="2013-11-12T22:22:11Z" user="Mabema1" uid="582824" lat="40.4723102" lon="-3.6995653"/>
 <node id="2529913048" visible="true" version="1" changeset="18864640" timestamp="2013-11-12T22:22:11Z" user="Mabema1" uid="582824" lat="40.4734658" lon="-3.7016151"/>
 <node id="2529913049" visible="true" version="2" changeset="42326920" timestamp="2016-09-21T15:35:51Z" user="Santi2222" uid="493192" lat="40.4667657" lon="-3.6913108"/>
 <node id="2529913050" visible="true" version="2" changeset="42326920" timestamp="2016-09-21T15:35:51Z" user="Santi2222" uid="493192" lat="40.4661269" lon="-3.6899065"/>
 <node id="2529913051" visible="true" version="2" changeset="42326920" timestamp="2016-09-21T15:35:51Z" user="Santi2222" uid="493192" lat="40.4663133" lon="-3.6905291"/>
 <node id="2529913052" visible="true" version="1" changeset="18864640" timestamp="2013-11-12T22:22:11Z" user="Mabema1" uid="582824" lat="40.4852270" lon="-3.7087575"/>
 <node id="2529913054" visible="true" version="1" changeset="18864640" timestamp="2013-11-12T22:22:11Z" user="Mabema1" uid="582824" lat="40.4683436" lon="-3.6940233"/>
 <node id="2529913055" visible="true" version="2" changeset="42326920" timestamp="2016-09-21T15:35:51Z" user="Santi2222" uid="493192" lat="40.4665259" lon="-3.6909168"/>
 <node id="2529913056" visible="true" version="2" changeset="42326920" timestamp="2016-09-21T15:35:51Z" user="Santi2222" uid="493192" lat="40.4670547" lon="-3.6917712"/>
 <node id="2529913059" visible="true" version="2" changeset="32100488" timestamp="2015-06-20T16:43:38Z" user="Diego Esteban Alonso Blas" uid="699830" lat="40.4830211" lon="-3.7057082"/>
 <node id="2529913060" visible="true" version="1" changeset="18864640" timestamp="2013-11-12T22:22:11Z" user="Mabema1" uid="582824" lat="40.4678489" lon="-3.6931001"/>
 <node id="2529913061" visible="true" version="1" changeset="18864640" timestamp="2013-11-12T22:22:11Z" user="Mabema1" uid="582824" lat="40.4733913" lon="-3.7014873"/>
 <node id="2529913062" visible="true" version="1" changeset="18864640" timestamp="2013-11-12T22:22:11Z" user="Mabema1" uid="582824" lat="40.4739946" lon="-3.7022470"/>
 <node id="2529913063" visible="true" version="2" changeset="42326920" timestamp="2016-09-21T15:35:51Z" user="Santi2222" uid="493192" lat="40.4661005" lon="-3.6896750"/>
 <node id="2529913064" visible="true" version="2" changeset="42326920" timestamp="2016-09-21T15:35:51Z" user="Santi2222" uid="493192" lat="40.4660871" lon="-3.6894340"/>
 <node id="2529913065" visible="true" version="2" changeset="32100488" timestamp="2015-06-20T16:43:37Z" user="Diego Esteban Alonso Blas" uid="699830" lat="40.4813076" lon="-3.7049207"/>
 <node id="2529913066" visible="true" version="1" changeset="18864640" timestamp="2013-11-12T22:22:11Z" user="Mabema1" uid="582824" lat="40.4744195" lon="-3.7024451"/>
 <node id="2529913067" visible="true" version="2" changeset="32100488" timestamp="2015-06-20T16:43:38Z" user="Diego Esteban Alonso Blas" uid="699830" lat="40.4832678" lon="-3.7059363"/>
 <node id="2529913068" visible="true" version="1" changeset="18864640" timestamp="2013-11-12T22:22:11Z" user="Mabema1" uid="582824" lat="40.4682289" lon="-3.6938313"/>
 <node id="2529913069" visible="true" version="1" changeset="18864640" timestamp="2013-11-12T22:22:11Z" user="Mabema1" uid="582824" lat="40.4720046" lon="-3.6991104"/>
 <node id="2529913070" visible="true" version="1" changeset="18864640" timestamp="2013-11-12T22:22:11Z" user="Mabema1" uid="582824" lat="40.4761186" lon="-3.7030770"/>
 <node id="2529913071" visible="true" version="1" changeset="18864640" timestamp="2013-11-12T22:22:11Z" user="Mabema1" uid="582824" lat="40.4690751" lon="-3.6950667"/>
 <node id="2529913072" visible="true" version="1" changeset="18864640" timestamp="2013-11-12T22:22:11Z" user="Mabema1" uid="582824" lat="40.4737974" lon="-3.7020794"/>
 <node id="2529913074" visible="true" version="1" changeset="18864640" timestamp="2013-11-12T22:22:11Z" user="Mabema1" uid="582824" lat="40.4855218" lon="-3.7091805"/>
 <node id="2529913075" visible="true" version="1" changeset="18864640" timestamp="2013-11-12T22:22:11Z" user="Mabema1" uid="582824" lat="40.4702761" lon="-3.6967466"/>
 <node id="2529913076" visible="true" version="1" changeset="18864640" timestamp="2013-11-12T22:22:11Z" user="Mabema1" uid="582824" lat="40.4824991" lon="-3.7054184"/>
 <node id="2529913077" visible="true" version="1" changeset="18864640" timestamp="2013-11-12T22:22:12Z" user="Mabema1" uid="582824" lat="40.4726189" lon="-3.7000658"/>
 <node id="2529913078" visible="true" version="1" changeset="18864640" timestamp="2013-11-12T22:22:12Z" user="Mabema1" uid="582824" lat="40.4684638" lon="-3.6942054"/>
 <node id="2529913079" visible="true" version="2" changeset="32100488" timestamp="2015-06-20T16:43:38Z" user="Diego Esteban Alonso Blas" uid="699830" lat="40.4828913" lon="-3.7056167"/>
 <node id="2529913082" visible="true" version="1" changeset="18864640" timestamp="2013-11-12T22:22:12Z" user="Mabema1" uid="582824" lat="40.4735372" lon="-3.7017276"/>
 <node id="2529913083" visible="true" version="1" changeset="18864640" timestamp="2013-11-12T22:22:12Z" user="Mabema1" uid="582824" lat="40.4661957" lon="-3.6901889"/>
 <node id="2529913085" visible="true" version="1" changeset="18864640" timestamp="2013-11-12T22:22:12Z" user="Mabema1" uid="582824" lat="40.4758495" lon="-3.7029810"/>
 <node id="2529913087" visible="true" version="1" changeset="18864640" timestamp="2013-11-12T22:22:12Z" user="Mabema1" uid="582824" lat="40.4737178" lon="-3.7019803"/>
 <node id="2529913090" visible="true" version="1" changeset="18864640" timestamp="2013-11-12T22:22:12Z" user="Mabema1" uid="582824" lat="40.4724818" lon="-3.6998276"/>
 <node id="2529913091" visible="true" version="1" changeset="18864640" timestamp="2013-11-12T22:22:12Z" user="Mabema1" uid="582824" lat="40.4741069" lon="-3.7023071"/>
 <node id="2529913092" visible="true" version="1" changeset="18864640" timestamp="2013-11-12T22:22:12Z" user="Mabema1" uid="582824" lat="40.4789506" lon="-3.7040669"/>
 <node id="2529913093" visible="true" version="1" changeset="18864640" timestamp="2013-11-12T22:22:12Z" user="Mabema1" uid="582824" lat="40.4742689" lon="-3.7023812"/>
 <node id="2529913094" visible="true" version="1" changeset="18864640" timestamp="2013-11-12T22:22:12Z" user="Mabema1" uid="582824" lat="40.4680840" lon="-3.6935580"/>
 <node id="2529914499" visible="true" version="1" changeset="18864640" timestamp="2013-11-12T22:24:46Z" user="Mabema1" uid="582824" lat="40.4858192" lon="-3.7096035"/>
 <node id="2529914500" visible="true" version="1" changeset="18864640" timestamp="2013-11-12T22:24:46Z" user="Mabema1" uid="582824" lat="40.4860926" lon="-3.7099098"/>
 <node id="2529914502" visible="true" version="1" changeset="18864640" timestamp="2013-11-12T22:24:46Z" user="Mabema1" uid="582824" lat="40.4884190" lon="-3.7125990"/>
 <node id="2529914507" visible="true" version="1" changeset="18864640" timestamp="2013-11-12T22:24:46Z" user="Mabema1" uid="582824" lat="40.4881354" lon="-3.7121875"/>
 <node id="2529914508" visible="true" version="1" changeset="18864640" timestamp="2013-11-12T22:24:46Z" user="Mabema1" uid="582824" lat="40.4874598" lon="-3.7113593"/>
 <node id="2529914510" visible="true" version="1" changeset="18864640" timestamp="2013-11-12T22:24:46Z" user="Mabema1" uid="582824" lat="40.4878253" lon="-3.7117766"/>
 <node id="2529914512" visible="true" version="1" changeset="18864640" timestamp="2013-11-12T22:24:46Z" user="Mabema1" uid="582824" lat="40.4886854" lon="-3.7130496"/>
 <node id="2542462583" visible="true" version="1" changeset="19026267" timestamp="2013-11-21T00:21:33Z" user="Mabema1" uid="582824" lat="40.4738617" lon="-3.7017426">
  <tag k="highway" v="traffic_signals"/>
 </node>
 <node id="2542462585" visible="true" version="1" changeset="19026267" timestamp="2013-11-21T00:21:33Z" user="Mabema1" uid="582824" lat="40.4737613" lon="-3.7016794"/>
 <node id="2542462588" visible="true" version="1" changeset="19026267" timestamp="2013-11-21T00:21:34Z" user="Mabema1" uid="582824" lat="40.4740470" lon="-3.7020730"/>
 <node id="2566251647" visible="true" version="1" changeset="19289085" timestamp="2013-12-05T13:25:21Z" user="Diego Esteban Alonso Blas" uid="699830" lat="40.4773020" lon="-3.7033917"/>
 <node id="2631395322" visible="true" version="1" changeset="20126800" timestamp="2014-01-21T17:47:53Z" user="Pelanas" uid="436572" lat="40.4766414" lon="-3.7031437"/>
 <node id="2674591399" visible="true" version="1" changeset="20592961" timestamp="2014-02-16T11:36:28Z" user="Diego Esteban Alonso Blas" uid="699830" lat="40.4775805" lon="-3.7034874"/>
 <node id="2741615136" visible="true" version="3" changeset="49369096" timestamp="2017-06-08T14:04:55Z" user="Luiyo" uid="316694" lat="40.4738350" lon="-3.7027791"/>
 <node id="2741615142" visible="true" version="1" changeset="21300727" timestamp="2014-03-25T08:31:57Z" user="Diego Esteban Alonso Blas" uid="699830" lat="40.4743167" lon="-3.7027888"/>
 <node id="2741615144" visible="true" version="1" changeset="21300727" timestamp="2014-03-25T08:31:57Z" user="Diego Esteban Alonso Blas" uid="699830" lat="40.4745162" lon="-3.7028631"/>
 <node id="2741615146" visible="true" version="1" changeset="21300727" timestamp="2014-03-25T08:31:57Z" user="Diego Esteban Alonso Blas" uid="699830" lat="40.4744661" lon="-3.7030956"/>
 <node id="2741615148" visible="true" version="1" changeset="21300727" timestamp="2014-03-25T08:31:57Z" user="Diego Esteban Alonso Blas" uid="699830" lat="40.4742666" lon="-3.7030214"/>
 <node id="2741615150" visible="true" version="2" changeset="31973179" timestamp="2015-06-15T00:13:46Z" user="Diego Esteban Alonso Blas" uid="699830" lat="40.4743241" lon="-3.7027527"/>
 <node id="2741615151" visible="true" version="2" changeset="31973179" timestamp="2015-06-15T00:13:46Z" user="Diego Esteban Alonso Blas" uid="699830" lat="40.4744096" lon="-3.7027855"/>
 <node id="2741615153" visible="true" version="2" changeset="31973179" timestamp="2015-06-15T00:13:46Z" user="Diego Esteban Alonso Blas" uid="699830" lat="40.4744336" lon="-3.7026773"/>
 <node id="2741615155" visible="true" version="2" changeset="31973179" timestamp="2015-06-15T00:13:46Z" user="Diego Esteban Alonso Blas" uid="699830" lat="40.4743481" lon="-3.7026445"/>
 <node id="2741615157" visible="true" version="2" changeset="146143994" timestamp="2024-01-11T13:47:37Z" user="Barrunterio" uid="17808034" lat="40.4743029" lon="-3.7024535"/>
 <node id="2741615159" visible="true" version="2" changeset="146143994" timestamp="2024-01-11T13:47:37Z" user="Barrunterio" uid="17808034" lat="40.4743225" lon="-3.7023707"/>
 <node id="2741615162" visible="true" version="1" changeset="21300727" timestamp="2014-03-25T08:31:57Z" user="Diego Esteban Alonso Blas" uid="699830" lat="40.4745555" lon="-3.7024525"/>
 <node id="2741615164" visible="true" version="2" changeset="146143994" timestamp="2024-01-11T13:47:37Z" user="Barrunterio" uid="17808034" lat="40.4745382" lon="-3.7025353"/>
 <node id="2741615166" visible="true" version="2" changeset="41047639" timestamp="2016-07-26T20:38:18Z" user="polkillas" uid="42055" lat="40.4747390" lon="-3.7023311"/>
 <node id="2741615167" visible="true" version="3" changeset="130106510" timestamp="2022-12-15T09:47:37Z" user="sbelemey" uid="10398649" lat="40.4747484" lon="-3.7024519"/>
 <node id="2741615169" visible="true" version="4" changeset="146143994" timestamp="2024-01-11T13:47:37Z" user="Barrunterio" uid="17808034" lat="40.4747042" lon="-3.7022754">
  <tag k="highway" v="traffic_signals"/>
  <tag k="traffic_signals" v="traffic_lights"/>
  <tag k="traffic_signals:direction" v="forward"/>
 </node>
 <node id="2742883378" visible="true" version="1" changeset="21312562" timestamp="2014-03-25T20:19:02Z" user="Diego Esteban Alonso Blas" uid="699830" lat="40.4740953" lon="-3.7027153"/>
 <node id="2742883380" visible="true" version="1" changeset="21312562" timestamp="2014-03-25T20:19:02Z" user="Diego Esteban Alonso Blas" uid="699830" lat="40.4740770" lon="-3.7028034"/>
 <node id="2742883381" visible="true" version="1" changeset="21312562" timestamp="2014-03-25T20:19:02Z" user="Diego Esteban Alonso Blas" uid="699830" lat="40.4742669" lon="-3.7028718"/>
 <node id="2742883382" visible="true" version="1" changeset="21312562" timestamp="2014-03-25T20:19:02Z" user="Diego Esteban Alonso Blas" uid="699830" lat="40.4742852" lon="-3.7027837"/>
 <node id="2742883386" visible="true" version="2" changeset="54865676" timestamp="2017-12-23T15:00:08Z" user="JSGalvez" uid="6524272" lat="40.4738606" lon="-3.7026076"/>
 <node id="2742883411" visible="true" version="2" changeset="49369096" timestamp="2017-06-08T14:04:55Z" user="Luiyo" uid="316694" lat="40.4740490" lon="-3.7028957"/>
 <node id="2742883419" visible="true" version="2" changeset="49369096" timestamp="2017-06-08T14:04:55Z" user="Luiyo" uid="316694" lat="40.4738547" lon="-3.7026804"/>
 <node id="2742883420" visible="true" version="2" changeset="49369096" timestamp="2017-06-08T14:04:55Z" user="Luiyo" uid="316694" lat="40.4739763" lon="-3.7027226"/>
 <node id="2742883421" visible="true" version="2" changeset="49369096" timestamp="2017-06-08T14:04:55Z" user="Luiyo" uid="316694" lat="40.4739858" lon="-3.7026793"/>
 <node id="2742883423" visible="true" version="2" changeset="49369096" timestamp="2017-06-08T14:04:55Z" user="Luiyo" uid="316694" lat="40.4740610" lon="-3.7027063"/>
 <node id="2742883424" visible="true" version="2" changeset="49369096" timestamp="2017-06-08T14:04:55Z" user="Luiyo" uid="316694" lat="40.4740239" lon="-3.7028872"/>
 <node id="2742883425" visible="true" version="2" changeset="49369096" timestamp="2017-06-08T14:04:55Z" user="Luiyo" uid="316694" lat="40.4738982" lon="-3.7029964"/>
 <node id="2742883426" visible="true" version="2" changeset="49369096" timestamp="2017-06-08T14:04:56Z" user="Luiyo" uid="316694" lat="40.4738239" lon="-3.7029693"/>
 <node id="2742883427" visible="true" version="2" changeset="49369096" timestamp="2017-06-08T14:04:56Z" user="Luiyo" uid="316694" lat="40.4739077" lon="-3.7029518"/>
 <node id="2742883428" visible="true" version="2" changeset="49369096" timestamp="2017-06-08T14:04:56Z" user="Luiyo" uid="316694" lat="40.4740293" lon="-3.7029944"/>
 <node id="2742883435" visible="true" version="2" changeset="49369096" timestamp="2017-06-08T14:04:56Z" user="Luiyo" uid="316694" lat="40.4738608" lon="-3.7027880"/>
 <node id="2908322698" visible="true" version="1" changeset="22840133" timestamp="2014-06-09T22:57:22Z" user="Luiyo" uid="316694" lat="40.4752300" lon="-3.7011190"/>
 <node id="2908322699" visible="true" version="1" changeset="22840133" timestamp="2014-06-09T22:57:22Z" user="Luiyo" uid="316694" lat="40.4753238" lon="-3.7011885"/>
 <node id="2908322700" visible="true" version="1" changeset="22840133" timestamp="2014-06-09T22:57:22Z" user="Luiyo" uid="316694" lat="40.4753543" lon="-3.7008289"/>
 <node id="2908324301" visible="true" version="1" changeset="22840133" timestamp="2014-06-09T22:57:22Z" user="Luiyo" uid="316694" lat="40.4753925" lon="-3.7007220"/>
 <node id="2908324302" visible="true" version="1" changeset="22840133" timestamp="2014-06-09T22:57:22Z" user="Luiyo" uid="316694" lat="40.4754457" lon="-3.7005980"/>
 <node id="2908324303" visible="true" version="1" changeset="22840133" timestamp="2014-06-09T22:57:22Z" user="Luiyo" uid="316694" lat="40.4754481" lon="-3.7008983"/>
 <node id="2908324304" visible="true" version="1" changeset="22840133" timestamp="2014-06-09T22:57:22Z" user="Luiyo" uid="316694" lat="40.4754707" lon="-3.7007801"/>
 <node id="2908324305" visible="true" version="1" changeset="22840133" timestamp="2014-06-09T22:57:23Z" user="Luiyo" uid="316694" lat="40.4754825" lon="-3.7007525"/>
 <node id="2908324306" visible="true" version="1" changeset="22840133" timestamp="2014-06-09T22:57:23Z" user="Luiyo" uid="316694" lat="40.4755065" lon="-3.7008082"/>
 <node id="2908324307" visible="true" version="1" changeset="22840133" timestamp="2014-06-09T22:57:23Z" user="Luiyo" uid="316694" lat="40.4755127" lon="-3.7006835"/>
 <node id="2908324309" visible="true" version="1" changeset="22840133" timestamp="2014-06-09T22:57:23Z" user="Luiyo" uid="316694" lat="40.4755188" lon="-3.7007795"/>
 <node id="2908324310" visible="true" version="1" changeset="22840133" timestamp="2014-06-09T22:57:23Z" user="Luiyo" uid="316694" lat="40.4755244" lon="-3.7006564"/>
 <node id="2908324311" visible="true" version="1" changeset="22840133" timestamp="2014-06-09T22:57:23Z" user="Luiyo" uid="316694" lat="40.4755495" lon="-3.7007108"/>
 <node id="2908324312" visible="true" version="1" changeset="22840133" timestamp="2014-06-09T22:57:23Z" user="Luiyo" uid="316694" lat="40.4755606" lon="-3.7006851"/>
 <node id="2908324313" visible="true" version="1" changeset="22840133" timestamp="2014-06-09T22:57:23Z" user="Luiyo" uid="316694" lat="40.4755615" lon="-3.7009241"/>
 <node id="2908324314" visible="true" version="1" changeset="22840133" timestamp="2014-06-09T22:57:23Z" user="Luiyo" uid="316694" lat="40.4755861" lon="-3.7008673"/>
 <node id="2908324316" visible="true" version="1" changeset="22840133" timestamp="2014-06-09T22:57:23Z" user="Luiyo" uid="316694" lat="40.4756128" lon="-3.7008055"/>
 <node id="2908324317" visible="true" version="1" changeset="22840133" timestamp="2014-06-09T22:57:23Z" user="Luiyo" uid="316694" lat="40.4756392" lon="-3.7007435"/>
 <node id="2908324318" visible="true" version="1" changeset="22840133" timestamp="2014-06-09T22:57:23Z" user="Luiyo" uid="316694" lat="40.4756402" lon="-3.7009829"/>
 <node id="2908324319" visible="true" version="1" changeset="22840133" timestamp="2014-06-09T22:57:23Z" user="Luiyo" uid="316694" lat="40.4756506" lon="-3.7009589"/>
 <node id="2908324321" visible="true" version="1" changeset="22840133" timestamp="2014-06-09T22:57:23Z" user="Luiyo" uid="316694" lat="40.4756764" lon="-3.7010142"/>
 <node id="2908324322" visible="true" version="1" changeset="22840133" timestamp="2014-06-09T22:57:23Z" user="Luiyo" uid="316694" lat="40.4756810" lon="-3.7008919"/>
 <node id="2908324323" visible="true" version="1" changeset="22840133" timestamp="2014-06-09T22:57:23Z" user="Luiyo" uid="316694" lat="40.4756882" lon="-3.7009870"/>
 <node id="2908324324" visible="true" version="1" changeset="22840133" timestamp="2014-06-09T22:57:23Z" user="Luiyo" uid="316694" lat="40.4756926" lon="-3.7008651"/>
 <node id="2908324326" visible="true" version="1" changeset="22840133" timestamp="2014-06-09T22:57:23Z" user="Luiyo" uid="316694" lat="40.4757190" lon="-3.7009202"/>
 <node id="2908324328" visible="true" version="1" changeset="22840133" timestamp="2014-06-09T22:57:23Z" user="Luiyo" uid="316694" lat="40.4757308" lon="-3.7008929"/>
 <node id="2908324330" visible="true" version="1" changeset="22840133" timestamp="2014-06-09T22:57:23Z" user="Luiyo" uid="316694" lat="40.4757539" lon="-3.7010739"/>
 <node id="2908324332" visible="true" version="1" changeset="22840133" timestamp="2014-06-09T22:57:23Z" user="Luiyo" uid="316694" lat="40.4757821" lon="-3.7010121"/>
 <node id="2908324334" visible="true" version="1" changeset="22840133" timestamp="2014-06-09T22:57:23Z" user="Luiyo" uid="316694" lat="40.4758085" lon="-3.7009510"/>
 <node id="2908324338" visible="true" version="1" changeset="22840133" timestamp="2014-06-09T22:57:23Z" user="Luiyo" uid="316694" lat="40.4758352" lon="-3.7008894"/>
 <node id="2908324340" visible="true" version="1" changeset="22840133" timestamp="2014-06-09T22:57:23Z" user="Luiyo" uid="316694" lat="40.4758612" lon="-3.7010713"/>
 <node id="2908324343" visible="true" version="1" changeset="22840133" timestamp="2014-06-09T22:57:23Z" user="Luiyo" uid="316694" lat="40.4758728" lon="-3.7010444"/>
 <node id="2908324347" visible="true" version="1" changeset="22840133" timestamp="2014-06-09T22:57:23Z" user="Luiyo" uid="316694" lat="40.4758982" lon="-3.7010998"/>
 <node id="2908324348" visible="true" version="1" changeset="22840133" timestamp="2014-06-09T22:57:23Z" user="Luiyo" uid="316694" lat="40.4759021" lon="-3.7009778"/>
 <node id="2908324350" visible="true" version="1" changeset="22840133" timestamp="2014-06-09T22:57:23Z" user="Luiyo" uid="316694" lat="40.4759101" lon="-3.7010723"/>
 <node id="2908324351" visible="true" version="1" changeset="22840133" timestamp="2014-06-09T22:57:23Z" user="Luiyo" uid="316694" lat="40.4759146" lon="-3.7009488"/>
 <node id="2908324353" visible="true" version="1" changeset="22840133" timestamp="2014-06-09T22:57:23Z" user="Luiyo" uid="316694" lat="40.4759398" lon="-3.7010061"/>
 <node id="2908324355" visible="true" version="1" changeset="22840133" timestamp="2014-06-09T22:57:24Z" user="Luiyo" uid="316694" lat="40.4759517" lon="-3.7009788"/>
 <node id="2908324357" visible="true" version="1" changeset="22840133" timestamp="2014-06-09T22:57:24Z" user="Luiyo" uid="316694" lat="40.4759759" lon="-3.7011579"/>
 <node id="2908324359" visible="true" version="1" changeset="22840133" timestamp="2014-06-09T22:57:24Z" user="Luiyo" uid="316694" lat="40.4760285" lon="-3.7010363"/>
 <node id="2911885983" visible="true" version="1" changeset="22878166" timestamp="2014-06-11T19:47:07Z" user="Luiyo" uid="316694" lat="40.4751319" lon="-3.7023243"/>
 <node id="2911885984" visible="true" version="1" changeset="22878166" timestamp="2014-06-11T19:47:07Z" user="Luiyo" uid="316694" lat="40.4751724" lon="-3.7021255"/>
 <node id="2911885985" visible="true" version="1" changeset="22878166" timestamp="2014-06-11T19:47:07Z" user="Luiyo" uid="316694" lat="40.4753800" lon="-3.7021986"/>
 <node id="2911885986" visible="true" version="1" changeset="22878166" timestamp="2014-06-11T19:47:07Z" user="Luiyo" uid="316694" lat="40.4753878" lon="-3.7021603"/>
 <node id="2911885987" visible="true" version="2" changeset="146143994" timestamp="2024-01-11T13:47:37Z" user="Barrunterio" uid="17808034" lat="40.4754073" lon="-3.7018919"/>
 <node id="2911885988" visible="true" version="1" changeset="22878166" timestamp="2014-06-11T19:47:07Z" user="Luiyo" uid="316694" lat="40.4754282" lon="-3.7022263"/>
 <node id="2911885989" visible="true" version="1" changeset="22878166" timestamp="2014-06-11T19:47:07Z" user="Luiyo" uid="316694" lat="40.4754381" lon="-3.7021780"/>
 <node id="2911885990" visible="true" version="1" changeset="22878166" timestamp="2014-06-11T19:47:07Z" user="Luiyo" uid="316694" lat="40.4754532" lon="-3.7022350"/>
 <node id="2911885991" visible="true" version="1" changeset="22878166" timestamp="2014-06-11T19:47:07Z" user="Luiyo" uid="316694" lat="40.4754790" lon="-3.7021084"/>
 <node id="2911885992" visible="true" version="1" changeset="22878166" timestamp="2014-06-11T19:47:07Z" user="Luiyo" uid="316694" lat="40.4754910" lon="-3.7024507"/>
 <node id="2911885994" visible="true" version="1" changeset="22878166" timestamp="2014-06-11T19:47:07Z" user="Luiyo" uid="316694" lat="40.4755149" lon="-3.7023335"/>
 <node id="2911885995" visible="true" version="1" changeset="22878166" timestamp="2014-06-11T19:47:07Z" user="Luiyo" uid="316694" lat="40.4755328" lon="-3.7023691"/>
 <node id="2911885996" visible="true" version="1" changeset="22878166" timestamp="2014-06-11T19:47:07Z" user="Luiyo" uid="316694" lat="40.4755384" lon="-3.7023417"/>
 <node id="2911885997" visible="true" version="2" changeset="146143994" timestamp="2024-01-11T13:47:37Z" user="Barrunterio" uid="17808034" lat="40.4755223" lon="-3.7018823"/>
 <node id="2911885998" visible="true" version="1" changeset="22878166" timestamp="2014-06-11T19:47:07Z" user="Luiyo" uid="316694" lat="40.4755857" lon="-3.7023878"/>
 <node id="2911885999" visible="true" version="1" changeset="22878166" timestamp="2014-06-11T19:47:07Z" user="Luiyo" uid="316694" lat="40.4755914" lon="-3.7023596"/>
 <node id="2911886000" visible="true" version="2" changeset="146143994" timestamp="2024-01-11T13:47:37Z" user="Barrunterio" uid="17808034" lat="40.4756131" lon="-3.7018785"/>
 <node id="2911886801" visible="true" version="1" changeset="22878166" timestamp="2014-06-11T19:47:07Z" user="Luiyo" uid="316694" lat="40.4757945" lon="-3.7024312"/>
 <node id="2911886802" visible="true" version="1" changeset="22878166" timestamp="2014-06-11T19:47:07Z" user="Luiyo" uid="316694" lat="40.4758348" lon="-3.7022337"/>
 <node id="2911886803" visible="true" version="3" changeset="146143994" timestamp="2024-01-11T13:47:37Z" user="Barrunterio" uid="17808034" lat="40.4771123" lon="-3.7022354"/>
 <node id="2911886805" visible="true" version="2" changeset="41047639" timestamp="2016-07-26T20:38:18Z" user="polkillas" uid="42055" lat="40.4771413" lon="-3.7019142"/>
 <node id="2911886806" visible="true" version="2" changeset="41047639" timestamp="2016-07-26T20:38:18Z" user="polkillas" uid="42055" lat="40.4771454" lon="-3.7019670"/>
 <node id="3014465479" visible="true" version="1" changeset="24725692" timestamp="2014-08-13T15:08:26Z" user="lamperez" uid="1710962" lat="40.4747985" lon="-3.7019574"/>
 <node id="3028742665" visible="true" version="1" changeset="24872710" timestamp="2014-08-19T23:15:14Z" user="robertogeb" uid="491515" lat="40.4841330" lon="-3.7071234"/>
 <node id="3143860736" visible="true" version="5" changeset="151828927" timestamp="2024-05-25T21:23:30Z" user="Iván_" uid="1773299" lat="40.4736203" lon="-3.7015146">
  <tag k="crossing" v="uncontrolled"/>
  <tag k="crossing:markings" v="zebra"/>
  <tag k="highway" v="crossing"/>
  <tag k="tactile_paving" v="yes"/>
 </node>
 <node id="3143860738" visible="true" version="4" changeset="151828927" timestamp="2024-05-25T21:23:30Z" user="Iván_" uid="1773299" lat="40.4738369" lon="-3.7015947">
  <tag k="crossing" v="uncontrolled"/>
  <tag k="crossing:markings" v="zebra"/>
  <tag k="highway" v="crossing"/>
  <tag k="tactile_paving" v="yes"/>
 </node>
 <node id="3321769935" visible="true" version="6" changeset="162036557" timestamp="2025-02-02T08:26:21Z" user="ShyShark" uid="10335512" lat="40.4738552" lon="-3.7009240"/>
 <node id="3321769938" visible="true" version="1" changeset="28513373" timestamp="2015-01-30T21:33:43Z" user="polkillas" uid="42055" lat="40.4740893" lon="-3.7013826"/>
 <node id="3321769945" visible="true" version="2" changeset="49438653" timestamp="2017-06-11T10:02:21Z" user="Luiyo" uid="316694" lat="40.4743227" lon="-3.7012233"/>
 <node id="3321769946" visible="true" version="1" changeset="28513373" timestamp="2015-01-30T21:33:43Z" user="polkillas" uid="42055" lat="40.4743967" lon="-3.7018494"/>
 <node id="3465561760" visible="true" version="1" changeset="30332249" timestamp="2015-04-19T15:22:57Z" user="Diego Esteban Alonso Blas" uid="699830" lat="40.4741478" lon="-3.7019451"/>
 <node id="3465561761" visible="true" version="1" changeset="30332249" timestamp="2015-04-19T15:22:57Z" user="Diego Esteban Alonso Blas" uid="699830" lat="40.4741521" lon="-3.7018799"/>
 <node id="3465561762" visible="true" version="1" changeset="30332249" timestamp="2015-04-19T15:22:57Z" user="Diego Esteban Alonso Blas" uid="699830" lat="40.4741602" lon="-3.7018195"/>
 <node id="3465561763" visible="true" version="1" changeset="30332249" timestamp="2015-04-19T15:22:57Z" user="Diego Esteban Alonso Blas" uid="699830" lat="40.4741718" lon="-3.7018003"/>
 <node id="3465561764" visible="true" version="1" changeset="30332249" timestamp="2015-04-19T15:22:58Z" user="Diego Esteban Alonso Blas" uid="699830" lat="40.4741996" lon="-3.7018320"/>
 <node id="3465561765" visible="true" version="1" changeset="30332249" timestamp="2015-04-19T15:22:58Z" user="Diego Esteban Alonso Blas" uid="699830" lat="40.4742324" lon="-3.7019029"/>
 <node id="3465561766" visible="true" version="1" changeset="30332249" timestamp="2015-04-19T15:22:58Z" user="Diego Esteban Alonso Blas" uid="699830" lat="40.4743090" lon="-3.7020515"/>
 <node id="3465561767" visible="true" version="1" changeset="30332249" timestamp="2015-04-19T15:22:58Z" user="Diego Esteban Alonso Blas" uid="699830" lat="40.4743586" lon="-3.7020918"/>
 <node id="3465561768" visible="true" version="1" changeset="30332249" timestamp="2015-04-19T15:22:58Z" user="Diego Esteban Alonso Blas" uid="699830" lat="40.4744176" lon="-3.7021177"/>
 <node id="3465561769" visible="true" version="1" changeset="30332249" timestamp="2015-04-19T15:22:58Z" user="Diego Esteban Alonso Blas" uid="699830" lat="40.4744782" lon="-3.7020659"/>
 <node id="3465561770" visible="true" version="1" changeset="30332249" timestamp="2015-04-19T15:22:58Z" user="Diego Esteban Alonso Blas" uid="699830" lat="40.4745351" lon="-3.7020745"/>
 <node id="3465561771" visible="true" version="1" changeset="30332249" timestamp="2015-04-19T15:22:58Z" user="Diego Esteban Alonso Blas" uid="699830" lat="40.4746241" lon="-3.7022337"/>
 <node id="3465561772" visible="true" version="1" changeset="30332249" timestamp="2015-04-19T15:22:58Z" user="Diego Esteban Alonso Blas" uid="699830" lat="40.4745694" lon="-3.7022587"/>
 <node id="3465561773" visible="true" version="1" changeset="30332249" timestamp="2015-04-19T15:22:58Z" user="Diego Esteban Alonso Blas" uid="699830" lat="40.4745314" lon="-3.7022702"/>
 <node id="3465561774" visible="true" version="1" changeset="30332249" timestamp="2015-04-19T15:22:58Z" user="Diego Esteban Alonso Blas" uid="699830" lat="40.4744760" lon="-3.7022587"/>
 <node id="3465561775" visible="true" version="1" changeset="30332249" timestamp="2015-04-19T15:22:58Z" user="Diego Esteban Alonso Blas" uid="699830" lat="40.4743294" lon="-3.7022059"/>
 <node id="3465561776" visible="true" version="1" changeset="30332249" timestamp="2015-04-19T15:22:58Z" user="Diego Esteban Alonso Blas" uid="699830" lat="40.4742842" lon="-3.7021877"/>
 <node id="3465561777" visible="true" version="1" changeset="30332249" timestamp="2015-04-19T15:22:58Z" user="Diego Esteban Alonso Blas" uid="699830" lat="40.4742404" lon="-3.7021628"/>
 <node id="3465561778" visible="true" version="1" changeset="30332249" timestamp="2015-04-19T15:22:58Z" user="Diego Esteban Alonso Blas" uid="699830" lat="40.4742025" lon="-3.7021206"/>
 <node id="3465561779" visible="true" version="1" changeset="30332249" timestamp="2015-04-19T15:22:58Z" user="Diego Esteban Alonso Blas" uid="699830" lat="40.4741609" lon="-3.7020333"/>
 <node id="3465867201" visible="true" version="3" changeset="144701576" timestamp="2023-12-02T19:20:07Z" user="Barrunterio" uid="17808034" lat="40.4747864" lon="-3.7026498"/>
 <node id="3465867202" visible="true" version="2" changeset="31973179" timestamp="2015-06-15T00:13:46Z" user="Diego Esteban Alonso Blas" uid="699830" lat="40.4748099" lon="-3.7025469"/>
 <node id="3465867203" visible="true" version="3" changeset="144701576" timestamp="2023-12-02T19:20:07Z" user="Barrunterio" uid="17808034" lat="40.4748669" lon="-3.7025680"/>
 <node id="3465867204" visible="true" version="3" changeset="144701576" timestamp="2023-12-02T19:20:07Z" user="Barrunterio" uid="17808034" lat="40.4748478" lon="-3.7026713"/>
 <node id="3495793639" visible="true" version="2" changeset="31973179" timestamp="2015-06-15T00:13:46Z" user="Diego Esteban Alonso Blas" uid="699830" lat="40.4745458" lon="-3.7028601"/>
 <node id="3495793640" visible="true" version="2" changeset="31973179" timestamp="2015-06-15T00:13:46Z" user="Diego Esteban Alonso Blas" uid="699830" lat="40.4742892" lon="-3.7027487"/>
 <node id="3495793641" visible="true" version="2" changeset="31973179" timestamp="2015-06-15T00:13:46Z" user="Diego Esteban Alonso Blas" uid="699830" lat="40.4741060" lon="-3.7026819"/>
 <node id="3495793642" visible="true" version="2" changeset="31973179" timestamp="2015-06-15T00:13:46Z" user="Diego Esteban Alonso Blas" uid="699830" lat="40.4741322" lon="-3.7025579"/>
 <node id="3495793643" visible="true" version="2" changeset="31973179" timestamp="2015-06-15T00:13:46Z" user="Diego Esteban Alonso Blas" uid="699830" lat="40.4743154" lon="-3.7026246"/>
 <node id="3495793644" visible="true" version="1" changeset="30759665" timestamp="2015-05-03T20:44:39Z" user="Diego Esteban Alonso Blas" uid="699830" lat="40.4749801" lon="-3.7008596"/>
 <node id="3495793645" visible="true" version="1" changeset="30759665" timestamp="2015-05-03T20:44:39Z" user="Diego Esteban Alonso Blas" uid="699830" lat="40.4742335" lon="-3.7017166"/>
 <node id="3495793646" visible="true" version="1" changeset="30759665" timestamp="2015-05-03T20:44:39Z" user="Diego Esteban Alonso Blas" uid="699830" lat="40.4743190" lon="-3.7016222"/>
 <node id="3495793647" visible="true" version="1" changeset="30759665" timestamp="2015-05-03T20:44:39Z" user="Diego Esteban Alonso Blas" uid="699830" lat="40.4744399" lon="-3.7014919"/>
 <node id="3495793648" visible="true" version="1" changeset="30759665" timestamp="2015-05-03T20:44:39Z" user="Diego Esteban Alonso Blas" uid="699830" lat="40.4745572" lon="-3.7013521"/>
 <node id="3495793649" visible="true" version="1" changeset="30759665" timestamp="2015-05-03T20:44:39Z" user="Diego Esteban Alonso Blas" uid="699830" lat="40.4746509" lon="-3.7012206"/>
 <node id="3495793650" visible="true" version="1" changeset="30759665" timestamp="2015-05-03T20:44:39Z" user="Diego Esteban Alonso Blas" uid="699830" lat="40.4747473" lon="-3.7010556"/>
 <node id="3495793651" visible="true" version="1" changeset="30759665" timestamp="2015-05-03T20:44:39Z" user="Diego Esteban Alonso Blas" uid="699830" lat="40.4748064" lon="-3.7009564"/>
 <node id="3495793652" visible="true" version="1" changeset="30759665" timestamp="2015-05-03T20:44:39Z" user="Diego Esteban Alonso Blas" uid="699830" lat="40.4748618" lon="-3.7008225"/>
 <node id="3495793653" visible="true" version="1" changeset="30759665" timestamp="2015-05-03T20:44:39Z" user="Diego Esteban Alonso Blas" uid="699830" lat="40.4749164" lon="-3.7006791"/>
 <node id="3495793654" visible="true" version="1" changeset="30759665" timestamp="2015-05-03T20:44:39Z" user="Diego Esteban Alonso Blas" uid="699830" lat="40.4749591" lon="-3.7005404"/>
 <node id="3495793655" visible="true" version="1" changeset="30759665" timestamp="2015-05-03T20:44:39Z" user="Diego Esteban Alonso Blas" uid="699830" lat="40.4749864" lon="-3.7004472"/>
 <node id="3495793656" visible="true" version="1" changeset="30759665" timestamp="2015-05-03T20:44:39Z" user="Diego Esteban Alonso Blas" uid="699830" lat="40.4750091" lon="-3.7003468"/>
 <node id="3495793657" visible="true" version="1" changeset="30759665" timestamp="2015-05-03T20:44:39Z" user="Diego Esteban Alonso Blas" uid="699830" lat="40.4750282" lon="-3.7002583"/>
 <node id="3495793658" visible="true" version="1" changeset="30759665" timestamp="2015-05-03T20:44:39Z" user="Diego Esteban Alonso Blas" uid="699830" lat="40.4751092" lon="-3.7002990"/>
 <node id="3495793659" visible="true" version="1" changeset="30759665" timestamp="2015-05-03T20:44:39Z" user="Diego Esteban Alonso Blas" uid="699830" lat="40.4750628" lon="-3.7005584"/>
 <node id="3495793660" visible="true" version="1" changeset="30759665" timestamp="2015-05-03T20:44:39Z" user="Diego Esteban Alonso Blas" uid="699830" lat="40.4750182" lon="-3.7006922"/>
 <node id="3495793661" visible="true" version="1" changeset="30759665" timestamp="2015-05-03T20:44:39Z" user="Diego Esteban Alonso Blas" uid="699830" lat="40.4749755" lon="-3.7008106"/>
 <node id="3495793662" visible="true" version="1" changeset="30759665" timestamp="2015-05-03T20:44:39Z" user="Diego Esteban Alonso Blas" uid="699830" lat="40.4748973" lon="-3.7009899"/>
 <node id="3495793663" visible="true" version="1" changeset="30759665" timestamp="2015-05-03T20:44:39Z" user="Diego Esteban Alonso Blas" uid="699830" lat="40.4747782" lon="-3.7012026"/>
 <node id="3495793664" visible="true" version="1" changeset="30759665" timestamp="2015-05-03T20:44:39Z" user="Diego Esteban Alonso Blas" uid="699830" lat="40.4745718" lon="-3.7015840"/>
 <node id="3495793665" visible="true" version="1" changeset="30759665" timestamp="2015-05-03T20:44:39Z" user="Diego Esteban Alonso Blas" uid="699830" lat="40.4744636" lon="-3.7017107"/>
 <node id="3495793666" visible="true" version="1" changeset="30759665" timestamp="2015-05-03T20:44:39Z" user="Diego Esteban Alonso Blas" uid="699830" lat="40.4744245" lon="-3.7017417"/>
 <node id="3495793667" visible="true" version="1" changeset="30759665" timestamp="2015-05-03T20:44:39Z" user="Diego Esteban Alonso Blas" uid="699830" lat="40.4743226" lon="-3.7017680"/>
 <node id="3495793668" visible="true" version="1" changeset="30759665" timestamp="2015-05-03T20:44:39Z" user="Diego Esteban Alonso Blas" uid="699830" lat="40.4747357" lon="-3.7009514"/>
 <node id="3495793669" visible="true" version="1" changeset="30759665" timestamp="2015-05-03T20:44:39Z" user="Diego Esteban Alonso Blas" uid="699830" lat="40.4747655" lon="-3.7008916"/>
 <node id="3495793670" visible="true" version="1" changeset="30759665" timestamp="2015-05-03T20:44:39Z" user="Diego Esteban Alonso Blas" uid="699830" lat="40.4746912" lon="-3.7010351"/>
 <node id="3495793671" visible="true" version="1" changeset="30759665" timestamp="2015-05-03T20:44:39Z" user="Diego Esteban Alonso Blas" uid="699830" lat="40.4743427" lon="-3.7014900"/>
 <node id="3495793672" visible="true" version="1" changeset="30759665" timestamp="2015-05-03T20:44:39Z" user="Diego Esteban Alonso Blas" uid="699830" lat="40.4744402" lon="-3.7013824"/>
 <node id="3495793673" visible="true" version="1" changeset="30759665" timestamp="2015-05-03T20:44:39Z" user="Diego Esteban Alonso Blas" uid="699830" lat="40.4743962" lon="-3.7014342"/>
 <node id="3495793674" visible="true" version="1" changeset="30759665" timestamp="2015-05-03T20:44:39Z" user="Diego Esteban Alonso Blas" uid="699830" lat="40.4744912" lon="-3.7013186"/>
 <node id="3495793675" visible="true" version="1" changeset="30759665" timestamp="2015-05-03T20:44:39Z" user="Diego Esteban Alonso Blas" uid="699830" lat="40.4748746" lon="-3.7006180"/>
 <node id="3495793676" visible="true" version="1" changeset="30759665" timestamp="2015-05-03T20:44:39Z" user="Diego Esteban Alonso Blas" uid="699830" lat="40.4748382" lon="-3.7007177"/>
 <node id="3495793677" visible="true" version="1" changeset="30759665" timestamp="2015-05-03T20:44:39Z" user="Diego Esteban Alonso Blas" uid="699830" lat="40.4748998" lon="-3.7005377"/>
 <node id="3495793678" visible="true" version="1" changeset="30759665" timestamp="2015-05-03T20:44:39Z" user="Diego Esteban Alonso Blas" uid="699830" lat="40.4748226" lon="-3.7005696"/>
 <node id="3495793679" visible="true" version="1" changeset="30759665" timestamp="2015-05-03T20:44:39Z" user="Diego Esteban Alonso Blas" uid="699830" lat="40.4748539" lon="-3.7004666"/>
 <node id="3495793680" visible="true" version="1" changeset="30759665" timestamp="2015-05-03T20:44:39Z" user="Diego Esteban Alonso Blas" uid="699830" lat="40.4749877" lon="-3.7001200"/>
 <node id="3495793681" visible="true" version="1" changeset="30759665" timestamp="2015-05-03T20:44:39Z" user="Diego Esteban Alonso Blas" uid="699830" lat="40.4750039" lon="-3.6999938"/>
 <node id="3495793682" visible="true" version="1" changeset="30759665" timestamp="2015-05-03T20:44:39Z" user="Diego Esteban Alonso Blas" uid="699830" lat="40.4750125" lon="-3.6996445"/>
 <node id="3495793683" visible="true" version="1" changeset="30759665" timestamp="2015-05-03T20:44:39Z" user="Diego Esteban Alonso Blas" uid="699830" lat="40.4750145" lon="-3.6997494"/>
 <node id="3495793684" visible="true" version="1" changeset="30759665" timestamp="2015-05-03T20:44:39Z" user="Diego Esteban Alonso Blas" uid="699830" lat="40.4750074" lon="-3.6995449"/>
 <node id="3495793685" visible="true" version="1" changeset="30759665" timestamp="2015-05-03T20:44:39Z" user="Diego Esteban Alonso Blas" uid="699830" lat="40.4749822" lon="-3.6993317"/>
 <node id="3495793686" visible="true" version="1" changeset="30759665" timestamp="2015-05-03T20:44:39Z" user="Diego Esteban Alonso Blas" uid="699830" lat="40.4749680" lon="-3.7002521"/>
 <node id="3495793689" visible="true" version="2" changeset="144701769" timestamp="2023-12-02T19:27:57Z" user="Barrunterio" uid="17808034" lat="40.4753185" lon="-3.7031344"/>
 <node id="3495793690" visible="true" version="1" changeset="30759665" timestamp="2015-05-03T20:44:39Z" user="Diego Esteban Alonso Blas" uid="699830" lat="40.4762035" lon="-3.7034555"/>
 <node id="3495793691" visible="true" version="1" changeset="30759665" timestamp="2015-05-03T20:44:39Z" user="Diego Esteban Alonso Blas" uid="699830" lat="40.4767341" lon="-3.7036404"/>
 <node id="3495794096" visible="true" version="1" changeset="30759665" timestamp="2015-05-03T20:44:39Z" user="Diego Esteban Alonso Blas" uid="699830" lat="40.4764018" lon="-3.7035246"/>
 <node id="3495812425" visible="true" version="3" changeset="144701576" timestamp="2023-12-02T19:20:07Z" user="Barrunterio" uid="17808034" lat="40.4749244" lon="-3.7025999"/>
 <node id="3495812426" visible="true" version="3" changeset="144701576" timestamp="2023-12-02T19:20:07Z" user="Barrunterio" uid="17808034" lat="40.4749247" lon="-3.7025877"/>
 <node id="3495812427" visible="true" version="2" changeset="144701576" timestamp="2023-12-02T19:20:07Z" user="Barrunterio" uid="17808034" lat="40.4755831" lon="-3.7028282"/>
 <node id="3495812428" visible="true" version="2" changeset="144701576" timestamp="2023-12-02T19:20:07Z" user="Barrunterio" uid="17808034" lat="40.4755819" lon="-3.7028438"/>
 <node id="3495814551" visible="true" version="1" changeset="30759935" timestamp="2015-05-03T20:53:46Z" user="Diego Esteban Alonso Blas" uid="699830" lat="40.4751445" lon="-3.7017850"/>
 <node id="3495814552" visible="true" version="1" changeset="30759935" timestamp="2015-05-03T20:53:46Z" user="Diego Esteban Alonso Blas" uid="699830" lat="40.4753013" lon="-3.7017810"/>
 <node id="3495814553" visible="true" version="1" changeset="30759935" timestamp="2015-05-03T20:53:46Z" user="Diego Esteban Alonso Blas" uid="699830" lat="40.4753409" lon="-3.7017714"/>
 <node id="3495814554" visible="true" version="1" changeset="30759935" timestamp="2015-05-03T20:53:46Z" user="Diego Esteban Alonso Blas" uid="699830" lat="40.4753946" lon="-3.7017281"/>
 <node id="3495814555" visible="true" version="1" changeset="30759935" timestamp="2015-05-03T20:53:46Z" user="Diego Esteban Alonso Blas" uid="699830" lat="40.4754952" lon="-3.7015220"/>
 <node id="3495814556" visible="true" version="1" changeset="30759935" timestamp="2015-05-03T20:53:46Z" user="Diego Esteban Alonso Blas" uid="699830" lat="40.4754428" lon="-3.7014779"/>
 <node id="3495814557" visible="true" version="2" changeset="49368995" timestamp="2017-06-08T14:01:49Z" user="Luiyo" uid="316694" lat="40.4754337" lon="-3.7014732"/>
 <node id="3538921998" visible="true" version="1" changeset="31399959" timestamp="2015-05-23T15:15:49Z" user="Diego Esteban Alonso Blas" uid="699830" lat="40.4745648" lon="-3.6984157"/>
 <node id="3538921999" visible="true" version="1" changeset="31399959" timestamp="2015-05-23T15:15:49Z" user="Diego Esteban Alonso Blas" uid="699830" lat="40.4748874" lon="-3.6996833"/>
 <node id="3538922000" visible="true" version="1" changeset="31399959" timestamp="2015-05-23T15:15:49Z" user="Diego Esteban Alonso Blas" uid="699830" lat="40.4748879" lon="-3.6997942"/>
 <node id="3538922001" visible="true" version="1" changeset="31399959" timestamp="2015-05-23T15:15:49Z" user="Diego Esteban Alonso Blas" uid="699830" lat="40.4748818" lon="-3.6995624"/>
 <node id="3538922002" visible="true" version="1" changeset="31399959" timestamp="2015-05-23T15:15:49Z" user="Diego Esteban Alonso Blas" uid="699830" lat="40.4749480" lon="-3.6996634"/>
 <node id="3538922003" visible="true" version="1" changeset="31399959" timestamp="2015-05-23T15:15:49Z" user="Diego Esteban Alonso Blas" uid="699830" lat="40.4749465" lon="-3.6995598"/>
 <node id="3538922004" visible="true" version="1" changeset="31399959" timestamp="2015-05-23T15:15:49Z" user="Diego Esteban Alonso Blas" uid="699830" lat="40.4749480" lon="-3.6997617"/>
 <node id="3538922005" visible="true" version="1" changeset="31399959" timestamp="2015-05-23T15:15:49Z" user="Diego Esteban Alonso Blas" uid="699830" lat="40.4749394" lon="-3.6999828"/>
 <node id="3538922006" visible="true" version="1" changeset="31399959" timestamp="2015-05-23T15:15:49Z" user="Diego Esteban Alonso Blas" uid="699830" lat="40.4749445" lon="-3.6999164"/>
 <node id="3538922007" visible="true" version="1" changeset="31399959" timestamp="2015-05-23T15:15:49Z" user="Diego Esteban Alonso Blas" uid="699830" lat="40.4749333" lon="-3.7000452"/>
 <node id="3538922008" visible="true" version="1" changeset="31399959" timestamp="2015-05-23T15:15:49Z" user="Diego Esteban Alonso Blas" uid="699830" lat="40.4747793" lon="-3.7006847"/>
 <node id="3538922009" visible="true" version="1" changeset="31399959" timestamp="2015-05-23T15:15:49Z" user="Diego Esteban Alonso Blas" uid="699830" lat="40.4746424" lon="-3.7009743"/>
 <node id="3538922010" visible="true" version="1" changeset="31399959" timestamp="2015-05-23T15:15:49Z" user="Diego Esteban Alonso Blas" uid="699830" lat="40.4746914" lon="-3.7008839"/>
 <node id="3538922043" visible="true" version="1" changeset="31399959" timestamp="2015-05-23T15:15:49Z" user="Diego Esteban Alonso Blas" uid="699830" lat="40.4733498" lon="-3.7005573"/>
 <node id="3538922046" visible="true" version="2" changeset="59346067" timestamp="2018-05-28T17:12:00Z" user="JSGalvez" uid="6524272" lat="40.4734478" lon="-3.7008223"/>
 <node id="3538922047" visible="true" version="1" changeset="31399959" timestamp="2015-05-23T15:15:50Z" user="Diego Esteban Alonso Blas" uid="699830" lat="40.4733505" lon="-3.7006682"/>
 <node id="3538922048" visible="true" version="1" changeset="31399959" timestamp="2015-05-23T15:15:50Z" user="Diego Esteban Alonso Blas" uid="699830" lat="40.4733905" lon="-3.7007546"/>
 <node id="3538922049" visible="true" version="2" changeset="36756702" timestamp="2016-01-23T12:04:50Z" user="polkillas" uid="42055" lat="40.4733763" lon="-3.6997405"/>
 <node id="3538922050" visible="true" version="1" changeset="31399959" timestamp="2015-05-23T15:15:50Z" user="Diego Esteban Alonso Blas" uid="699830" lat="40.4730889" lon="-3.6995747"/>
 <node id="3538922051" visible="true" version="1" changeset="31399959" timestamp="2015-05-23T15:15:50Z" user="Diego Esteban Alonso Blas" uid="699830" lat="40.4731800" lon="-3.6995965"/>
 <node id="3538922052" visible="true" version="1" changeset="31399959" timestamp="2015-05-23T15:15:50Z" user="Diego Esteban Alonso Blas" uid="699830" lat="40.4729157" lon="-3.6994961"/>
 <node id="3538922055" visible="true" version="1" changeset="31399959" timestamp="2015-05-23T15:15:50Z" user="Diego Esteban Alonso Blas" uid="699830" lat="40.4745276" lon="-3.7019929"/>
 <node id="3538922056" visible="true" version="1" changeset="31399959" timestamp="2015-05-23T15:15:50Z" user="Diego Esteban Alonso Blas" uid="699830" lat="40.4746690" lon="-3.7021572"/>
 <node id="3538922057" visible="true" version="1" changeset="31399959" timestamp="2015-05-23T15:15:50Z" user="Diego Esteban Alonso Blas" uid="699830" lat="40.4747031" lon="-3.7020347"/>
 <node id="3538922058" visible="true" version="1" changeset="31399959" timestamp="2015-05-23T15:15:50Z" user="Diego Esteban Alonso Blas" uid="699830" lat="40.4747168" lon="-3.7019740"/>
 <node id="3538922059" visible="true" version="1" changeset="31399959" timestamp="2015-05-23T15:15:50Z" user="Diego Esteban Alonso Blas" uid="699830" lat="40.4747683" lon="-3.7017340"/>
 <node id="3538922060" visible="true" version="1" changeset="31399959" timestamp="2015-05-23T15:15:50Z" user="Diego Esteban Alonso Blas" uid="699830" lat="40.4748310" lon="-3.7015355"/>
 <node id="3538922061" visible="true" version="1" changeset="31399959" timestamp="2015-05-23T15:15:50Z" user="Diego Esteban Alonso Blas" uid="699830" lat="40.4748894" lon="-3.7013649"/>
 <node id="3538922062" visible="true" version="1" changeset="31399959" timestamp="2015-05-23T15:15:50Z" user="Diego Esteban Alonso Blas" uid="699830" lat="40.4749514" lon="-3.7012124"/>
 <node id="3538922063" visible="true" version="1" changeset="31399959" timestamp="2015-05-23T15:15:50Z" user="Diego Esteban Alonso Blas" uid="699830" lat="40.4750345" lon="-3.7010244"/>
 <node id="3538922064" visible="true" version="1" changeset="31399959" timestamp="2015-05-23T15:15:50Z" user="Diego Esteban Alonso Blas" uid="699830" lat="40.4751140" lon="-3.7008480"/>
 <node id="3538922065" visible="true" version="1" changeset="31399959" timestamp="2015-05-23T15:15:50Z" user="Diego Esteban Alonso Blas" uid="699830" lat="40.4752125" lon="-3.7006658"/>
 <node id="3538922066" visible="true" version="1" changeset="31399959" timestamp="2015-05-23T15:15:50Z" user="Diego Esteban Alonso Blas" uid="699830" lat="40.4752906" lon="-3.7004741"/>
 <node id="3538922067" visible="true" version="1" changeset="31399959" timestamp="2015-05-23T15:15:50Z" user="Diego Esteban Alonso Blas" uid="699830" lat="40.4752249" lon="-3.7003494"/>
 <node id="3538922068" visible="true" version="1" changeset="31399959" timestamp="2015-05-23T15:15:50Z" user="Diego Esteban Alonso Blas" uid="699830" lat="40.4751644" lon="-3.7003341"/>
 <node id="3538922069" visible="true" version="1" changeset="31399959" timestamp="2015-05-23T15:15:50Z" user="Diego Esteban Alonso Blas" uid="699830" lat="40.4751177" lon="-3.7005393"/>
 <node id="3538922070" visible="true" version="1" changeset="31399959" timestamp="2015-05-23T15:15:50Z" user="Diego Esteban Alonso Blas" uid="699830" lat="40.4750287" lon="-3.7008001"/>
 <node id="3538922071" visible="true" version="1" changeset="31399959" timestamp="2015-05-23T15:15:50Z" user="Diego Esteban Alonso Blas" uid="699830" lat="40.4749419" lon="-3.7010340"/>
 <node id="3538922072" visible="true" version="1" changeset="31399959" timestamp="2015-05-23T15:15:50Z" user="Diego Esteban Alonso Blas" uid="699830" lat="40.4748493" lon="-3.7011961"/>
 <node id="3538922073" visible="true" version="1" changeset="31399959" timestamp="2015-05-23T15:15:50Z" user="Diego Esteban Alonso Blas" uid="699830" lat="40.4745648" lon="-3.7017110"/>
 <node id="3538922074" visible="true" version="1" changeset="31399959" timestamp="2015-05-23T15:15:50Z" user="Diego Esteban Alonso Blas" uid="699830" lat="40.4745269" lon="-3.7018146"/>
 <node id="3538922075" visible="true" version="1" changeset="31399959" timestamp="2015-05-23T15:15:50Z" user="Diego Esteban Alonso Blas" uid="699830" lat="40.4746779" lon="-3.7021588"/>
 <node id="3576917830" visible="true" version="1" changeset="31768753" timestamp="2015-06-06T13:04:42Z" user="Diego Esteban Alonso Blas" uid="699830" lat="40.4733167" lon="-3.7032023"/>
 <node id="3576917831" visible="true" version="1" changeset="31768753" timestamp="2015-06-06T13:04:42Z" user="Diego Esteban Alonso Blas" uid="699830" lat="40.4733961" lon="-3.7031380"/>
 <node id="3576917832" visible="true" version="1" changeset="31768753" timestamp="2015-06-06T13:04:42Z" user="Diego Esteban Alonso Blas" uid="699830" lat="40.4732373" lon="-3.7032610"/>
 <node id="3581884543" visible="true" version="3" changeset="130106510" timestamp="2022-12-15T09:47:37Z" user="sbelemey" uid="10398649" lat="40.4746015" lon="-3.7027534"/>
 <node id="3581884544" visible="true" version="1" changeset="31830466" timestamp="2015-06-08T22:02:15Z" user="Diego Esteban Alonso Blas" uid="699830" lat="40.4746671" lon="-3.7027666"/>
 <node id="3581884545" visible="true" version="1" changeset="31830466" timestamp="2015-06-08T22:02:15Z" user="Diego Esteban Alonso Blas" uid="699830" lat="40.4746455" lon="-3.7025744"/>
 <node id="3581884546" visible="true" version="1" changeset="31830466" timestamp="2015-06-08T22:02:15Z" user="Diego Esteban Alonso Blas" uid="699830" lat="40.4746463" lon="-3.7025305"/>
 <node id="3581884547" visible="true" version="1" changeset="31830466" timestamp="2015-06-08T22:02:15Z" user="Diego Esteban Alonso Blas" uid="699830" lat="40.4747040" lon="-3.7025301"/>
 <node id="3581884548" visible="true" version="1" changeset="31830466" timestamp="2015-06-08T22:02:15Z" user="Diego Esteban Alonso Blas" uid="699830" lat="40.4747063" lon="-3.7025711"/>
 <node id="3581884549" visible="true" version="1" changeset="31830466" timestamp="2015-06-08T22:02:15Z" user="Diego Esteban Alonso Blas" uid="699830" lat="40.4746922" lon="-3.7025920"/>
 <node id="3581884550" visible="true" version="1" changeset="31830466" timestamp="2015-06-08T22:02:15Z" user="Diego Esteban Alonso Blas" uid="699830" lat="40.4746641" lon="-3.7025116"/>
 <node id="3581884551" visible="true" version="1" changeset="31830466" timestamp="2015-06-08T22:02:15Z" user="Diego Esteban Alonso Blas" uid="699830" lat="40.4747090" lon="-3.7025573"/>
 <node id="3581884552" visible="true" version="1" changeset="31830466" timestamp="2015-06-08T22:02:15Z" user="Diego Esteban Alonso Blas" uid="699830" lat="40.4746418" lon="-3.7025600"/>
 <node id="3581884553" visible="true" version="1" changeset="31830466" timestamp="2015-06-08T22:02:15Z" user="Diego Esteban Alonso Blas" uid="699830" lat="40.4746421" lon="-3.7025447"/>
 <node id="3581884554" visible="true" version="1" changeset="31830466" timestamp="2015-06-08T22:02:15Z" user="Diego Esteban Alonso Blas" uid="699830" lat="40.4746539" lon="-3.7025190"/>
 <node id="3581884555" visible="true" version="1" changeset="31830466" timestamp="2015-06-08T22:02:15Z" user="Diego Esteban Alonso Blas" uid="699830" lat="40.4746969" lon="-3.7025194"/>
 <node id="3581884556" visible="true" version="1" changeset="31830466" timestamp="2015-06-08T22:02:15Z" user="Diego Esteban Alonso Blas" uid="699830" lat="40.4747082" lon="-3.7025432"/>
 <node id="3581884557" visible="true" version="1" changeset="31830466" timestamp="2015-06-08T22:02:15Z" user="Diego Esteban Alonso Blas" uid="699830" lat="40.4747005" lon="-3.7025830"/>
 <node id="3581884558" visible="true" version="1" changeset="31830466" timestamp="2015-06-08T22:02:15Z" user="Diego Esteban Alonso Blas" uid="699830" lat="40.4746755" lon="-3.7025090"/>
 <node id="3581884559" visible="true" version="1" changeset="31830466" timestamp="2015-06-08T22:02:15Z" user="Diego Esteban Alonso Blas" uid="699830" lat="40.4746869" lon="-3.7025117"/>
 <node id="3581884560" visible="true" version="1" changeset="31830466" timestamp="2015-06-08T22:02:15Z" user="Diego Esteban Alonso Blas" uid="699830" lat="40.4746821" lon="-3.7025970"/>
 <node id="3581884561" visible="true" version="1" changeset="31830466" timestamp="2015-06-08T22:02:15Z" user="Diego Esteban Alonso Blas" uid="699830" lat="40.4746713" lon="-3.7025976"/>
 <node id="3581884562" visible="true" version="1" changeset="31830466" timestamp="2015-06-08T22:02:15Z" user="Diego Esteban Alonso Blas" uid="699830" lat="40.4746609" lon="-3.7025937"/>
 <node id="3581884563" visible="true" version="1" changeset="31830466" timestamp="2015-06-08T22:02:15Z" user="Diego Esteban Alonso Blas" uid="699830" lat="40.4746520" lon="-3.7025857"/>
 <node id="3595449729" visible="true" version="2" changeset="54351503" timestamp="2017-12-05T02:41:30Z" user="JSGalvez" uid="6524272" lat="40.4739185" lon="-3.7024332"/>
 <node id="3595449730" visible="true" version="3" changeset="54351503" timestamp="2017-12-05T02:41:30Z" user="JSGalvez" uid="6524272" lat="40.4737009" lon="-3.7024600">
  <tag k="bus" v="yes"/>
  <tag k="public_transport" v="stop_position"/>
 </node>
 <node id="3595449731" visible="true" version="3" changeset="59161057" timestamp="2018-05-21T19:31:59Z" user="JSGalvez" uid="6524272" lat="40.4738136" lon="-3.7024776"/>
 <node id="3595449732" visible="true" version="1" changeset="31973179" timestamp="2015-06-15T00:13:42Z" user="Diego Esteban Alonso Blas" uid="699830" lat="40.4742780" lon="-3.7029017"/>
 <node id="3595449733" visible="true" version="1" changeset="31973179" timestamp="2015-06-15T00:13:42Z" user="Diego Esteban Alonso Blas" uid="699830" lat="40.4740563" lon="-3.7028232"/>
 <node id="3595449734" visible="true" version="1" changeset="31973179" timestamp="2015-06-15T00:13:42Z" user="Diego Esteban Alonso Blas" uid="699830" lat="40.4740840" lon="-3.7026889"/>
 <node id="3595449735" visible="true" version="1" changeset="31973179" timestamp="2015-06-15T00:13:42Z" user="Diego Esteban Alonso Blas" uid="699830" lat="40.4739001" lon="-3.7025229"/>
 <node id="3595449736" visible="true" version="1" changeset="31973179" timestamp="2015-06-15T00:13:42Z" user="Diego Esteban Alonso Blas" uid="699830" lat="40.4739056" lon="-3.7025165"/>
 <node id="3595449737" visible="true" version="1" changeset="31973179" timestamp="2015-06-15T00:13:42Z" user="Diego Esteban Alonso Blas" uid="699830" lat="40.4739257" lon="-3.7025050"/>
 <node id="3595449738" visible="true" version="1" changeset="31973179" timestamp="2015-06-15T00:13:42Z" user="Diego Esteban Alonso Blas" uid="699830" lat="40.4739464" lon="-3.7024972"/>
 <node id="3595449739" visible="true" version="1" changeset="31973179" timestamp="2015-06-15T00:13:42Z" user="Diego Esteban Alonso Blas" uid="699830" lat="40.4739844" lon="-3.7024900"/>
 <node id="3595449740" visible="true" version="1" changeset="31973179" timestamp="2015-06-15T00:13:42Z" user="Diego Esteban Alonso Blas" uid="699830" lat="40.4740138" lon="-3.7024879"/>
 <node id="3595449741" visible="true" version="1" changeset="31973179" timestamp="2015-06-15T00:13:42Z" user="Diego Esteban Alonso Blas" uid="699830" lat="40.4740486" lon="-3.7024922"/>
 <node id="3595449742" visible="true" version="1" changeset="31973179" timestamp="2015-06-15T00:13:42Z" user="Diego Esteban Alonso Blas" uid="699830" lat="40.4741192" lon="-3.7025215"/>
 <node id="3595449743" visible="true" version="1" changeset="31973179" timestamp="2015-06-15T00:13:42Z" user="Diego Esteban Alonso Blas" uid="699830" lat="40.4738709" lon="-3.7025577"/>
 <node id="3595449744" visible="true" version="1" changeset="31973179" timestamp="2015-06-15T00:13:42Z" user="Diego Esteban Alonso Blas" uid="699830" lat="40.4738844" lon="-3.7025401"/>
 <node id="3595449745" visible="true" version="1" changeset="31973179" timestamp="2015-06-15T00:13:42Z" user="Diego Esteban Alonso Blas" uid="699830" lat="40.4738806" lon="-3.7025922"/>
 <node id="3595449746" visible="true" version="1" changeset="31973179" timestamp="2015-06-15T00:13:42Z" user="Diego Esteban Alonso Blas" uid="699830" lat="40.4740735" lon="-3.7026622"/>
 <node id="3595449747" visible="true" version="1" changeset="31973179" timestamp="2015-06-15T00:13:42Z" user="Diego Esteban Alonso Blas" uid="699830" lat="40.4740995" lon="-3.7025383"/>
 <node id="3595449748" visible="true" version="1" changeset="31973179" timestamp="2015-06-15T00:13:42Z" user="Diego Esteban Alonso Blas" uid="699830" lat="40.4740502" lon="-3.7025215"/>
 <node id="3595449749" visible="true" version="1" changeset="31973179" timestamp="2015-06-15T00:13:42Z" user="Diego Esteban Alonso Blas" uid="699830" lat="40.4740030" lon="-3.7025117"/>
 <node id="3595449750" visible="true" version="1" changeset="31973179" timestamp="2015-06-15T00:13:42Z" user="Diego Esteban Alonso Blas" uid="699830" lat="40.4739643" lon="-3.7025123"/>
 <node id="3595449751" visible="true" version="1" changeset="31973179" timestamp="2015-06-15T00:13:42Z" user="Diego Esteban Alonso Blas" uid="699830" lat="40.4739150" lon="-3.7025337"/>
 <node id="3595449752" visible="true" version="1" changeset="31973179" timestamp="2015-06-15T00:13:42Z" user="Diego Esteban Alonso Blas" uid="699830" lat="40.4738963" lon="-3.7025486"/>
 <node id="3595449753" visible="true" version="1" changeset="31973179" timestamp="2015-06-15T00:13:42Z" user="Diego Esteban Alonso Blas" uid="699830" lat="40.4738863" lon="-3.7025707"/>
 <node id="3595449754" visible="true" version="1" changeset="31973179" timestamp="2015-06-15T00:13:42Z" user="Diego Esteban Alonso Blas" uid="699830" lat="40.4743389" lon="-3.7026208"/>
 <node id="3595449755" visible="true" version="1" changeset="31973179" timestamp="2015-06-15T00:13:42Z" user="Diego Esteban Alonso Blas" uid="699830" lat="40.4743076" lon="-3.7027703"/>
 <node id="3595449756" visible="true" version="1" changeset="31973179" timestamp="2015-06-15T00:13:42Z" user="Diego Esteban Alonso Blas" uid="699830" lat="40.4742486" lon="-3.7030353"/>
 <node id="3595449757" visible="true" version="1" changeset="31973179" timestamp="2015-06-15T00:13:42Z" user="Diego Esteban Alonso Blas" uid="699830" lat="40.4744918" lon="-3.7031216"/>
 <node id="3595449759" visible="true" version="1" changeset="31973179" timestamp="2015-06-15T00:13:42Z" user="Diego Esteban Alonso Blas" uid="699830" lat="40.4747271" lon="-3.7029324"/>
 <node id="3595449760" visible="true" version="1" changeset="31973179" timestamp="2015-06-15T00:13:42Z" user="Diego Esteban Alonso Blas" uid="699830" lat="40.4744493" lon="-3.7027846"/>
 <node id="3595449761" visible="true" version="1" changeset="31973179" timestamp="2015-06-15T00:13:42Z" user="Diego Esteban Alonso Blas" uid="699830" lat="40.4744486" lon="-3.7027769"/>
 <node id="3595449762" visible="true" version="1" changeset="31973179" timestamp="2015-06-15T00:13:42Z" user="Diego Esteban Alonso Blas" uid="699830" lat="40.4744497" lon="-3.7027693"/>
 <node id="3595449763" visible="true" version="1" changeset="31973179" timestamp="2015-06-15T00:13:42Z" user="Diego Esteban Alonso Blas" uid="699830" lat="40.4744526" lon="-3.7027626"/>
 <node id="3595449764" visible="true" version="1" changeset="31973179" timestamp="2015-06-15T00:13:42Z" user="Diego Esteban Alonso Blas" uid="699830" lat="40.4744569" lon="-3.7027574"/>
 <node id="3595449765" visible="true" version="1" changeset="31973179" timestamp="2015-06-15T00:13:42Z" user="Diego Esteban Alonso Blas" uid="699830" lat="40.4744622" lon="-3.7027541"/>
 <node id="3595449766" visible="true" version="1" changeset="31973179" timestamp="2015-06-15T00:13:42Z" user="Diego Esteban Alonso Blas" uid="699830" lat="40.4744680" lon="-3.7027531"/>
 <node id="3595449767" visible="true" version="1" changeset="31973179" timestamp="2015-06-15T00:13:42Z" user="Diego Esteban Alonso Blas" uid="699830" lat="40.4744789" lon="-3.7027582"/>
 <node id="3595449768" visible="true" version="1" changeset="31973179" timestamp="2015-06-15T00:13:42Z" user="Diego Esteban Alonso Blas" uid="699830" lat="40.4744833" lon="-3.7027645"/>
 <node id="3595449769" visible="true" version="1" changeset="31973179" timestamp="2015-06-15T00:13:42Z" user="Diego Esteban Alonso Blas" uid="699830" lat="40.4744858" lon="-3.7027723"/>
 <node id="3595449770" visible="true" version="1" changeset="31973179" timestamp="2015-06-15T00:13:43Z" user="Diego Esteban Alonso Blas" uid="699830" lat="40.4744862" lon="-3.7027808"/>
 <node id="3595449771" visible="true" version="1" changeset="31973179" timestamp="2015-06-15T00:13:43Z" user="Diego Esteban Alonso Blas" uid="699830" lat="40.4744843" lon="-3.7027889"/>
 <node id="3595449772" visible="true" version="1" changeset="31973179" timestamp="2015-06-15T00:13:43Z" user="Diego Esteban Alonso Blas" uid="699830" lat="40.4744805" lon="-3.7027957"/>
 <node id="3595449773" visible="true" version="1" changeset="31973179" timestamp="2015-06-15T00:13:43Z" user="Diego Esteban Alonso Blas" uid="699830" lat="40.4744752" lon="-3.7028005"/>
 <node id="3595449774" visible="true" version="1" changeset="31973179" timestamp="2015-06-15T00:13:43Z" user="Diego Esteban Alonso Blas" uid="699830" lat="40.4744738" lon="-3.7027545"/>
 <node id="3595449775" visible="true" version="1" changeset="31973179" timestamp="2015-06-15T00:13:43Z" user="Diego Esteban Alonso Blas" uid="699830" lat="40.4744689" lon="-3.7028026"/>
 <node id="3595449776" visible="true" version="1" changeset="31973179" timestamp="2015-06-15T00:13:43Z" user="Diego Esteban Alonso Blas" uid="699830" lat="40.4744625" lon="-3.7028018"/>
 <node id="3595449777" visible="true" version="1" changeset="31973179" timestamp="2015-06-15T00:13:43Z" user="Diego Esteban Alonso Blas" uid="699830" lat="40.4744566" lon="-3.7027982"/>
 <node id="3595449778" visible="true" version="1" changeset="31973179" timestamp="2015-06-15T00:13:43Z" user="Diego Esteban Alonso Blas" uid="699830" lat="40.4744520" lon="-3.7027922"/>
 <node id="3595449780" visible="true" version="1" changeset="31973179" timestamp="2015-06-15T00:13:43Z" user="Diego Esteban Alonso Blas" uid="699830" lat="40.4741309" lon="-3.7025389"/>
 <node id="3595449781" visible="true" version="1" changeset="31973179" timestamp="2015-06-15T00:13:43Z" user="Diego Esteban Alonso Blas" uid="699830" lat="40.4744537" lon="-3.7026676"/>
 <node id="3595449782" visible="true" version="1" changeset="31973179" timestamp="2015-06-15T00:13:43Z" user="Diego Esteban Alonso Blas" uid="699830" lat="40.4744224" lon="-3.7028136"/>
 <node id="3595449783" visible="true" version="1" changeset="31973179" timestamp="2015-06-15T00:13:43Z" user="Diego Esteban Alonso Blas" uid="699830" lat="40.4744589" lon="-3.7026894"/>
 <node id="3595449784" visible="true" version="1" changeset="31973179" timestamp="2015-06-15T00:13:43Z" user="Diego Esteban Alonso Blas" uid="699830" lat="40.4744663" lon="-3.7026551"/>
 <node id="3595449785" visible="true" version="1" changeset="31973179" timestamp="2015-06-15T00:13:43Z" user="Diego Esteban Alonso Blas" uid="699830" lat="40.4745129" lon="-3.7026724"/>
 <node id="3595449786" visible="true" version="1" changeset="31973179" timestamp="2015-06-15T00:13:43Z" user="Diego Esteban Alonso Blas" uid="699830" lat="40.4745056" lon="-3.7027066"/>
 <node id="3595449787" visible="true" version="1" changeset="31973179" timestamp="2015-06-15T00:13:43Z" user="Diego Esteban Alonso Blas" uid="699830" lat="40.4739409" lon="-3.7025192"/>
 <node id="3595449788" visible="true" version="1" changeset="31973179" timestamp="2015-06-15T00:13:43Z" user="Diego Esteban Alonso Blas" uid="699830" lat="40.4740268" lon="-3.7025163"/>
 <node id="3595449789" visible="true" version="1" changeset="31973179" timestamp="2015-06-15T00:13:43Z" user="Diego Esteban Alonso Blas" uid="699830" lat="40.4739845" lon="-3.7025094"/>
 <node id="3595449790" visible="true" version="2" changeset="49369096" timestamp="2017-06-08T14:04:56Z" user="Luiyo" uid="316694" lat="40.4741334" lon="-3.7029258"/>
 <node id="3595449791" visible="true" version="2" changeset="49369096" timestamp="2017-06-08T14:04:56Z" user="Luiyo" uid="316694" lat="40.4741436" lon="-3.7028746"/>
 <node id="3595449792" visible="true" version="1" changeset="31973179" timestamp="2015-06-15T00:13:43Z" user="Diego Esteban Alonso Blas" uid="699830" lat="40.4740354" lon="-3.7028358"/>
 <node id="3595455593" visible="true" version="2" changeset="144701769" timestamp="2023-12-02T19:27:57Z" user="Barrunterio" uid="17808034" lat="40.4749762" lon="-3.7037344"/>
 <node id="3595455594" visible="true" version="1" changeset="31973179" timestamp="2015-06-15T00:13:43Z" user="Diego Esteban Alonso Blas" uid="699830" lat="40.4751182" lon="-3.7030660"/>
 <node id="3595455595" visible="true" version="2" changeset="33349678" timestamp="2015-08-15T10:11:50Z" user="Luiyo" uid="316694" lat="40.4751678" lon="-3.7028307"/>
 <node id="3595455596" visible="true" version="7" changeset="151526045" timestamp="2024-05-19T09:42:12Z" user="Iván_" uid="1773299" lat="40.4748609" lon="-3.7027221">
  <tag k="button_operated" v="no"/>
  <tag k="crossing" v="traffic_signals"/>
  <tag k="crossing:markings" v="dots"/>
  <tag k="highway" v="crossing"/>
  <tag k="tactile_paving" v="yes"/>
  <tag k="traffic_signals:sound" v="yes"/>
  <tag k="traffic_signals:vibration" v="no"/>
 </node>
 <node id="3595455597" visible="true" version="8" changeset="151526045" timestamp="2024-05-19T09:42:12Z" user="Iván_" uid="1773299" lat="40.4748938" lon="-3.7025294">
  <tag k="button_operated" v="no"/>
  <tag k="crossing" v="traffic_signals"/>
  <tag k="crossing:markings" v="dots"/>
  <tag k="highway" v="crossing"/>
  <tag k="tactile_paving" v="yes"/>
  <tag k="traffic_signals:sound" v="yes"/>
  <tag k="traffic_signals:vibration" v="no"/>
 </node>
 <node id="3595455598" visible="true" version="1" changeset="31973179" timestamp="2015-06-15T00:13:43Z" user="Diego Esteban Alonso Blas" uid="699830" lat="40.4749483" lon="-3.7023121"/>
 <node id="3595455599" visible="true" version="1" changeset="31973179" timestamp="2015-06-15T00:13:43Z" user="Diego Esteban Alonso Blas" uid="699830" lat="40.4748126" lon="-3.7029616"/>
 <node id="3595455600" visible="true" version="1" changeset="31973179" timestamp="2015-06-15T00:13:43Z" user="Diego Esteban Alonso Blas" uid="699830" lat="40.4751023" lon="-3.7030315"/>
 <node id="3595455601" visible="true" version="1" changeset="31973179" timestamp="2015-06-15T00:13:43Z" user="Diego Esteban Alonso Blas" uid="699830" lat="40.4751299" lon="-3.7029002"/>
 <node id="3595455602" visible="true" version="1" changeset="31973179" timestamp="2015-06-15T00:13:43Z" user="Diego Esteban Alonso Blas" uid="699830" lat="40.4748654" lon="-3.7028040"/>
 <node id="3595455603" visible="true" version="1" changeset="31973179" timestamp="2015-06-15T00:13:43Z" user="Diego Esteban Alonso Blas" uid="699830" lat="40.4748377" lon="-3.7029353"/>
 <node id="3595455613" visible="true" version="1" changeset="31973179" timestamp="2015-06-15T00:13:43Z" user="Diego Esteban Alonso Blas" uid="699830" lat="40.4750532" lon="-3.7033756"/>
 <node id="3595455620" visible="true" version="1" changeset="31973179" timestamp="2015-06-15T00:13:43Z" user="Diego Esteban Alonso Blas" uid="699830" lat="40.4754381" lon="-3.7031775"/>
 <node id="3595455621" visible="true" version="2" changeset="33349678" timestamp="2015-08-15T10:11:50Z" user="Luiyo" uid="316694" lat="40.4754875" lon="-3.7029439"/>
 <node id="3595455627" visible="true" version="2" changeset="144701769" timestamp="2023-12-02T19:27:57Z" user="Barrunterio" uid="17808034" lat="40.4756283" lon="-3.7032458"/>
 <node id="3595455628" visible="true" version="2" changeset="33349678" timestamp="2015-08-15T10:11:50Z" user="Luiyo" uid="316694" lat="40.4757210" lon="-3.7030266"/>
 <node id="3595455638" visible="true" version="1" changeset="31973179" timestamp="2015-06-15T00:13:43Z" user="Diego Esteban Alonso Blas" uid="699830" lat="40.4759890" lon="-3.7033776"/>
 <node id="3595455639" visible="true" version="2" changeset="33349678" timestamp="2015-08-15T10:11:50Z" user="Luiyo" uid="316694" lat="40.4760353" lon="-3.7031378"/>
 <node id="3595455646" visible="true" version="1" changeset="31973179" timestamp="2015-06-15T00:13:43Z" user="Diego Esteban Alonso Blas" uid="699830" lat="40.4749265" lon="-3.7023199"/>
 <node id="3595455647" visible="true" version="1" changeset="31973179" timestamp="2015-06-15T00:13:43Z" user="Diego Esteban Alonso Blas" uid="699830" lat="40.4749001" lon="-3.7024412"/>
 <node id="3595455648" visible="true" version="1" changeset="31973179" timestamp="2015-06-15T00:13:43Z" user="Diego Esteban Alonso Blas" uid="699830" lat="40.4748806" lon="-3.7024335"/>
 <node id="3595455649" visible="true" version="1" changeset="31973179" timestamp="2015-06-15T00:13:43Z" user="Diego Esteban Alonso Blas" uid="699830" lat="40.4748526" lon="-3.7024161"/>
 <node id="3595455650" visible="true" version="2" changeset="115714810" timestamp="2022-01-03T14:41:54Z" user="Cuenqui" uid="3649461" lat="40.4748401" lon="-3.7023961"/>
 <node id="3595455652" visible="true" version="1" changeset="31973179" timestamp="2015-06-15T00:13:44Z" user="Diego Esteban Alonso Blas" uid="699830" lat="40.4748293" lon="-3.7023718"/>
 <node id="3595455653" visible="true" version="1" changeset="31973179" timestamp="2015-06-15T00:13:44Z" user="Diego Esteban Alonso Blas" uid="699830" lat="40.4748243" lon="-3.7023544"/>
 <node id="3595455654" visible="true" version="1" changeset="31973179" timestamp="2015-06-15T00:13:44Z" user="Diego Esteban Alonso Blas" uid="699830" lat="40.4748197" lon="-3.7023396"/>
 <node id="3595455655" visible="true" version="1" changeset="31973179" timestamp="2015-06-15T00:13:44Z" user="Diego Esteban Alonso Blas" uid="699830" lat="40.4748160" lon="-3.7023175"/>
 <node id="3595455656" visible="true" version="1" changeset="31973179" timestamp="2015-06-15T00:13:44Z" user="Diego Esteban Alonso Blas" uid="699830" lat="40.4748133" lon="-3.7022960"/>
 <node id="3595455657" visible="true" version="1" changeset="31973179" timestamp="2015-06-15T00:13:44Z" user="Diego Esteban Alonso Blas" uid="699830" lat="40.4748129" lon="-3.7022817"/>
 <node id="3595455658" visible="true" version="1" changeset="31973179" timestamp="2015-06-15T00:13:44Z" user="Diego Esteban Alonso Blas" uid="699830" lat="40.4748147" lon="-3.7022727"/>
 <node id="3595455659" visible="true" version="1" changeset="31973179" timestamp="2015-06-15T00:13:44Z" user="Diego Esteban Alonso Blas" uid="699830" lat="40.4748674" lon="-3.7024269"/>
 <node id="3595455686" visible="true" version="6" changeset="139927725" timestamp="2023-08-15T18:29:42Z" user="brjmoez" uid="1723580" lat="40.4768653" lon="-3.7032268">
  <tag k="button_operated" v="no"/>
  <tag k="crossing" v="traffic_signals"/>
  <tag k="highway" v="crossing"/>
  <tag k="tactile_paving" v="yes"/>
  <tag k="traffic_signals:sound" v="no"/>
  <tag k="traffic_signals:vibration" v="no"/>
 </node>
 <node id="3595455687" visible="true" version="2" changeset="59346067" timestamp="2018-05-28T17:12:01Z" user="JSGalvez" uid="6524272" lat="40.4768768" lon="-3.7031784"/>
 <node id="3595455688" visible="true" version="1" changeset="31973179" timestamp="2015-06-15T00:13:44Z" user="Diego Esteban Alonso Blas" uid="699830" lat="40.4755453" lon="-3.7025212"/>
 <node id="3595455689" visible="true" version="1" changeset="31973179" timestamp="2015-06-15T00:13:44Z" user="Diego Esteban Alonso Blas" uid="699830" lat="40.4753163" lon="-3.7024390"/>
 <node id="3595455690" visible="true" version="1" changeset="31973179" timestamp="2015-06-15T00:13:44Z" user="Diego Esteban Alonso Blas" uid="699830" lat="40.4751948" lon="-3.7023961"/>
 <node id="3595455691" visible="true" version="1" changeset="31973179" timestamp="2015-06-15T00:13:44Z" user="Diego Esteban Alonso Blas" uid="699830" lat="40.4750714" lon="-3.7023533"/>
 <node id="3595455692" visible="true" version="1" changeset="31973179" timestamp="2015-06-15T00:13:44Z" user="Diego Esteban Alonso Blas" uid="699830" lat="40.4751069" lon="-3.7023915"/>
 <node id="3595455693" visible="true" version="1" changeset="31973179" timestamp="2015-06-15T00:13:44Z" user="Diego Esteban Alonso Blas" uid="699830" lat="40.4750779" lon="-3.7025362"/>
 <node id="3595455694" visible="true" version="1" changeset="31973179" timestamp="2015-06-15T00:13:44Z" user="Diego Esteban Alonso Blas" uid="699830" lat="40.4754765" lon="-3.7026740"/>
 <node id="3595455695" visible="true" version="1" changeset="31973179" timestamp="2015-06-15T00:13:44Z" user="Diego Esteban Alonso Blas" uid="699830" lat="40.4755055" lon="-3.7025294"/>
 <node id="3607526651" visible="true" version="1" changeset="32100488" timestamp="2015-06-20T16:43:35Z" user="Diego Esteban Alonso Blas" uid="699830" lat="40.4826974" lon="-3.7054895"/>
 <node id="3607526658" visible="true" version="1" changeset="32100488" timestamp="2015-06-20T16:43:35Z" user="Diego Esteban Alonso Blas" uid="699830" lat="40.4831444" lon="-3.7058249"/>
 <node id="3607526659" visible="true" version="1" changeset="32100488" timestamp="2015-06-20T16:43:35Z" user="Diego Esteban Alonso Blas" uid="699830" lat="40.4833593" lon="-3.7060361"/>
 <node id="3867879870" visible="true" version="1" changeset="35653504" timestamp="2015-11-29T19:38:46Z" user="polkillas" uid="42055" lat="40.4743528" lon="-3.6909221"/>
 <node id="3867879871" visible="true" version="6" changeset="100146223" timestamp="2021-02-28T16:50:20Z" user="Hugoren Martinako" uid="3392826" lat="40.4745724" lon="-3.6917771">
  <tag k="button_operated" v="yes"/>
  <tag k="crossing" v="traffic_signals"/>
  <tag k="highway" v="crossing"/>
  <tag k="tactile_paving" v="yes"/>
  <tag k="traffic_signals:sound" v="yes"/>
  <tag k="traffic_signals:vibration" v="no"/>
 </node>
 <node id="3867879872" visible="true" version="1" changeset="35653504" timestamp="2015-11-29T19:38:46Z" user="polkillas" uid="42055" lat="40.4745810" lon="-3.6918123">
  <tag k="highway" v="traffic_signals"/>
 </node>
 <node id="3889026591" visible="true" version="2" changeset="131000339" timestamp="2023-01-08T00:48:41Z" user="OpenSourceForEver" uid="2153421" lat="40.4770753" lon="-3.7033010">
  <tag k="crossing" v="traffic_signals"/>
  <tag k="highway" v="crossing"/>
 </node>
 <node id="3960252732" visible="true" version="1" changeset="36746733" timestamp="2016-01-22T19:41:02Z" user="polkillas" uid="42055" lat="40.4730721" lon="-3.7034897"/>
 <node id="3960252744" visible="true" version="1" changeset="36746733" timestamp="2016-01-22T19:41:02Z" user="polkillas" uid="42055" lat="40.4735116" lon="-3.7014303"/>
 <node id="3960252748" visible="true" version="1" changeset="36746733" timestamp="2016-01-22T19:41:02Z" user="polkillas" uid="42055" lat="40.4736279" lon="-3.7028722"/>
 <node id="3961357657" visible="true" version="1" changeset="36756702" timestamp="2016-01-23T12:04:43Z" user="polkillas" uid="42055" lat="40.4726298" lon="-3.6997422"/>
 <node id="3961357658" visible="true" version="1" changeset="36756702" timestamp="2016-01-23T12:04:43Z" user="polkillas" uid="42055" lat="40.4726358" lon="-3.6996690"/>
 <node id="3961357660" visible="true" version="1" changeset="36756702" timestamp="2016-01-23T12:04:43Z" user="polkillas" uid="42055" lat="40.4726613" lon="-3.6996483"/>
 <node id="3961357661" visible="true" version="1" changeset="36756702" timestamp="2016-01-23T12:04:43Z" user="polkillas" uid="42055" lat="40.4726656" lon="-3.6998462"/>
 <node id="3961357662" visible="true" version="1" changeset="36756702" timestamp="2016-01-23T12:04:44Z" user="polkillas" uid="42055" lat="40.4726718" lon="-3.6998639"/>
 <node id="3961357674" visible="true" version="1" changeset="36756702" timestamp="2016-01-23T12:04:44Z" user="polkillas" uid="42055" lat="40.4729326" lon="-3.7003477"/>
 <node id="3961357680" visible="true" version="1" changeset="36756702" timestamp="2016-01-23T12:04:44Z" user="polkillas" uid="42055" lat="40.4733154" lon="-3.6903549"/>
 <node id="3961357681" visible="true" version="1" changeset="36756702" timestamp="2016-01-23T12:04:44Z" user="polkillas" uid="42055" lat="40.4733163" lon="-3.6903054"/>
 <node id="3961357684" visible="true" version="1" changeset="36756702" timestamp="2016-01-23T12:04:44Z" user="polkillas" uid="42055" lat="40.4733522" lon="-3.6909679"/>
 <node id="3961357688" visible="true" version="1" changeset="36756702" timestamp="2016-01-23T12:04:44Z" user="polkillas" uid="42055" lat="40.4733847" lon="-3.6901861"/>
 <node id="3961357698" visible="true" version="3" changeset="59927324" timestamp="2018-06-18T02:30:54Z" user="JSGalvez" uid="6524272" lat="40.4735096" lon="-3.6926666"/>
 <node id="3961357699" visible="true" version="1" changeset="36756702" timestamp="2016-01-23T12:04:44Z" user="polkillas" uid="42055" lat="40.4735262" lon="-3.7009143"/>
 <node id="3961357702" visible="true" version="1" changeset="36756702" timestamp="2016-01-23T12:04:44Z" user="polkillas" uid="42055" lat="40.4735833" lon="-3.6934311"/>
 <node id="3961357703" visible="true" version="7" changeset="114421096" timestamp="2021-11-30T22:33:56Z" user="Almorca" uid="71626" lat="40.4735845" lon="-3.6947574"/>
 <node id="3961357704" visible="true" version="4" changeset="60349398" timestamp="2018-07-02T14:07:27Z" user="JSGalvez" uid="6524272" lat="40.4735934" lon="-3.6936785"/>
 <node id="3961357705" visible="true" version="1" changeset="36756702" timestamp="2016-01-23T12:04:44Z" user="polkillas" uid="42055" lat="40.4736075" lon="-3.7014952"/>
 <node id="3961357706" visible="true" version="1" changeset="36756702" timestamp="2016-01-23T12:04:44Z" user="polkillas" uid="42055" lat="40.4737552" lon="-3.7015891"/>
 <node id="3961357707" visible="true" version="1" changeset="36756702" timestamp="2016-01-23T12:04:44Z" user="polkillas" uid="42055" lat="40.4738977" lon="-3.7011664"/>
 <node id="3961357708" visible="true" version="1" changeset="36756702" timestamp="2016-01-23T12:04:44Z" user="polkillas" uid="42055" lat="40.4739101" lon="-3.7016050"/>
 <node id="3961357709" visible="true" version="1" changeset="36756702" timestamp="2016-01-23T12:04:44Z" user="polkillas" uid="42055" lat="40.4739411" lon="-3.6893760"/>
 <node id="3961357710" visible="true" version="1" changeset="36756702" timestamp="2016-01-23T12:04:45Z" user="polkillas" uid="42055" lat="40.4740569" lon="-3.7011686"/>
 <node id="3961357711" visible="true" version="1" changeset="36756702" timestamp="2016-01-23T12:04:45Z" user="polkillas" uid="42055" lat="40.4740796" lon="-3.7015700"/>
 <node id="3961357712" visible="true" version="1" changeset="36756702" timestamp="2016-01-23T12:04:45Z" user="polkillas" uid="42055" lat="40.4741054" lon="-3.6891521"/>
 <node id="3961357713" visible="true" version="1" changeset="36756702" timestamp="2016-01-23T12:04:45Z" user="polkillas" uid="42055" lat="40.4741278" lon="-3.7019773"/>
 <node id="3961357714" visible="true" version="1" changeset="36756702" timestamp="2016-01-23T12:04:45Z" user="polkillas" uid="42055" lat="40.4741304" lon="-3.7018756"/>
 <node id="3961357715" visible="true" version="1" changeset="36756702" timestamp="2016-01-23T12:04:45Z" user="polkillas" uid="42055" lat="40.4741424" lon="-3.7020474"/>
 <node id="3961357716" visible="true" version="1" changeset="36756702" timestamp="2016-01-23T12:04:45Z" user="polkillas" uid="42055" lat="40.4741442" lon="-3.7011349"/>
 <node id="3961357717" visible="true" version="1" changeset="36756702" timestamp="2016-01-23T12:04:45Z" user="polkillas" uid="42055" lat="40.4741493" lon="-3.7017931"/>
 <node id="3961357718" visible="true" version="1" changeset="36756702" timestamp="2016-01-23T12:04:45Z" user="polkillas" uid="42055" lat="40.4741837" lon="-3.7021367"/>
 <node id="3961357719" visible="true" version="1" changeset="36756702" timestamp="2016-01-23T12:04:45Z" user="polkillas" uid="42055" lat="40.4741876" lon="-3.6891082"/>
 <node id="3961357720" visible="true" version="1" changeset="36756702" timestamp="2016-01-23T12:04:45Z" user="polkillas" uid="42055" lat="40.4742013" lon="-3.7017226"/>
 <node id="3961357721" visible="true" version="1" changeset="36756702" timestamp="2016-01-23T12:04:45Z" user="polkillas" uid="42055" lat="40.4742344" lon="-3.7021898"/>
 <node id="3961357722" visible="true" version="1" changeset="36756702" timestamp="2016-01-23T12:04:45Z" user="polkillas" uid="42055" lat="40.4742929" lon="-3.6890779"/>
 <node id="3961357723" visible="true" version="2" changeset="146143994" timestamp="2024-01-11T13:47:37Z" user="Barrunterio" uid="17808034" lat="40.4743146" lon="-3.7022242"/>
 <node id="3961357724" visible="true" version="1" changeset="36756702" timestamp="2016-01-23T12:04:45Z" user="polkillas" uid="42055" lat="40.4743793" lon="-3.6910683"/>
 <node id="3961357725" visible="true" version="1" changeset="36756702" timestamp="2016-01-23T12:04:45Z" user="polkillas" uid="42055" lat="40.4743819" lon="-3.6908894"/>
 <node id="3961357726" visible="true" version="1" changeset="36756702" timestamp="2016-01-23T12:04:45Z" user="polkillas" uid="42055" lat="40.4743990" lon="-3.6907127"/>
 <node id="3961357727" visible="true" version="1" changeset="36756702" timestamp="2016-01-23T12:04:45Z" user="polkillas" uid="42055" lat="40.4743990" lon="-3.6912708"/>
 <node id="3961357728" visible="true" version="2" changeset="120733997" timestamp="2022-05-09T07:55:42Z" user="vicropa" uid="589506" lat="40.4742358" lon="-3.7010766"/>
 <node id="3961357729" visible="true" version="1" changeset="36756702" timestamp="2016-01-23T12:04:45Z" user="polkillas" uid="42055" lat="40.4744137" lon="-3.7012311"/>
 <node id="3961357730" visible="true" version="2" changeset="137888125" timestamp="2023-06-28T17:15:38Z" user="polkillas" uid="42055" lat="40.4744295" lon="-3.6905071">
  <tag k="crossing" v="uncontrolled"/>
  <tag k="highway" v="crossing"/>
 </node>
 <node id="3961357731" visible="true" version="1" changeset="36756702" timestamp="2016-01-23T12:04:45Z" user="polkillas" uid="42055" lat="40.4744358" lon="-3.7014665"/>
 <node id="3961357732" visible="true" version="1" changeset="36756702" timestamp="2016-01-23T12:04:45Z" user="polkillas" uid="42055" lat="40.4744367" lon="-3.6914621"/>
 <node id="3961357733" visible="true" version="1" changeset="36756702" timestamp="2016-01-23T12:04:45Z" user="polkillas" uid="42055" lat="40.4744555" lon="-3.6890419"/>
 <node id="3961357734" visible="true" version="1" changeset="36756702" timestamp="2016-01-23T12:04:45Z" user="polkillas" uid="42055" lat="40.4744580" lon="-3.6975604"/>
 <node id="3961357735" visible="true" version="1" changeset="36756702" timestamp="2016-01-23T12:04:45Z" user="polkillas" uid="42055" lat="40.4744589" lon="-3.6974412"/>
 <node id="3961357736" visible="true" version="2" changeset="54867033" timestamp="2017-12-23T16:05:04Z" user="JSGalvez" uid="6524272" lat="40.4744880" lon="-3.6943807"/>
 <node id="3961357737" visible="true" version="1" changeset="36756702" timestamp="2016-01-23T12:04:45Z" user="polkillas" uid="42055" lat="40.4744726" lon="-3.6978485"/>
 <node id="3961357738" visible="true" version="2" changeset="181642100" timestamp="2026-04-21T19:06:56Z" user="Diegatus" uid="21006289" lat="40.4744771" lon="-3.6941601"/>
 <node id="3961357739" visible="true" version="1" changeset="36756702" timestamp="2016-01-23T12:04:45Z" user="polkillas" uid="42055" lat="40.4744846" lon="-3.6971678"/>
 <node id="3961357740" visible="true" version="1" changeset="36756702" timestamp="2016-01-23T12:04:45Z" user="polkillas" uid="42055" lat="40.4744854" lon="-3.6916545"/>
 <node id="3961357742" visible="true" version="1" changeset="36756702" timestamp="2016-01-23T12:04:45Z" user="polkillas" uid="42055" lat="40.4744889" lon="-3.6901445"/>
 <node id="3961357743" visible="true" version="1" changeset="36756702" timestamp="2016-01-23T12:04:45Z" user="polkillas" uid="42055" lat="40.4745094" lon="-3.6891476"/>
 <node id="3961357744" visible="true" version="1" changeset="36756702" timestamp="2016-01-23T12:04:45Z" user="polkillas" uid="42055" lat="40.4745153" lon="-3.7010879"/>
 <node id="3961357745" visible="true" version="1" changeset="36756702" timestamp="2016-01-23T12:04:45Z" user="polkillas" uid="42055" lat="40.4745274" lon="-3.6936100"/>
 <node id="3961357746" visible="true" version="1" changeset="36756702" timestamp="2016-01-23T12:04:45Z" user="polkillas" uid="42055" lat="40.4745274" lon="-3.6981982"/>
 <node id="3961357749" visible="true" version="1" changeset="36756702" timestamp="2016-01-23T12:04:45Z" user="polkillas" uid="42055" lat="40.4745359" lon="-3.6898407"/>
 <node id="3961357750" visible="true" version="1" changeset="36756702" timestamp="2016-01-23T12:04:45Z" user="polkillas" uid="42055" lat="40.4745539" lon="-3.6918683"/>
 <node id="3961357751" visible="true" version="1" changeset="36756702" timestamp="2016-01-23T12:04:45Z" user="polkillas" uid="42055" lat="40.4745671" lon="-3.7013051"/>
 <node id="3961357752" visible="true" version="1" changeset="36756702" timestamp="2016-01-23T12:04:45Z" user="polkillas" uid="42055" lat="40.4745693" lon="-3.6950592"/>
 <node id="3961357753" visible="true" version="2" changeset="60349398" timestamp="2018-07-02T14:07:28Z" user="JSGalvez" uid="6524272" lat="40.4745825" lon="-3.6966909"/>
 <node id="3961357754" visible="true" version="1" changeset="36756702" timestamp="2016-01-23T12:04:45Z" user="polkillas" uid="42055" lat="40.4745736" lon="-3.6892973"/>
 <node id="3961357755" visible="true" version="1" changeset="36756702" timestamp="2016-01-23T12:04:45Z" user="polkillas" uid="42055" lat="40.4745795" lon="-3.6983987"/>
 <node id="3961357756" visible="true" version="1" changeset="36756702" timestamp="2016-01-23T12:04:45Z" user="polkillas" uid="42055" lat="40.4745950" lon="-3.6893434"/>
 <node id="3961357957" visible="true" version="1" changeset="36756702" timestamp="2016-01-23T12:04:45Z" user="polkillas" uid="42055" lat="40.4745967" lon="-3.6894863"/>
 <node id="3961357958" visible="true" version="1" changeset="36756702" timestamp="2016-01-23T12:04:45Z" user="polkillas" uid="42055" lat="40.4746061" lon="-3.6920978"/>
 <node id="3961357959" visible="true" version="1" changeset="36756702" timestamp="2016-01-23T12:04:45Z" user="polkillas" uid="42055" lat="40.4746085" lon="-3.7009399"/>
 <node id="3961357960" visible="true" version="1" changeset="36756702" timestamp="2016-01-23T12:04:45Z" user="polkillas" uid="42055" lat="40.4746146" lon="-3.6985165"/>
 <node id="3961357961" visible="true" version="1" changeset="36756702" timestamp="2016-01-23T12:04:45Z" user="polkillas" uid="42055" lat="40.4746386" lon="-3.6923465"/>
 <node id="3961357962" visible="true" version="1" changeset="36756702" timestamp="2016-01-23T12:04:45Z" user="polkillas" uid="42055" lat="40.4746463" lon="-3.6928100"/>
 <node id="3961357963" visible="true" version="1" changeset="36756702" timestamp="2016-01-23T12:04:45Z" user="polkillas" uid="42055" lat="40.4746515" lon="-3.6925749"/>
 <node id="3961357964" visible="true" version="1" changeset="36756702" timestamp="2016-01-23T12:04:45Z" user="polkillas" uid="42055" lat="40.4746570" lon="-3.7008524"/>
 <node id="3961357965" visible="true" version="1" changeset="36756702" timestamp="2016-01-23T12:04:45Z" user="polkillas" uid="42055" lat="40.4746631" lon="-3.7011581"/>
 <node id="3961357966" visible="true" version="1" changeset="36756702" timestamp="2016-01-23T12:04:45Z" user="polkillas" uid="42055" lat="40.4746652" lon="-3.6954733"/>
 <node id="3961357968" visible="true" version="1" changeset="36756702" timestamp="2016-01-23T12:04:45Z" user="polkillas" uid="42055" lat="40.4746823" lon="-3.6962485"/>
 <node id="3961357969" visible="true" version="1" changeset="36756702" timestamp="2016-01-23T12:04:45Z" user="polkillas" uid="42055" lat="40.4746981" lon="-3.7007697"/>
 <node id="3961357970" visible="true" version="1" changeset="36756702" timestamp="2016-01-23T12:04:45Z" user="polkillas" uid="42055" lat="40.4746986" lon="-3.6957017"/>
 <node id="3961357972" visible="true" version="1" changeset="36756702" timestamp="2016-01-23T12:04:45Z" user="polkillas" uid="42055" lat="40.4747080" lon="-3.6960032"/>
 <node id="3961357973" visible="true" version="1" changeset="36756702" timestamp="2016-01-23T12:04:45Z" user="polkillas" uid="42055" lat="40.4747239" lon="-3.7010590"/>
 <node id="3961357974" visible="true" version="2" changeset="181642100" timestamp="2026-04-21T19:06:56Z" user="Diegatus" uid="21006289" lat="40.4747061" lon="-3.6987652"/>
 <node id="3961357975" visible="true" version="1" changeset="36756702" timestamp="2016-01-23T12:04:45Z" user="polkillas" uid="42055" lat="40.4747429" lon="-3.7006662"/>
 <node id="3961357976" visible="true" version="1" changeset="36756702" timestamp="2016-01-23T12:04:45Z" user="polkillas" uid="42055" lat="40.4747840" lon="-3.7005405"/>
 <node id="3961357977" visible="true" version="1" changeset="36756702" timestamp="2016-01-23T12:04:45Z" user="polkillas" uid="42055" lat="40.4747865" lon="-3.6990066"/>
 <node id="3961357978" visible="true" version="1" changeset="36756702" timestamp="2016-01-23T12:04:45Z" user="polkillas" uid="42055" lat="40.4747968" lon="-3.7009263"/>
 <node id="3961357979" visible="true" version="1" changeset="36756702" timestamp="2016-01-23T12:04:45Z" user="polkillas" uid="42055" lat="40.4748022" lon="-3.6990002"/>
 <node id="3961357980" visible="true" version="1" changeset="36756702" timestamp="2016-01-23T12:04:46Z" user="polkillas" uid="42055" lat="40.4748119" lon="-3.7004498"/>
 <node id="3961357981" visible="true" version="1" changeset="36756702" timestamp="2016-01-23T12:04:46Z" user="polkillas" uid="42055" lat="40.4748409" lon="-3.7003448"/>
 <node id="3961357982" visible="true" version="1" changeset="36756702" timestamp="2016-01-23T12:04:46Z" user="polkillas" uid="42055" lat="40.4748503" lon="-3.7007985"/>
 <node id="3961357983" visible="true" version="1" changeset="36756702" timestamp="2016-01-23T12:04:46Z" user="polkillas" uid="42055" lat="40.4748518" lon="-3.6991737"/>
 <node id="3961357984" visible="true" version="1" changeset="36756702" timestamp="2016-01-23T12:04:46Z" user="polkillas" uid="42055" lat="40.4748833" lon="-3.7001013"/>
 <node id="3961357985" visible="true" version="1" changeset="36756702" timestamp="2016-01-23T12:04:46Z" user="polkillas" uid="42055" lat="40.4748906" lon="-3.6994378"/>
 <node id="3961357986" visible="true" version="1" changeset="36756702" timestamp="2016-01-23T12:04:46Z" user="polkillas" uid="42055" lat="40.4749026" lon="-3.7006658"/>
 <node id="3961357987" visible="true" version="1" changeset="36756702" timestamp="2016-01-23T12:04:46Z" user="polkillas" uid="42055" lat="40.4749039" lon="-3.6999677"/>
 <node id="3961357988" visible="true" version="1" changeset="36756702" timestamp="2016-01-23T12:04:46Z" user="polkillas" uid="42055" lat="40.4749051" lon="-3.6995508"/>
 <node id="3961357989" visible="true" version="1" changeset="36756702" timestamp="2016-01-23T12:04:46Z" user="polkillas" uid="42055" lat="40.4749075" lon="-3.6999072"/>
 <node id="3961357990" visible="true" version="1" changeset="36756702" timestamp="2016-01-23T12:04:46Z" user="polkillas" uid="42055" lat="40.4749111" lon="-3.6996844"/>
 <node id="3961357991" visible="true" version="1" changeset="36756702" timestamp="2016-01-23T12:04:46Z" user="polkillas" uid="42055" lat="40.4749124" lon="-3.6997847"/>
 <node id="3961357992" visible="true" version="1" changeset="36756702" timestamp="2016-01-23T12:04:46Z" user="polkillas" uid="42055" lat="40.4749354" lon="-3.7005492"/>
 <node id="3961357993" visible="true" version="1" changeset="36756702" timestamp="2016-01-23T12:04:46Z" user="polkillas" uid="42055" lat="40.4749792" lon="-3.7004133"/>
 <node id="3961357994" visible="true" version="1" changeset="36756702" timestamp="2016-01-23T12:04:46Z" user="polkillas" uid="42055" lat="40.4750071" lon="-3.7002679"/>
 <node id="3961357995" visible="true" version="1" changeset="36756702" timestamp="2016-01-23T12:04:46Z" user="polkillas" uid="42055" lat="40.4750314" lon="-3.7001336"/>
 <node id="3961357996" visible="true" version="1" changeset="36756702" timestamp="2016-01-23T12:04:46Z" user="polkillas" uid="42055" lat="40.4750448" lon="-3.6999978"/>
 <node id="3961357997" visible="true" version="2" changeset="146143994" timestamp="2024-01-11T13:47:37Z" user="Barrunterio" uid="17808034" lat="40.4750527" lon="-3.6995853"/>
 <node id="3961357998" visible="true" version="1" changeset="36756702" timestamp="2016-01-23T12:04:46Z" user="polkillas" uid="42055" lat="40.4750533" lon="-3.6998747"/>
 <node id="3961357999" visible="true" version="2" changeset="146143994" timestamp="2024-01-11T13:47:37Z" user="Barrunterio" uid="17808034" lat="40.4750699" lon="-3.6995338"/>
 <node id="3961358000" visible="true" version="1" changeset="36756702" timestamp="2016-01-23T12:04:46Z" user="polkillas" uid="42055" lat="40.4750570" lon="-3.6997181"/>
 <node id="3961358002" visible="true" version="2" changeset="146143994" timestamp="2024-01-11T13:47:37Z" user="Barrunterio" uid="17808034" lat="40.4750846" lon="-3.6995452"/>
 <node id="3999057384" visible="true" version="8" changeset="173661522" timestamp="2025-10-23T08:30:17Z" user="kapazao_import" uid="8770019" lat="40.4754898" lon="-3.7026668">
  <tag k="amenity" v="bicycle_parking"/>
  <tag k="bicycle_parking" v="stands"/>
  <tag k="capacity" v="10"/>
  <tag k="covered" v="no"/>
  <tag k="operator" v="Ayuntamiento de Madrid"/>
  <tag k="operator:type" v="government"/>
 </node>
 <node id="4301188700" visible="true" version="1" changeset="40723137" timestamp="2016-07-13T19:55:44Z" user="polkillas" uid="42055" lat="40.4745337" lon="-3.6917964"/>
 <node id="4301188703" visible="true" version="1" changeset="40723137" timestamp="2016-07-13T19:55:44Z" user="polkillas" uid="42055" lat="40.4745758" lon="-3.6919646"/>
 <node id="4301188704" visible="true" version="1" changeset="40723137" timestamp="2016-07-13T19:55:44Z" user="polkillas" uid="42055" lat="40.4746105" lon="-3.6965604"/>
 <node id="4301188706" visible="true" version="2" changeset="60349398" timestamp="2018-07-02T14:07:28Z" user="JSGalvez" uid="6524272" lat="40.4746238" lon="-3.6985848"/>
 <node id="4322012393" visible="true" version="1" changeset="41047639" timestamp="2016-07-26T20:38:14Z" user="polkillas" uid="42055" lat="40.4744727" lon="-3.7022829"/>
 <node id="4322012394" visible="true" version="1" changeset="41047639" timestamp="2016-07-26T20:38:14Z" user="polkillas" uid="42055" lat="40.4745308" lon="-3.7022935"/>
 <node id="4322012395" visible="true" version="1" changeset="41047639" timestamp="2016-07-26T20:38:14Z" user="polkillas" uid="42055" lat="40.4745752" lon="-3.7022808"/>
 <node id="4322012396" visible="true" version="3" changeset="129852399" timestamp="2022-12-08T09:22:56Z" user="sbelemey" uid="10398649" lat="40.4745852" lon="-3.7025099"/>
 <node id="4322012397" visible="true" version="1" changeset="41047639" timestamp="2016-07-26T20:38:14Z" user="polkillas" uid="42055" lat="40.4746325" lon="-3.7022585"/>
 <node id="4322012398" visible="true" version="1" changeset="41047639" timestamp="2016-07-26T20:38:14Z" user="polkillas" uid="42055" lat="40.4746583" lon="-3.7022373"/>
 <node id="4322012399" visible="true" version="1" changeset="41047639" timestamp="2016-07-26T20:38:14Z" user="polkillas" uid="42055" lat="40.4746857" lon="-3.7021737"/>
 <node id="4322012400" visible="true" version="2" changeset="129852399" timestamp="2022-12-08T09:22:56Z" user="sbelemey" uid="10398649" lat="40.4747702" lon="-3.7025752"/>
 <node id="4322012401" visible="true" version="1" changeset="41047639" timestamp="2016-07-26T20:38:14Z" user="polkillas" uid="42055" lat="40.4747785" lon="-3.7017484"/>
 <node id="4322012402" visible="true" version="1" changeset="41047639" timestamp="2016-07-26T20:38:14Z" user="polkillas" uid="42055" lat="40.4749060" lon="-3.7013730"/>
 <node id="4322012404" visible="true" version="1" changeset="41047639" timestamp="2016-07-26T20:38:14Z" user="polkillas" uid="42055" lat="40.4749479" lon="-3.7013910"/>
 <node id="4322012405" visible="true" version="1" changeset="41047639" timestamp="2016-07-26T20:38:14Z" user="polkillas" uid="42055" lat="40.4750221" lon="-3.7001850"/>
 <node id="4322012406" visible="true" version="1" changeset="41047639" timestamp="2016-07-26T20:38:14Z" user="polkillas" uid="42055" lat="40.4750649" lon="-3.7009976"/>
 <node id="4322012407" visible="true" version="1" changeset="41047639" timestamp="2016-07-26T20:38:14Z" user="polkillas" uid="42055" lat="40.4751286" lon="-3.7008544"/>
 <node id="4322012409" visible="true" version="2" changeset="146143994" timestamp="2024-01-11T13:47:37Z" user="Barrunterio" uid="17808034" lat="40.4751996" lon="-3.7020134"/>
 <node id="4322012410" visible="true" version="1" changeset="41047639" timestamp="2016-07-26T20:38:14Z" user="polkillas" uid="42055" lat="40.4752157" lon="-3.7006784"/>
 <node id="4322012427" visible="true" version="2" changeset="146143994" timestamp="2024-01-11T13:47:37Z" user="Barrunterio" uid="17808034" lat="40.4770833" lon="-3.7017748"/>
 <node id="4322012428" visible="true" version="1" changeset="41047639" timestamp="2016-07-26T20:38:14Z" user="polkillas" uid="42055" lat="40.4771256" lon="-3.7018293"/>
 <node id="4322012430" visible="true" version="1" changeset="41047639" timestamp="2016-07-26T20:38:14Z" user="polkillas" uid="42055" lat="40.4771411" lon="-3.7018571"/>
 <node id="4322012431" visible="true" version="1" changeset="41047639" timestamp="2016-07-26T20:38:14Z" user="polkillas" uid="42055" lat="40.4771474" lon="-3.7018707"/>
 <node id="4322012432" visible="true" version="1" changeset="41047639" timestamp="2016-07-26T20:38:14Z" user="polkillas" uid="42055" lat="40.4771546" lon="-3.7019067"/>
 <node id="4322012433" visible="true" version="1" changeset="41047639" timestamp="2016-07-26T20:38:14Z" user="polkillas" uid="42055" lat="40.4771587" lon="-3.7019534"/>
 <node id="4347754215" visible="true" version="4" changeset="173661522" timestamp="2025-10-23T08:30:19Z" user="kapazao_import" uid="8770019" lat="40.4744023" lon="-3.7019255">
  <tag k="amenity" v="drinking_water"/>
  <tag k="man_made" v="water_tap"/>
  <tag k="operator" v="Ayuntamiento de Madrid"/>
  <tag k="operator:type" v="government"/>
  <tag k="operator:wikidata" v="Q3773976"/>
  <tag k="operator:wikipedia" v="es:Ayuntamiento de Madrid"/>
  <tag k="source" v="Ayuntamiento de Madrid"/>
  <tag k="source:date" v="2016-06-29"/>
 </node>
 <node id="4411734225" visible="true" version="2" changeset="54970451" timestamp="2017-12-28T00:11:43Z" user="sanchi" uid="170106" lat="40.4661164" lon="-3.6891812"/>
 <node id="4411734227" visible="true" version="2" changeset="54970451" timestamp="2017-12-28T00:11:43Z" user="sanchi" uid="170106" lat="40.4661987" lon="-3.6887989"/>
 <node id="4411734235" visible="true" version="1" changeset="42326920" timestamp="2016-09-21T15:35:32Z" user="Santi2222" uid="493192" lat="40.4665064" lon="-3.6759707"/>
 <node id="4411734242" visible="true" version="1" changeset="42326920" timestamp="2016-09-21T15:35:32Z" user="Santi2222" uid="493192" lat="40.4668473" lon="-3.6762815"/>
 <node id="4411734246" visible="true" version="1" changeset="42326920" timestamp="2016-09-21T15:35:33Z" user="Santi2222" uid="493192" lat="40.4670384" lon="-3.6765249"/>
 <node id="4411734247" visible="true" version="1" changeset="42326920" timestamp="2016-09-21T15:35:33Z" user="Santi2222" uid="493192" lat="40.4670416" lon="-3.6844120"/>
 <node id="4411734248" visible="true" version="1" changeset="42326920" timestamp="2016-09-21T15:35:33Z" user="Santi2222" uid="493192" lat="40.4671842" lon="-3.6767373"/>
 <node id="4411734249" visible="true" version="1" changeset="42326920" timestamp="2016-09-21T15:35:33Z" user="Santi2222" uid="493192" lat="40.4672219" lon="-3.6835062"/>
 <node id="4411734250" visible="true" version="1" changeset="42326920" timestamp="2016-09-21T15:35:33Z" user="Santi2222" uid="493192" lat="40.4672983" lon="-3.6830188"/>
 <node id="4411734252" visible="true" version="1" changeset="42326920" timestamp="2016-09-21T15:35:33Z" user="Santi2222" uid="493192" lat="40.4673533" lon="-3.6824725"/>
 <node id="4411734254" visible="true" version="1" changeset="42326920" timestamp="2016-09-21T15:35:33Z" user="Santi2222" uid="493192" lat="40.4673773" lon="-3.6771180"/>
 <node id="4411734255" visible="true" version="1" changeset="42326920" timestamp="2016-09-21T15:35:33Z" user="Santi2222" uid="493192" lat="40.4675901" lon="-3.6778975"/>
 <node id="4411734256" visible="true" version="1" changeset="42326920" timestamp="2016-09-21T15:35:33Z" user="Santi2222" uid="493192" lat="40.4676098" lon="-3.6793349"/>
 <node id="4411734257" visible="true" version="1" changeset="42326920" timestamp="2016-09-21T15:35:33Z" user="Santi2222" uid="493192" lat="40.4676315" lon="-3.6782757"/>
 <node id="4411734258" visible="true" version="1" changeset="42326920" timestamp="2016-09-21T15:35:33Z" user="Santi2222" uid="493192" lat="40.4676433" lon="-3.6787237"/>
 <node id="4417581391" visible="true" version="1" changeset="42423274" timestamp="2016-09-25T13:23:14Z" user="polkillas" uid="42055" lat="40.4729354" lon="-3.7038832"/>
 <node id="4635233781" visible="true" version="1" changeset="45522168" timestamp="2017-01-26T18:05:38Z" user="polkillas" uid="42055" lat="40.4768266" lon="-3.7036768"/>
 <node id="4903970854" visible="true" version="1" changeset="49368995" timestamp="2017-06-08T14:01:48Z" user="Luiyo" uid="316694" lat="40.4753042" lon="-3.7013389">
  <tag k="name" v="Estoy Horrible"/>
  <tag k="shop" v="hairdresser"/>
 </node>
 <node id="4903985630" visible="true" version="2" changeset="146105995" timestamp="2024-01-10T14:15:01Z" user="Hugoren Martinako" uid="3392826" lat="40.4750976" lon="-3.7017530"/>
 <node id="4903985631" visible="true" version="2" changeset="146105995" timestamp="2024-01-10T14:15:01Z" user="Hugoren Martinako" uid="3392826" lat="40.4751027" lon="-3.7018389">
  <tag k="access" v="private"/>
  <tag k="barrier" v="gate"/>
  <tag k="motorcar" v="yes"/>
  <tag k="motorcycle" v="yes"/>
 </node>
 <node id="4908654550" visible="true" version="3" changeset="128794500" timestamp="2022-11-11T21:48:13Z" user="vicropa" uid="589506" lat="40.4737644" lon="-3.7004009"/>
 <node id="4908654553" visible="true" version="4" changeset="158890971" timestamp="2024-11-08T11:10:44Z" user="Swihail" uid="15458726" lat="40.4739242" lon="-3.7009679"/>
 <node id="4908710852" visible="true" version="1" changeset="49438653" timestamp="2017-06-11T10:02:20Z" user="Luiyo" uid="316694" lat="40.4742784" lon="-3.7012156"/>
 <node id="4908710853" visible="true" version="1" changeset="49438653" timestamp="2017-06-11T10:02:20Z" user="Luiyo" uid="316694" lat="40.4742511" lon="-3.7011485"/>
 <node id="4908710854" visible="true" version="1" changeset="49438653" timestamp="2017-06-11T10:02:20Z" user="Luiyo" uid="316694" lat="40.4744446" lon="-3.7010082"/>
 <node id="4908710855" visible="true" version="1" changeset="49438653" timestamp="2017-06-11T10:02:20Z" user="Luiyo" uid="316694" lat="40.4744733" lon="-3.7010748"/>
 <node id="4908710861" visible="true" version="1" changeset="49438653" timestamp="2017-06-11T10:02:20Z" user="Luiyo" uid="316694" lat="40.4739712" lon="-3.7013082"/>
 <node id="4908710862" visible="true" version="1" changeset="49438653" timestamp="2017-06-11T10:02:20Z" user="Luiyo" uid="316694" lat="40.4738294" lon="-3.7012737"/>
 <node id="4908710863" visible="true" version="1" changeset="49438653" timestamp="2017-06-11T10:02:20Z" user="Luiyo" uid="316694" lat="40.4737440" lon="-3.7012239"/>
 <node id="4908710864" visible="true" version="1" changeset="49438653" timestamp="2017-06-11T10:02:20Z" user="Luiyo" uid="316694" lat="40.4737639" lon="-3.7011576"/>
 <node id="4908710865" visible="true" version="1" changeset="49438653" timestamp="2017-06-11T10:02:20Z" user="Luiyo" uid="316694" lat="40.4739033" lon="-3.7012227"/>
 <node id="4908710866" visible="true" version="1" changeset="49438653" timestamp="2017-06-11T10:02:20Z" user="Luiyo" uid="316694" lat="40.4739756" lon="-3.7012354"/>
 <node id="5264967403" visible="true" version="1" changeset="54350942" timestamp="2017-12-05T02:02:25Z" user="JSGalvez" uid="6524272" lat="40.4733661" lon="-3.6965784"/>
 <node id="5265015129" visible="true" version="1" changeset="54351647" timestamp="2017-12-05T02:52:17Z" user="JSGalvez" uid="6524272" lat="40.4744679" lon="-3.6977562"/>
 <node id="5265015155" visible="true" version="1" changeset="54351647" timestamp="2017-12-05T02:52:18Z" user="JSGalvez" uid="6524272" lat="40.4749051" lon="-3.6999473"/>
 <node id="5265015162" visible="true" version="2" changeset="58504543" timestamp="2018-04-28T13:46:46Z" user="JSGalvez" uid="6524272" lat="40.4735326" lon="-3.6929613"/>
 <node id="5265015163" visible="true" version="3" changeset="112199279" timestamp="2021-10-07T06:37:12Z" user="Hugoren Martinako" uid="3392826" lat="40.4735506" lon="-3.6929123"/>
 <node id="5265015172" visible="true" version="3" changeset="112199279" timestamp="2021-10-07T06:37:12Z" user="Hugoren Martinako" uid="3392826" lat="40.4735464" lon="-3.6928296"/>
 <node id="5265015173" visible="true" version="2" changeset="106963064" timestamp="2021-06-25T12:46:15Z" user="vicropa" uid="589506" lat="40.4735399" lon="-3.6928575"/>
 <node id="5265015174" visible="true" version="3" changeset="112199279" timestamp="2021-10-07T06:37:12Z" user="Hugoren Martinako" uid="3392826" lat="40.4735415" lon="-3.6928870"/>
 <node id="5265028349" visible="true" version="1" changeset="54351836" timestamp="2017-12-05T03:06:39Z" user="JSGalvez" uid="6524272" lat="40.4750499" lon="-3.7000835"/>
 <node id="5265028350" visible="true" version="1" changeset="54351836" timestamp="2017-12-05T03:06:39Z" user="JSGalvez" uid="6524272" lat="40.4750642" lon="-3.6999152"/>
 <node id="5265028351" visible="true" version="1" changeset="54351836" timestamp="2017-12-05T03:06:39Z" user="JSGalvez" uid="6524272" lat="40.4750684" lon="-3.6996954"/>
 <node id="5265028355" visible="true" version="2" changeset="146143994" timestamp="2024-01-11T13:47:37Z" user="Barrunterio" uid="17808034" lat="40.4750672" lon="-3.6996294"/>
 <node id="5265028356" visible="true" version="2" changeset="146143994" timestamp="2024-01-11T13:47:37Z" user="Barrunterio" uid="17808034" lat="40.4752549" lon="-3.7000983"/>
 <node id="5265028358" visible="true" version="2" changeset="146143994" timestamp="2024-01-11T13:47:37Z" user="Barrunterio" uid="17808034" lat="40.4753070" lon="-3.7002235"/>
 <node id="5265028359" visible="true" version="2" changeset="146143994" timestamp="2024-01-11T13:47:37Z" user="Barrunterio" uid="17808034" lat="40.4753186" lon="-3.7002837"/>
 <node id="5265028360" visible="true" version="2" changeset="146143994" timestamp="2024-01-11T13:47:37Z" user="Barrunterio" uid="17808034" lat="40.4753237" lon="-3.7003658"/>
 <node id="5265028362" visible="true" version="2" changeset="146143994" timestamp="2024-01-11T13:47:37Z" user="Barrunterio" uid="17808034" lat="40.4753002" lon="-3.7004823"/>
 <node id="5265028363" visible="true" version="1" changeset="54351836" timestamp="2017-12-05T03:06:40Z" user="JSGalvez" uid="6524272" lat="40.4751775" lon="-3.7007555"/>
 <node id="5292588122" visible="true" version="1" changeset="54745223" timestamp="2017-12-18T23:38:59Z" user="JSGalvez" uid="6524272" lat="40.4746319" lon="-3.6964673"/>
 <node id="5296629447" visible="true" version="1" changeset="54801495" timestamp="2017-12-21T01:00:08Z" user="JSGalvez" uid="6524272" lat="40.4736793" lon="-3.6900829"/>
 <node id="5296629448" visible="true" version="2" changeset="58504543" timestamp="2018-04-28T13:46:46Z" user="JSGalvez" uid="6524272" lat="40.4733879" lon="-3.6913974"/>
 <node id="5296629449" visible="true" version="1" changeset="54801495" timestamp="2017-12-21T01:00:08Z" user="JSGalvez" uid="6524272" lat="40.4733410" lon="-3.6907810"/>
 <node id="5296629450" visible="true" version="1" changeset="54801495" timestamp="2017-12-21T01:00:08Z" user="JSGalvez" uid="6524272" lat="40.4733257" lon="-3.6902773"/>
 <node id="5296640878" visible="true" version="2" changeset="60349398" timestamp="2018-07-02T14:07:27Z" user="JSGalvez" uid="6524272" lat="40.4735914" lon="-3.6939172"/>
 <node id="5296650355" visible="true" version="2" changeset="59331290" timestamp="2018-05-28T07:20:25Z" user="Arizu Ynewi" uid="8230247" lat="40.4731583" lon="-3.6992514"/>
 <node id="5296650356" visible="true" version="2" changeset="59331290" timestamp="2018-05-28T07:20:25Z" user="Arizu Ynewi" uid="8230247" lat="40.4732893" lon="-3.6991946"/>
 <node id="5300462011" visible="true" version="2" changeset="54970451" timestamp="2017-12-28T00:11:44Z" user="sanchi" uid="170106" lat="40.4660942" lon="-3.6895623"/>
 <node id="5300818025" visible="true" version="1" changeset="54865676" timestamp="2017-12-23T15:00:07Z" user="JSGalvez" uid="6524272" lat="40.4736126" lon="-3.7028920"/>
 <node id="5300818032" visible="true" version="1" changeset="54865676" timestamp="2017-12-23T15:00:07Z" user="JSGalvez" uid="6524272" lat="40.4735621" lon="-3.7029573"/>
 <node id="5300818033" visible="true" version="1" changeset="54865676" timestamp="2017-12-23T15:00:07Z" user="JSGalvez" uid="6524272" lat="40.4738110" lon="-3.7026352"/>
 <node id="5307418597" visible="true" version="5" changeset="79668151" timestamp="2020-01-16T22:21:28Z" user="OpenSourceForEver" uid="2153421" lat="40.4618048" lon="-3.6765497">
  <tag k="fare_area" v="A"/>
  <tag k="name" v="Pío XII"/>
  <tag k="operator" v="Metro de Madrid"/>
  <tag k="public_transport" v="stop_position"/>
  <tag k="railway" v="stop"/>
  <tag k="subway" v="yes"/>
 </node>
 <node id="5307418598" visible="true" version="1" changeset="54970232" timestamp="2017-12-27T23:53:53Z" user="sanchi" uid="170106" lat="40.4636947" lon="-3.6761844"/>
 <node id="5307418599" visible="true" version="1" changeset="54970232" timestamp="2017-12-27T23:53:53Z" user="sanchi" uid="170106" lat="40.4655906" lon="-3.6758267"/>
 <node id="5307418600" visible="true" version="1" changeset="54970232" timestamp="2017-12-27T23:53:53Z" user="sanchi" uid="170106" lat="40.4659757" lon="-3.6759305"/>
 <node id="5307418601" visible="true" version="1" changeset="54970232" timestamp="2017-12-27T23:53:53Z" user="sanchi" uid="170106" lat="40.4664023" lon="-3.6761577"/>
 <node id="5307418602" visible="true" version="1" changeset="54970232" timestamp="2017-12-27T23:53:53Z" user="sanchi" uid="170106" lat="40.4667432" lon="-3.6764685"/>
 <node id="5307418603" visible="true" version="1" changeset="54970232" timestamp="2017-12-27T23:53:53Z" user="sanchi" uid="170106" lat="40.4669343" lon="-3.6767119"/>
 <node id="5307418604" visible="true" version="1" changeset="54970232" timestamp="2017-12-27T23:53:53Z" user="sanchi" uid="170106" lat="40.4670801" lon="-3.6769243"/>
 <node id="5307418605" visible="true" version="1" changeset="54970232" timestamp="2017-12-27T23:53:53Z" user="sanchi" uid="170106" lat="40.4672732" lon="-3.6773050"/>
 <node id="5307418606" visible="true" version="1" changeset="54970232" timestamp="2017-12-27T23:53:53Z" user="sanchi" uid="170106" lat="40.4673828" lon="-3.6776265"/>
 <node id="5307418607" visible="true" version="1" changeset="54970232" timestamp="2017-12-27T23:53:53Z" user="sanchi" uid="170106" lat="40.4674860" lon="-3.6780845"/>
 <node id="5307418608" visible="true" version="1" changeset="54970232" timestamp="2017-12-27T23:53:53Z" user="sanchi" uid="170106" lat="40.4675274" lon="-3.6784627"/>
 <node id="5307418609" visible="true" version="1" changeset="54970232" timestamp="2017-12-27T23:53:53Z" user="sanchi" uid="170106" lat="40.4675392" lon="-3.6789107"/>
 <node id="5307418610" visible="true" version="1" changeset="54970232" timestamp="2017-12-27T23:53:53Z" user="sanchi" uid="170106" lat="40.4675057" lon="-3.6795219"/>
 <node id="5307418611" visible="true" version="3" changeset="79668151" timestamp="2020-01-16T22:21:28Z" user="OpenSourceForEver" uid="2153421" lat="40.4674527" lon="-3.6805841">
  <tag k="colour" v="#9F1F99"/>
  <tag k="fare_area" v="A"/>
  <tag k="name" v="Duque de Pastrana"/>
  <tag k="operator" v="Metro de Madrid"/>
  <tag k="public_transport" v="stop_position"/>
  <tag k="railway" v="stop"/>
  <tag k="subway" v="yes"/>
  <tag k="wheelchair" v="no"/>
 </node>
 <node id="5307418612" visible="true" version="1" changeset="54970232" timestamp="2017-12-27T23:53:53Z" user="sanchi" uid="170106" lat="40.4673032" lon="-3.6819551"/>
 <node id="5307418613" visible="true" version="1" changeset="54970232" timestamp="2017-12-27T23:53:53Z" user="sanchi" uid="170106" lat="40.4672492" lon="-3.6826595"/>
 <node id="5307418614" visible="true" version="1" changeset="54970232" timestamp="2017-12-27T23:53:53Z" user="sanchi" uid="170106" lat="40.4671942" lon="-3.6832058"/>
 <node id="5307418615" visible="true" version="1" changeset="54970232" timestamp="2017-12-27T23:53:53Z" user="sanchi" uid="170106" lat="40.4671178" lon="-3.6836932"/>
 <node id="5307418616" visible="true" version="1" changeset="54970232" timestamp="2017-12-27T23:53:53Z" user="sanchi" uid="170106" lat="40.4669375" lon="-3.6845990"/>
 <node id="5307418617" visible="true" version="2" changeset="54970451" timestamp="2017-12-28T00:11:45Z" user="sanchi" uid="170106" lat="40.4661605" lon="-3.6887772"/>
 <node id="5307418618" visible="true" version="2" changeset="54970451" timestamp="2017-12-28T00:11:45Z" user="sanchi" uid="170106" lat="40.4660487" lon="-3.6891450"/>
 <node id="5307418619" visible="true" version="1" changeset="54970232" timestamp="2017-12-27T23:53:53Z" user="sanchi" uid="170106" lat="40.4659830" lon="-3.6896210"/>
 <node id="5307418620" visible="true" version="2" changeset="54970451" timestamp="2017-12-28T00:11:45Z" user="sanchi" uid="170106" lat="40.4659901" lon="-3.6897493"/>
 <node id="5307425521" visible="true" version="1" changeset="54970232" timestamp="2017-12-27T23:53:53Z" user="sanchi" uid="170106" lat="40.4659964" lon="-3.6898620"/>
 <node id="5307425522" visible="true" version="1" changeset="54970232" timestamp="2017-12-27T23:53:53Z" user="sanchi" uid="170106" lat="40.4660228" lon="-3.6900935"/>
 <node id="5307425523" visible="true" version="1" changeset="54970232" timestamp="2017-12-27T23:53:53Z" user="sanchi" uid="170106" lat="40.4660916" lon="-3.6903759"/>
 <node id="5307425524" visible="true" version="1" changeset="54970232" timestamp="2017-12-27T23:53:53Z" user="sanchi" uid="170106" lat="40.4662092" lon="-3.6907161"/>
 <node id="5307425525" visible="true" version="1" changeset="54970232" timestamp="2017-12-27T23:53:53Z" user="sanchi" uid="170106" lat="40.4664218" lon="-3.6911038"/>
 <node id="5307425526" visible="true" version="1" changeset="54970232" timestamp="2017-12-27T23:53:53Z" user="sanchi" uid="170106" lat="40.4666616" lon="-3.6914978"/>
 <node id="5307425527" visible="true" version="1" changeset="54970232" timestamp="2017-12-27T23:53:53Z" user="sanchi" uid="170106" lat="40.4669506" lon="-3.6919582"/>
 <node id="5307425528" visible="true" version="1" changeset="54970232" timestamp="2017-12-27T23:53:53Z" user="sanchi" uid="170106" lat="40.4677448" lon="-3.6932871"/>
 <node id="5307425529" visible="true" version="1" changeset="54970232" timestamp="2017-12-27T23:53:53Z" user="sanchi" uid="170106" lat="40.4679799" lon="-3.6937450"/>
 <node id="5307425530" visible="true" version="1" changeset="54970232" timestamp="2017-12-27T23:53:53Z" user="sanchi" uid="170106" lat="40.4681248" lon="-3.6940183"/>
 <node id="5307425531" visible="true" version="1" changeset="54970232" timestamp="2017-12-27T23:53:53Z" user="sanchi" uid="170106" lat="40.4682395" lon="-3.6942103"/>
 <node id="5307425532" visible="true" version="1" changeset="54970232" timestamp="2017-12-27T23:53:53Z" user="sanchi" uid="170106" lat="40.4683597" lon="-3.6943924"/>
 <node id="5307425533" visible="true" version="1" changeset="54970232" timestamp="2017-12-27T23:53:54Z" user="sanchi" uid="170106" lat="40.4689710" lon="-3.6952537"/>
 <node id="5307425534" visible="true" version="3" changeset="102677086" timestamp="2021-04-10T02:23:22Z" user="Cuenqui" uid="3649461" lat="40.4697754" lon="-3.6963789">
  <tag k="colour" v="#9F1F99"/>
  <tag k="fare_area" v="A"/>
  <tag k="name" v="Ventilla"/>
  <tag k="operator" v="Metro de Madrid"/>
  <tag k="public_transport" v="stop_position"/>
  <tag k="railway" v="stop"/>
  <tag k="subway" v="yes"/>
 </node>
 <node id="5307425535" visible="true" version="1" changeset="54970232" timestamp="2017-12-27T23:53:54Z" user="sanchi" uid="170106" lat="40.4701720" lon="-3.6969336"/>
 <node id="5307425536" visible="true" version="1" changeset="54970232" timestamp="2017-12-27T23:53:54Z" user="sanchi" uid="170106" lat="40.4719005" lon="-3.6992974"/>
 <node id="5307425537" visible="true" version="1" changeset="54970232" timestamp="2017-12-27T23:53:54Z" user="sanchi" uid="170106" lat="40.4722061" lon="-3.6997523"/>
 <node id="5307425538" visible="true" version="1" changeset="54970232" timestamp="2017-12-27T23:53:54Z" user="sanchi" uid="170106" lat="40.4723777" lon="-3.7000146"/>
 <node id="5307425539" visible="true" version="1" changeset="54970232" timestamp="2017-12-27T23:53:54Z" user="sanchi" uid="170106" lat="40.4725148" lon="-3.7002528"/>
 <node id="5307425540" visible="true" version="1" changeset="54970232" timestamp="2017-12-27T23:53:54Z" user="sanchi" uid="170106" lat="40.4732872" lon="-3.7016743"/>
 <node id="5307425541" visible="true" version="1" changeset="54970232" timestamp="2017-12-27T23:53:54Z" user="sanchi" uid="170106" lat="40.4733617" lon="-3.7018021"/>
 <node id="5307425542" visible="true" version="1" changeset="54970232" timestamp="2017-12-27T23:53:54Z" user="sanchi" uid="170106" lat="40.4734331" lon="-3.7019146"/>
 <node id="5307425543" visible="true" version="1" changeset="54970232" timestamp="2017-12-27T23:53:54Z" user="sanchi" uid="170106" lat="40.4735242" lon="-3.7020445"/>
 <node id="5307425544" visible="true" version="1" changeset="54970232" timestamp="2017-12-27T23:53:54Z" user="sanchi" uid="170106" lat="40.4736137" lon="-3.7021673"/>
 <node id="5307425545" visible="true" version="1" changeset="54970232" timestamp="2017-12-27T23:53:54Z" user="sanchi" uid="170106" lat="40.4736933" lon="-3.7022664"/>
 <node id="5307425546" visible="true" version="1" changeset="54970232" timestamp="2017-12-27T23:53:54Z" user="sanchi" uid="170106" lat="40.4737960" lon="-3.7023629"/>
 <node id="5307425547" visible="true" version="1" changeset="54970232" timestamp="2017-12-27T23:53:54Z" user="sanchi" uid="170106" lat="40.4738905" lon="-3.7024340"/>
 <node id="5307425548" visible="true" version="1" changeset="54970232" timestamp="2017-12-27T23:53:54Z" user="sanchi" uid="170106" lat="40.4740028" lon="-3.7024941"/>
 <node id="5307425549" visible="true" version="1" changeset="54970232" timestamp="2017-12-27T23:53:54Z" user="sanchi" uid="170106" lat="40.4741648" lon="-3.7025682"/>
 <node id="5307425550" visible="true" version="1" changeset="54970232" timestamp="2017-12-27T23:53:54Z" user="sanchi" uid="170106" lat="40.4743154" lon="-3.7026321"/>
 <node id="5307425551" visible="true" version="1" changeset="54970232" timestamp="2017-12-27T23:53:54Z" user="sanchi" uid="170106" lat="40.4751901" lon="-3.7029741"/>
 <node id="5307425552" visible="true" version="1" changeset="54970232" timestamp="2017-12-27T23:53:54Z" user="sanchi" uid="170106" lat="40.4757454" lon="-3.7031680"/>
 <node id="5307425553" visible="true" version="1" changeset="54970232" timestamp="2017-12-27T23:53:54Z" user="sanchi" uid="170106" lat="40.4760145" lon="-3.7032640"/>
 <node id="5307425554" visible="true" version="3" changeset="80218471" timestamp="2020-01-28T20:24:51Z" user="OpenSourceForEver" uid="2153421" lat="40.4770051" lon="-3.7036138">
  <tag k="colour" v="#9F1F99"/>
  <tag k="fare_area" v="A"/>
  <tag k="name" v="Barrio del Pilar"/>
  <tag k="operator" v="Metro de Madrid"/>
  <tag k="public_transport" v="stop_position"/>
  <tag k="railway" v="stop"/>
  <tag k="subway" v="yes"/>
 </node>
 <node id="5307425555" visible="true" version="1" changeset="54970232" timestamp="2017-12-27T23:53:54Z" user="sanchi" uid="170106" lat="40.4788465" lon="-3.7042539"/>
 <node id="5307425556" visible="true" version="1" changeset="54970232" timestamp="2017-12-27T23:53:54Z" user="sanchi" uid="170106" lat="40.4812035" lon="-3.7051077"/>
 <node id="5307425557" visible="true" version="1" changeset="54970232" timestamp="2017-12-27T23:53:54Z" user="sanchi" uid="170106" lat="40.4823950" lon="-3.7056054"/>
 <node id="5307425558" visible="true" version="1" changeset="54970232" timestamp="2017-12-27T23:53:54Z" user="sanchi" uid="170106" lat="40.4825933" lon="-3.7056765"/>
 <node id="5307425559" visible="true" version="1" changeset="54970232" timestamp="2017-12-27T23:53:54Z" user="sanchi" uid="170106" lat="40.4827872" lon="-3.7058037"/>
 <node id="5307425560" visible="true" version="1" changeset="54970232" timestamp="2017-12-27T23:53:54Z" user="sanchi" uid="170106" lat="40.4829170" lon="-3.7058952"/>
 <node id="5307425561" visible="true" version="1" changeset="54970232" timestamp="2017-12-27T23:53:54Z" user="sanchi" uid="170106" lat="40.4830403" lon="-3.7060119"/>
 <node id="5307425562" visible="true" version="1" changeset="54970232" timestamp="2017-12-27T23:53:54Z" user="sanchi" uid="170106" lat="40.4831637" lon="-3.7061233"/>
 <node id="5307425563" visible="true" version="1" changeset="54970232" timestamp="2017-12-27T23:53:54Z" user="sanchi" uid="170106" lat="40.4832552" lon="-3.7062231"/>
 <node id="5307425564" visible="true" version="1" changeset="54970232" timestamp="2017-12-27T23:53:54Z" user="sanchi" uid="170106" lat="40.4833487" lon="-3.7063282"/>
 <node id="5307425565" visible="true" version="1" changeset="54970232" timestamp="2017-12-27T23:53:54Z" user="sanchi" uid="170106" lat="40.4835129" lon="-3.7065592"/>
 <node id="5307425566" visible="true" version="1" changeset="54970232" timestamp="2017-12-27T23:53:54Z" user="sanchi" uid="170106" lat="40.4840289" lon="-3.7073104"/>
 <node id="5307425567" visible="true" version="3" changeset="107903810" timestamp="2021-07-13T11:09:01Z" user="Cuenqui" uid="3649461" lat="40.4845562" lon="-3.7080972">
  <tag k="colour" v="#9F1F99"/>
  <tag k="fare_area" v="A"/>
  <tag k="name" v="Herrera Oria"/>
  <tag k="operator" v="Metro de Madrid"/>
  <tag k="public_transport" v="stop_position"/>
  <tag k="railway" v="stop"/>
  <tag k="subway" v="yes"/>
 </node>
 <node id="5307425568" visible="true" version="1" changeset="54970232" timestamp="2017-12-27T23:53:55Z" user="sanchi" uid="170106" lat="40.4851229" lon="-3.7089445"/>
 <node id="5307425569" visible="true" version="1" changeset="54970232" timestamp="2017-12-27T23:53:55Z" user="sanchi" uid="170106" lat="40.4854177" lon="-3.7093675"/>
 <node id="5307425570" visible="true" version="1" changeset="54970232" timestamp="2017-12-27T23:53:55Z" user="sanchi" uid="170106" lat="40.4857151" lon="-3.7097905"/>
 <node id="5307425571" visible="true" version="1" changeset="54970232" timestamp="2017-12-27T23:53:55Z" user="sanchi" uid="170106" lat="40.4859885" lon="-3.7100968"/>
 <node id="5307425572" visible="true" version="1" changeset="54970232" timestamp="2017-12-27T23:53:55Z" user="sanchi" uid="170106" lat="40.4873557" lon="-3.7115463"/>
 <node id="5307425573" visible="true" version="1" changeset="54970232" timestamp="2017-12-27T23:53:55Z" user="sanchi" uid="170106" lat="40.4877212" lon="-3.7119636"/>
 <node id="5307425574" visible="true" version="1" changeset="54970232" timestamp="2017-12-27T23:53:55Z" user="sanchi" uid="170106" lat="40.4880313" lon="-3.7123745"/>
 <node id="5307425575" visible="true" version="1" changeset="54970232" timestamp="2017-12-27T23:53:55Z" user="sanchi" uid="170106" lat="40.4883149" lon="-3.7127860"/>
 <node id="5307425576" visible="true" version="1" changeset="54970232" timestamp="2017-12-27T23:53:55Z" user="sanchi" uid="170106" lat="40.4885813" lon="-3.7132366"/>
 <node id="5307425802" visible="true" version="1" changeset="54970232" timestamp="2017-12-27T23:53:59Z" user="sanchi" uid="170106" lat="40.4896209" lon="-3.7149404"/>
 <node id="5307455073" visible="true" version="3" changeset="73722137" timestamp="2019-08-25T16:57:13Z" user="OpenSourceForEver" uid="2153421" lat="40.4663611" lon="-3.6877466">
  <tag k="covered" v="yes"/>
  <tag k="fare_area" v="A"/>
  <tag k="name" v="Plaza de Castilla"/>
  <tag k="network" v="Metro de Madrid"/>
  <tag k="operator" v="Metro de Madrid"/>
  <tag k="public_transport" v="stop_position"/>
  <tag k="railway" v="stop"/>
  <tag k="subway" v="yes"/>
 </node>
 <node id="5307455074" visible="true" version="3" changeset="73722137" timestamp="2019-08-25T16:57:13Z" user="OpenSourceForEver" uid="2153421" lat="40.4663970" lon="-3.6877602">
  <tag k="covered" v="yes"/>
  <tag k="fare_area" v="A"/>
  <tag k="name" v="Plaza de Castilla"/>
  <tag k="network" v="Metro de Madrid"/>
  <tag k="operator" v="Metro de Madrid"/>
  <tag k="public_transport" v="stop_position"/>
  <tag k="railway" v="stop"/>
  <tag k="subway" v="yes"/>
 </node>
 <node id="5584395401" visible="true" version="1" changeset="58504543" timestamp="2018-04-28T13:46:46Z" user="JSGalvez" uid="6524272" lat="40.4734678" lon="-3.6923028"/>
 <node id="5632898827" visible="true" version="1" changeset="59154257" timestamp="2018-05-21T15:23:25Z" user="JSGalvez" uid="6524272" lat="40.4734412" lon="-3.6920068"/>
 <node id="5632898828" visible="true" version="1" changeset="59154257" timestamp="2018-05-21T15:23:25Z" user="JSGalvez" uid="6524272" lat="40.4734520" lon="-3.6921274"/>
 <node id="5632898851" visible="true" version="1" changeset="59154257" timestamp="2018-05-21T15:23:26Z" user="JSGalvez" uid="6524272" lat="40.4735467" lon="-3.6929240"/>
 <node id="5632898852" visible="true" version="1" changeset="59154257" timestamp="2018-05-21T15:23:26Z" user="JSGalvez" uid="6524272" lat="40.4735374" lon="-3.6928206"/>
 <node id="5632898893" visible="true" version="1" changeset="59154257" timestamp="2018-05-21T15:23:26Z" user="JSGalvez" uid="6524272" lat="40.4745907" lon="-3.6921413"/>
 <node id="5632898894" visible="true" version="1" changeset="59154257" timestamp="2018-05-21T15:23:26Z" user="JSGalvez" uid="6524272" lat="40.4746309" lon="-3.6926391"/>
 <node id="5632898895" visible="true" version="1" changeset="59154257" timestamp="2018-05-21T15:23:26Z" user="JSGalvez" uid="6524272" lat="40.4745606" lon="-3.6932871"/>
 <node id="5632898928" visible="true" version="2" changeset="92127152" timestamp="2020-10-07T18:09:31Z" user="Hugoren Martinako" uid="3392826" lat="40.4734088" lon="-3.6916343"/>
 <node id="5632898931" visible="true" version="1" changeset="59154257" timestamp="2018-05-21T15:23:27Z" user="JSGalvez" uid="6524272" lat="40.4733253" lon="-3.6903919"/>
 <node id="5633395993" visible="true" version="1" changeset="59159367" timestamp="2018-05-21T18:29:44Z" user="JSGalvez" uid="6524272" lat="40.4744578" lon="-3.6975864"/>
 <node id="5633395995" visible="true" version="1" changeset="59159367" timestamp="2018-05-21T18:29:44Z" user="JSGalvez" uid="6524272" lat="40.4745015" lon="-3.6976271">
  <tag k="highway" v="traffic_signals"/>
  <tag k="traffic_signals" v="pedestrian_crossing"/>
 </node>
 <node id="5633520408" visible="true" version="1" changeset="59161057" timestamp="2018-05-21T19:31:55Z" user="JSGalvez" uid="6524272" lat="40.4737573" lon="-3.7024759"/>
 <node id="5647110229" visible="true" version="1" changeset="59331290" timestamp="2018-05-28T07:20:25Z" user="Arizu Ynewi" uid="8230247" lat="40.4735667" lon="-3.6990930"/>
 <node id="5648082164" visible="true" version="2" changeset="146143994" timestamp="2024-01-11T13:47:37Z" user="Barrunterio" uid="17808034" lat="40.4747925" lon="-3.7022550"/>
 <node id="5648082165" visible="true" version="1" changeset="59346067" timestamp="2018-05-28T17:11:59Z" user="JSGalvez" uid="6524272" lat="40.4745646" lon="-3.7026899"/>
 <node id="5648082166" visible="true" version="2" changeset="146143994" timestamp="2024-01-11T13:47:37Z" user="Barrunterio" uid="17808034" lat="40.4747917" lon="-3.7023160"/>
 <node id="5648082167" visible="true" version="2" changeset="146143994" timestamp="2024-01-11T13:47:37Z" user="Barrunterio" uid="17808034" lat="40.4748054" lon="-3.7023686"/>
 <node id="5648082169" visible="true" version="2" changeset="146143994" timestamp="2024-01-11T13:47:37Z" user="Barrunterio" uid="17808034" lat="40.4748223" lon="-3.7024029"/>
 <node id="5648082171" visible="true" version="1" changeset="59346067" timestamp="2018-05-28T17:11:59Z" user="JSGalvez" uid="6524272" lat="40.4748387" lon="-3.7024300"/>
 <node id="5648082172" visible="true" version="1" changeset="59346067" timestamp="2018-05-28T17:11:59Z" user="JSGalvez" uid="6524272" lat="40.4748519" lon="-3.7024419"/>
 <node id="5648082173" visible="true" version="1" changeset="59346067" timestamp="2018-05-28T17:11:59Z" user="JSGalvez" uid="6524272" lat="40.4748724" lon="-3.7024613"/>
 <node id="5648082176" visible="true" version="2" changeset="144701576" timestamp="2023-12-02T19:20:07Z" user="Barrunterio" uid="17808034" lat="40.4749047" lon="-3.7024718"/>
 <node id="5648082177" visible="true" version="1" changeset="59346067" timestamp="2018-05-28T17:11:59Z" user="JSGalvez" uid="6524272" lat="40.4750945" lon="-3.7023613"/>
 <node id="5648082178" visible="true" version="1" changeset="59346067" timestamp="2018-05-28T17:11:59Z" user="JSGalvez" uid="6524272" lat="40.4750589" lon="-3.7025319"/>
 <node id="5648082179" visible="true" version="1" changeset="59346067" timestamp="2018-05-28T17:11:59Z" user="JSGalvez" uid="6524272" lat="40.4755093" lon="-3.7026921"/>
 <node id="5648082180" visible="true" version="1" changeset="59346067" timestamp="2018-05-28T17:11:59Z" user="JSGalvez" uid="6524272" lat="40.4755338" lon="-3.7025758"/>
 <node id="5648082181" visible="true" version="1" changeset="59346067" timestamp="2018-05-28T17:11:59Z" user="JSGalvez" uid="6524272" lat="40.4769555" lon="-3.7030644"/>
 <node id="5690382045" visible="true" version="1" changeset="59840070" timestamp="2018-06-14T10:12:08Z" user="Santi2222" uid="493192" lat="40.4579266" lon="-3.6768505"/>
 <node id="5690382046" visible="true" version="1" changeset="59840070" timestamp="2018-06-14T10:12:08Z" user="Santi2222" uid="493192" lat="40.4579287" lon="-3.6768863"/>
 <node id="5698030186" visible="true" version="1" changeset="59927320" timestamp="2018-06-18T02:30:25Z" user="JSGalvez" uid="6524272" lat="40.4735262" lon="-3.6927224"/>
 <node id="5698030187" visible="true" version="1" changeset="59927320" timestamp="2018-06-18T02:30:26Z" user="JSGalvez" uid="6524272" lat="40.4735126" lon="-3.6925880"/>
 <node id="5734116158" visible="true" version="1" changeset="60349398" timestamp="2018-07-02T14:07:27Z" user="JSGalvez" uid="6524272" lat="40.4745653" lon="-3.6983571"/>
 <node id="5754536431" visible="true" version="2" changeset="146143994" timestamp="2024-01-11T13:47:37Z" user="Barrunterio" uid="17808034" lat="40.4761276" lon="-3.7011939"/>
 <node id="5754536434" visible="true" version="2" changeset="146143994" timestamp="2024-01-11T13:47:37Z" user="Barrunterio" uid="17808034" lat="40.4760269" lon="-3.7013145"/>
 <node id="5754536435" visible="true" version="1" changeset="60624083" timestamp="2018-07-11T17:57:41Z" user="polkillas" uid="42055" lat="40.4757548" lon="-3.7011139"/>
 <node id="6222432249" visible="true" version="1" changeset="66470287" timestamp="2019-01-20T09:12:15Z" user="Luiyo" uid="316694" lat="40.4757360" lon="-3.7026673"/>
 <node id="6222432250" visible="true" version="1" changeset="66470287" timestamp="2019-01-20T09:12:15Z" user="Luiyo" uid="316694" lat="40.4755482" lon="-3.7026006"/>
 <node id="6222432251" visible="true" version="1" changeset="66470287" timestamp="2019-01-20T09:12:15Z" user="Luiyo" uid="316694" lat="40.4755329" lon="-3.7026751"/>
 <node id="6222432252" visible="true" version="1" changeset="66470287" timestamp="2019-01-20T09:12:15Z" user="Luiyo" uid="316694" lat="40.4757207" lon="-3.7027418"/>
 <node id="6222432253" visible="true" version="2" changeset="144701576" timestamp="2023-12-02T19:20:07Z" user="Barrunterio" uid="17808034" lat="40.4758417" lon="-3.7027878"/>
 <node id="6222432254" visible="true" version="2" changeset="144701576" timestamp="2023-12-02T19:20:07Z" user="Barrunterio" uid="17808034" lat="40.4758556" lon="-3.7027122"/>
 <node id="6222432255" visible="true" version="2" changeset="144701576" timestamp="2023-12-02T19:20:07Z" user="Barrunterio" uid="17808034" lat="40.4761837" lon="-3.7028272"/>
 <node id="6222432256" visible="true" version="2" changeset="144701576" timestamp="2023-12-02T19:20:07Z" user="Barrunterio" uid="17808034" lat="40.4761668" lon="-3.7029029"/>
 <node id="6681300089" visible="true" version="3" changeset="146143994" timestamp="2024-01-11T13:47:37Z" user="Barrunterio" uid="17808034" lat="40.4748839" lon="-3.7025933"/>
 <node id="6681300091" visible="true" version="2" changeset="151828927" timestamp="2024-05-25T21:23:31Z" user="Iván_" uid="1773299" lat="40.4761993" lon="-3.7029893">
  <tag k="crossing" v="uncontrolled"/>
  <tag k="crossing:markings" v="zebra"/>
  <tag k="highway" v="crossing"/>
 </node>
 <node id="7110754510" visible="true" version="1" changeset="79222861" timestamp="2020-01-05T20:43:26Z" user="vicropa" uid="589506" lat="40.4740152" lon="-3.7022921"/>
 <node id="7110754511" visible="true" version="1" changeset="79222861" timestamp="2020-01-05T20:43:26Z" user="vicropa" uid="589506" lat="40.4746801" lon="-3.7025418"/>
 <node id="7110754512" visible="true" version="1" changeset="79222861" timestamp="2020-01-05T20:43:26Z" user="vicropa" uid="589506" lat="40.4757044" lon="-3.7029074"/>
 <node id="7110754513" visible="true" version="1" changeset="79222861" timestamp="2020-01-05T20:43:26Z" user="vicropa" uid="589506" lat="40.4769527" lon="-3.7033623"/>
 <node id="7110754514" visible="true" version="1" changeset="79222861" timestamp="2020-01-05T20:43:26Z" user="vicropa" uid="589506" lat="40.4794160" lon="-3.7042032"/>
 <node id="7110754515" visible="true" version="1" changeset="79222861" timestamp="2020-01-05T20:43:26Z" user="vicropa" uid="589506" lat="40.4819490" lon="-3.7050976"/>
 <node id="7110754516" visible="true" version="1" changeset="79222861" timestamp="2020-01-05T20:43:26Z" user="vicropa" uid="589506" lat="40.4825935" lon="-3.7054153"/>
 <node id="7110754517" visible="true" version="1" changeset="79222861" timestamp="2020-01-05T20:43:26Z" user="vicropa" uid="589506" lat="40.4829980" lon="-3.7056897"/>
 <node id="7110754518" visible="true" version="1" changeset="79222861" timestamp="2020-01-05T20:43:26Z" user="vicropa" uid="589506" lat="40.4832139" lon="-3.7058654"/>
 <node id="7110754519" visible="true" version="1" changeset="79222861" timestamp="2020-01-05T20:43:26Z" user="vicropa" uid="589506" lat="40.4834452" lon="-3.7061222"/>
 <node id="7110754520" visible="true" version="1" changeset="79222861" timestamp="2020-01-05T20:43:26Z" user="vicropa" uid="589506" lat="40.4836251" lon="-3.7063588"/>
 <node id="7110754521" visible="true" version="1" changeset="79222861" timestamp="2020-01-05T20:43:26Z" user="vicropa" uid="589506" lat="40.4837639" lon="-3.7065615"/>
 <node id="7110754522" visible="true" version="1" changeset="79222861" timestamp="2020-01-05T20:43:26Z" user="vicropa" uid="589506" lat="40.4839079" lon="-3.7068049"/>
 <node id="7110754523" visible="true" version="1" changeset="79222861" timestamp="2020-01-05T20:43:26Z" user="vicropa" uid="589506" lat="40.4840364" lon="-3.7070144"/>
 <node id="7110754524" visible="true" version="1" changeset="79222861" timestamp="2020-01-05T20:43:26Z" user="vicropa" uid="589506" lat="40.4840878" lon="-3.7071158"/>
 <node id="7110754525" visible="true" version="1" changeset="79222861" timestamp="2020-01-05T20:43:26Z" user="vicropa" uid="589506" lat="40.4847926" lon="-3.7080837"/>
 <node id="7110754526" visible="true" version="1" changeset="79222861" timestamp="2020-01-05T20:43:26Z" user="vicropa" uid="589506" lat="40.4851656" lon="-3.7086545"/>
 <node id="7110754527" visible="true" version="1" changeset="79222861" timestamp="2020-01-05T20:43:26Z" user="vicropa" uid="589506" lat="40.4856221" lon="-3.7092546"/>
 <node id="7177219784" visible="true" version="1" changeset="80409459" timestamp="2020-02-01T13:18:13Z" user="vicropa" uid="589506" lat="40.4744786" lon="-3.6910998"/>
 <node id="7177232685" visible="true" version="1" changeset="80409459" timestamp="2020-02-01T13:18:13Z" user="vicropa" uid="589506" lat="40.4745360" lon="-3.6903568"/>
 <node id="7177232686" visible="true" version="1" changeset="80409459" timestamp="2020-02-01T13:18:13Z" user="vicropa" uid="589506" lat="40.4747311" lon="-3.6894132"/>
 <node id="7177232687" visible="true" version="1" changeset="80409459" timestamp="2020-02-01T13:18:13Z" user="vicropa" uid="589506" lat="40.4745683" lon="-3.6891456"/>
 <node id="7177232688" visible="true" version="1" changeset="80409459" timestamp="2020-02-01T13:18:13Z" user="vicropa" uid="589506" lat="40.4744230" lon="-3.6888016"/>
 <node id="7177232689" visible="true" version="1" changeset="80409459" timestamp="2020-02-01T13:18:13Z" user="vicropa" uid="589506" lat="40.4743246" lon="-3.6882606"/>
 <node id="7177232691" visible="true" version="1" changeset="80409459" timestamp="2020-02-01T13:18:13Z" user="vicropa" uid="589506" lat="40.4741683" lon="-3.6871488"/>
 <node id="7185349739" visible="true" version="1" changeset="80555633" timestamp="2020-02-04T21:40:56Z" user="Iván_" uid="1773299" lat="40.4738182" lon="-3.7020539"/>
 <node id="7248495166" visible="true" version="1" changeset="81563228" timestamp="2020-02-27T20:28:58Z" user="vicropa" uid="589506" lat="40.4735808" lon="-3.6899490"/>
 <node id="7572278543" visible="true" version="2" changeset="115714810" timestamp="2022-01-03T14:41:54Z" user="Cuenqui" uid="3649461" lat="40.4753022" lon="-3.7010971">
  <tag k="amenity" v="clinic"/>
  <tag k="healthcare" v="clinic"/>
  <tag k="name" v="Clínica Estética Dorsia"/>
  <tag k="phone" v="+34 900 37 37 08"/>
  <tag k="website" v="https://www.dorsia.es/"/>
 </node>
 <node id="7743964765" visible="true" version="1" changeset="88459951" timestamp="2020-07-24T13:09:33Z" user="vicropa" uid="589506" lat="40.4761454" lon="-3.7026397"/>
 <node id="7743964766" visible="true" version="1" changeset="88459951" timestamp="2020-07-24T13:09:33Z" user="vicropa" uid="589506" lat="40.4758408" lon="-3.7025346"/>
 <node id="7743964767" visible="true" version="1" changeset="88459951" timestamp="2020-07-24T13:09:33Z" user="vicropa" uid="589506" lat="40.4758822" lon="-3.7023274"/>
 <node id="7743964768" visible="true" version="1" changeset="88459951" timestamp="2020-07-24T13:09:33Z" user="vicropa" uid="589506" lat="40.4761868" lon="-3.7024324"/>
 <node id="7989244042" visible="true" version="1" changeset="92190290" timestamp="2020-10-08T18:04:24Z" user="Hugoren Martinako" uid="3392826" lat="40.4755268" lon="-3.7009889"/>
 <node id="7989244043" visible="true" version="1" changeset="92190290" timestamp="2020-10-08T18:04:24Z" user="Hugoren Martinako" uid="3392826" lat="40.4753974" lon="-3.7012909"/>
 <node id="7989244044" visible="true" version="1" changeset="92190290" timestamp="2020-10-08T18:04:24Z" user="Hugoren Martinako" uid="3392826" lat="40.4750888" lon="-3.7010624"/>
 <node id="8354346982" visible="true" version="2" changeset="146143994" timestamp="2024-01-11T13:47:37Z" user="Barrunterio" uid="17808034" lat="40.4753110" lon="-3.7001205"/>
 <node id="8440634380" visible="true" version="1" changeset="99641051" timestamp="2021-02-20T13:08:44Z" user="gpesquero" uid="3584" lat="40.4742043" lon="-3.7024683">
  <tag k="bus" v="yes"/>
  <tag k="public_transport" v="stop_position"/>
 </node>
 <node id="8440634381" visible="true" version="1" changeset="99641051" timestamp="2021-02-20T13:08:44Z" user="gpesquero" uid="3584" lat="40.4746074" lon="-3.6919193">
  <tag k="bus" v="yes"/>
  <tag k="public_transport" v="stop_position"/>
 </node>
 <node id="8459194143" visible="true" version="1" changeset="100003787" timestamp="2021-02-25T21:01:35Z" user="gpesquero" uid="3584" lat="40.4771161" lon="-3.7033206">
  <tag k="bus" v="yes"/>
  <tag k="public_transport" v="stop_position"/>
 </node>
 <node id="8459194144" visible="true" version="1" changeset="100003787" timestamp="2021-02-25T21:01:35Z" user="gpesquero" uid="3584" lat="40.4749595" lon="-3.7025582">
  <tag k="bus" v="yes"/>
  <tag k="public_transport" v="stop_position"/>
 </node>
 <node id="8463913482" visible="true" version="1" changeset="100104851" timestamp="2021-02-27T16:18:02Z" user="vicropa" uid="589506" lat="40.4733518" lon="-3.7031738"/>
 <node id="8467912642" visible="true" version="1" changeset="100146223" timestamp="2021-02-28T16:50:20Z" user="Hugoren Martinako" uid="3392826" lat="40.4735066" lon="-3.6926409"/>
 <node id="8543893543" visible="true" version="1" changeset="101436161" timestamp="2021-03-21T12:01:53Z" user="AlvaroRC" uid="3538570" lat="40.4727098" lon="-3.7021996"/>
 <node id="9726185829" visible="true" version="4" changeset="162036557" timestamp="2025-02-02T08:26:21Z" user="ShyShark" uid="10335512" lat="40.4740734" lon="-3.7003987"/>
 <node id="9848559730" visible="true" version="1" changeset="122876855" timestamp="2022-06-26T18:02:30Z" user="polkillas" uid="42055" lat="40.4746996" lon="-3.7029225"/>
 <node id="9848559739" visible="true" version="2" changeset="144701769" timestamp="2023-12-02T19:27:57Z" user="Barrunterio" uid="17808034" lat="40.4756646" lon="-3.7030735"/>
 <node id="9848559740" visible="true" version="1" changeset="122876855" timestamp="2022-06-26T18:02:30Z" user="polkillas" uid="42055" lat="40.4754749" lon="-3.7030034"/>
 <node id="9848559741" visible="true" version="1" changeset="122876855" timestamp="2022-06-26T18:02:30Z" user="polkillas" uid="42055" lat="40.4751555" lon="-3.7028889"/>
 <node id="9848559743" visible="true" version="1" changeset="122876855" timestamp="2022-06-26T18:02:30Z" user="polkillas" uid="42055" lat="40.4746597" lon="-3.7029082"/>
 <node id="9848559744" visible="true" version="1" changeset="122876855" timestamp="2022-06-26T18:02:30Z" user="polkillas" uid="42055" lat="40.4746689" lon="-3.7028709"/>
 <node id="9848559745" visible="true" version="1" changeset="122876855" timestamp="2022-06-26T18:02:30Z" user="polkillas" uid="42055" lat="40.4747033" lon="-3.7028193"/>
 <node id="9848559746" visible="true" version="1" changeset="122876855" timestamp="2022-06-26T18:02:30Z" user="polkillas" uid="42055" lat="40.4747445" lon="-3.7027852"/>
 <node id="9848559747" visible="true" version="1" changeset="122876855" timestamp="2022-06-26T18:02:30Z" user="polkillas" uid="42055" lat="40.4748019" lon="-3.7027729"/>
 <node id="9848559748" visible="true" version="1" changeset="122876855" timestamp="2022-06-26T18:02:30Z" user="polkillas" uid="42055" lat="40.4748494" lon="-3.7027792"/>
 <node id="9848559751" visible="true" version="2" changeset="144701263" timestamp="2023-12-02T19:08:27Z" user="Barrunterio" uid="17808034" lat="40.4759698" lon="-3.7031128">
  <tag k="crossing" v="traffic_signals"/>
  <tag k="highway" v="crossing"/>
  <tag k="kerb" v="lowered"/>
  <tag k="tactile_paving" v="yes"/>
  <tag k="traffic_signals:sound" v="yes"/>
 </node>
 <node id="9848559753" visible="true" version="2" changeset="144701263" timestamp="2023-12-02T19:08:27Z" user="Barrunterio" uid="17808034" lat="40.4760162" lon="-3.7028697"/>
 <node id="9848559754" visible="true" version="3" changeset="144701576" timestamp="2023-12-02T19:20:07Z" user="Barrunterio" uid="17808034" lat="40.4760094" lon="-3.7029291">
  <tag k="crossing" v="traffic_signals"/>
  <tag k="highway" v="crossing"/>
  <tag k="kerb" v="lowered"/>
  <tag k="tactile_paving" v="yes"/>
  <tag k="traffic_signals:sound" v="yes"/>
 </node>
 <node id="9848559756" visible="true" version="3" changeset="144701576" timestamp="2023-12-02T19:20:07Z" user="Barrunterio" uid="17808034" lat="40.4759769" lon="-3.7030820">
  <tag k="barrier" v="kerb"/>
  <tag k="kerb" v="lowered"/>
  <tag k="tactile_paving" v="yes"/>
  <tag k="wheelchair" v="yes"/>
 </node>
 <node id="9848559757" visible="true" version="1" changeset="122876855" timestamp="2022-06-26T18:02:30Z" user="polkillas" uid="42055" lat="40.4760382" lon="-3.7027491"/>
 <node id="9868716456" visible="true" version="1" changeset="123244981" timestamp="2022-07-05T17:44:26Z" user="ShyShark" uid="10335512" lat="40.4743276" lon="-3.7009978"/>
 <node id="9868716457" visible="true" version="1" changeset="123244981" timestamp="2022-07-05T17:44:26Z" user="ShyShark" uid="10335512" lat="40.4744164" lon="-3.7009358"/>
 <node id="9868716458" visible="true" version="1" changeset="123244981" timestamp="2022-07-05T17:44:26Z" user="ShyShark" uid="10335512" lat="40.4745416" lon="-3.7008452"/>
 <node id="9868716459" visible="true" version="1" changeset="123244981" timestamp="2022-07-05T17:44:26Z" user="ShyShark" uid="10335512" lat="40.4746377" lon="-3.7007785"/>
 <node id="9868716460" visible="true" version="1" changeset="123244981" timestamp="2022-07-05T17:44:26Z" user="ShyShark" uid="10335512" lat="40.4746885" lon="-3.7007427"/>
 <node id="10177204709" visible="true" version="2" changeset="162036557" timestamp="2025-02-02T08:26:21Z" user="ShyShark" uid="10335512" lat="40.4737662" lon="-3.7008948"/>
 <node id="10177204710" visible="true" version="3" changeset="158890971" timestamp="2024-11-08T11:10:44Z" user="Swihail" uid="15458726" lat="40.4740133" lon="-3.7009736"/>
 <node id="10177204711" visible="true" version="4" changeset="162036557" timestamp="2025-02-02T08:26:21Z" user="ShyShark" uid="10335512" lat="40.4740663" lon="-3.7009706"/>
 <node id="10177204712" visible="true" version="2" changeset="162036557" timestamp="2025-02-02T08:26:21Z" user="ShyShark" uid="10335512" lat="40.4741377" lon="-3.7008444"/>
 <node id="10177204713" visible="true" version="2" changeset="162036557" timestamp="2025-02-02T08:26:21Z" user="ShyShark" uid="10335512" lat="40.4741388" lon="-3.7007997"/>
 <node id="10177204714" visible="true" version="2" changeset="162036557" timestamp="2025-02-02T08:26:21Z" user="ShyShark" uid="10335512" lat="40.4746598" lon="-3.7003267"/>
 <node id="10177204715" visible="true" version="1" changeset="128794500" timestamp="2022-11-11T21:48:13Z" user="vicropa" uid="589506" lat="40.4742792" lon="-3.7001842"/>
 <node id="10177204716" visible="true" version="1" changeset="128794500" timestamp="2022-11-11T21:48:13Z" user="vicropa" uid="589506" lat="40.4742788" lon="-3.7008522"/>
 <node id="10177247817" visible="true" version="2" changeset="162036557" timestamp="2025-02-02T08:26:21Z" user="ShyShark" uid="10335512" lat="40.4744420" lon="-3.7007536"/>
 <node id="10177247820" visible="true" version="2" changeset="162036557" timestamp="2025-02-02T08:26:21Z" user="ShyShark" uid="10335512" lat="40.4744421" lon="-3.7004346"/>
 <node id="10177247821" visible="true" version="2" changeset="162036557" timestamp="2025-02-02T08:26:21Z" user="ShyShark" uid="10335512" lat="40.4745913" lon="-3.7003934"/>
 <node id="10177247822" visible="true" version="2" changeset="162036557" timestamp="2025-02-02T08:26:21Z" user="ShyShark" uid="10335512" lat="40.4745920" lon="-3.7003286"/>
 <node id="10177247823" visible="true" version="2" changeset="162036557" timestamp="2025-02-02T08:26:21Z" user="ShyShark" uid="10335512" lat="40.4741359" lon="-3.7009195"/>
 <node id="10206826046" visible="true" version="1" changeset="129185959" timestamp="2022-11-21T08:50:11Z" user="vicropa" uid="589506" lat="40.4746446" lon="-3.7001038"/>
 <node id="10246298838" visible="true" version="1" changeset="129852399" timestamp="2022-12-08T09:22:56Z" user="sbelemey" uid="10398649" lat="40.4747741" lon="-3.7025222"/>
 <node id="10246298839" visible="true" version="3" changeset="176860297" timestamp="2026-01-05T12:49:48Z" user="Tingas" uid="22182237" lat="40.4747534" lon="-3.7026306">
  <tag k="highway" v="traffic_signals"/>
  <tag k="traffic_signals" v="traffic_lights"/>
  <tag k="traffic_signals:direction" v="forward"/>
 </node>
 <node id="10246298840" visible="true" version="1" changeset="129852399" timestamp="2022-12-08T09:22:56Z" user="sbelemey" uid="10398649" lat="40.4746786" lon="-3.7026704"/>
 <node id="10246298841" visible="true" version="1" changeset="129852399" timestamp="2022-12-08T09:22:56Z" user="sbelemey" uid="10398649" lat="40.4746070" lon="-3.7026384"/>
 <node id="10246298842" visible="true" version="1" changeset="129852399" timestamp="2022-12-08T09:22:56Z" user="sbelemey" uid="10398649" lat="40.4746423" lon="-3.7026620"/>
 <node id="10246298843" visible="true" version="1" changeset="129852399" timestamp="2022-12-08T09:22:56Z" user="sbelemey" uid="10398649" lat="40.4745803" lon="-3.7025595"/>
 <node id="10246298844" visible="true" version="2" changeset="146143994" timestamp="2024-01-11T13:47:37Z" user="Barrunterio" uid="17808034" lat="40.4746062" lon="-3.7024495"/>
 <node id="10246298845" visible="true" version="1" changeset="129852399" timestamp="2022-12-08T09:22:56Z" user="sbelemey" uid="10398649" lat="40.4747029" lon="-3.7024238"/>
 <node id="10246298846" visible="true" version="2" changeset="130106510" timestamp="2022-12-15T09:47:37Z" user="sbelemey" uid="10398649" lat="40.4747339" lon="-3.7024387"/>
 <node id="10246298848" visible="true" version="1" changeset="129852399" timestamp="2022-12-08T09:22:56Z" user="sbelemey" uid="10398649" lat="40.4745852" lon="-3.7025099"/>
 <node id="10264584390" visible="true" version="1" changeset="130106510" timestamp="2022-12-15T09:47:37Z" user="sbelemey" uid="10398649" lat="40.4747075" lon="-3.7026683"/>
 <node id="10781940783" visible="true" version="1" changeset="134458136" timestamp="2023-04-03T14:41:37Z" user="sanchi" uid="170106" lat="40.4748810" lon="-3.7003441"/>
 <node id="10781940784" visible="true" version="1" changeset="134458136" timestamp="2023-04-03T14:41:37Z" user="sanchi" uid="170106" lat="40.4748372" lon="-3.7003583"/>
 <node id="10781940788" visible="true" version="1" changeset="134458136" timestamp="2023-04-03T14:41:37Z" user="sanchi" uid="170106" lat="40.4747988" lon="-3.7004922"/>
 <node id="11390325880" visible="true" version="2" changeset="144701576" timestamp="2023-12-02T19:20:07Z" user="Barrunterio" uid="17808034" lat="40.4759874" lon="-3.7030340"/>
 <node id="11390325892" visible="true" version="1" changeset="144701263" timestamp="2023-12-02T19:08:27Z" user="Barrunterio" uid="17808034" lat="40.4761549" lon="-3.7030834"/>
 <node id="11390325893" visible="true" version="1" changeset="144701263" timestamp="2023-12-02T19:08:27Z" user="Barrunterio" uid="17808034" lat="40.4761549" lon="-3.7030970"/>
 <node id="11390325897" visible="true" version="1" changeset="144701263" timestamp="2023-12-02T19:08:27Z" user="Barrunterio" uid="17808034" lat="40.4763487" lon="-3.7031707"/>
 <node id="11390325898" visible="true" version="1" changeset="144701263" timestamp="2023-12-02T19:08:27Z" user="Barrunterio" uid="17808034" lat="40.4762713" lon="-3.7031368"/>
 <node id="11390325904" visible="true" version="2" changeset="144701576" timestamp="2023-12-02T19:20:07Z" user="Barrunterio" uid="17808034" lat="40.4766410" lon="-3.7032591">
  <tag k="barrier" v="kerb"/>
  <tag k="kerb" v="lowered"/>
  <tag k="tactile_paving" v="yes"/>
  <tag k="wheelchair" v="yes"/>
 </node>
 <node id="11390325905" visible="true" version="1" changeset="144701263" timestamp="2023-12-02T19:08:27Z" user="Barrunterio" uid="17808034" lat="40.4765865" lon="-3.7032182"/>
 <node id="11390325907" visible="true" version="1" changeset="144701263" timestamp="2023-12-02T19:08:27Z" user="Barrunterio" uid="17808034" lat="40.4765118" lon="-3.7031961"/>
 <node id="11390341073" visible="true" version="1" changeset="144701769" timestamp="2023-12-02T19:27:57Z" user="Barrunterio" uid="17808034" lat="40.4753629" lon="-3.7028437"/>
 <node id="11390341074" visible="true" version="1" changeset="144701769" timestamp="2023-12-02T19:27:57Z" user="Barrunterio" uid="17808034" lat="40.4753692" lon="-3.7028324"/>
 <node id="11390341076" visible="true" version="1" changeset="144701769" timestamp="2023-12-02T19:27:57Z" user="Barrunterio" uid="17808034" lat="40.4758799" lon="-3.7033380"/>
 <node id="11390355835" visible="true" version="1" changeset="144701576" timestamp="2023-12-02T19:20:07Z" user="Barrunterio" uid="17808034" lat="40.4761865" lon="-3.7029305"/>
 <node id="11390355836" visible="true" version="1" changeset="144701576" timestamp="2023-12-02T19:20:07Z" user="Barrunterio" uid="17808034" lat="40.4762089" lon="-3.7028107"/>
 <node id="11390355837" visible="true" version="1" changeset="144701576" timestamp="2023-12-02T19:20:07Z" user="Barrunterio" uid="17808034" lat="40.4758370" lon="-3.7026854"/>
 <node id="11390355838" visible="true" version="1" changeset="144701576" timestamp="2023-12-02T19:20:07Z" user="Barrunterio" uid="17808034" lat="40.4758153" lon="-3.7027945"/>
 <node id="11390355839" visible="true" version="1" changeset="144701576" timestamp="2023-12-02T19:20:07Z" user="Barrunterio" uid="17808034" lat="40.4766174" lon="-3.7031886"/>
 <node id="11390355840" visible="true" version="1" changeset="144701576" timestamp="2023-12-02T19:20:07Z" user="Barrunterio" uid="17808034" lat="40.4766325" lon="-3.7032039"/>
 <node id="11390355841" visible="true" version="1" changeset="144701576" timestamp="2023-12-02T19:20:07Z" user="Barrunterio" uid="17808034" lat="40.4766411" lon="-3.7032254"/>
 <node id="11390355842" visible="true" version="1" changeset="144701576" timestamp="2023-12-02T19:20:07Z" user="Barrunterio" uid="17808034" lat="40.4766264" lon="-3.7032888"/>
 <node id="11390355843" visible="true" version="1" changeset="144701576" timestamp="2023-12-02T19:20:07Z" user="Barrunterio" uid="17808034" lat="40.4766053" lon="-3.7032996"/>
 <node id="11390355844" visible="true" version="1" changeset="144701576" timestamp="2023-12-02T19:20:07Z" user="Barrunterio" uid="17808034" lat="40.4765898" lon="-3.7032973"/>
 <node id="11390355845" visible="true" version="1" changeset="144701576" timestamp="2023-12-02T19:20:07Z" user="Barrunterio" uid="17808034" lat="40.4759999" lon="-3.7029692">
  <tag k="barrier" v="kerb"/>
  <tag k="kerb" v="lowered"/>
  <tag k="tactile_paving" v="yes"/>
  <tag k="wheelchair" v="yes"/>
 </node>
 <node id="11390355846" visible="true" version="1" changeset="144701576" timestamp="2023-12-02T19:20:07Z" user="Barrunterio" uid="17808034" lat="40.4748870" lon="-3.7025701">
  <tag k="barrier" v="kerb"/>
  <tag k="kerb" v="lowered"/>
  <tag k="tactile_paving" v="yes"/>
  <tag k="wheelchair" v="yes"/>
 </node>
 <node id="11390355847" visible="true" version="1" changeset="144701576" timestamp="2023-12-02T19:20:07Z" user="Barrunterio" uid="17808034" lat="40.4748084" lon="-3.7025420"/>
 <node id="11390355848" visible="true" version="1" changeset="144701576" timestamp="2023-12-02T19:20:07Z" user="Barrunterio" uid="17808034" lat="40.4748024" lon="-3.7025434"/>
 <node id="11390355849" visible="true" version="1" changeset="144701576" timestamp="2023-12-02T19:20:07Z" user="Barrunterio" uid="17808034" lat="40.4747799" lon="-3.7026487"/>
 <node id="11390355850" visible="true" version="1" changeset="144701576" timestamp="2023-12-02T19:20:07Z" user="Barrunterio" uid="17808034" lat="40.4747825" lon="-3.7026565"/>
 <node id="11390355851" visible="true" version="1" changeset="144701576" timestamp="2023-12-02T19:20:07Z" user="Barrunterio" uid="17808034" lat="40.4748685" lon="-3.7026863">
  <tag k="barrier" v="kerb"/>
  <tag k="kerb" v="lowered"/>
  <tag k="tactile_paving" v="yes"/>
  <tag k="wheelchair" v="yes"/>
 </node>
 <node id="11390355852" visible="true" version="1" changeset="144701576" timestamp="2023-12-02T19:20:07Z" user="Barrunterio" uid="17808034" lat="40.4758693" lon="-3.7029797"/>
 <node id="11390355853" visible="true" version="1" changeset="144701576" timestamp="2023-12-02T19:20:07Z" user="Barrunterio" uid="17808034" lat="40.4754247" lon="-3.7028533"/>
 <node id="11390355854" visible="true" version="1" changeset="144701576" timestamp="2023-12-02T19:20:07Z" user="Barrunterio" uid="17808034" lat="40.4753215" lon="-3.7027619"/>
 <node id="11390355855" visible="true" version="1" changeset="144701576" timestamp="2023-12-02T19:20:07Z" user="Barrunterio" uid="17808034" lat="40.4750814" lon="-3.7026690"/>
 <node id="11390355856" visible="true" version="1" changeset="144701576" timestamp="2023-12-02T19:20:07Z" user="Barrunterio" uid="17808034" lat="40.4750396" lon="-3.7026827"/>
 <node id="11390355857" visible="true" version="1" changeset="144701576" timestamp="2023-12-02T19:20:07Z" user="Barrunterio" uid="17808034" lat="40.4750354" lon="-3.7027000"/>
 <node id="11390355858" visible="true" version="1" changeset="144701576" timestamp="2023-12-02T19:20:07Z" user="Barrunterio" uid="17808034" lat="40.4749114" lon="-3.7026040"/>
 <node id="11390355859" visible="true" version="1" changeset="144701576" timestamp="2023-12-02T19:20:07Z" user="Barrunterio" uid="17808034" lat="40.4748526" lon="-3.7027635">
  <tag k="barrier" v="kerb"/>
  <tag k="kerb" v="lowered"/>
  <tag k="tactile_paving" v="yes"/>
  <tag k="wheelchair" v="yes"/>
 </node>
 <node id="11390355860" visible="true" version="1" changeset="144701576" timestamp="2023-12-02T19:20:07Z" user="Barrunterio" uid="17808034" lat="40.4749010" lon="-3.7024891">
  <tag k="barrier" v="kerb"/>
  <tag k="kerb" v="lowered"/>
  <tag k="tactile_paving" v="yes"/>
  <tag k="wheelchair" v="yes"/>
 </node>
 <node id="11390355861" visible="true" version="1" changeset="144701576" timestamp="2023-12-02T19:20:07Z" user="Barrunterio" uid="17808034" lat="40.4751879" lon="-3.7027335"/>
 <node id="11390355862" visible="true" version="1" changeset="144701576" timestamp="2023-12-02T19:20:07Z" user="Barrunterio" uid="17808034" lat="40.4753132" lon="-3.7027774"/>
 <node id="11390355863" visible="true" version="1" changeset="144701576" timestamp="2023-12-02T19:20:07Z" user="Barrunterio" uid="17808034" lat="40.4748825" lon="-3.7026863"/>
 <node id="11390355864" visible="true" version="1" changeset="144701576" timestamp="2023-12-02T19:20:07Z" user="Barrunterio" uid="17808034" lat="40.4748955" lon="-3.7026150"/>
 <node id="11390355865" visible="true" version="1" changeset="144701576" timestamp="2023-12-02T19:20:07Z" user="Barrunterio" uid="17808034" lat="40.4749240" lon="-3.7026236"/>
 <node id="11390355866" visible="true" version="1" changeset="144701576" timestamp="2023-12-02T19:20:07Z" user="Barrunterio" uid="17808034" lat="40.4750130" lon="-3.7027046"/>
 <node id="11390355867" visible="true" version="1" changeset="144701576" timestamp="2023-12-02T19:20:07Z" user="Barrunterio" uid="17808034" lat="40.4750753" lon="-3.7027341"/>
 <node id="11390355868" visible="true" version="1" changeset="144701576" timestamp="2023-12-02T19:20:07Z" user="Barrunterio" uid="17808034" lat="40.4751847" lon="-3.7027529"/>
 <node id="11390362269" visible="true" version="1" changeset="144701576" timestamp="2023-12-02T19:20:07Z" user="Barrunterio" uid="17808034" lat="40.4752370" lon="-3.7027955"/>
 <node id="11390362270" visible="true" version="1" changeset="144701576" timestamp="2023-12-02T19:20:07Z" user="Barrunterio" uid="17808034" lat="40.4752782" lon="-3.7028066"/>
 <node id="11390362271" visible="true" version="1" changeset="144701576" timestamp="2023-12-02T19:20:07Z" user="Barrunterio" uid="17808034" lat="40.4753126" lon="-3.7027887"/>
 <node id="11390362272" visible="true" version="1" changeset="144701576" timestamp="2023-12-02T19:20:07Z" user="Barrunterio" uid="17808034" lat="40.4753522" lon="-3.7028484"/>
 <node id="11390362273" visible="true" version="1" changeset="144701576" timestamp="2023-12-02T19:20:07Z" user="Barrunterio" uid="17808034" lat="40.4753470" lon="-3.7028527"/>
 <node id="11390362274" visible="true" version="1" changeset="144701576" timestamp="2023-12-02T19:20:07Z" user="Barrunterio" uid="17808034" lat="40.4754197" lon="-3.7028648"/>
 <node id="11390362275" visible="true" version="1" changeset="144701576" timestamp="2023-12-02T19:20:07Z" user="Barrunterio" uid="17808034" lat="40.4755250" lon="-3.7028800"/>
 <node id="11390362276" visible="true" version="1" changeset="144701576" timestamp="2023-12-02T19:20:07Z" user="Barrunterio" uid="17808034" lat="40.4756764" lon="-3.7029115"/>
 <node id="11390362277" visible="true" version="1" changeset="144701576" timestamp="2023-12-02T19:20:07Z" user="Barrunterio" uid="17808034" lat="40.4758857" lon="-3.7029542"/>
 <node id="11390362278" visible="true" version="1" changeset="144701576" timestamp="2023-12-02T19:20:07Z" user="Barrunterio" uid="17808034" lat="40.4759700" lon="-3.7029664"/>
 <node id="11390362279" visible="true" version="1" changeset="144701576" timestamp="2023-12-02T19:20:07Z" user="Barrunterio" uid="17808034" lat="40.4759622" lon="-3.7030016"/>
 <node id="11505989234" visible="true" version="2" changeset="146143994" timestamp="2024-01-11T13:47:37Z" user="Barrunterio" uid="17808034" lat="40.4748633" lon="-3.7019351"/>
 <node id="11505989235" visible="true" version="2" changeset="146143994" timestamp="2024-01-11T13:47:37Z" user="Barrunterio" uid="17808034" lat="40.4748911" lon="-3.7018505">
  <tag k="crossing" v="unmarked"/>
  <tag k="crossing:island" v="no"/>
  <tag k="crossing:markings" v="no"/>
  <tag k="highway" v="crossing"/>
  <tag k="tactile_paving" v="yes"/>
 </node>
 <node id="11505989236" visible="true" version="1" changeset="146105995" timestamp="2024-01-10T14:15:01Z" user="Hugoren Martinako" uid="3392826" lat="40.4750641" lon="-3.7013844"/>
 <node id="11505989237" visible="true" version="1" changeset="146105995" timestamp="2024-01-10T14:15:01Z" user="Hugoren Martinako" uid="3392826" lat="40.4750896" lon="-3.7014082"/>
 <node id="11505989238" visible="true" version="2" changeset="146143994" timestamp="2024-01-11T13:47:37Z" user="Barrunterio" uid="17808034" lat="40.4754614" lon="-3.7005603"/>
 <node id="11505989239" visible="true" version="1" changeset="146105995" timestamp="2024-01-10T14:15:01Z" user="Hugoren Martinako" uid="3392826" lat="40.4752011" lon="-3.7011456"/>
 <node id="11505989240" visible="true" version="2" changeset="146143994" timestamp="2024-01-11T13:47:37Z" user="Barrunterio" uid="17808034" lat="40.4766649" lon="-3.7014674"/>
 <node id="11505989241" visible="true" version="2" changeset="146143994" timestamp="2024-01-11T13:47:37Z" user="Barrunterio" uid="17808034" lat="40.4761699" lon="-3.7010961"/>
 <node id="11508589984" visible="true" version="1" changeset="146143994" timestamp="2024-01-11T13:47:37Z" user="Barrunterio" uid="17808034" lat="40.4764691" lon="-3.7020114"/>
 <node id="11508589988" visible="true" version="1" changeset="146143994" timestamp="2024-01-11T13:47:37Z" user="Barrunterio" uid="17808034" lat="40.4768399" lon="-3.7016407"/>
 <node id="11508589989" visible="true" version="1" changeset="146143994" timestamp="2024-01-11T13:47:37Z" user="Barrunterio" uid="17808034" lat="40.4767564" lon="-3.7018600"/>
 <node id="11508589993" visible="true" version="1" changeset="146143994" timestamp="2024-01-11T13:47:37Z" user="Barrunterio" uid="17808034" lat="40.4763733" lon="-3.7017953"/>
 <node id="11508589995" visible="true" version="1" changeset="146143994" timestamp="2024-01-11T13:47:37Z" user="Barrunterio" uid="17808034" lat="40.4762246" lon="-3.7018152"/>
 <node id="11508589997" visible="true" version="1" changeset="146143994" timestamp="2024-01-11T13:47:37Z" user="Barrunterio" uid="17808034" lat="40.4760577" lon="-3.7018564"/>
 <node id="11508589998" visible="true" version="1" changeset="146143994" timestamp="2024-01-11T13:47:37Z" user="Barrunterio" uid="17808034" lat="40.4760406" lon="-3.7015442"/>
 <node id="11508590002" visible="true" version="1" changeset="146143994" timestamp="2024-01-11T13:47:37Z" user="Barrunterio" uid="17808034" lat="40.4760815" lon="-3.7012047"/>
 <node id="11508590005" visible="true" version="1" changeset="146143994" timestamp="2024-01-11T13:47:37Z" user="Barrunterio" uid="17808034" lat="40.4758022" lon="-3.7018689"/>
 <node id="11508590006" visible="true" version="1" changeset="146143994" timestamp="2024-01-11T13:47:37Z" user="Barrunterio" uid="17808034" lat="40.4757875" lon="-3.7015826"/>
 <node id="11508590007" visible="true" version="1" changeset="146143994" timestamp="2024-01-11T13:47:37Z" user="Barrunterio" uid="17808034" lat="40.4759612" lon="-3.7017151"/>
 <node id="11508590008" visible="true" version="1" changeset="146143994" timestamp="2024-01-11T13:47:37Z" user="Barrunterio" uid="17808034" lat="40.4765711" lon="-3.7017698"/>
 <node id="11508590009" visible="true" version="1" changeset="146143994" timestamp="2024-01-11T13:47:37Z" user="Barrunterio" uid="17808034" lat="40.4770431" lon="-3.7017773"/>
 <node id="11508590011" visible="true" version="1" changeset="146143994" timestamp="2024-01-11T13:47:37Z" user="Barrunterio" uid="17808034" lat="40.4750191" lon="-3.7019685"/>
 <node id="11508590012" visible="true" version="1" changeset="146143994" timestamp="2024-01-11T13:47:37Z" user="Barrunterio" uid="17808034" lat="40.4750253" lon="-3.7020262"/>
 <node id="11508590013" visible="true" version="1" changeset="146143994" timestamp="2024-01-11T13:47:37Z" user="Barrunterio" uid="17808034" lat="40.4748143" lon="-3.7022358"/>
 <node id="11508590014" visible="true" version="1" changeset="146143994" timestamp="2024-01-11T13:47:37Z" user="Barrunterio" uid="17808034" lat="40.4751096" lon="-3.7019613"/>
 <node id="11508590015" visible="true" version="1" changeset="146143994" timestamp="2024-01-11T13:47:37Z" user="Barrunterio" uid="17808034" lat="40.4757842" lon="-3.7019571"/>
 <node id="11508590016" visible="true" version="1" changeset="146143994" timestamp="2024-01-11T13:47:37Z" user="Barrunterio" uid="17808034" lat="40.4759383" lon="-3.7019640"/>
 <node id="11508590017" visible="true" version="1" changeset="146143994" timestamp="2024-01-11T13:47:37Z" user="Barrunterio" uid="17808034" lat="40.4758999" lon="-3.7019625"/>
 <node id="11508590018" visible="true" version="1" changeset="146143994" timestamp="2024-01-11T13:47:37Z" user="Barrunterio" uid="17808034" lat="40.4749117" lon="-3.7019574"/>
 <node id="11508590019" visible="true" version="1" changeset="146143994" timestamp="2024-01-11T13:47:37Z" user="Barrunterio" uid="17808034" lat="40.4748823" lon="-3.7018896">
  <tag k="barrier" v="kerb"/>
  <tag k="kerb" v="lowered"/>
  <tag k="tactile_paving" v="yes"/>
  <tag k="wheelchair" v="yes"/>
 </node>
 <node id="11508590020" visible="true" version="1" changeset="146143994" timestamp="2024-01-11T13:47:37Z" user="Barrunterio" uid="17808034" lat="40.4749208" lon="-3.7017280">
  <tag k="barrier" v="kerb"/>
  <tag k="kerb" v="lowered"/>
  <tag k="tactile_paving" v="yes"/>
  <tag k="wheelchair" v="yes"/>
 </node>
 <node id="11508590021" visible="true" version="1" changeset="146143994" timestamp="2024-01-11T13:47:37Z" user="Barrunterio" uid="17808034" lat="40.4748856" lon="-3.7018753"/>
 <node id="11508590022" visible="true" version="1" changeset="146143994" timestamp="2024-01-11T13:47:37Z" user="Barrunterio" uid="17808034" lat="40.4747660" lon="-3.7022591">
  <tag k="barrier" v="kerb"/>
  <tag k="kerb" v="lowered"/>
  <tag k="tactile_paving" v="yes"/>
  <tag k="wheelchair" v="yes"/>
 </node>
 <node id="11508590023" visible="true" version="1" changeset="146143994" timestamp="2024-01-11T13:47:37Z" user="Barrunterio" uid="17808034" lat="40.4747013" lon="-3.7022288">
  <tag k="barrier" v="kerb"/>
  <tag k="kerb" v="lowered"/>
  <tag k="tactile_paving" v="yes"/>
  <tag k="wheelchair" v="yes"/>
 </node>
 <node id="11508590024" visible="true" version="2" changeset="176860297" timestamp="2026-01-05T12:49:48Z" user="Tingas" uid="22182237" lat="40.4747125" lon="-3.7024284">
  <tag k="highway" v="traffic_signals"/>
  <tag k="traffic_signals" v="traffic_lights"/>
  <tag k="traffic_signals:direction" v="forward"/>
 </node>
 <node id="11508590025" visible="true" version="1" changeset="146143994" timestamp="2024-01-11T13:47:37Z" user="Barrunterio" uid="17808034" lat="40.4747417" lon="-3.7022076">
  <tag k="highway" v="traffic_signals"/>
  <tag k="traffic_signals" v="traffic_lights"/>
  <tag k="traffic_signals:direction" v="backward"/>
 </node>
 <node id="11508590026" visible="true" version="1" changeset="146143994" timestamp="2024-01-11T13:47:37Z" user="Barrunterio" uid="17808034" lat="40.4745910" lon="-3.7024832">
  <tag k="highway" v="traffic_signals"/>
  <tag k="traffic_signals" v="traffic_lights"/>
  <tag k="traffic_signals:direction" v="forward"/>
 </node>
 <node id="11508590027" visible="true" version="1" changeset="146143994" timestamp="2024-01-11T13:47:37Z" user="Barrunterio" uid="17808034" lat="40.4745452" lon="-3.7023873">
  <tag k="highway" v="traffic_signals"/>
  <tag k="traffic_signals" v="traffic_lights"/>
  <tag k="traffic_signals:direction" v="forward"/>
 </node>
 <node id="11508590028" visible="true" version="1" changeset="146143994" timestamp="2024-01-11T13:47:37Z" user="Barrunterio" uid="17808034" lat="40.4746362" lon="-3.7026579">
  <tag k="highway" v="traffic_signals"/>
  <tag k="traffic_signals" v="traffic_lights"/>
  <tag k="traffic_signals:direction" v="forward"/>
 </node>
 <node id="11508590029" visible="true" version="1" changeset="146143994" timestamp="2024-01-11T13:47:37Z" user="Barrunterio" uid="17808034" lat="40.4746250" lon="-3.7028514">
  <tag k="highway" v="traffic_signals"/>
  <tag k="traffic_signals" v="traffic_lights"/>
  <tag k="traffic_signals:direction" v="forward"/>
 </node>
 <node id="11508590031" visible="true" version="1" changeset="146143994" timestamp="2024-01-11T13:47:37Z" user="Barrunterio" uid="17808034" lat="40.4748845" lon="-3.7027305">
  <tag k="highway" v="traffic_signals"/>
  <tag k="traffic_signals" v="traffic_lights"/>
  <tag k="traffic_signals:direction" v="forward"/>
 </node>
 <node id="11508590032" visible="true" version="1" changeset="146143994" timestamp="2024-01-11T13:47:37Z" user="Barrunterio" uid="17808034" lat="40.4748685" lon="-3.7025187">
  <tag k="highway" v="traffic_signals"/>
  <tag k="traffic_signals" v="traffic_lights"/>
  <tag k="traffic_signals:direction" v="forward"/>
 </node>
 <node id="11508590033" visible="true" version="1" changeset="146143994" timestamp="2024-01-11T13:47:37Z" user="Barrunterio" uid="17808034" lat="40.4748853" lon="-3.7025848">
  <tag k="highway" v="traffic_signals"/>
  <tag k="traffic_signals" v="pedestrian_crossing"/>
  <tag k="traffic_signals:direction" v="backward"/>
 </node>
 <node id="11508590034" visible="true" version="1" changeset="146143994" timestamp="2024-01-11T13:47:37Z" user="Barrunterio" uid="17808034" lat="40.4748704" lon="-3.7026746">
  <tag k="highway" v="traffic_signals"/>
  <tag k="traffic_signals" v="pedestrian_crossing"/>
  <tag k="traffic_signals:direction" v="forward"/>
 </node>
 <node id="11508590035" visible="true" version="1" changeset="146143994" timestamp="2024-01-11T13:47:37Z" user="Barrunterio" uid="17808034" lat="40.4748509" lon="-3.7027721">
  <tag k="highway" v="traffic_signals"/>
  <tag k="traffic_signals" v="pedestrian_crossing"/>
  <tag k="traffic_signals:direction" v="backward"/>
 </node>
 <node id="11508590036" visible="true" version="1" changeset="146143994" timestamp="2024-01-11T13:47:37Z" user="Barrunterio" uid="17808034" lat="40.4749032" lon="-3.7024789">
  <tag k="highway" v="traffic_signals"/>
  <tag k="traffic_signals" v="pedestrian_crossing"/>
  <tag k="traffic_signals:direction" v="forward"/>
 </node>
 <node id="11508590037" visible="true" version="1" changeset="146143994" timestamp="2024-01-11T13:47:37Z" user="Barrunterio" uid="17808034" lat="40.4747782" lon="-3.7022613">
  <tag k="highway" v="traffic_signals"/>
  <tag k="traffic_signals" v="pedestrian_crossing"/>
  <tag k="traffic_signals:direction" v="forward"/>
 </node>
 <node id="11508590038" visible="true" version="1" changeset="146143994" timestamp="2024-01-11T13:47:37Z" user="Barrunterio" uid="17808034" lat="40.4746880" lon="-3.7022195">
  <tag k="highway" v="traffic_signals"/>
  <tag k="traffic_signals" v="pedestrian_crossing"/>
  <tag k="traffic_signals:direction" v="backward"/>
 </node>
 <node id="11508590039" visible="true" version="1" changeset="146143994" timestamp="2024-01-11T13:47:37Z" user="Barrunterio" uid="17808034" lat="40.4743126" lon="-3.7022334">
  <tag k="highway" v="traffic_signals"/>
  <tag k="traffic_signals" v="pedestrian_crossing"/>
  <tag k="traffic_signals:direction" v="forward"/>
 </node>
 <node id="11508590040" visible="true" version="1" changeset="146143994" timestamp="2024-01-11T13:47:37Z" user="Barrunterio" uid="17808034" lat="40.4742863" lon="-3.7023649">
  <tag k="highway" v="traffic_signals"/>
  <tag k="traffic_signals" v="pedestrian_crossing"/>
  <tag k="traffic_signals:direction" v="backward"/>
 </node>
 <node id="11508590041" visible="true" version="1" changeset="146143994" timestamp="2024-01-11T13:47:37Z" user="Barrunterio" uid="17808034" lat="40.4742722" lon="-3.7024350">
  <tag k="highway" v="traffic_signals"/>
  <tag k="traffic_signals" v="pedestrian_crossing"/>
  <tag k="traffic_signals:direction" v="forward"/>
 </node>
 <node id="11508590042" visible="true" version="1" changeset="146143994" timestamp="2024-01-11T13:47:37Z" user="Barrunterio" uid="17808034" lat="40.4742432" lon="-3.7025720">
  <tag k="highway" v="traffic_signals"/>
  <tag k="traffic_signals" v="pedestrian_crossing"/>
  <tag k="traffic_signals:direction" v="backward"/>
 </node>
 <node id="11508590043" visible="true" version="1" changeset="146143994" timestamp="2024-01-11T13:47:37Z" user="Barrunterio" uid="17808034" lat="40.4742594" lon="-3.7022713">
  <tag k="highway" v="traffic_signals"/>
  <tag k="traffic_signals" v="traffic_lights"/>
  <tag k="traffic_signals:direction" v="forward"/>
 </node>
 <node id="11508590044" visible="true" version="1" changeset="146143994" timestamp="2024-01-11T13:47:37Z" user="Barrunterio" uid="17808034" lat="40.4742985" lon="-3.7025009">
  <tag k="highway" v="traffic_signals"/>
  <tag k="traffic_signals" v="traffic_lights"/>
  <tag k="traffic_signals:direction" v="forward"/>
 </node>
 <node id="11508590045" visible="true" version="1" changeset="146143994" timestamp="2024-01-11T13:47:37Z" user="Barrunterio" uid="17808034" lat="40.4742411" lon="-3.7025823"/>
 <node id="11508590046" visible="true" version="1" changeset="146143994" timestamp="2024-01-11T13:47:37Z" user="Barrunterio" uid="17808034" lat="40.4742703" lon="-3.7024460">
  <tag k="barrier" v="kerb"/>
  <tag k="kerb" v="lowered"/>
  <tag k="tactile_paving" v="yes"/>
  <tag k="wheelchair" v="yes"/>
 </node>
 <node id="11508590047" visible="true" version="1" changeset="146143994" timestamp="2024-01-11T13:47:37Z" user="Barrunterio" uid="17808034" lat="40.4743104" lon="-3.7022442">
  <tag k="barrier" v="kerb"/>
  <tag k="kerb" v="lowered"/>
  <tag k="tactile_paving" v="yes"/>
  <tag k="wheelchair" v="yes"/>
 </node>
 <node id="11508590048" visible="true" version="1" changeset="146143994" timestamp="2024-01-11T13:47:37Z" user="Barrunterio" uid="17808034" lat="40.4742885" lon="-3.7023535">
  <tag k="barrier" v="kerb"/>
  <tag k="kerb" v="lowered"/>
  <tag k="tactile_paving" v="yes"/>
  <tag k="wheelchair" v="yes"/>
 </node>
 <node id="11508590049" visible="true" version="1" changeset="146143994" timestamp="2024-01-11T13:47:37Z" user="Barrunterio" uid="17808034" lat="40.4742505" lon="-3.7025392">
  <tag k="barrier" v="kerb"/>
  <tag k="kerb" v="lowered"/>
  <tag k="tactile_paving" v="yes"/>
  <tag k="wheelchair" v="yes"/>
 </node>
 <node id="11508590050" visible="true" version="1" changeset="146143994" timestamp="2024-01-11T13:47:37Z" user="Barrunterio" uid="17808034" lat="40.4745396" lon="-3.7025430"/>
 <node id="11508590051" visible="true" version="1" changeset="146143994" timestamp="2024-01-11T13:47:37Z" user="Barrunterio" uid="17808034" lat="40.4745454" lon="-3.7025225"/>
 <node id="11508590052" visible="true" version="1" changeset="146143994" timestamp="2024-01-11T13:47:37Z" user="Barrunterio" uid="17808034" lat="40.4745501" lon="-3.7024988"/>
 <node id="11508590053" visible="true" version="1" changeset="146143994" timestamp="2024-01-11T13:47:37Z" user="Barrunterio" uid="17808034" lat="40.4745573" lon="-3.7024733"/>
 <node id="11508590054" visible="true" version="1" changeset="146143994" timestamp="2024-01-11T13:47:37Z" user="Barrunterio" uid="17808034" lat="40.4745631" lon="-3.7024570"/>
 <node id="11508590055" visible="true" version="1" changeset="146143994" timestamp="2024-01-11T13:47:37Z" user="Barrunterio" uid="17808034" lat="40.4745625" lon="-3.7024516"/>
 <node id="11508590056" visible="true" version="1" changeset="146143994" timestamp="2024-01-11T13:47:37Z" user="Barrunterio" uid="17808034" lat="40.4742422" lon="-3.7023367"/>
 <node id="11508590057" visible="true" version="1" changeset="146143994" timestamp="2024-01-11T13:47:37Z" user="Barrunterio" uid="17808034" lat="40.4741710" lon="-3.7023070"/>
 <node id="11508590058" visible="true" version="1" changeset="146143994" timestamp="2024-01-11T13:47:37Z" user="Barrunterio" uid="17808034" lat="40.4741273" lon="-3.7022813"/>
 <node id="11508590059" visible="true" version="1" changeset="146143994" timestamp="2024-01-11T13:47:37Z" user="Barrunterio" uid="17808034" lat="40.4741077" lon="-3.7022674"/>
 <node id="11508590060" visible="true" version="1" changeset="146143994" timestamp="2024-01-11T13:47:37Z" user="Barrunterio" uid="17808034" lat="40.4741018" lon="-3.7022659"/>
 <node id="11508590061" visible="true" version="1" changeset="146143994" timestamp="2024-01-11T13:47:37Z" user="Barrunterio" uid="17808034" lat="40.4740946" lon="-3.7022703"/>
 <node id="11508590062" visible="true" version="1" changeset="146143994" timestamp="2024-01-11T13:47:37Z" user="Barrunterio" uid="17808034" lat="40.4740917" lon="-3.7022784"/>
 <node id="11508590063" visible="true" version="1" changeset="146143994" timestamp="2024-01-11T13:47:37Z" user="Barrunterio" uid="17808034" lat="40.4740843" lon="-3.7023063"/>
 <node id="11508590064" visible="true" version="1" changeset="146143994" timestamp="2024-01-11T13:47:37Z" user="Barrunterio" uid="17808034" lat="40.4740720" lon="-3.7023343"/>
 <node id="11508590065" visible="true" version="1" changeset="146143994" timestamp="2024-01-11T13:47:37Z" user="Barrunterio" uid="17808034" lat="40.4740635" lon="-3.7023548"/>
 <node id="11508590066" visible="true" version="1" changeset="146143994" timestamp="2024-01-11T13:47:37Z" user="Barrunterio" uid="17808034" lat="40.4740613" lon="-3.7023644"/>
 <node id="11508590067" visible="true" version="1" changeset="146143994" timestamp="2024-01-11T13:47:37Z" user="Barrunterio" uid="17808034" lat="40.4740632" lon="-3.7023694"/>
 <node id="11508590068" visible="true" version="1" changeset="146143994" timestamp="2024-01-11T13:47:37Z" user="Barrunterio" uid="17808034" lat="40.4740688" lon="-3.7023732"/>
 <node id="11508593069" visible="true" version="1" changeset="146143994" timestamp="2024-01-11T13:47:37Z" user="Barrunterio" uid="17808034" lat="40.4741325" lon="-3.7023957"/>
 <node id="11508593070" visible="true" version="1" changeset="146143994" timestamp="2024-01-11T13:47:37Z" user="Barrunterio" uid="17808034" lat="40.4745438" lon="-3.7025404"/>
 <node id="11508593071" visible="true" version="1" changeset="146143994" timestamp="2024-01-11T13:47:37Z" user="Barrunterio" uid="17808034" lat="40.4742283" lon="-3.7024260"/>
 <node id="11508593072" visible="true" version="1" changeset="146143994" timestamp="2024-01-11T13:47:37Z" user="Barrunterio" uid="17808034" lat="40.4742457" lon="-3.7023423"/>
 <node id="11508593073" visible="true" version="1" changeset="146143994" timestamp="2024-01-11T13:47:37Z" user="Barrunterio" uid="17808034" lat="40.4741703" lon="-3.7023112"/>
 <node id="11508593074" visible="true" version="1" changeset="146143994" timestamp="2024-01-11T13:47:37Z" user="Barrunterio" uid="17808034" lat="40.4741054" lon="-3.7022711"/>
 <node id="11508593075" visible="true" version="1" changeset="146143994" timestamp="2024-01-11T13:47:37Z" user="Barrunterio" uid="17808034" lat="40.4741011" lon="-3.7022727"/>
 <node id="11508593076" visible="true" version="1" changeset="146143994" timestamp="2024-01-11T13:47:37Z" user="Barrunterio" uid="17808034" lat="40.4740859" lon="-3.7023094"/>
 <node id="11508593077" visible="true" version="1" changeset="146143994" timestamp="2024-01-11T13:47:37Z" user="Barrunterio" uid="17808034" lat="40.4740664" lon="-3.7023582"/>
 <node id="11508593078" visible="true" version="1" changeset="146143994" timestamp="2024-01-11T13:47:37Z" user="Barrunterio" uid="17808034" lat="40.4740666" lon="-3.7023656"/>
 <node id="11508593079" visible="true" version="1" changeset="146143994" timestamp="2024-01-11T13:47:37Z" user="Barrunterio" uid="17808034" lat="40.4740710" lon="-3.7023703"/>
 <node id="11508593080" visible="true" version="1" changeset="146143994" timestamp="2024-01-11T13:47:37Z" user="Barrunterio" uid="17808034" lat="40.4741712" lon="-3.7023299">
  <tag k="natural" v="tree"/>
 </node>
 <node id="11508593081" visible="true" version="1" changeset="146143994" timestamp="2024-01-11T13:47:37Z" user="Barrunterio" uid="17808034" lat="40.4741302" lon="-3.7023697">
  <tag k="natural" v="tree"/>
 </node>
 <node id="11508593082" visible="true" version="1" changeset="146143994" timestamp="2024-01-11T13:47:37Z" user="Barrunterio" uid="17808034" lat="40.4740986" lon="-3.7023281">
  <tag k="natural" v="tree"/>
 </node>
 <node id="11508593083" visible="true" version="1" changeset="146143994" timestamp="2024-01-11T13:47:37Z" user="Barrunterio" uid="17808034" lat="40.4743332" lon="-3.7024039">
  <tag k="natural" v="tree"/>
 </node>
 <node id="11508593084" visible="true" version="1" changeset="146143994" timestamp="2024-01-11T13:47:37Z" user="Barrunterio" uid="17808034" lat="40.4743107" lon="-3.7021428">
  <tag k="natural" v="tree"/>
 </node>
 <node id="11508593085" visible="true" version="1" changeset="146143994" timestamp="2024-01-11T13:47:37Z" user="Barrunterio" uid="17808034" lat="40.4742543" lon="-3.7020624">
  <tag k="natural" v="tree"/>
 </node>
 <node id="11508593086" visible="true" version="1" changeset="146143994" timestamp="2024-01-11T13:47:37Z" user="Barrunterio" uid="17808034" lat="40.4743914" lon="-3.7020976">
  <tag k="natural" v="tree"/>
 </node>
 <node id="11508593087" visible="true" version="1" changeset="146143994" timestamp="2024-01-11T13:47:37Z" user="Barrunterio" uid="17808034" lat="40.4744615" lon="-3.7022121">
  <tag k="natural" v="tree"/>
 </node>
 <node id="11508593088" visible="true" version="1" changeset="146143994" timestamp="2024-01-11T13:47:37Z" user="Barrunterio" uid="17808034" lat="40.4745242" lon="-3.7021369">
  <tag k="natural" v="tree"/>
 </node>
 <node id="11508593089" visible="true" version="1" changeset="146143994" timestamp="2024-01-11T13:47:37Z" user="Barrunterio" uid="17808034" lat="40.4746625" lon="-3.7025443">
  <tag k="natural" v="tree"/>
 </node>
 <node id="11508593090" visible="true" version="1" changeset="146143994" timestamp="2024-01-11T13:47:37Z" user="Barrunterio" uid="17808034" lat="40.4748989" lon="-3.7020388"/>
 <node id="11508593091" visible="true" version="1" changeset="146143994" timestamp="2024-01-11T13:47:37Z" user="Barrunterio" uid="17808034" lat="40.4748568" lon="-3.7020245"/>
 <node id="11508593092" visible="true" version="1" changeset="146143994" timestamp="2024-01-11T13:47:37Z" user="Barrunterio" uid="17808034" lat="40.4748641" lon="-3.7022571"/>
 <node id="11508593093" visible="true" version="3" changeset="173661522" timestamp="2025-10-23T08:30:28Z" user="kapazao_import" uid="8770019" lat="40.4748746" lon="-3.7022435">
  <tag k="amenity" v="recycling"/>
  <tag k="operator" v="Ayuntamiento de Madrid"/>
  <tag k="operator:type" v="government"/>
  <tag k="operator:wikidata" v="Q3773976"/>
  <tag k="recycling:clothes" v="yes"/>
  <tag k="recycling_type" v="container"/>
 </node>
 <node id="11508593094" visible="true" version="1" changeset="146143994" timestamp="2024-01-11T13:47:37Z" user="Barrunterio" uid="17808034" lat="40.4749243" lon="-3.7018493">
  <tag k="barrier" v="toll_booth"/>
 </node>
 <node id="11508593095" visible="true" version="1" changeset="146143994" timestamp="2024-01-11T13:47:37Z" user="Barrunterio" uid="17808034" lat="40.4752309" lon="-3.7019505"/>
 <node id="11508593096" visible="true" version="1" changeset="146143994" timestamp="2024-01-11T13:47:37Z" user="Barrunterio" uid="17808034" lat="40.4751291" lon="-3.7019591"/>
 <node id="11508593097" visible="true" version="1" changeset="146143994" timestamp="2024-01-11T13:47:37Z" user="Barrunterio" uid="17808034" lat="40.4751058" lon="-3.7019092"/>
 <node id="11508593106" visible="true" version="1" changeset="146143994" timestamp="2024-01-11T13:47:37Z" user="Barrunterio" uid="17808034" lat="40.4755088" lon="-3.7005886"/>
 <node id="11508593108" visible="true" version="1" changeset="146143994" timestamp="2024-01-11T13:47:37Z" user="Barrunterio" uid="17808034" lat="40.4758293" lon="-3.7008587"/>
 <node id="11508593109" visible="true" version="1" changeset="146143994" timestamp="2024-01-11T13:47:37Z" user="Barrunterio" uid="17808034" lat="40.4756744" lon="-3.7007293"/>
 <node id="11508593110" visible="true" version="1" changeset="146143994" timestamp="2024-01-11T13:47:37Z" user="Barrunterio" uid="17808034" lat="40.4756578" lon="-3.7007716"/>
 <node id="11508593111" visible="true" version="1" changeset="146143994" timestamp="2024-01-11T13:47:37Z" user="Barrunterio" uid="17808034" lat="40.4758140" lon="-3.7008959"/>
 <node id="11508593175" visible="true" version="1" changeset="146143994" timestamp="2024-01-11T13:47:37Z" user="Barrunterio" uid="17808034" lat="40.4753712" lon="-3.7005087">
  <tag k="button_operated" v="no"/>
  <tag k="crossing" v="traffic_signals"/>
  <tag k="crossing:markings" v="dashes"/>
  <tag k="highway" v="crossing"/>
  <tag k="tactile_paving" v="yes"/>
  <tag k="traffic_signals:sound" v="no"/>
  <tag k="traffic_signals:vibration" v="no"/>
 </node>
 <node id="11508593177" visible="true" version="1" changeset="146143994" timestamp="2024-01-11T13:47:37Z" user="Barrunterio" uid="17808034" lat="40.4754273" lon="-3.7005685"/>
 <node id="11508593181" visible="true" version="1" changeset="146143994" timestamp="2024-01-11T13:47:37Z" user="Barrunterio" uid="17808034" lat="40.4753210" lon="-3.7004024"/>
 <node id="11508593182" visible="true" version="1" changeset="146143994" timestamp="2024-01-11T13:47:37Z" user="Barrunterio" uid="17808034" lat="40.4751304" lon="-3.6997934"/>
 <node id="11508593183" visible="true" version="1" changeset="146143994" timestamp="2024-01-11T13:47:37Z" user="Barrunterio" uid="17808034" lat="40.4750569" lon="-3.6995528"/>
 <node id="11508593184" visible="true" version="1" changeset="146143994" timestamp="2024-01-11T13:47:37Z" user="Barrunterio" uid="17808034" lat="40.4753400" lon="-3.7003872"/>
 <node id="11508593185" visible="true" version="1" changeset="146143994" timestamp="2024-01-11T13:47:37Z" user="Barrunterio" uid="17808034" lat="40.4753400" lon="-3.7003052"/>
 <node id="11508593186" visible="true" version="1" changeset="146143994" timestamp="2024-01-11T13:47:37Z" user="Barrunterio" uid="17808034" lat="40.4753287" lon="-3.7001999"/>
 <node id="11508593187" visible="true" version="1" changeset="146143994" timestamp="2024-01-11T13:47:37Z" user="Barrunterio" uid="17808034" lat="40.4753891" lon="-3.7004797">
  <tag k="highway" v="traffic_signals"/>
  <tag k="traffic_signals" v="traffic_lights"/>
  <tag k="traffic_signals:direction" v="backward"/>
 </node>
 <node id="11508593188" visible="true" version="1" changeset="146143994" timestamp="2024-01-11T13:47:37Z" user="Barrunterio" uid="17808034" lat="40.4753531" lon="-3.7005475">
  <tag k="highway" v="traffic_signals"/>
  <tag k="traffic_signals" v="traffic_lights"/>
  <tag k="traffic_signals:direction" v="forward"/>
 </node>
 <node id="12550872044" visible="true" version="2" changeset="181642100" timestamp="2026-04-21T19:06:56Z" user="Diegatus" uid="21006289" lat="40.4743197" lon="-3.6995752"/>
 <node id="12550872045" visible="true" version="2" changeset="181642100" timestamp="2026-04-21T19:06:56Z" user="Diegatus" uid="21006289" lat="40.4743509" lon="-3.6996093"/>
 <node id="12550872046" visible="true" version="1" changeset="162036557" timestamp="2025-02-02T08:26:21Z" user="ShyShark" uid="10335512" lat="40.4743390" lon="-3.6996674"/>
 <node id="12550872047" visible="true" version="1" changeset="162036557" timestamp="2025-02-02T08:26:21Z" user="ShyShark" uid="10335512" lat="40.4743045" lon="-3.6997484"/>
 <node id="12550872048" visible="true" version="1" changeset="162036557" timestamp="2025-02-02T08:26:21Z" user="ShyShark" uid="10335512" lat="40.4742628" lon="-3.6999296"/>
 <node id="12550872049" visible="true" version="1" changeset="162036557" timestamp="2025-02-02T08:26:21Z" user="ShyShark" uid="10335512" lat="40.4742608" lon="-3.7000939"/>
 <node id="12550872050" visible="true" version="1" changeset="162036557" timestamp="2025-02-02T08:26:21Z" user="ShyShark" uid="10335512" lat="40.4742557" lon="-3.7009015"/>
 <node id="12550872051" visible="true" version="1" changeset="162036557" timestamp="2025-02-02T08:26:21Z" user="ShyShark" uid="10335512" lat="40.4746219" lon="-3.7006505"/>
 <node id="12550872052" visible="true" version="1" changeset="162036557" timestamp="2025-02-02T08:26:21Z" user="ShyShark" uid="10335512" lat="40.4746630" lon="-3.7002623"/>
 <node id="12550872053" visible="true" version="1" changeset="162036557" timestamp="2025-02-02T08:26:21Z" user="ShyShark" uid="10335512" lat="40.4745680" lon="-3.7003998"/>
 <node id="12550872054" visible="true" version="1" changeset="162036557" timestamp="2025-02-02T08:26:21Z" user="ShyShark" uid="10335512" lat="40.4745655" lon="-3.7004646"/>
 <node id="12550872055" visible="true" version="1" changeset="162036557" timestamp="2025-02-02T08:26:21Z" user="ShyShark" uid="10335512" lat="40.4745194" lon="-3.7004793"/>
 <node id="12550872056" visible="true" version="1" changeset="162036557" timestamp="2025-02-02T08:26:21Z" user="ShyShark" uid="10335512" lat="40.4745028" lon="-3.7004191"/>
 <node id="12550872057" visible="true" version="1" changeset="162036557" timestamp="2025-02-02T08:26:21Z" user="ShyShark" uid="10335512" lat="40.4742588" lon="-3.7004166"/>
 <node id="12550872060" visible="true" version="1" changeset="162036557" timestamp="2025-02-02T08:26:21Z" user="ShyShark" uid="10335512" lat="40.4742607" lon="-3.7001138"/>
 <node id="12550872061" visible="true" version="1" changeset="162036557" timestamp="2025-02-02T08:26:21Z" user="ShyShark" uid="10335512" lat="40.4747722" lon="-3.7005767"/>
 <node id="12550872062" visible="true" version="1" changeset="162036557" timestamp="2025-02-02T08:26:21Z" user="ShyShark" uid="10335512" lat="40.4747647" lon="-3.7005168"/>
 <node id="12550872063" visible="true" version="1" changeset="162036557" timestamp="2025-02-02T08:26:21Z" user="ShyShark" uid="10335512" lat="40.4747474" lon="-3.7004534"/>
 <node id="12550872064" visible="true" version="1" changeset="162036557" timestamp="2025-02-02T08:26:21Z" user="ShyShark" uid="10335512" lat="40.4747180" lon="-3.7004169"/>
 <node id="12550872065" visible="true" version="1" changeset="162036557" timestamp="2025-02-02T08:26:21Z" user="ShyShark" uid="10335512" lat="40.4746745" lon="-3.7003934"/>
 <node id="12550872066" visible="true" version="1" changeset="162036557" timestamp="2025-02-02T08:26:21Z" user="ShyShark" uid="10335512" lat="40.4746394" lon="-3.7003865"/>
 <node id="12550872067" visible="true" version="1" changeset="162036557" timestamp="2025-02-02T08:26:21Z" user="ShyShark" uid="10335512" lat="40.4746368" lon="-3.7004417"/>
 <node id="12550872068" visible="true" version="1" changeset="162036557" timestamp="2025-02-02T08:26:21Z" user="ShyShark" uid="10335512" lat="40.4746494" lon="-3.7004589"/>
 <node id="12550872069" visible="true" version="1" changeset="162036557" timestamp="2025-02-02T08:26:21Z" user="ShyShark" uid="10335512" lat="40.4746368" lon="-3.7006649"/>
 <node id="12550872070" visible="true" version="1" changeset="162036557" timestamp="2025-02-02T08:26:21Z" user="ShyShark" uid="10335512" lat="40.4740618" lon="-3.7010019"/>
 <node id="12550872071" visible="true" version="1" changeset="162036557" timestamp="2025-02-02T08:26:21Z" user="ShyShark" uid="10335512" lat="40.4739340" lon="-3.7010143"/>
 <node id="12550872072" visible="true" version="1" changeset="162036557" timestamp="2025-02-02T08:26:21Z" user="ShyShark" uid="10335512" lat="40.4737133" lon="-3.7008986"/>
 <node id="12550872073" visible="true" version="1" changeset="162036557" timestamp="2025-02-02T08:26:21Z" user="ShyShark" uid="10335512" lat="40.4735126" lon="-3.7007780"/>
 <node id="12550872074" visible="true" version="1" changeset="162036557" timestamp="2025-02-02T08:26:21Z" user="ShyShark" uid="10335512" lat="40.4734387" lon="-3.7007076"/>
 <node id="12550872080" visible="true" version="1" changeset="162036557" timestamp="2025-02-02T08:26:21Z" user="ShyShark" uid="10335512" lat="40.4740708" lon="-3.7008798"/>
 <node id="12914544201" visible="true" version="1" changeset="167611811" timestamp="2025-06-14T12:54:22Z" user="osmz1qjo" uid="22136281" lat="40.4758810" lon="-3.7009298">
  <tag k="addr:housenumber" v="7"/>
  <tag k="addr:postcode" v="28029"/>
  <tag k="addr:street" v="Calle de Finisterre"/>
  <tag k="name" v="Sintesis"/>
  <tag k="opening_hours" v="Tu-Sa 10:00-20:00"/>
  <tag k="shop" v="hairdresser"/>
 </node>
 <node id="12914544301" visible="true" version="4" changeset="174984979" timestamp="2025-11-22T11:50:57Z" user="kapazao_import" uid="8770019" lat="40.4757720" lon="-3.7009179">
  <tag k="addr:housenumber" v="5"/>
  <tag k="addr:postcode" v="28029"/>
  <tag k="addr:street" v="Calle de Finisterre"/>
  <tag k="amenity" v="school"/>
  <tag k="education" v="school"/>
  <tag k="email" v="info@fernandoacaso.com"/>
  <tag k="name" v="Escuela de doblaje y traducción Fernando Acaso"/>
  <tag k="phone" v="+34 639 49 37 75"/>
  <tag k="website" v="https://fernandoacaso.com/"/>
 </node>
 <node id="12914544601" visible="true" version="2" changeset="174985078" timestamp="2025-11-22T11:53:44Z" user="kapazao_import" uid="8770019" lat="40.4751721" lon="-3.7015171">
  <tag k="addr:housenumber" v="1"/>
  <tag k="addr:street" v="Calle de Villa de Marín"/>
  <tag k="amenity" v="kindergarten"/>
  <tag k="education" v="kindergarten"/>
  <tag k="name" v="Los Pitufos"/>
 </node>
 <node id="13386459326" visible="true" version="1" changeset="176095239" timestamp="2025-12-18T13:26:43Z" user="Satyajit Ray" uid="23622180" lat="40.4746813" lon="-3.6920900"/>
 <node id="13386459327" visible="true" version="1" changeset="176095239" timestamp="2025-12-18T13:26:43Z" user="Satyajit Ray" uid="23622180" lat="40.4747239" lon="-3.6925173"/>
 <node id="13386459328" visible="true" version="1" changeset="176095239" timestamp="2025-12-18T13:26:43Z" user="Satyajit Ray" uid="23622180" lat="40.4747097" lon="-3.6929073"/>
 <node id="13386459329" visible="true" version="1" changeset="176095239" timestamp="2025-12-18T13:26:43Z" user="Satyajit Ray" uid="23622180" lat="40.4745800" lon="-3.6937245"/>
 <node id="13386459330" visible="true" version="1" changeset="176095239" timestamp="2025-12-18T13:26:43Z" user="Satyajit Ray" uid="23622180" lat="40.4745587" lon="-3.6938856"/>
 <node id="13386459331" visible="true" version="1" changeset="176095239" timestamp="2025-12-18T13:26:43Z" user="Satyajit Ray" uid="23622180" lat="40.4745552" lon="-3.6940538"/>
 <node id="13386459332" visible="true" version="1" changeset="176095239" timestamp="2025-12-18T13:26:43Z" user="Satyajit Ray" uid="23622180" lat="40.4745516" lon="-3.6942499"/>
 <node id="13386459333" visible="true" version="1" changeset="176095239" timestamp="2025-12-18T13:26:43Z" user="Satyajit Ray" uid="23622180" lat="40.4745658" lon="-3.6944274"/>
 <node id="13386459334" visible="true" version="1" changeset="176095239" timestamp="2025-12-18T13:26:43Z" user="Satyajit Ray" uid="23622180" lat="40.4746298" lon="-3.6949971"/>
 <node id="13386459335" visible="true" version="1" changeset="176095239" timestamp="2025-12-18T13:26:43Z" user="Satyajit Ray" uid="23622180" lat="40.4747239" lon="-3.6954104"/>
 <node id="13386459336" visible="true" version="1" changeset="176095239" timestamp="2025-12-18T13:26:43Z" user="Satyajit Ray" uid="23622180" lat="40.4747754" lon="-3.6957513"/>
 <node id="13386459337" visible="true" version="1" changeset="176095239" timestamp="2025-12-18T13:26:43Z" user="Satyajit Ray" uid="23622180" lat="40.4747754" lon="-3.6960315"/>
 <node id="13386459338" visible="true" version="1" changeset="176095239" timestamp="2025-12-18T13:26:43Z" user="Satyajit Ray" uid="23622180" lat="40.4747541" lon="-3.6962907"/>
 <node id="13386459339" visible="true" version="1" changeset="176095239" timestamp="2025-12-18T13:26:43Z" user="Satyajit Ray" uid="23622180" lat="40.4745783" lon="-3.6970612"/>
 <node id="13386459340" visible="true" version="1" changeset="176095239" timestamp="2025-12-18T13:26:43Z" user="Satyajit Ray" uid="23622180" lat="40.4745374" lon="-3.6974045"/>
 <node id="13386459341" visible="true" version="1" changeset="176095239" timestamp="2025-12-18T13:26:43Z" user="Satyajit Ray" uid="23622180" lat="40.4745445" lon="-3.6977127"/>
 <node id="13386459342" visible="true" version="1" changeset="176095239" timestamp="2025-12-18T13:26:43Z" user="Satyajit Ray" uid="23622180" lat="40.4745800" lon="-3.6980840"/>
 <node id="13386459343" visible="true" version="1" changeset="176095239" timestamp="2025-12-18T13:26:43Z" user="Satyajit Ray" uid="23622180" lat="40.4746742" lon="-3.6984576"/>
 <node id="13386459344" visible="true" version="1" changeset="176095239" timestamp="2025-12-18T13:26:43Z" user="Satyajit Ray" uid="23622180" lat="40.4748429" lon="-3.6988989"/>
 <node id="13386459345" visible="true" version="1" changeset="176095239" timestamp="2025-12-18T13:26:43Z" user="Satyajit Ray" uid="23622180" lat="40.4749175" lon="-3.6991767"/>
 <node id="13386459346" visible="true" version="1" changeset="176095239" timestamp="2025-12-18T13:26:43Z" user="Satyajit Ray" uid="23622180" lat="40.4749619" lon="-3.6994756"/>
 <node id="13386459347" visible="true" version="1" changeset="176095239" timestamp="2025-12-18T13:26:43Z" user="Satyajit Ray" uid="23622180" lat="40.4749761" lon="-3.6997395"/>
 <node id="13386459348" visible="true" version="1" changeset="176095239" timestamp="2025-12-18T13:26:43Z" user="Satyajit Ray" uid="23622180" lat="40.4749672" lon="-3.7000243"/>
 <node id="13386459349" visible="true" version="1" changeset="176095239" timestamp="2025-12-18T13:26:43Z" user="Satyajit Ray" uid="23622180" lat="40.4749353" lon="-3.7002508"/>
 <node id="13386459350" visible="true" version="1" changeset="176095239" timestamp="2025-12-18T13:26:43Z" user="Satyajit Ray" uid="23622180" lat="40.4749069" lon="-3.7003816"/>
 <node id="13386459351" visible="true" version="1" changeset="176095239" timestamp="2025-12-18T13:26:43Z" user="Satyajit Ray" uid="23622180" lat="40.4748376" lon="-3.7006104"/>
 <node id="13386459352" visible="true" version="1" changeset="176095239" timestamp="2025-12-18T13:26:43Z" user="Satyajit Ray" uid="23622180" lat="40.4747807" lon="-3.7007622"/>
 <node id="13386459353" visible="true" version="1" changeset="176095239" timestamp="2025-12-18T13:26:43Z" user="Satyajit Ray" uid="23622180" lat="40.4746884" lon="-3.7009654"/>
 <node id="13386459354" visible="true" version="1" changeset="176095239" timestamp="2025-12-18T13:26:43Z" user="Satyajit Ray" uid="23622180" lat="40.4745765" lon="-3.7011498"/>
 <node id="13386459355" visible="true" version="1" changeset="176095239" timestamp="2025-12-18T13:26:43Z" user="Satyajit Ray" uid="23622180" lat="40.4744521" lon="-3.7013226"/>
 <node id="13386459356" visible="true" version="1" changeset="176095239" timestamp="2025-12-18T13:26:43Z" user="Satyajit Ray" uid="23622180" lat="40.4741715" lon="-3.7016215"/>
 <node id="13428612427" visible="true" version="1" changeset="176784022" timestamp="2026-01-03T14:28:15Z" user="ielham" uid="462218" lat="40.4739489" lon="-3.6893653"/>
 <node id="13450202583" visible="true" version="1" changeset="177137965" timestamp="2026-01-12T13:20:52Z" user="Clostar" uid="23642058" lat="40.4662256" lon="-3.6907460"/>
 <node id="13541968421" visible="true" version="1" changeset="178381140" timestamp="2026-02-10T22:23:22Z" user="lingg" uid="117664" lat="40.4889468" lon="-3.7135126"/>
 <node id="13750253690" visible="true" version="1" changeset="181642100" timestamp="2026-04-21T19:06:56Z" user="Diegatus" uid="21006289" lat="40.4735788" lon="-3.6933897"/>
 <node id="13750253807" visible="true" version="1" changeset="181642100" timestamp="2026-04-21T19:06:56Z" user="Diegatus" uid="21006289" lat="40.4744816" lon="-3.6940631"/>
 <node id="13750253941" visible="true" version="1" changeset="181642100" timestamp="2026-04-21T19:06:56Z" user="Diegatus" uid="21006289" lat="40.4732566" lon="-3.6996247"/>
 <node id="13750253965" visible="true" version="1" changeset="181642100" timestamp="2026-04-21T19:06:56Z" user="Diegatus" uid="21006289" lat="40.4742784" lon="-3.6998313"/>
 <node id="13750253971" visible="true" version="1" changeset="181642100" timestamp="2026-04-21T19:06:56Z" user="Diegatus" uid="21006289" lat="40.4743019" lon="-3.7008992">
  <tag k="highway" v="street_lamp"/>
 </node>
 <node id="13750253972" visible="true" version="1" changeset="181642100" timestamp="2026-04-21T19:06:56Z" user="Diegatus" uid="21006289" lat="40.4741789" lon="-3.7009693">
  <tag k="highway" v="street_lamp"/>
 </node>
 <node id="13750253973" visible="true" version="1" changeset="181642100" timestamp="2026-04-21T19:06:56Z" user="Diegatus" uid="21006289" lat="40.4740453" lon="-3.7010425">
  <tag k="highway" v="street_lamp"/>
 </node>
 <node id="13750253983" visible="true" version="1" changeset="181642100" timestamp="2026-04-21T19:06:56Z" user="Diegatus" uid="21006289" lat="40.4742797" lon="-3.7009177">
  <tag k="amenity" v="bench"/>
 </node>
 <node id="13938619841" visible="true" version="1" changeset="184099977" timestamp="2026-06-14T15:39:33Z" user="Diegatus" uid="21006289" lat="40.4749873" lon="-3.7020492"/>
 <node id="13938619842" visible="true" version="1" changeset="184099977" timestamp="2026-06-14T15:39:33Z" user="Diegatus" uid="21006289" lat="40.4760360" lon="-3.7019982"/>
 <node id="13938619843" visible="true" version="1" changeset="184099977" timestamp="2026-06-14T15:39:33Z" user="Diegatus" uid="21006289" lat="40.4770459" lon="-3.7019097"/>
 <node id="13938619844" visible="true" version="1" changeset="184099977" timestamp="2026-06-14T15:39:33Z" user="Diegatus" uid="21006289" lat="40.4775989" lon="-3.7016200"/>
 <node id="13938619845" visible="true" version="1" changeset="184099977" timestamp="2026-06-14T15:39:33Z" user="Diegatus" uid="21006289" lat="40.4779477" lon="-3.7012981"/>
 <node id="13938619846" visible="true" version="1" changeset="184099977" timestamp="2026-06-14T15:39:33Z" user="Diegatus" uid="21006289" lat="40.4790363" lon="-3.6993544"/>
 <way id="4320912" visible="true" version="13" changeset="172487306" timestamp="2025-09-26T13:54:33Z" user="Marzal" uid="9166353">
  <nd ref="31416718"/>
  <nd ref="1223838109"/>
  <nd ref="1223838129"/>
  <nd ref="26235029"/>
  <tag k="cycleway:right" v="no"/>
  <tag k="foot" v="no"/>
  <tag k="highway" v="primary"/>
  <tag k="lanes" v="3"/>
  <tag k="lit" v="yes"/>
  <tag k="maxspeed" v="50"/>
  <tag k="name" v="Calle de Sinesio Delgado"/>
  <tag k="oneway" v="yes"/>
  <tag k="postal_code" v="28029"/>
  <tag k="surface" v="asphalt"/>
 </way>
 <way id="4322304" visible="true" version="28" changeset="181642100" timestamp="2026-04-21T19:06:56Z" user="Diegatus" uid="21006289">
  <nd ref="26261891"/>
  <nd ref="26261894"/>
  <nd ref="3867879870"/>
  <nd ref="26261895"/>
  <nd ref="26261897"/>
  <nd ref="5296629447"/>
  <nd ref="7248495166"/>
  <nd ref="26261906"/>
  <nd ref="26261907"/>
  <nd ref="5296629450"/>
  <nd ref="5632898931"/>
  <nd ref="5296629449"/>
  <nd ref="5296629448"/>
  <nd ref="5632898928"/>
  <nd ref="5584395401"/>
  <nd ref="5698030187"/>
  <nd ref="5698030186"/>
  <nd ref="5632898852"/>
  <nd ref="5265015172"/>
  <nd ref="5265015173"/>
  <nd ref="5265015174"/>
  <nd ref="5265015163"/>
  <nd ref="5632898851"/>
  <nd ref="5265015162"/>
  <nd ref="26261935"/>
  <nd ref="3961357704"/>
  <nd ref="5296640878"/>
  <nd ref="3961357703"/>
  <nd ref="26261936"/>
  <nd ref="26261937"/>
  <nd ref="5264967403"/>
  <nd ref="26261938"/>
  <nd ref="418328171"/>
  <nd ref="26261988"/>
  <nd ref="418328169"/>
  <nd ref="5647110229"/>
  <nd ref="5296650356"/>
  <nd ref="26261990"/>
  <nd ref="5296650355"/>
  <nd ref="26262006"/>
  <nd ref="3538922052"/>
  <nd ref="26233607"/>
  <nd ref="3538922050"/>
  <nd ref="3538922051"/>
  <nd ref="13750253941"/>
  <nd ref="26233606"/>
  <nd ref="26233605"/>
  <nd ref="3538922049"/>
  <nd ref="26233604"/>
  <nd ref="26233663"/>
  <nd ref="26233662"/>
  <nd ref="26233661"/>
  <nd ref="26233603"/>
  <nd ref="26233601"/>
  <nd ref="26233597"/>
  <nd ref="26233598"/>
  <nd ref="26233599"/>
  <nd ref="26233600"/>
  <nd ref="2048646987"/>
  <nd ref="2048646985"/>
  <nd ref="10177204713"/>
  <nd ref="10177204712"/>
  <nd ref="10177247823"/>
  <nd ref="10177204716"/>
  <nd ref="10177204715"/>
  <nd ref="26233640"/>
  <nd ref="12550872052"/>
  <nd ref="26233647"/>
  <nd ref="26233649"/>
  <nd ref="26233650"/>
  <nd ref="3538922000"/>
  <nd ref="3538921999"/>
  <nd ref="3538922001"/>
  <nd ref="26233651"/>
  <nd ref="26261815"/>
  <nd ref="3961357977"/>
  <nd ref="26261822"/>
  <nd ref="4301188706"/>
  <nd ref="26261829"/>
  <nd ref="3538921998"/>
  <nd ref="26261834"/>
  <nd ref="26261845"/>
  <nd ref="26261852"/>
  <nd ref="3961357735"/>
  <nd ref="26261857"/>
  <nd ref="26261865"/>
  <nd ref="3961357753"/>
  <nd ref="5292588122"/>
  <nd ref="26261868"/>
  <nd ref="26261879"/>
  <nd ref="26261880"/>
  <nd ref="26261882"/>
  <nd ref="3961357736"/>
  <nd ref="3961357738"/>
  <nd ref="13750253807"/>
  <nd ref="26261885"/>
  <nd ref="26261886"/>
  <nd ref="5632898895"/>
  <nd ref="26261888"/>
  <nd ref="5632898894"/>
  <nd ref="26261889"/>
  <nd ref="5632898893"/>
  <nd ref="26261890"/>
  <nd ref="26261891"/>
  <tag k="leisure" v="park"/>
  <tag k="name" v="Parque de La Ventilla"/>
  <tag k="wikidata" v="Q24021412"/>
 </way>
 <way id="4683270" visible="true" version="12" changeset="146143994" timestamp="2024-01-11T13:47:37Z" user="Barrunterio" uid="17808034">
  <nd ref="26204781"/>
  <nd ref="11508590025"/>
  <nd ref="3014465479"/>
  <nd ref="2502789779"/>
  <nd ref="26204782"/>
  <nd ref="4322012404"/>
  <nd ref="7989244044"/>
  <nd ref="26204783"/>
  <nd ref="11508593188"/>
  <nd ref="11508593175"/>
  <nd ref="11508593187"/>
  <nd ref="26204784"/>
  <tag k="highway" v="residential"/>
  <tag k="lanes" v="2"/>
  <tag k="lanes:backward" v="1"/>
  <tag k="lanes:forward" v="1"/>
  <tag k="lit" v="yes"/>
  <tag k="name" v="Calle de Villa de Marín"/>
  <tag k="oneway" v="no"/>
  <tag k="postal_code" v="28029"/>
  <tag k="sidewalk" v="both"/>
  <tag k="surface" v="asphalt"/>
 </way>
 <way id="4869722" visible="true" version="5" changeset="146143994" timestamp="2024-01-11T13:47:37Z" user="Barrunterio" uid="17808034">
  <nd ref="31436643"/>
  <nd ref="11508589984"/>
  <nd ref="1403129657"/>
  <nd ref="31436645"/>
  <nd ref="31436711"/>
  <nd ref="11508593092"/>
  <nd ref="11508590013"/>
  <nd ref="11508593091"/>
  <nd ref="31436646"/>
  <nd ref="11508590011"/>
  <nd ref="11508590014"/>
  <nd ref="11508593096"/>
  <nd ref="11508593095"/>
  <nd ref="2911885987"/>
  <nd ref="2911885997"/>
  <nd ref="2911886000"/>
  <nd ref="11508590005"/>
  <nd ref="11508589997"/>
  <nd ref="11508589995"/>
  <nd ref="11508589993"/>
  <nd ref="11508590008"/>
  <nd ref="11508589989"/>
  <nd ref="11508589988"/>
  <nd ref="11508590009"/>
  <nd ref="31436650"/>
  <nd ref="31436651"/>
  <nd ref="2911886805"/>
  <nd ref="2911886806"/>
  <nd ref="2911886803"/>
  <nd ref="31436643"/>
  <tag k="leisure" v="park"/>
  <tag k="name" v="Canal Bajo de Madrid"/>
  <tag k="operator" v="Canal de Isabel II"/>
  <tag k="wikidata" v="Q5746538"/>
  <tag k="wikipedia" v="es:Canal Bajo de Madrid"/>
 </way>
 <way id="4917489" visible="true" version="6" changeset="146105579" timestamp="2024-01-10T14:03:05Z" user="Hugoren Martinako" uid="3392826">
  <nd ref="3321769946"/>
  <nd ref="32205855"/>
  <nd ref="32205856"/>
  <nd ref="3495793644"/>
  <nd ref="32205857"/>
  <nd ref="32205858"/>
  <nd ref="8354346982"/>
  <tag k="highway" v="footway"/>
 </way>
 <way id="7712470" visible="true" version="13" changeset="146143994" timestamp="2024-01-11T13:47:37Z" user="Barrunterio" uid="17808034">
  <nd ref="25687305"/>
  <nd ref="11508590043"/>
  <nd ref="307964945"/>
  <nd ref="11508590027"/>
  <nd ref="25904570"/>
  <tag k="highway" v="secondary"/>
  <tag k="lanes" v="2"/>
  <tag k="lit" v="yes"/>
  <tag k="maxspeed" v="50"/>
  <tag k="name" v="Calle de Ginzo de Limia"/>
  <tag k="oneway" v="yes"/>
  <tag k="postal_code" v="28029"/>
  <tag k="surface" v="asphalt"/>
 </way>
 <way id="16099654" visible="true" version="13" changeset="146143994" timestamp="2024-01-11T13:47:37Z" user="Barrunterio" uid="17808034">
  <nd ref="25587454"/>
  <nd ref="3581884543"/>
  <nd ref="25904569"/>
  <tag k="highway" v="residential"/>
  <tag k="lanes" v="1"/>
  <tag k="name" v="Avenida de El Ferrol"/>
  <tag k="oneway" v="yes"/>
  <tag k="postal_code" v="28029"/>
  <tag k="surface" v="asphalt"/>
 </way>
 <way id="16099695" visible="true" version="14" changeset="130106510" timestamp="2022-12-15T09:47:37Z" user="sbelemey" uid="10398649">
  <nd ref="26204781"/>
  <nd ref="2741615166"/>
  <nd ref="2741615167"/>
  <tag k="highway" v="residential"/>
  <tag k="lanes" v="1"/>
  <tag k="name" v="Calle de Villa de Marín"/>
  <tag k="oneway" v="yes"/>
  <tag k="postal_code" v="28029"/>
  <tag k="surface" v="asphalt"/>
 </way>
 <way id="26276818" visible="true" version="12" changeset="146143994" timestamp="2024-01-11T13:47:37Z" user="Barrunterio" uid="17808034">
  <nd ref="25904569"/>
  <nd ref="11508590044"/>
  <nd ref="307964946"/>
  <nd ref="8440634380"/>
  <nd ref="25687306"/>
  <tag k="highway" v="secondary"/>
  <tag k="lanes" v="2"/>
  <tag k="lit" v="yes"/>
  <tag k="maxspeed" v="50"/>
  <tag k="name" v="Calle de Ginzo de Limia"/>
  <tag k="oneway" v="yes"/>
  <tag k="postal_code" v="28029"/>
  <tag k="surface" v="asphalt"/>
 </way>
 <way id="26276837" visible="true" version="11" changeset="146143994" timestamp="2024-01-11T13:47:37Z" user="Barrunterio" uid="17808034">
  <nd ref="25904570"/>
  <nd ref="1987876781"/>
  <nd ref="2741615169"/>
  <nd ref="26204781"/>
  <tag k="highway" v="residential"/>
  <tag k="lanes" v="1"/>
  <tag k="name" v="Calle de Villa de Marín"/>
  <tag k="oneway" v="yes"/>
  <tag k="postal_code" v="28029"/>
  <tag k="surface" v="asphalt"/>
 </way>
 <way id="26276840" visible="true" version="27" changeset="177698616" timestamp="2026-01-25T21:13:31Z" user="KingValid04" uid="13902688">
  <nd ref="8459194144"/>
  <nd ref="9848559754"/>
  <nd ref="6681300091"/>
  <nd ref="2631395322"/>
  <nd ref="3595455686"/>
  <nd ref="25904621"/>
  <nd ref="3889026591"/>
  <nd ref="8459194143"/>
  <nd ref="2566251647"/>
  <nd ref="2674591399"/>
  <nd ref="26202518"/>
  <tag k="highway" v="secondary"/>
  <tag k="lanes" v="2"/>
  <tag k="lit" v="yes"/>
  <tag k="maxspeed" v="50"/>
  <tag k="name" v="Calle de Ginzo de Limia"/>
  <tag k="name:etymology:wikidata" v="Q918637"/>
  <tag k="oneway" v="yes"/>
  <tag k="postal_code" v="28029"/>
  <tag k="surface" v="asphalt"/>
 </way>
 <way id="26276842" visible="true" version="18" changeset="176860297" timestamp="2026-01-05T12:49:48Z" user="Tingas" uid="22182237">
  <nd ref="25904569"/>
  <nd ref="10246298843"/>
  <nd ref="4322012396"/>
  <nd ref="11508590026"/>
  <nd ref="10246298844"/>
  <nd ref="25904570"/>
  <tag k="highway" v="secondary"/>
  <tag k="junction" v="circular"/>
  <tag k="lanes" v="2"/>
  <tag k="maxspeed" v="50"/>
  <tag k="name" v="Plaza de Mondoñedo"/>
  <tag k="postal_code" v="28029"/>
  <tag k="surface" v="asphalt"/>
 </way>
 <way id="26276843" visible="true" version="9" changeset="146143994" timestamp="2024-01-11T13:47:37Z" user="Barrunterio" uid="17808034">
  <nd ref="10264584390"/>
  <nd ref="3581884544"/>
  <nd ref="11508590029"/>
  <nd ref="25587454"/>
  <tag k="highway" v="residential"/>
  <tag k="lanes" v="1"/>
  <tag k="name" v="Avenida de El Ferrol"/>
  <tag k="oneway" v="yes"/>
  <tag k="postal_code" v="28029"/>
  <tag k="surface" v="asphalt"/>
 </way>
 <way id="32029760" visible="true" version="17" changeset="143321462" timestamp="2023-10-29T17:02:34Z" user="polkillas" uid="42055">
  <nd ref="25687304"/>
  <nd ref="2542462585"/>
  <nd ref="25687303"/>
  <nd ref="2542462583"/>
  <nd ref="1984004475"/>
  <tag k="foot" v="no"/>
  <tag k="highway" v="secondary"/>
  <tag k="junction" v="circular"/>
  <tag k="lanes" v="4"/>
  <tag k="lit" v="yes"/>
  <tag k="maxspeed" v="50"/>
  <tag k="name" v="Calle de Sinesio Delgado"/>
  <tag k="oneway" v="yes"/>
  <tag k="postal_code" v="28029"/>
  <tag k="surface" v="asphalt"/>
 </way>
 <way id="32029761" visible="true" version="11" changeset="143321462" timestamp="2023-10-29T17:02:27Z" user="polkillas" uid="42055">
  <nd ref="25549871"/>
  <nd ref="1223838128"/>
  <nd ref="2508899779"/>
  <nd ref="1984004475"/>
  <tag k="destination" v="Hospital La Paz;Paseo de la Castellana"/>
  <tag k="foot" v="no"/>
  <tag k="highway" v="primary"/>
  <tag k="lanes" v="3"/>
  <tag k="lit" v="yes"/>
  <tag k="maxspeed" v="50"/>
  <tag k="name" v="Calle de Sinesio Delgado"/>
  <tag k="oneway" v="yes"/>
  <tag k="postal_code" v="28029"/>
  <tag k="surface" v="asphalt"/>
 </way>
 <way id="44717087" visible="true" version="8" changeset="104589009" timestamp="2021-05-12T17:55:07Z" user="Luiyo" uid="316694">
  <nd ref="567341014"/>
  <nd ref="307964994"/>
  <nd ref="3321769938"/>
  <nd ref="3321769945"/>
  <tag k="highway" v="service"/>
  <tag k="lanes" v="1"/>
  <tag k="oneway" v="no"/>
  <tag k="surface" v="asphalt"/>
 </way>
 <way id="45661767" visible="true" version="6" changeset="179708996" timestamp="2026-03-11T15:21:49Z" user="Hugoren Martinako" uid="3392826">
  <nd ref="31416718"/>
  <nd ref="13386459356"/>
  <nd ref="13386459355"/>
  <nd ref="13386459354"/>
  <nd ref="13386459353"/>
  <nd ref="13386459352"/>
  <nd ref="13386459351"/>
  <nd ref="13386459350"/>
  <nd ref="13386459349"/>
  <nd ref="13386459348"/>
  <nd ref="13386459347"/>
  <nd ref="13386459346"/>
  <nd ref="13386459345"/>
  <nd ref="13386459344"/>
  <nd ref="13386459343"/>
  <nd ref="13386459342"/>
  <nd ref="13386459341"/>
  <nd ref="13386459340"/>
  <nd ref="13386459339"/>
  <nd ref="13386459338"/>
  <nd ref="13386459337"/>
  <nd ref="13386459336"/>
  <nd ref="13386459335"/>
  <nd ref="13386459334"/>
  <nd ref="13386459333"/>
  <nd ref="13386459332"/>
  <nd ref="13386459331"/>
  <nd ref="13386459330"/>
  <nd ref="13386459329"/>
  <nd ref="13386459328"/>
  <nd ref="13386459327"/>
  <nd ref="13386459326"/>
  <nd ref="25549899"/>
  <nd ref="581300452"/>
  <nd ref="581300454"/>
  <nd ref="7177219784"/>
  <nd ref="581300453"/>
  <nd ref="7177232685"/>
  <nd ref="581300456"/>
  <nd ref="7177232686"/>
  <nd ref="7177232687"/>
  <nd ref="7177232688"/>
  <nd ref="7177232689"/>
  <nd ref="7177232691"/>
 </way>
 <way id="45695070" visible="true" version="15" changeset="143321462" timestamp="2023-10-29T17:02:29Z" user="polkillas" uid="42055">
  <nd ref="31416718"/>
  <nd ref="1223838093"/>
  <nd ref="2542462588"/>
  <nd ref="25687305"/>
  <tag k="foot" v="no"/>
  <tag k="highway" v="secondary"/>
  <tag k="junction" v="circular"/>
  <tag k="lanes" v="4"/>
  <tag k="lit" v="yes"/>
  <tag k="maxspeed" v="50"/>
  <tag k="name" v="Calle de Sinesio Delgado"/>
  <tag k="oneway" v="yes"/>
  <tag k="postal_code" v="28029"/>
  <tag k="surface" v="asphalt"/>
 </way>
 <way id="106346011" visible="true" version="3" changeset="146143994" timestamp="2024-01-11T13:47:37Z" user="Barrunterio" uid="17808034">
  <nd ref="11508590048"/>
  <nd ref="307964945"/>
  <nd ref="11508590047"/>
  <tag k="crossing" v="traffic_signals"/>
  <tag k="crossing:island" v="yes"/>
  <tag k="crossing:markings" v="dots"/>
  <tag k="footway" v="crossing"/>
  <tag k="highway" v="footway"/>
  <tag k="surface" v="asphalt"/>
  <tag k="tactile_paving" v="yes"/>
 </way>
 <way id="126606769" visible="true" version="8" changeset="174984979" timestamp="2025-11-22T11:51:10Z" user="kapazao_import" uid="8770019">
  <nd ref="1403129654"/>
  <nd ref="1403129657"/>
  <nd ref="31436645"/>
  <nd ref="31436711"/>
  <nd ref="1403129654"/>
  <tag k="addr:housenumber" v="2A"/>
  <tag k="addr:street" v="Calle de Ginzo de Limia"/>
  <tag k="amenity" v="school"/>
  <tag k="barrier" v="fence"/>
  <tag k="education" v="school"/>
  <tag k="fence_type" v="metal"/>
  <tag k="name" v="Colegio de Educación Infantil y Primaria Breogán"/>
  <tag k="short_name" v="CEIP Breogán"/>
 </way>
 <way id="131547196" visible="true" version="11" changeset="147101796" timestamp="2024-02-05T17:00:21Z" user="kapazao_import" uid="8770019">
  <nd ref="25905621"/>
  <nd ref="10264584390"/>
  <nd ref="10246298840"/>
  <nd ref="10246298842"/>
  <nd ref="11508590028"/>
  <nd ref="10246298841"/>
  <nd ref="25904569"/>
  <tag k="highway" v="secondary"/>
  <tag k="junction" v="roundabout"/>
  <tag k="lanes" v="2"/>
  <tag k="maxspeed" v="50"/>
  <tag k="name" v="Plaza de Mondoñedo"/>
  <tag k="postal_code" v="28029"/>
  <tag k="surface" v="asphalt"/>
 </way>
 <way id="131547197" visible="true" version="12" changeset="176860297" timestamp="2026-01-05T12:49:48Z" user="Tingas" uid="22182237">
  <nd ref="25904571"/>
  <nd ref="10246298838"/>
  <nd ref="4322012400"/>
  <nd ref="10246298839"/>
  <nd ref="25905621"/>
  <tag k="highway" v="secondary"/>
  <tag k="junction" v="circular"/>
  <tag k="lanes" v="2"/>
  <tag k="maxspeed" v="50"/>
  <tag k="name" v="Plaza de Mondoñedo"/>
  <tag k="postal_code" v="28029"/>
  <tag k="surface" v="asphalt"/>
 </way>
 <way id="131547198" visible="true" version="13" changeset="177698616" timestamp="2026-01-25T21:13:31Z" user="KingValid04" uid="13902688">
  <nd ref="25904570"/>
  <nd ref="10246298845"/>
  <nd ref="11508590024"/>
  <nd ref="10246298846"/>
  <nd ref="2741615167"/>
  <tag k="highway" v="secondary"/>
  <tag k="junction" v="circular"/>
  <tag k="lanes" v="2"/>
  <tag k="maxspeed" v="50"/>
  <tag k="name" v="Plaza de Mondoñedo"/>
  <tag k="postal_code" v="28029"/>
  <tag k="surface" v="asphalt"/>
 </way>
 <way id="131547203" visible="true" version="10" changeset="143321462" timestamp="2023-10-29T17:02:31Z" user="polkillas" uid="42055">
  <nd ref="25687305"/>
  <nd ref="1223838067"/>
  <nd ref="25687306"/>
  <tag k="foot" v="no"/>
  <tag k="highway" v="secondary"/>
  <tag k="junction" v="circular"/>
  <tag k="lanes" v="4"/>
  <tag k="lit" v="yes"/>
  <tag k="maxspeed" v="50"/>
  <tag k="name" v="Calle de Sinesio Delgado"/>
  <tag k="oneway" v="yes"/>
  <tag k="postal_code" v="28029"/>
  <tag k="surface" v="asphalt"/>
 </way>
 <way id="131547204" visible="true" version="15" changeset="143321462" timestamp="2023-10-29T17:03:16Z" user="polkillas" uid="42055">
  <nd ref="25687306"/>
  <nd ref="3595449729"/>
  <nd ref="1223838086"/>
  <nd ref="3595449731"/>
  <nd ref="5633520408"/>
  <nd ref="3595449730"/>
  <nd ref="306497575"/>
  <nd ref="26235029"/>
  <tag k="foot" v="no"/>
  <tag k="highway" v="secondary"/>
  <tag k="junction" v="circular"/>
  <tag k="lanes" v="4"/>
  <tag k="lit" v="yes"/>
  <tag k="maxspeed" v="50"/>
  <tag k="name" v="Calle de Sinesio Delgado"/>
  <tag k="oneway" v="yes"/>
  <tag k="postal_code" v="28029"/>
  <tag k="surface" v="asphalt"/>
  <tag k="turn:lanes" v="left;through|through|through;right|right"/>
 </way>
 <way id="187764246" visible="true" version="17" changeset="148374627" timestamp="2024-03-08T09:29:45Z" user="Barrunterio" uid="17808034">
  <nd ref="1984004475"/>
  <nd ref="1984004481"/>
  <nd ref="1984004515"/>
  <nd ref="1984004503"/>
  <nd ref="1984004530"/>
  <nd ref="3538922009"/>
  <nd ref="3538922010"/>
  <nd ref="1984004495"/>
  <nd ref="3538922008"/>
  <nd ref="3495793678"/>
  <nd ref="3495793679"/>
  <nd ref="1984004518"/>
  <nd ref="10781940783"/>
  <nd ref="1986928819"/>
  <nd ref="3538922007"/>
  <nd ref="3538922005"/>
  <nd ref="3538922006"/>
  <nd ref="1984004499"/>
  <nd ref="3538922004"/>
  <nd ref="3538922002"/>
  <nd ref="3538922003"/>
  <nd ref="1984004472"/>
  <nd ref="1986927636"/>
  <nd ref="1984004524"/>
  <nd ref="1984004508"/>
  <nd ref="1986927631"/>
  <nd ref="1984004487"/>
  <nd ref="1984004525"/>
  <nd ref="5633395995"/>
  <nd ref="1984004512"/>
  <nd ref="1984004493"/>
  <nd ref="1986926569"/>
  <nd ref="1984004489"/>
  <nd ref="1984004534"/>
  <nd ref="1986926570"/>
  <nd ref="1984004497"/>
  <nd ref="1986926556"/>
  <nd ref="1984004477"/>
  <nd ref="1986926571"/>
  <nd ref="1984004485"/>
  <nd ref="1984004532"/>
  <nd ref="1984004522"/>
  <nd ref="1984004505"/>
  <nd ref="1984004483"/>
  <nd ref="1986926559"/>
  <nd ref="1984004501"/>
  <nd ref="2528653037"/>
  <nd ref="8440634381"/>
  <nd ref="3867879872"/>
  <nd ref="3867879871"/>
  <nd ref="1984004538"/>
  <tag k="highway" v="primary"/>
  <tag k="lanes" v="2"/>
  <tag k="lit" v="yes"/>
  <tag k="maxspeed" v="50"/>
  <tag k="name" v="Calle de Sinesio Delgado"/>
  <tag k="oneway" v="yes"/>
  <tag k="postal_code" v="28029"/>
  <tag k="sidewalk:left" v="no"/>
  <tag k="sidewalk:right" v="separate"/>
  <tag k="surface" v="asphalt"/>
 </way>
 <way id="194344096" visible="true" version="10" changeset="162036557" timestamp="2025-02-02T08:26:21Z" user="ShyShark" uid="10335512">
  <nd ref="2048646989"/>
  <nd ref="4908654550"/>
  <nd ref="2048646987"/>
  <nd ref="2048646985"/>
  <nd ref="10177204713"/>
  <nd ref="10177204712"/>
  <nd ref="10177247823"/>
  <nd ref="10177204711"/>
  <nd ref="10177204710"/>
  <nd ref="2048646986"/>
  <nd ref="4908654553"/>
  <nd ref="3321769935"/>
  <nd ref="10177204709"/>
  <nd ref="2048646989"/>
  <tag k="barrier" v="fence"/>
  <tag k="location" v="outdoor"/>
  <tag k="operator" v="Iberdrola"/>
  <tag k="operator:wikidata" v="Q1437502"/>
  <tag k="operator:wikipedia" v="es:Iberdrola"/>
  <tag k="power" v="substation"/>
  <tag k="substation" v="distribution"/>
 </way>
 <way id="233899120" visible="true" version="12" changeset="146143994" timestamp="2024-01-11T13:47:37Z" user="Barrunterio" uid="17808034">
  <nd ref="4417581391"/>
  <nd ref="1223838072"/>
  <nd ref="2422159122"/>
  <nd ref="2422159124"/>
  <nd ref="3960252732"/>
  <nd ref="1223838091"/>
  <nd ref="2422159123"/>
  <nd ref="1223838111"/>
  <nd ref="3576917832"/>
  <nd ref="3576917830"/>
  <nd ref="8463913482"/>
  <nd ref="3576917831"/>
  <nd ref="26233675"/>
  <nd ref="5300818032"/>
  <nd ref="5300818025"/>
  <nd ref="3960252748"/>
  <nd ref="5300818033"/>
  <nd ref="3595449743"/>
  <nd ref="3595449744"/>
  <nd ref="3595449735"/>
  <nd ref="3595449736"/>
  <nd ref="3595449737"/>
  <nd ref="3595449738"/>
  <nd ref="3595449739"/>
  <nd ref="3595449740"/>
  <nd ref="3595449741"/>
  <nd ref="3595449742"/>
  <nd ref="3595449780"/>
  <nd ref="11508590045"/>
  <nd ref="3595449754"/>
  <nd ref="3595449781"/>
  <nd ref="3595449782"/>
  <tag k="footway" v="sidewalk"/>
  <tag k="highway" v="footway"/>
  <tag k="smoothness" v="good"/>
  <tag k="surface" v="paving_stones"/>
 </way>
 <way id="242826280" visible="true" version="1" changeset="18450927" timestamp="2013-10-20T13:01:28Z" user="Diego Esteban Alonso Blas" uid="699830">
  <nd ref="2502789768"/>
  <nd ref="2502789769"/>
  <nd ref="2502789770"/>
  <nd ref="2502789771"/>
  <nd ref="2502789772"/>
  <nd ref="2502789773"/>
  <nd ref="2502789768"/>
  <tag k="leisure" v="garden"/>
 </way>
 <way id="242826281" visible="true" version="3" changeset="85787853" timestamp="2020-05-26T18:57:43Z" user="Hugoren Martinako" uid="3392826">
  <nd ref="2502789774"/>
  <nd ref="2502789775"/>
  <nd ref="2502789776"/>
  <nd ref="2502789777"/>
  <nd ref="2502789774"/>
  <tag k="access" v="private"/>
  <tag k="amenity" v="parking"/>
  <tag k="parking" v="surface"/>
 </way>
 <way id="242826282" visible="true" version="7" changeset="146143994" timestamp="2024-01-11T13:47:37Z" user="Barrunterio" uid="17808034">
  <nd ref="2526029073"/>
  <nd ref="2526029072"/>
  <nd ref="2502789778"/>
  <nd ref="4903985631"/>
  <nd ref="11508593094"/>
  <nd ref="11505989235"/>
  <nd ref="2502789779"/>
  <tag k="highway" v="service"/>
  <tag k="lanes" v="2"/>
  <tag k="oneway" v="no"/>
  <tag k="service" v="driveway"/>
  <tag k="surface" v="asphalt"/>
 </way>
 <way id="242826283" visible="true" version="5" changeset="173105318" timestamp="2025-10-10T17:07:39Z" user="kapazao" uid="7543375">
  <nd ref="2502789791"/>
  <nd ref="2502789780"/>
  <nd ref="3495814557"/>
  <nd ref="2502789781"/>
  <nd ref="2502789782"/>
  <nd ref="2502789784"/>
  <nd ref="2502789791"/>
  <tag k="addr:city" v="Madrid"/>
  <tag k="addr:housenumber" v="3"/>
  <tag k="addr:postcode" v="28029"/>
  <tag k="addr:street" v="Calle de Villa de Marín"/>
  <tag k="building" v="apartments"/>
  <tag k="building:levels" v="15"/>
 </way>
 <way id="245301120" visible="true" version="1" changeset="18798836" timestamp="2013-11-09T13:25:01Z" user="Diego Esteban Alonso Blas" uid="699830">
  <nd ref="2525236873"/>
  <nd ref="2525236875"/>
  <nd ref="2525236877"/>
  <nd ref="2525236879"/>
  <nd ref="2525236881"/>
  <nd ref="2525236883"/>
  <nd ref="2525236885"/>
  <nd ref="2525236887"/>
  <nd ref="2525236889"/>
  <nd ref="2525236890"/>
  <nd ref="2525236892"/>
  <nd ref="2525236894"/>
  <nd ref="2525236896"/>
  <nd ref="2525236898"/>
  <nd ref="2525236900"/>
  <nd ref="2525236873"/>
  <tag k="leisure" v="garden"/>
 </way>
 <way id="245727264" visible="true" version="9" changeset="148374627" timestamp="2024-03-08T09:29:46Z" user="Barrunterio" uid="17808034">
  <nd ref="26204788"/>
  <nd ref="1986928823"/>
  <nd ref="3495793685"/>
  <nd ref="25549884"/>
  <nd ref="3495793684"/>
  <nd ref="3495793682"/>
  <nd ref="3495793683"/>
  <nd ref="26204786"/>
  <nd ref="3495793681"/>
  <nd ref="3495793680"/>
  <nd ref="3495793686"/>
  <nd ref="25549880"/>
  <nd ref="3495793677"/>
  <nd ref="3495793675"/>
  <nd ref="3495793676"/>
  <nd ref="26204785"/>
  <nd ref="3495793669"/>
  <nd ref="3495793668"/>
  <nd ref="3495793670"/>
  <nd ref="1984004816"/>
  <nd ref="1984004506"/>
  <nd ref="3495793674"/>
  <nd ref="3495793672"/>
  <nd ref="3495793673"/>
  <tag k="admin_level" v="9"/>
  <tag k="highway" v="primary"/>
  <tag k="lanes" v="2"/>
  <tag k="lit" v="yes"/>
  <tag k="maxspeed" v="50"/>
  <tag k="name" v="Calle de Sinesio Delgado"/>
  <tag k="oneway" v="yes"/>
  <tag k="postal_code" v="28029"/>
  <tag k="sidewalk:left" v="no"/>
  <tag k="sidewalk:right" v="separate"/>
  <tag k="surface" v="asphalt"/>
 </way>
 <way id="245728301" visible="true" version="12" changeset="177174943" timestamp="2026-01-13T11:16:06Z" user="polkillas" uid="42055">
  <nd ref="25587445"/>
  <nd ref="3595455639"/>
  <nd ref="9848559751"/>
  <nd ref="3595455628"/>
  <nd ref="3595455621"/>
  <nd ref="3595455595"/>
  <nd ref="11508590031"/>
  <nd ref="3595455596"/>
  <nd ref="25905621"/>
  <tag k="highway" v="secondary"/>
  <tag k="lanes" v="1"/>
  <tag k="lit" v="yes"/>
  <tag k="maxspeed" v="40"/>
  <tag k="name" v="Calle de Ginzo de Limia"/>
  <tag k="name:etymology:wikidata" v="Q918637"/>
  <tag k="oneway" v="yes"/>
  <tag k="postal_code" v="28029"/>
  <tag k="surface" v="asphalt"/>
 </way>
 <way id="245728304" visible="true" version="10" changeset="143321462" timestamp="2023-10-29T17:22:58Z" user="polkillas" uid="42055">
  <nd ref="1984004475"/>
  <nd ref="31416718"/>
  <tag k="foot" v="no"/>
  <tag k="highway" v="secondary"/>
  <tag k="junction" v="circular"/>
  <tag k="lanes" v="4"/>
  <tag k="lit" v="yes"/>
  <tag k="maxspeed" v="50"/>
  <tag k="name" v="Calle de Sinesio Delgado"/>
  <tag k="oneway" v="yes"/>
  <tag k="postal_code" v="28029"/>
  <tag k="surface" v="asphalt"/>
 </way>
 <way id="268848495" visible="true" version="1" changeset="21300727" timestamp="2014-03-25T08:31:57Z" user="Diego Esteban Alonso Blas" uid="699830">
  <nd ref="2741615142"/>
  <nd ref="2741615144"/>
  <nd ref="2741615146"/>
  <nd ref="2741615148"/>
  <nd ref="2741615142"/>
  <tag k="leisure" v="garden"/>
 </way>
 <way id="268848496" visible="true" version="1" changeset="21300727" timestamp="2014-03-25T08:31:58Z" user="Diego Esteban Alonso Blas" uid="699830">
  <nd ref="2741615150"/>
  <nd ref="2741615151"/>
  <nd ref="2741615153"/>
  <nd ref="2741615155"/>
  <nd ref="2741615150"/>
  <tag k="leisure" v="garden"/>
 </way>
 <way id="268848497" visible="true" version="2" changeset="146143994" timestamp="2024-01-11T13:47:37Z" user="Barrunterio" uid="17808034">
  <nd ref="2741615157"/>
  <nd ref="2741615159"/>
  <nd ref="2741615162"/>
  <nd ref="2741615164"/>
  <nd ref="2741615157"/>
  <tag k="landuse" v="grass"/>
 </way>
 <way id="269008918" visible="true" version="1" changeset="21312562" timestamp="2014-03-25T20:19:04Z" user="Diego Esteban Alonso Blas" uid="699830">
  <nd ref="2742883378"/>
  <nd ref="2742883380"/>
  <nd ref="2742883381"/>
  <nd ref="2742883382"/>
  <nd ref="2742883378"/>
  <tag k="leisure" v="garden"/>
 </way>
 <way id="269008921" visible="true" version="3" changeset="50732744" timestamp="2017-07-31T20:25:12Z" user="madridsecreto" uid="6386332">
  <nd ref="2742883428"/>
  <nd ref="2742883427"/>
  <nd ref="2742883425"/>
  <nd ref="2742883426"/>
  <nd ref="2742883435"/>
  <nd ref="2741615136"/>
  <nd ref="2742883419"/>
  <nd ref="2742883420"/>
  <nd ref="2742883421"/>
  <nd ref="2742883423"/>
  <nd ref="3595449792"/>
  <nd ref="2742883424"/>
  <nd ref="2742883411"/>
  <nd ref="2742883428"/>
  <tag k="addr:city" v="Madrid"/>
  <tag k="addr:housenumber" v="5"/>
  <tag k="addr:postcode" v="28029"/>
  <tag k="addr:street" v="Avenida de El Ferrol"/>
  <tag k="building" v="apartments"/>
  <tag k="building:levels" v="14"/>
 </way>
 <way id="287201824" visible="true" version="4" changeset="173105335" timestamp="2025-10-10T17:07:53Z" user="kapazao" uid="7543375">
  <nd ref="2502789791"/>
  <nd ref="2502789784"/>
  <nd ref="2502789786"/>
  <nd ref="2502789788"/>
  <nd ref="4903985630"/>
  <nd ref="2502789790"/>
  <nd ref="2502789791"/>
  <tag k="addr:city" v="Madrid"/>
  <tag k="addr:housenumber" v="1"/>
  <tag k="addr:postcode" v="28029"/>
  <tag k="addr:street" v="Calle de Villa de Marín"/>
  <tag k="building" v="apartments"/>
  <tag k="building:levels" v="15"/>
 </way>
 <way id="287201826" visible="true" version="3" changeset="173105335" timestamp="2025-10-10T17:07:53Z" user="kapazao" uid="7543375">
  <nd ref="2908324314"/>
  <nd ref="2908324316"/>
  <nd ref="2908324317"/>
  <nd ref="2908324312"/>
  <nd ref="2908324311"/>
  <nd ref="2908324307"/>
  <nd ref="2908324310"/>
  <nd ref="2908324302"/>
  <nd ref="2908324301"/>
  <nd ref="2908324304"/>
  <nd ref="2908324305"/>
  <nd ref="2908324309"/>
  <nd ref="2908324306"/>
  <nd ref="2908324314"/>
  <tag k="addr:city" v="Madrid"/>
  <tag k="addr:housenumber" v="3"/>
  <tag k="addr:postcode" v="28029"/>
  <tag k="addr:street" v="Calle de Finisterre"/>
  <tag k="building" v="apartments"/>
  <tag k="building:levels" v="12"/>
 </way>
 <way id="287201828" visible="true" version="3" changeset="173105335" timestamp="2025-10-10T17:07:53Z" user="kapazao" uid="7543375">
  <nd ref="2908324313"/>
  <nd ref="2908324314"/>
  <nd ref="2908324316"/>
  <nd ref="2908324324"/>
  <nd ref="2908324322"/>
  <nd ref="2908324326"/>
  <nd ref="2908324328"/>
  <nd ref="2908324334"/>
  <nd ref="2908324332"/>
  <nd ref="2908324330"/>
  <nd ref="2908324321"/>
  <nd ref="2908324323"/>
  <nd ref="2908324319"/>
  <nd ref="2908324318"/>
  <nd ref="2908324313"/>
  <tag k="addr:city" v="Madrid"/>
  <tag k="addr:housenumber" v="5"/>
  <tag k="addr:postcode" v="28029"/>
  <tag k="addr:street" v="Calle de Finisterre"/>
  <tag k="building" v="apartments"/>
  <tag k="building:levels" v="12"/>
 </way>
 <way id="287201830" visible="true" version="3" changeset="173105335" timestamp="2025-10-10T17:07:53Z" user="kapazao" uid="7543375">
  <nd ref="2908324338"/>
  <nd ref="2908324334"/>
  <nd ref="2908324332"/>
  <nd ref="2908324340"/>
  <nd ref="2908324343"/>
  <nd ref="2908324350"/>
  <nd ref="2908324347"/>
  <nd ref="2908324357"/>
  <nd ref="2908324359"/>
  <nd ref="2908324355"/>
  <nd ref="2908324353"/>
  <nd ref="2908324348"/>
  <nd ref="2908324351"/>
  <nd ref="2908324338"/>
  <tag k="addr:city" v="Madrid"/>
  <tag k="addr:housenumber" v="7"/>
  <tag k="addr:postcode" v="28029"/>
  <tag k="addr:street" v="Calle de Finisterre"/>
  <tag k="building" v="apartments"/>
  <tag k="building:levels" v="12"/>
 </way>
 <way id="287201832" visible="true" version="2" changeset="173105335" timestamp="2025-10-10T17:07:53Z" user="kapazao" uid="7543375">
  <nd ref="2908322699"/>
  <nd ref="2908324303"/>
  <nd ref="2908322700"/>
  <nd ref="2908322698"/>
  <nd ref="2908322699"/>
  <tag k="addr:city" v="Madrid"/>
  <tag k="addr:housenumber" v="7"/>
  <tag k="addr:postcode" v="28029"/>
  <tag k="addr:street" v="Calle de Villa de Marín"/>
  <tag k="building" v="commercial"/>
 </way>
 <way id="287596846" visible="true" version="4" changeset="173105335" timestamp="2025-10-10T17:07:53Z" user="kapazao" uid="7543375">
  <nd ref="2502789749"/>
  <nd ref="2502789747"/>
  <nd ref="11508590006"/>
  <nd ref="11508590007"/>
  <nd ref="11508589998"/>
  <nd ref="2502789749"/>
  <tag k="addr:city" v="Madrid"/>
  <tag k="addr:housenumber" v="9"/>
  <tag k="addr:postcode" v="28029"/>
  <tag k="addr:street" v="Calle de Finisterre"/>
  <tag k="building" v="apartments"/>
  <tag k="building:levels" v="12"/>
 </way>
 <way id="287596848" visible="true" version="2" changeset="92314220" timestamp="2020-10-11T21:18:01Z" user="Oscar Antón" uid="410354">
  <nd ref="2911885983"/>
  <nd ref="2911885984"/>
  <nd ref="2911885985"/>
  <nd ref="2911885986"/>
  <nd ref="2911885989"/>
  <nd ref="2911885988"/>
  <nd ref="2911885990"/>
  <nd ref="2911885991"/>
  <nd ref="2911886802"/>
  <nd ref="2911886801"/>
  <nd ref="2911885999"/>
  <nd ref="2911885998"/>
  <nd ref="2911885995"/>
  <nd ref="2911885996"/>
  <nd ref="2911885994"/>
  <nd ref="2911885992"/>
  <nd ref="2911885983"/>
  <tag k="building" v="yes"/>
  <tag k="building:levels" v="3"/>
 </way>
 <way id="297560532" visible="true" version="6" changeset="151091029" timestamp="2024-05-09T09:48:49Z" user="Almázcara Forestal" uid="1747767">
  <nd ref="11508590017"/>
  <nd ref="11508590015"/>
  <nd ref="4322012409"/>
  <nd ref="11508590012"/>
  <nd ref="11508590011"/>
  <nd ref="11508590018"/>
  <nd ref="11505989234"/>
  <tag k="highway" v="footway"/>
  <tag k="surface" v="dirt"/>
 </way>
 <way id="339368906" visible="true" version="1" changeset="30332249" timestamp="2015-04-19T15:22:58Z" user="Diego Esteban Alonso Blas" uid="699830">
  <nd ref="3465561760"/>
  <nd ref="3465561761"/>
  <nd ref="3465561762"/>
  <nd ref="3465561763"/>
  <nd ref="3465561764"/>
  <nd ref="3465561765"/>
  <nd ref="3465561766"/>
  <nd ref="3465561767"/>
  <nd ref="3465561768"/>
  <nd ref="3465561769"/>
  <nd ref="3465561770"/>
  <nd ref="3465561771"/>
  <nd ref="3465561772"/>
  <nd ref="3465561773"/>
  <nd ref="3465561774"/>
  <nd ref="3465561775"/>
  <nd ref="3465561776"/>
  <nd ref="3465561777"/>
  <nd ref="3465561778"/>
  <nd ref="3465561779"/>
  <nd ref="3465561760"/>
  <tag k="leisure" v="garden"/>
 </way>
 <way id="339396869" visible="true" version="1" changeset="30337529" timestamp="2015-04-19T18:12:12Z" user="Diego Esteban Alonso Blas" uid="699830">
  <nd ref="3465867201"/>
  <nd ref="3465867202"/>
  <nd ref="3465867203"/>
  <nd ref="3465867204"/>
  <nd ref="3465867201"/>
  <tag k="leisure" v="garden"/>
 </way>
 <way id="342612760" visible="true" version="6" changeset="144701769" timestamp="2023-12-02T19:27:57Z" user="Barrunterio" uid="17808034">
  <nd ref="2742883386"/>
  <nd ref="3595449734"/>
  <nd ref="3595449755"/>
  <nd ref="3595449782"/>
  <nd ref="3495793639"/>
  <nd ref="25587454"/>
  <nd ref="9848559743"/>
  <nd ref="9848559730"/>
  <nd ref="3595449759"/>
  <nd ref="3595455599"/>
  <nd ref="3595455594"/>
  <nd ref="3495793689"/>
  <nd ref="3595455620"/>
  <nd ref="3595455627"/>
  <nd ref="11390341076"/>
  <nd ref="3595455638"/>
  <nd ref="3495793690"/>
  <nd ref="3495794096"/>
  <nd ref="3495793691"/>
  <nd ref="4635233781"/>
  <tag k="highway" v="footway"/>
  <tag k="surface" v="paving_stones"/>
 </way>
 <way id="342612762" visible="true" version="1" changeset="30759665" timestamp="2015-05-03T20:44:40Z" user="Diego Esteban Alonso Blas" uid="699830">
  <nd ref="3495793640"/>
  <nd ref="3495793641"/>
  <nd ref="3495793642"/>
  <nd ref="3495793643"/>
  <nd ref="3495793640"/>
  <tag k="leisure" v="garden"/>
 </way>
 <way id="342612764" visible="true" version="1" changeset="30759665" timestamp="2015-05-03T20:44:40Z" user="Diego Esteban Alonso Blas" uid="699830">
  <nd ref="3495793645"/>
  <nd ref="3495793646"/>
  <nd ref="3495793647"/>
  <nd ref="3495793648"/>
  <nd ref="3495793649"/>
  <nd ref="3495793650"/>
  <nd ref="3495793651"/>
  <nd ref="3495793652"/>
  <nd ref="3495793653"/>
  <nd ref="3495793654"/>
  <nd ref="3495793655"/>
  <nd ref="3495793656"/>
  <nd ref="3495793657"/>
  <nd ref="3495793658"/>
  <nd ref="3495793659"/>
  <nd ref="3495793660"/>
  <nd ref="3495793661"/>
  <nd ref="3495793662"/>
  <nd ref="3495793663"/>
  <nd ref="3495793664"/>
  <nd ref="3495793665"/>
  <nd ref="3495793666"/>
  <nd ref="3495793667"/>
  <nd ref="3495793645"/>
  <tag k="leisure" v="garden"/>
 </way>
 <way id="342614387" visible="true" version="3" changeset="144701769" timestamp="2023-12-02T19:27:57Z" user="Barrunterio" uid="17808034">
  <nd ref="3495812425"/>
  <nd ref="3495812426"/>
  <nd ref="3495812427"/>
  <nd ref="11390362278"/>
  <nd ref="11390362279"/>
  <nd ref="11390362277"/>
  <nd ref="3495812428"/>
  <nd ref="11390355853"/>
  <nd ref="11390341074"/>
  <nd ref="11390355854"/>
  <nd ref="11390355855"/>
  <nd ref="11390355856"/>
  <nd ref="3495812425"/>
  <tag k="leisure" v="garden"/>
 </way>
 <way id="342614488" visible="true" version="1" changeset="30759935" timestamp="2015-05-03T20:53:46Z" user="Diego Esteban Alonso Blas" uid="699830">
  <nd ref="2502789790"/>
  <nd ref="3495814551"/>
  <nd ref="3495814552"/>
  <nd ref="3495814553"/>
  <nd ref="3495814554"/>
  <nd ref="3495814555"/>
  <nd ref="3495814556"/>
  <nd ref="3495814557"/>
  <nd ref="2502789780"/>
  <nd ref="2502789791"/>
  <nd ref="2502789790"/>
  <tag k="leisure" v="garden"/>
 </way>
 <way id="347648642" visible="true" version="1" changeset="31399959" timestamp="2015-05-23T15:15:50Z" user="Diego Esteban Alonso Blas" uid="699830">
  <nd ref="3538922055"/>
  <nd ref="3538922056"/>
  <nd ref="3538922075"/>
  <nd ref="3538922057"/>
  <nd ref="3538922058"/>
  <nd ref="3538922059"/>
  <nd ref="3538922060"/>
  <nd ref="3538922061"/>
  <nd ref="3538922062"/>
  <nd ref="3538922063"/>
  <nd ref="3538922064"/>
  <nd ref="3538922065"/>
  <nd ref="3538922066"/>
  <nd ref="3538922067"/>
  <nd ref="3538922068"/>
  <nd ref="3538922069"/>
  <nd ref="3538922070"/>
  <nd ref="3538922071"/>
  <nd ref="3538922072"/>
  <nd ref="3538922073"/>
  <nd ref="3538922074"/>
  <nd ref="3538922055"/>
  <tag k="leisure" v="garden"/>
 </way>
 <way id="352402736" visible="true" version="1" changeset="31830466" timestamp="2015-06-08T22:02:16Z" user="Diego Esteban Alonso Blas" uid="699830">
  <nd ref="3581884560"/>
  <nd ref="3581884561"/>
  <nd ref="3581884562"/>
  <nd ref="3581884563"/>
  <nd ref="3581884545"/>
  <nd ref="3581884552"/>
  <nd ref="3581884553"/>
  <nd ref="3581884546"/>
  <nd ref="3581884554"/>
  <nd ref="3581884550"/>
  <nd ref="3581884558"/>
  <nd ref="3581884559"/>
  <nd ref="3581884555"/>
  <nd ref="3581884547"/>
  <nd ref="3581884556"/>
  <nd ref="3581884551"/>
  <nd ref="3581884548"/>
  <nd ref="3581884557"/>
  <nd ref="3581884549"/>
  <nd ref="3581884560"/>
  <tag k="leisure" v="garden"/>
 </way>
 <way id="353728822" visible="true" version="2" changeset="50660563" timestamp="2017-07-28T22:18:08Z" user="madridsecreto" uid="6386332">
  <nd ref="3595449732"/>
  <nd ref="3595449733"/>
  <nd ref="3595449734"/>
  <nd ref="3595449742"/>
  <tag k="highway" v="footway"/>
  <tag k="surface" v="paved"/>
 </way>
 <way id="353728823" visible="true" version="1" changeset="31973179" timestamp="2015-06-15T00:13:44Z" user="Diego Esteban Alonso Blas" uid="699830">
  <nd ref="3595449745"/>
  <nd ref="3595449746"/>
  <nd ref="3595449747"/>
  <nd ref="3595449748"/>
  <nd ref="3595449788"/>
  <nd ref="3595449749"/>
  <nd ref="3595449789"/>
  <nd ref="3595449750"/>
  <nd ref="3595449787"/>
  <nd ref="3595449751"/>
  <nd ref="3595449752"/>
  <nd ref="3595449753"/>
  <nd ref="3595449745"/>
  <tag k="leisure" v="garden"/>
 </way>
 <way id="353728824" visible="true" version="2" changeset="50660563" timestamp="2017-07-28T22:18:08Z" user="madridsecreto" uid="6386332">
  <nd ref="3595449754"/>
  <nd ref="3595449755"/>
  <nd ref="3595449732"/>
  <nd ref="3595449756"/>
  <nd ref="3595449757"/>
  <tag k="highway" v="footway"/>
  <tag k="surface" v="paved"/>
 </way>
 <way id="353728825" visible="true" version="1" changeset="31973179" timestamp="2015-06-15T00:13:44Z" user="Diego Esteban Alonso Blas" uid="699830">
  <nd ref="3595449775"/>
  <nd ref="3595449776"/>
  <nd ref="3595449777"/>
  <nd ref="3595449778"/>
  <nd ref="3595449760"/>
  <nd ref="3595449761"/>
  <nd ref="3595449762"/>
  <nd ref="3595449763"/>
  <nd ref="3595449764"/>
  <nd ref="3595449765"/>
  <nd ref="3595449766"/>
  <nd ref="3595449774"/>
  <nd ref="3595449767"/>
  <nd ref="3595449768"/>
  <nd ref="3595449769"/>
  <nd ref="3595449770"/>
  <nd ref="3595449771"/>
  <nd ref="3595449772"/>
  <nd ref="3595449773"/>
  <nd ref="3595449775"/>
  <tag k="leisure" v="garden"/>
 </way>
 <way id="353728826" visible="true" version="1" changeset="31973179" timestamp="2015-06-15T00:13:44Z" user="Diego Esteban Alonso Blas" uid="699830">
  <nd ref="3595449783"/>
  <nd ref="3595449784"/>
  <nd ref="3595449785"/>
  <nd ref="3595449786"/>
  <nd ref="3595449783"/>
  <tag k="leisure" v="garden"/>
 </way>
 <way id="353728827" visible="true" version="1" changeset="31973179" timestamp="2015-06-15T00:13:44Z" user="Diego Esteban Alonso Blas" uid="699830">
  <nd ref="3595449790"/>
  <nd ref="3595449791"/>
  <nd ref="3595449792"/>
  <nd ref="2742883424"/>
  <nd ref="2742883411"/>
  <nd ref="3595449790"/>
  <tag k="leisure" v="garden"/>
 </way>
 <way id="353728828" visible="true" version="3" changeset="122876855" timestamp="2022-06-26T18:02:30Z" user="polkillas" uid="42055">
  <nd ref="3595455593"/>
  <nd ref="3595455613"/>
  <nd ref="3595455594"/>
  <nd ref="9848559741"/>
  <nd ref="3595455595"/>
  <tag k="highway" v="footway"/>
  <tag k="surface" v="paved"/>
 </way>
 <way id="353728829" visible="true" version="7" changeset="146143994" timestamp="2024-01-11T13:47:37Z" user="Barrunterio" uid="17808034">
  <nd ref="5648082176"/>
  <nd ref="3595455598"/>
  <tag k="highway" v="footway"/>
  <tag k="surface" v="paving_stones"/>
 </way>
 <way id="353728830" visible="true" version="1" changeset="31973179" timestamp="2015-06-15T00:13:45Z" user="Diego Esteban Alonso Blas" uid="699830">
  <nd ref="3595455600"/>
  <nd ref="3595455601"/>
  <nd ref="3595455602"/>
  <nd ref="3595455603"/>
  <nd ref="3595455600"/>
  <tag k="leisure" v="garden"/>
 </way>
 <way id="353728844" visible="true" version="2" changeset="115714810" timestamp="2022-01-03T14:41:54Z" user="Cuenqui" uid="3649461">
  <nd ref="3595455646"/>
  <nd ref="3595455647"/>
  <nd ref="3595455648"/>
  <nd ref="3595455659"/>
  <nd ref="3595455649"/>
  <nd ref="3595455650"/>
  <nd ref="3595455652"/>
  <nd ref="3595455653"/>
  <nd ref="3595455654"/>
  <nd ref="3595455655"/>
  <nd ref="3595455656"/>
  <nd ref="3595455657"/>
  <nd ref="3595455658"/>
  <nd ref="3595455646"/>
  <tag k="leisure" v="garden"/>
 </way>
 <way id="353728850" visible="true" version="4" changeset="146143994" timestamp="2024-01-11T13:47:37Z" user="Barrunterio" uid="17808034">
  <nd ref="5648082164"/>
  <nd ref="3595455598"/>
  <nd ref="3595455691"/>
  <nd ref="5648082177"/>
  <nd ref="3595455690"/>
  <nd ref="3595455689"/>
  <nd ref="3595455688"/>
  <nd ref="5648082180"/>
  <nd ref="5648082179"/>
  <tag k="highway" v="footway"/>
  <tag k="surface" v="paving_stones"/>
 </way>
 <way id="353728851" visible="true" version="1" changeset="31973179" timestamp="2015-06-15T00:13:46Z" user="Diego Esteban Alonso Blas" uid="699830">
  <nd ref="3595455692"/>
  <nd ref="3595455693"/>
  <nd ref="3595455694"/>
  <nd ref="3595455695"/>
  <nd ref="3595455692"/>
  <tag k="leisure" v="garden"/>
 </way>
 <way id="392830758" visible="true" version="25" changeset="181642100" timestamp="2026-04-21T19:06:56Z" user="Diegatus" uid="21006289">
  <nd ref="3961357702"/>
  <nd ref="13750253690"/>
  <nd ref="5265015162"/>
  <nd ref="3961357698"/>
  <nd ref="8467912642"/>
  <nd ref="5584395401"/>
  <nd ref="5632898828"/>
  <nd ref="5632898827"/>
  <nd ref="5632898928"/>
  <nd ref="5296629448"/>
  <nd ref="3961357684"/>
  <nd ref="5296629449"/>
  <nd ref="3961357680"/>
  <nd ref="3961357681"/>
  <nd ref="5296629450"/>
  <nd ref="26261907"/>
  <nd ref="3961357688"/>
  <nd ref="26261906"/>
  <nd ref="3961357709"/>
  <nd ref="13428612427"/>
  <nd ref="3961357712"/>
  <nd ref="3961357719"/>
  <nd ref="3961357722"/>
  <nd ref="3961357733"/>
  <nd ref="3961357743"/>
  <nd ref="3961357754"/>
  <nd ref="3961357756"/>
  <nd ref="3961357957"/>
  <nd ref="3961357749"/>
  <nd ref="3961357742"/>
  <nd ref="3961357730"/>
  <nd ref="3961357726"/>
  <nd ref="3961357725"/>
  <nd ref="3961357724"/>
  <nd ref="3961357727"/>
  <nd ref="3961357732"/>
  <nd ref="3961357740"/>
  <nd ref="4301188700"/>
  <nd ref="3961357750"/>
  <nd ref="4301188703"/>
  <nd ref="3961357958"/>
  <nd ref="3961357961"/>
  <nd ref="3961357963"/>
  <nd ref="3961357962"/>
  <nd ref="3961357745"/>
  <nd ref="26261885"/>
  <nd ref="13750253807"/>
  <nd ref="3961357738"/>
  <nd ref="3961357736"/>
  <nd ref="26261882"/>
  <nd ref="3961357752"/>
  <nd ref="3961357966"/>
  <nd ref="3961357970"/>
  <nd ref="3961357972"/>
  <nd ref="26261868"/>
  <nd ref="3961357968"/>
  <nd ref="5292588122"/>
  <nd ref="4301188704"/>
  <nd ref="3961357753"/>
  <nd ref="26261865"/>
  <nd ref="3961357739"/>
  <nd ref="26261857"/>
  <nd ref="3961357735"/>
  <nd ref="3961357734"/>
  <nd ref="5633395993"/>
  <nd ref="26261852"/>
  <nd ref="5265015129"/>
  <nd ref="3961357737"/>
  <nd ref="26261845"/>
  <nd ref="3961357746"/>
  <nd ref="5734116158"/>
  <nd ref="3961357755"/>
  <nd ref="3961357960"/>
  <nd ref="3961357974"/>
  <nd ref="3961357979"/>
  <nd ref="3961357983"/>
  <nd ref="3961357985"/>
  <nd ref="3961357988"/>
  <nd ref="3961357990"/>
  <nd ref="3961357991"/>
  <nd ref="3961357989"/>
  <nd ref="5265015155"/>
  <nd ref="3961357987"/>
  <nd ref="3961357984"/>
  <nd ref="3961357981"/>
  <nd ref="10781940784"/>
  <nd ref="3961357980"/>
  <nd ref="10781940788"/>
  <nd ref="3961357976"/>
  <nd ref="12550872061"/>
  <nd ref="3961357975"/>
  <nd ref="3961357969"/>
  <nd ref="3961357964"/>
  <nd ref="3961357959"/>
  <nd ref="3961357744"/>
  <nd ref="3961357729"/>
  <nd ref="3961357711"/>
  <nd ref="3961357708"/>
  <nd ref="3143860738"/>
  <nd ref="3961357706"/>
  <nd ref="3143860736"/>
  <nd ref="3961357705"/>
  <nd ref="3960252744"/>
  <nd ref="3961357674"/>
  <nd ref="3961357662"/>
  <nd ref="3961357661"/>
  <nd ref="3961357657"/>
  <nd ref="3961357658"/>
  <nd ref="3961357660"/>
  <tag k="footway" v="sidewalk"/>
  <tag k="highway" v="footway"/>
  <tag k="lit" v="yes"/>
  <tag k="surface" v="paving_stones"/>
 </way>
 <way id="392947681" visible="true" version="2" changeset="123244981" timestamp="2022-07-05T17:44:26Z" user="ShyShark" uid="10335512">
  <nd ref="9868716460"/>
  <nd ref="9868716459"/>
  <nd ref="9868716458"/>
  <nd ref="9868716457"/>
  <nd ref="9868716456"/>
  <nd ref="3961357728"/>
  <nd ref="3961357716"/>
  <nd ref="3961357710"/>
  <nd ref="3961357707"/>
  <nd ref="3961357699"/>
  <nd ref="3538922046"/>
  <nd ref="3538922048"/>
  <nd ref="3538922047"/>
  <nd ref="3538922043"/>
  <tag k="barrier" v="retaining_wall"/>
 </way>
 <way id="392947683" visible="true" version="8" changeset="146143994" timestamp="2024-01-11T13:47:37Z" user="Barrunterio" uid="17808034">
  <nd ref="32205863"/>
  <nd ref="11508593184"/>
  <nd ref="11508593185"/>
  <nd ref="11508593186"/>
  <nd ref="8354346982"/>
  <nd ref="3961358002"/>
  <nd ref="3961357999"/>
  <nd ref="11508593183"/>
  <nd ref="3961357997"/>
  <nd ref="3961358000"/>
  <nd ref="3961357998"/>
  <nd ref="3961357996"/>
  <nd ref="3961357995"/>
  <nd ref="4322012405"/>
  <nd ref="3961357994"/>
  <nd ref="3961357993"/>
  <nd ref="3961357992"/>
  <nd ref="3961357986"/>
  <nd ref="3961357982"/>
  <nd ref="3961357978"/>
  <nd ref="3961357973"/>
  <nd ref="3961357965"/>
  <nd ref="3961357751"/>
  <nd ref="3961357731"/>
  <nd ref="3961357720"/>
  <nd ref="3961357717"/>
  <nd ref="3961357714"/>
  <nd ref="3961357713"/>
  <nd ref="3961357715"/>
  <nd ref="3961357718"/>
  <nd ref="3961357721"/>
  <nd ref="3961357723"/>
  <nd ref="4322012393"/>
  <nd ref="4322012394"/>
  <nd ref="4322012395"/>
  <nd ref="4322012397"/>
  <nd ref="4322012398"/>
  <nd ref="26233590"/>
  <nd ref="4322012399"/>
  <nd ref="4322012401"/>
  <nd ref="4322012402"/>
  <nd ref="4322012406"/>
  <nd ref="4322012407"/>
  <nd ref="5265028363"/>
  <nd ref="4322012410"/>
  <nd ref="32205863"/>
  <tag k="footway" v="sidewalk"/>
  <tag k="highway" v="footway"/>
  <tag k="lit" v="yes"/>
  <tag k="surface" v="paving_stones"/>
 </way>
 <way id="392947686" visible="true" version="3" changeset="143321462" timestamp="2023-10-29T17:04:27Z" user="polkillas" uid="42055">
  <nd ref="3961357711"/>
  <nd ref="1984004515"/>
  <nd ref="1223838123"/>
  <nd ref="3961357720"/>
  <nd ref="26233586"/>
  <tag k="highway" v="footway"/>
  <tag k="lit" v="yes"/>
  <tag k="surface" v="asphalt"/>
 </way>
 <way id="433478191" visible="true" version="3" changeset="146143994" timestamp="2024-01-11T13:47:37Z" user="Barrunterio" uid="17808034">
  <nd ref="11508593106"/>
  <nd ref="11508593109"/>
  <nd ref="11508593110"/>
  <nd ref="11508593111"/>
  <nd ref="11508593108"/>
  <nd ref="11505989241"/>
  <nd ref="11505989240"/>
  <nd ref="4322012427"/>
  <nd ref="4322012428"/>
  <nd ref="4322012430"/>
  <nd ref="4322012431"/>
  <nd ref="4322012432"/>
  <nd ref="4322012433"/>
  <tag k="footway" v="sidewalk"/>
  <tag k="highway" v="footway"/>
 </way>
 <way id="442950332" visible="true" version="16" changeset="183148347" timestamp="2026-05-25T10:10:59Z" user="Robot8A" uid="393359">
  <nd ref="2446404927"/>
  <nd ref="13541968421"/>
  <nd ref="2529914512"/>
  <nd ref="2529914502"/>
  <nd ref="2529914507"/>
  <nd ref="2529914510"/>
  <nd ref="2529914508"/>
  <nd ref="2529914500"/>
  <nd ref="2529914499"/>
  <nd ref="2529913074"/>
  <nd ref="2529913052"/>
  <nd ref="26203552"/>
  <nd ref="3028742665"/>
  <nd ref="2529913043"/>
  <nd ref="2529913044"/>
  <nd ref="3607526659"/>
  <nd ref="2529913067"/>
  <nd ref="3607526658"/>
  <nd ref="2529913059"/>
  <nd ref="2529913079"/>
  <nd ref="3607526651"/>
  <nd ref="2529913076"/>
  <nd ref="2529913065"/>
  <nd ref="2529913092"/>
  <nd ref="26203551"/>
  <nd ref="2529913070"/>
  <nd ref="2529913085"/>
  <nd ref="2529913045"/>
  <nd ref="10246298848"/>
  <nd ref="2529913066"/>
  <nd ref="2529913093"/>
  <nd ref="2529913091"/>
  <nd ref="2529913062"/>
  <nd ref="2529913041"/>
  <nd ref="2529913072"/>
  <nd ref="2529913087"/>
  <nd ref="2529913042"/>
  <nd ref="2529913082"/>
  <nd ref="2529913048"/>
  <nd ref="2529913061"/>
  <nd ref="2529913077"/>
  <nd ref="2529913090"/>
  <nd ref="2529913047"/>
  <nd ref="2529913069"/>
  <nd ref="2529913075"/>
  <nd ref="26203553"/>
  <nd ref="2529913071"/>
  <nd ref="2529913078"/>
  <nd ref="2529913054"/>
  <nd ref="2529913068"/>
  <nd ref="2529913094"/>
  <nd ref="2529913060"/>
  <nd ref="2529913056"/>
  <nd ref="2529913049"/>
  <nd ref="2529913055"/>
  <nd ref="2529913051"/>
  <nd ref="2529913083"/>
  <nd ref="2529913050"/>
  <nd ref="2529913063"/>
  <nd ref="5300462011"/>
  <nd ref="2529913064"/>
  <nd ref="4411734225"/>
  <nd ref="4411734227"/>
  <nd ref="5307455074"/>
  <nd ref="4411734247"/>
  <nd ref="4411734249"/>
  <nd ref="4411734250"/>
  <nd ref="4411734252"/>
  <nd ref="2315932010"/>
  <nd ref="102223740"/>
  <nd ref="4411734256"/>
  <nd ref="4411734258"/>
  <nd ref="4411734257"/>
  <nd ref="4411734255"/>
  <nd ref="499586888"/>
  <nd ref="4411734254"/>
  <nd ref="4411734248"/>
  <nd ref="4411734246"/>
  <nd ref="4411734242"/>
  <nd ref="4411734235"/>
  <nd ref="499586879"/>
  <nd ref="499586869"/>
  <nd ref="499586860"/>
  <nd ref="1437132920"/>
  <nd ref="5690382045"/>
  <tag k="colour" v="#9F1F99"/>
  <tag k="electrified" v="contact_line"/>
  <tag k="frequency" v="0"/>
  <tag k="gauge" v="1445"/>
  <tag k="layer" v="-2"/>
  <tag k="location" v="underground"/>
  <tag k="name" v="Línea 9"/>
  <tag k="operator" v="Metro de Madrid"/>
  <tag k="operator:wikidata" v="Q67180209"/>
  <tag k="railway" v="subway"/>
  <tag k="ref" v="L9"/>
  <tag k="source" v="Yahoo maps"/>
  <tag k="tunnel" v="yes"/>
  <tag k="voltage" v="600"/>
  <tag k="wikidata" v="Q1759707"/>
  <tag k="wikipedia" v="es:Línea 9 (Metro de Madrid)"/>
 </way>
 <way id="499082925" visible="true" version="3" changeset="146143994" timestamp="2024-01-11T13:47:37Z" user="Barrunterio" uid="17808034">
  <nd ref="4903985630"/>
  <nd ref="4903985631"/>
  <nd ref="11508593097"/>
  <tag k="barrier" v="fence"/>
 </way>
 <way id="499614425" visible="true" version="2" changeset="116548984" timestamp="2022-01-24T16:51:19Z" user="polkillas" uid="42055">
  <nd ref="4908710855"/>
  <nd ref="4908710854"/>
  <nd ref="4908710853"/>
  <nd ref="4908710852"/>
  <nd ref="4908710855"/>
  <tag k="amenity" v="car_wash"/>
  <tag k="automated" v="no"/>
  <tag k="building" v="roof"/>
  <tag k="name" v="GALP"/>
  <tag k="self_service" v="only"/>
 </way>
 <way id="499614426" visible="true" version="3" changeset="104589009" timestamp="2021-05-12T17:55:07Z" user="Luiyo" uid="316694">
  <nd ref="3321769945"/>
  <nd ref="3961357729"/>
  <nd ref="1984004503"/>
  <tag k="highway" v="service"/>
  <tag k="lanes" v="1"/>
  <tag k="oneway" v="yes"/>
  <tag k="surface" v="asphalt"/>
 </way>
 <way id="499614428" visible="true" version="9" changeset="178184730" timestamp="2026-02-06T12:12:00Z" user="kapazao_import" uid="8770019">
  <nd ref="4908710866"/>
  <nd ref="4908710865"/>
  <nd ref="4908710864"/>
  <nd ref="4908710863"/>
  <nd ref="4908710862"/>
  <nd ref="4908710861"/>
  <nd ref="4908710866"/>
  <tag k="amenity" v="fuel"/>
  <tag k="brand" v="Galp"/>
  <tag k="brand:website" v="https://galp.com"/>
  <tag k="brand:wikidata" v="Q1492739"/>
  <tag k="brand:wikipedia" v="es:Galp"/>
  <tag k="building" v="yes"/>
  <tag k="compressed_air" v="yes"/>
  <tag k="landuse" v="retail"/>
  <tag k="name" v="Estación de Servicio Galp Sinesio Delgado"/>
  <tag k="opening_hours" v="24/7"/>
  <tag k="operator" v="Galp"/>
  <tag k="source" v="Ministerio de Industria, Turismo y Comercio"/>
  <tag k="source:date" v="2008-08-11"/>
 </way>
 <way id="499614714" visible="true" version="5" changeset="162036557" timestamp="2025-02-02T08:26:21Z" user="ShyShark" uid="10335512">
  <nd ref="12550872080"/>
  <nd ref="9726185829"/>
  <nd ref="4908654550"/>
  <nd ref="2048646989"/>
  <nd ref="12550872080"/>
  <tag k="building" v="yes"/>
  <tag k="building:levels" v="1"/>
 </way>
 <way id="544678990" visible="true" version="2" changeset="146143994" timestamp="2024-01-11T13:47:37Z" user="Barrunterio" uid="17808034">
  <nd ref="3465561771"/>
  <nd ref="3465561772"/>
  <nd ref="3465561773"/>
  <nd ref="3465561774"/>
  <nd ref="3465561775"/>
  <nd ref="3465561776"/>
  <nd ref="3465561777"/>
  <nd ref="3465561778"/>
  <nd ref="3465561779"/>
  <nd ref="3465561760"/>
  <nd ref="3465561761"/>
  <nd ref="3465561762"/>
  <nd ref="3465561763"/>
  <nd ref="3495793645"/>
  <nd ref="3495793646"/>
  <nd ref="3495793647"/>
  <nd ref="3495793648"/>
  <nd ref="3495793649"/>
  <nd ref="3495793650"/>
  <nd ref="3495793651"/>
  <nd ref="3495793652"/>
  <nd ref="3495793653"/>
  <nd ref="3495793654"/>
  <nd ref="3495793655"/>
  <nd ref="3495793656"/>
  <nd ref="3495793657"/>
  <nd ref="5265028349"/>
  <nd ref="5265028350"/>
  <nd ref="5265028351"/>
  <nd ref="5265028355"/>
  <nd ref="11508593182"/>
  <nd ref="5265028356"/>
  <nd ref="5265028358"/>
  <nd ref="5265028359"/>
  <nd ref="5265028360"/>
  <nd ref="11508593181"/>
  <nd ref="5265028362"/>
  <nd ref="5265028363"/>
  <nd ref="4322012406"/>
  <nd ref="3538922061"/>
  <nd ref="3538922059"/>
  <nd ref="3538922058"/>
  <nd ref="3538922057"/>
  <nd ref="3538922075"/>
  <nd ref="3465561771"/>
  <tag k="leisure" v="park"/>
 </way>
 <way id="549434060" visible="true" version="11" changeset="183148347" timestamp="2026-05-25T10:10:59Z" user="Robot8A" uid="393359">
  <nd ref="5307425802"/>
  <nd ref="5307425576"/>
  <nd ref="5307425575"/>
  <nd ref="5307425574"/>
  <nd ref="5307425573"/>
  <nd ref="5307425572"/>
  <nd ref="5307425571"/>
  <nd ref="5307425570"/>
  <nd ref="5307425569"/>
  <nd ref="5307425568"/>
  <nd ref="5307425567"/>
  <nd ref="5307425566"/>
  <nd ref="5307425565"/>
  <nd ref="5307425564"/>
  <nd ref="5307425563"/>
  <nd ref="5307425562"/>
  <nd ref="5307425561"/>
  <nd ref="5307425560"/>
  <nd ref="5307425559"/>
  <nd ref="5307425558"/>
  <nd ref="5307425557"/>
  <nd ref="5307425556"/>
  <nd ref="5307425555"/>
  <nd ref="5307425554"/>
  <nd ref="5307425553"/>
  <nd ref="5307425552"/>
  <nd ref="5307425551"/>
  <nd ref="5648082165"/>
  <nd ref="5307425550"/>
  <nd ref="5307425549"/>
  <nd ref="5307425548"/>
  <nd ref="5307425547"/>
  <nd ref="5307425546"/>
  <nd ref="5307425545"/>
  <nd ref="5307425544"/>
  <nd ref="5307425543"/>
  <nd ref="5307425542"/>
  <nd ref="5307425541"/>
  <nd ref="5307425540"/>
  <nd ref="5307425539"/>
  <nd ref="5307425538"/>
  <nd ref="5307425537"/>
  <nd ref="5307425536"/>
  <nd ref="5307425535"/>
  <nd ref="5307425534"/>
  <nd ref="5307425533"/>
  <nd ref="5307425532"/>
  <nd ref="5307425531"/>
  <nd ref="5307425530"/>
  <nd ref="5307425529"/>
  <nd ref="5307425528"/>
  <nd ref="5307425527"/>
  <nd ref="5307425526"/>
  <nd ref="5307425525"/>
  <nd ref="13450202583"/>
  <nd ref="5307425524"/>
  <nd ref="5307425523"/>
  <nd ref="5307425522"/>
  <nd ref="5307425521"/>
  <nd ref="5307418620"/>
  <nd ref="5307418619"/>
  <nd ref="5307418618"/>
  <nd ref="5307418617"/>
  <nd ref="5307455073"/>
  <nd ref="5307418616"/>
  <nd ref="5307418615"/>
  <nd ref="5307418614"/>
  <nd ref="5307418613"/>
  <nd ref="5307418612"/>
  <nd ref="5307418611"/>
  <nd ref="5307418610"/>
  <nd ref="5307418609"/>
  <nd ref="5307418608"/>
  <nd ref="5307418607"/>
  <nd ref="5307418606"/>
  <nd ref="5307418605"/>
  <nd ref="5307418604"/>
  <nd ref="5307418603"/>
  <nd ref="5307418602"/>
  <nd ref="5307418601"/>
  <nd ref="5307418600"/>
  <nd ref="5307418599"/>
  <nd ref="5307418598"/>
  <nd ref="5307418597"/>
  <nd ref="5690382046"/>
  <tag k="colour" v="#9F1F99"/>
  <tag k="electrified" v="contact_line"/>
  <tag k="frequency" v="0"/>
  <tag k="gauge" v="1445"/>
  <tag k="layer" v="-2"/>
  <tag k="location" v="underground"/>
  <tag k="name" v="Línea 9"/>
  <tag k="operator" v="Metro de Madrid"/>
  <tag k="operator:wikidata" v="Q67180209"/>
  <tag k="railway" v="subway"/>
  <tag k="ref" v="L9"/>
  <tag k="source" v="Yahoo maps"/>
  <tag k="tunnel" v="yes"/>
  <tag k="voltage" v="600"/>
  <tag k="wikidata" v="Q1759707"/>
  <tag k="wikipedia" v="es:Línea 9 (Metro de Madrid)"/>
 </way>
 <way id="591641079" visible="true" version="2" changeset="139927732" timestamp="2023-08-15T18:33:54Z" user="brjmoez" uid="1723580">
  <nd ref="26233590"/>
  <nd ref="32205834"/>
  <nd ref="3321769946"/>
  <nd ref="26233586"/>
  <tag k="highway" v="footway"/>
  <tag k="surface" v="compacted"/>
 </way>
 <way id="591641080" visible="true" version="4" changeset="175724899" timestamp="2025-12-09T17:37:58Z" user="kapazao_import" uid="8770019">
  <nd ref="11508590023"/>
  <nd ref="26204781"/>
  <nd ref="11508590022"/>
  <tag k="crossing" v="uncontrolled"/>
  <tag k="crossing:markings" v="zebra"/>
  <tag k="footway" v="crossing"/>
  <tag k="highway" v="footway"/>
 </way>
 <way id="591641082" visible="true" version="4" changeset="146143994" timestamp="2024-01-11T13:47:37Z" user="Barrunterio" uid="17808034">
  <nd ref="5648082164"/>
  <nd ref="5648082166"/>
  <nd ref="5648082167"/>
  <nd ref="5648082169"/>
  <nd ref="5648082171"/>
  <nd ref="5648082172"/>
  <nd ref="5648082173"/>
  <nd ref="5648082176"/>
  <nd ref="5648082178"/>
  <nd ref="5648082179"/>
  <nd ref="11390355838"/>
  <nd ref="9848559753"/>
  <nd ref="11390355835"/>
  <nd ref="3595455687"/>
  <tag k="footway" v="sidewalk"/>
  <tag k="highway" v="footway"/>
 </way>
 <way id="591641083" visible="true" version="3" changeset="146143994" timestamp="2024-01-11T13:47:37Z" user="Barrunterio" uid="17808034">
  <nd ref="5648082177"/>
  <nd ref="5648082178"/>
  <tag k="highway" v="footway"/>
  <tag k="surface" v="paving_stones"/>
 </way>
 <way id="591641084" visible="true" version="3" changeset="144701576" timestamp="2023-12-02T19:20:07Z" user="Barrunterio" uid="17808034">
  <nd ref="5648082180"/>
  <nd ref="11390355837"/>
  <nd ref="9848559757"/>
  <nd ref="11390355836"/>
  <nd ref="5648082181"/>
  <tag k="footway" v="sidewalk"/>
  <tag k="highway" v="footway"/>
  <tag k="surface" v="paving_stones"/>
 </way>
 <way id="607127342" visible="true" version="5" changeset="146143994" timestamp="2024-01-11T13:47:37Z" user="Barrunterio" uid="17808034">
  <nd ref="5754536435"/>
  <nd ref="5754536434"/>
  <nd ref="11508590002"/>
  <nd ref="5754536431"/>
  <nd ref="11505989241"/>
  <nd ref="26205019"/>
  <tag k="highway" v="service"/>
  <tag k="lanes" v="2"/>
  <tag k="oneway" v="no"/>
  <tag k="service" v="parking_aisle"/>
  <tag k="surface" v="asphalt"/>
 </way>
 <way id="664774827" visible="true" version="1" changeset="66470287" timestamp="2019-01-20T09:12:16Z" user="Luiyo" uid="316694">
  <nd ref="6222432252"/>
  <nd ref="6222432251"/>
  <nd ref="6222432250"/>
  <nd ref="6222432249"/>
  <nd ref="6222432252"/>
  <tag k="leisure" v="garden"/>
 </way>
 <way id="664774828" visible="true" version="3" changeset="144701263" timestamp="2023-12-02T19:08:27Z" user="Barrunterio" uid="17808034">
  <nd ref="6222432256"/>
  <nd ref="6222432255"/>
  <nd ref="6222432254"/>
  <nd ref="6222432253"/>
  <nd ref="6222432256"/>
  <tag k="leisure" v="garden"/>
 </way>
 <way id="710638899" visible="true" version="4" changeset="144701769" timestamp="2023-12-02T19:27:57Z" user="Barrunterio" uid="17808034">
  <nd ref="11390325904"/>
  <nd ref="11390325905"/>
  <nd ref="11390325907"/>
  <nd ref="11390325897"/>
  <nd ref="11390325898"/>
  <nd ref="11390325893"/>
  <nd ref="11390325880"/>
  <nd ref="11390355852"/>
  <nd ref="11390362276"/>
  <nd ref="11390362275"/>
  <nd ref="11390362274"/>
  <nd ref="11390341073"/>
  <nd ref="11390355862"/>
  <nd ref="11390355861"/>
  <nd ref="11390355857"/>
  <nd ref="11390355858"/>
  <nd ref="6681300089"/>
  <tag k="footway" v="sidewalk"/>
  <tag k="highway" v="footway"/>
  <tag k="surface" v="paving_stones"/>
 </way>
 <way id="761940312" visible="true" version="4" changeset="143321462" timestamp="2023-10-29T17:04:23Z" user="polkillas" uid="42055">
  <nd ref="3495793673"/>
  <nd ref="3495793671"/>
  <nd ref="1223838123"/>
  <nd ref="31416718"/>
  <tag k="admin_level" v="9"/>
  <tag k="highway" v="primary"/>
  <tag k="lanes" v="2"/>
  <tag k="lit" v="yes"/>
  <tag k="maxspeed" v="50"/>
  <tag k="name" v="Calle de Sinesio Delgado"/>
  <tag k="oneway" v="yes"/>
  <tag k="postal_code" v="28029"/>
  <tag k="surface" v="asphalt"/>
  <tag k="turn:lanes" v="through|through;right"/>
 </way>
 <way id="769609475" visible="true" version="3" changeset="179708996" timestamp="2026-03-11T15:21:49Z" user="Hugoren Martinako" uid="3392826">
  <nd ref="31416718"/>
  <nd ref="7110754510"/>
  <nd ref="7110754511"/>
  <nd ref="7110754512"/>
  <nd ref="11390325892"/>
  <nd ref="7110754513"/>
  <nd ref="7110754514"/>
  <nd ref="7110754515"/>
  <nd ref="7110754516"/>
  <nd ref="7110754517"/>
  <nd ref="7110754518"/>
  <nd ref="7110754519"/>
  <nd ref="7110754520"/>
  <nd ref="7110754521"/>
  <nd ref="7110754522"/>
  <nd ref="7110754523"/>
  <nd ref="7110754524"/>
  <nd ref="7110754525"/>
  <nd ref="7110754526"/>
  <nd ref="7110754527"/>
 </way>
 <way id="769758872" visible="true" version="2" changeset="179708996" timestamp="2026-03-11T15:21:49Z" user="Hugoren Martinako" uid="3392826">
  <nd ref="31416718"/>
  <nd ref="7185349739"/>
 </way>
 <way id="829696881" visible="true" version="4" changeset="139927787" timestamp="2023-08-15T18:31:54Z" user="brjmoez" uid="1723580">
  <nd ref="7743964765"/>
  <nd ref="7743964766"/>
  <nd ref="7743964767"/>
  <nd ref="7743964768"/>
  <nd ref="7743964765"/>
  <tag k="leisure" v="pitch"/>
  <tag k="lit" v="no"/>
  <tag k="sport" v="multi"/>
  <tag k="surface" v="tartan"/>
 </way>
 <way id="856893206" visible="true" version="4" changeset="146105995" timestamp="2024-01-10T14:15:01Z" user="Hugoren Martinako" uid="3392826">
  <nd ref="7989244044"/>
  <nd ref="11505989239"/>
  <nd ref="7989244043"/>
  <nd ref="7989244042"/>
  <tag k="highway" v="service"/>
  <tag k="lanes" v="2"/>
  <tag k="oneway" v="no"/>
  <tag k="service" v="parking_aisle"/>
  <tag k="surface" v="asphalt"/>
 </way>
 <way id="920086312" visible="true" version="4" changeset="184099977" timestamp="2026-06-14T15:39:33Z" user="Diegatus" uid="21006289">
  <nd ref="13938619846"/>
  <nd ref="13938619845"/>
  <nd ref="13938619844"/>
  <nd ref="13938619843"/>
  <nd ref="13938619842"/>
  <nd ref="13938619841"/>
  <nd ref="8543893543"/>
  <tag k="bridge" v="aqueduct"/>
  <tag k="layer" v="2"/>
  <tag k="location" v="underground"/>
  <tag k="man_made" v="pipeline"/>
  <tag k="name" v="Canal Bajo de Madrid"/>
  <tag k="operator" v="Canal de Isabel II"/>
  <tag k="operator:short" v="CYII"/>
  <tag k="operator:wikidata" v="Q2407104"/>
  <tag k="substance" v="water"/>
  <tag k="wikidata" v="Q5746538"/>
  <tag k="wikipedia" v="es:Canal Bajo de Madrid"/>
 </way>
 <way id="1073624456" visible="true" version="3" changeset="144701576" timestamp="2023-12-02T19:20:07Z" user="Barrunterio" uid="17808034">
  <nd ref="9848559739"/>
  <nd ref="9848559740"/>
  <nd ref="9848559741"/>
  <nd ref="9848559748"/>
  <tag k="footway" v="sidewalk"/>
  <tag k="highway" v="footway"/>
  <tag k="surface" v="paving_stones"/>
 </way>
 <way id="1112387477" visible="true" version="4" changeset="162036557" timestamp="2025-02-02T08:26:21Z" user="ShyShark" uid="10335512">
  <nd ref="10177204714"/>
  <nd ref="12550872052"/>
  <nd ref="26233640"/>
  <nd ref="10177204715"/>
  <nd ref="10177204716"/>
  <nd ref="10177247817"/>
  <nd ref="10177247820"/>
  <nd ref="12550872056"/>
  <nd ref="12550872055"/>
  <nd ref="12550872054"/>
  <nd ref="12550872053"/>
  <nd ref="10177247821"/>
  <nd ref="10177247822"/>
  <nd ref="10177204714"/>
  <tag k="addr:city" v="Madrid"/>
  <tag k="addr:housenumber" v="13"/>
  <tag k="addr:postcode" v="28029"/>
  <tag k="addr:street" v="Calle de Sinesio Delgado"/>
  <tag k="building" v="yes"/>
  <tag k="contact:whatsapp" v="+34 646 983 181"/>
  <tag k="email" v="info@micampusliving.com"/>
  <tag k="name" v="Residencia de estudiantes &quot;micampus&quot;"/>
  <tag k="operator" v="micampus"/>
  <tag k="operator:type" v="private"/>
  <tag k="phone" v="+34 634 640 027"/>
  <tag k="website" v="https://micampusresidencias.com/residencias-universitarias-madrid/micampus-getafe-2/"/>
 </way>
 <way id="1115946294" visible="true" version="3" changeset="174985118" timestamp="2025-11-22T11:55:16Z" user="kapazao_import" uid="8770019">
  <nd ref="10177204716"/>
  <nd ref="10177247817"/>
  <nd ref="12550872051"/>
  <nd ref="10206826046"/>
  <nd ref="12550872049"/>
  <nd ref="2048646985"/>
  <nd ref="10177204713"/>
  <nd ref="10177204712"/>
  <nd ref="10177247823"/>
  <nd ref="10177204716"/>
  <tag k="amenity" v="university"/>
  <tag k="education" v="university"/>
 </way>
 <way id="1228294432" visible="true" version="1" changeset="144701576" timestamp="2023-12-02T19:20:07Z" user="Barrunterio" uid="17808034">
  <nd ref="11390355838"/>
  <nd ref="11390355837"/>
  <tag k="highway" v="footway"/>
  <tag k="surface" v="paving_stones"/>
 </way>
 <way id="1228294433" visible="true" version="1" changeset="144701576" timestamp="2023-12-02T19:20:07Z" user="Barrunterio" uid="17808034">
  <nd ref="11390355844"/>
  <nd ref="9848559756"/>
  <nd ref="11390355851"/>
  <nd ref="11390355850"/>
  <nd ref="11390355849"/>
  <nd ref="11390355848"/>
  <nd ref="11390355847"/>
  <nd ref="11390355846"/>
  <nd ref="11390355845"/>
  <nd ref="11390355839"/>
  <nd ref="11390355840"/>
  <nd ref="11390355841"/>
  <nd ref="11390325904"/>
  <nd ref="11390355842"/>
  <nd ref="11390355843"/>
  <nd ref="11390355844"/>
  <tag k="barrier" v="kerb"/>
  <tag k="tactile_paving" v="yes"/>
  <tag k="wheelchair" v="no"/>
 </way>
 <way id="1228294434" visible="true" version="1" changeset="144701576" timestamp="2023-12-02T19:20:07Z" user="Barrunterio" uid="17808034">
  <nd ref="3595455599"/>
  <nd ref="9848559748"/>
  <tag k="highway" v="footway"/>
  <tag k="surface" v="paving_stones"/>
 </way>
 <way id="1228294435" visible="true" version="1" changeset="144701576" timestamp="2023-12-02T19:20:07Z" user="Barrunterio" uid="17808034">
  <nd ref="11390355859"/>
  <nd ref="3595455596"/>
  <nd ref="11390355851"/>
  <tag k="crossing" v="traffic_signals"/>
  <tag k="crossing:island" v="yes"/>
  <tag k="crossing:markings" v="dots"/>
  <tag k="footway" v="crossing"/>
  <tag k="highway" v="footway"/>
  <tag k="surface" v="asphalt"/>
  <tag k="tactile_paving" v="yes"/>
 </way>
 <way id="1228294436" visible="true" version="2" changeset="146143994" timestamp="2024-01-11T13:47:37Z" user="Barrunterio" uid="17808034">
  <nd ref="11390355851"/>
  <nd ref="11508590034"/>
  <nd ref="6681300089"/>
  <nd ref="11508590033"/>
  <nd ref="11390355846"/>
  <tag k="highway" v="footway"/>
  <tag k="surface" v="asphalt"/>
 </way>
 <way id="1228294437" visible="true" version="1" changeset="144701576" timestamp="2023-12-02T19:20:07Z" user="Barrunterio" uid="17808034">
  <nd ref="11390355846"/>
  <nd ref="3595455597"/>
  <nd ref="11390355860"/>
  <tag k="crossing" v="traffic_signals"/>
  <tag k="crossing:island" v="yes"/>
  <tag k="crossing:markings" v="dots"/>
  <tag k="footway" v="crossing"/>
  <tag k="highway" v="footway"/>
  <tag k="surface" v="asphalt"/>
  <tag k="tactile_paving" v="yes"/>
 </way>
 <way id="1228294438" visible="true" version="2" changeset="146143994" timestamp="2024-01-11T13:47:37Z" user="Barrunterio" uid="17808034">
  <nd ref="11390355860"/>
  <nd ref="11508590036"/>
  <nd ref="5648082176"/>
  <tag k="footway" v="sidewalk"/>
  <tag k="highway" v="footway"/>
  <tag k="surface" v="paving_stones"/>
 </way>
 <way id="1228294439" visible="true" version="1" changeset="144701576" timestamp="2023-12-02T19:20:07Z" user="Barrunterio" uid="17808034">
  <nd ref="9848559748"/>
  <nd ref="9848559747"/>
  <nd ref="9848559746"/>
  <nd ref="9848559745"/>
  <nd ref="9848559744"/>
  <nd ref="9848559743"/>
  <tag k="footway" v="sidewalk"/>
  <tag k="highway" v="footway"/>
  <tag k="surface" v="paving_stones"/>
 </way>
 <way id="1228294440" visible="true" version="2" changeset="146143994" timestamp="2024-01-11T13:47:37Z" user="Barrunterio" uid="17808034">
  <nd ref="9848559748"/>
  <nd ref="11508590035"/>
  <nd ref="11390355859"/>
  <tag k="footway" v="sidewalk"/>
  <tag k="highway" v="footway"/>
  <tag k="surface" v="paving_stones"/>
 </way>
 <way id="1228294441" visible="true" version="1" changeset="144701576" timestamp="2023-12-02T19:20:07Z" user="Barrunterio" uid="17808034">
  <nd ref="11390355863"/>
  <nd ref="11390355864"/>
  <nd ref="11390355865"/>
  <nd ref="11390355866"/>
  <nd ref="11390355867"/>
  <nd ref="11390355868"/>
  <nd ref="11390362269"/>
  <nd ref="11390362270"/>
  <nd ref="11390362271"/>
  <nd ref="11390362272"/>
  <nd ref="11390362273"/>
  <nd ref="11390355863"/>
  <tag k="leisure" v="garden"/>
 </way>
 <way id="1238613347" visible="true" version="2" changeset="146143994" timestamp="2024-01-11T13:47:37Z" user="Barrunterio" uid="17808034">
  <nd ref="11508590020"/>
  <nd ref="11505989236"/>
  <nd ref="11505989237"/>
  <nd ref="11505989239"/>
  <nd ref="11508593177"/>
  <nd ref="11505989238"/>
  <tag k="footway" v="sidewalk"/>
  <tag k="highway" v="footway"/>
 </way>
 <way id="1238851548" visible="true" version="1" changeset="146143994" timestamp="2024-01-11T13:47:37Z" user="Barrunterio" uid="17808034">
  <nd ref="11508590016"/>
  <nd ref="11508590017"/>
  <tag k="highway" v="steps"/>
  <tag k="surface" v="unpaved"/>
 </way>
 <way id="1238851549" visible="true" version="1" changeset="146143994" timestamp="2024-01-11T13:47:37Z" user="Barrunterio" uid="17808034">
  <nd ref="5648082164"/>
  <nd ref="11505989234"/>
  <nd ref="11508590019"/>
  <tag k="footway" v="sidewalk"/>
  <tag k="highway" v="footway"/>
 </way>
 <way id="1238851550" visible="true" version="1" changeset="146143994" timestamp="2024-01-11T13:47:37Z" user="Barrunterio" uid="17808034">
  <nd ref="11508590019"/>
  <nd ref="11508590021"/>
  <nd ref="11505989235"/>
  <nd ref="11508590020"/>
  <tag k="crossing" v="unmarked"/>
  <tag k="crossing:island" v="no"/>
  <tag k="crossing:markings" v="no"/>
  <tag k="footway" v="crossing"/>
  <tag k="highway" v="footway"/>
  <tag k="surface" v="asphalt"/>
  <tag k="tactile_paving" v="yes"/>
 </way>
 <way id="1238851551" visible="true" version="1" changeset="146143994" timestamp="2024-01-11T13:47:37Z" user="Barrunterio" uid="17808034">
  <nd ref="26233590"/>
  <nd ref="11508590038"/>
  <nd ref="11508590023"/>
  <tag k="footway" v="sidewalk"/>
  <tag k="highway" v="footway"/>
  <tag k="surface" v="paving_stones"/>
 </way>
 <way id="1238851552" visible="true" version="1" changeset="146143994" timestamp="2024-01-11T13:47:37Z" user="Barrunterio" uid="17808034">
  <nd ref="11508590045"/>
  <nd ref="11508590042"/>
  <nd ref="11508590049"/>
  <tag k="footway" v="sidewalk"/>
  <tag k="highway" v="footway"/>
  <tag k="smoothness" v="good"/>
  <tag k="surface" v="paving_stones"/>
 </way>
 <way id="1238851553" visible="true" version="1" changeset="146143994" timestamp="2024-01-11T13:47:37Z" user="Barrunterio" uid="17808034">
  <nd ref="11508590049"/>
  <nd ref="307964946"/>
  <nd ref="11508590046"/>
  <tag k="crossing" v="traffic_signals"/>
  <tag k="crossing:island" v="yes"/>
  <tag k="crossing:markings" v="dots"/>
  <tag k="footway" v="crossing"/>
  <tag k="highway" v="footway"/>
  <tag k="surface" v="asphalt"/>
  <tag k="tactile_paving" v="yes"/>
 </way>
 <way id="1238851554" visible="true" version="1" changeset="146143994" timestamp="2024-01-11T13:47:37Z" user="Barrunterio" uid="17808034">
  <nd ref="11508590046"/>
  <nd ref="11508590041"/>
  <nd ref="11508590040"/>
  <nd ref="11508590048"/>
  <tag k="footway" v="traffic_island"/>
  <tag k="highway" v="footway"/>
  <tag k="surface" v="paving_stones"/>
 </way>
 <way id="1238851555" visible="true" version="1" changeset="146143994" timestamp="2024-01-11T13:47:37Z" user="Barrunterio" uid="17808034">
  <nd ref="11508590047"/>
  <nd ref="11508590039"/>
  <nd ref="3961357723"/>
  <tag k="footway" v="sidewalk"/>
  <tag k="highway" v="footway"/>
  <tag k="smoothness" v="good"/>
  <tag k="surface" v="paving_stones"/>
 </way>
 <way id="1238851556" visible="true" version="1" changeset="146143994" timestamp="2024-01-11T13:47:37Z" user="Barrunterio" uid="17808034">
  <nd ref="2741615164"/>
  <nd ref="2741615162"/>
  <tag k="barrier" v="hedge"/>
 </way>
 <way id="1238851557" visible="true" version="1" changeset="146143994" timestamp="2024-01-11T13:47:37Z" user="Barrunterio" uid="17808034">
  <nd ref="11508590051"/>
  <nd ref="11508593070"/>
  <nd ref="11508590050"/>
  <nd ref="11508590046"/>
  <nd ref="11508593069"/>
  <nd ref="11508590068"/>
  <nd ref="11508590067"/>
  <nd ref="11508590066"/>
  <nd ref="11508590065"/>
  <nd ref="11508590064"/>
  <nd ref="11508590063"/>
  <nd ref="11508590062"/>
  <nd ref="11508590061"/>
  <nd ref="11508590060"/>
  <nd ref="11508590059"/>
  <nd ref="11508590058"/>
  <nd ref="11508590057"/>
  <nd ref="11508590056"/>
  <nd ref="11508590048"/>
  <nd ref="11508590055"/>
  <nd ref="11508590054"/>
  <nd ref="11508590053"/>
  <nd ref="11508590052"/>
  <nd ref="11508590051"/>
  <tag k="barrier" v="kerb"/>
 </way>
 <way id="1238851558" visible="true" version="1" changeset="146143994" timestamp="2024-01-11T13:47:37Z" user="Barrunterio" uid="17808034">
  <nd ref="11508593071"/>
  <nd ref="11508593072"/>
  <nd ref="11508593073"/>
  <nd ref="11508593074"/>
  <nd ref="11508593075"/>
  <nd ref="11508593076"/>
  <nd ref="11508593077"/>
  <nd ref="11508593078"/>
  <nd ref="11508593079"/>
  <nd ref="11508593071"/>
  <tag k="landuse" v="grass"/>
 </way>
 <way id="1238851559" visible="true" version="1" changeset="146143994" timestamp="2024-01-11T13:47:37Z" user="Barrunterio" uid="17808034">
  <nd ref="11508590022"/>
  <nd ref="11508590037"/>
  <nd ref="5648082164"/>
  <tag k="footway" v="sidewalk"/>
  <tag k="highway" v="footway"/>
  <tag k="surface" v="paving_stones"/>
 </way>
 <way id="1238851560" visible="true" version="1" changeset="146143994" timestamp="2024-01-11T13:47:37Z" user="Barrunterio" uid="17808034">
  <nd ref="11508590012"/>
  <nd ref="11508593090"/>
  <nd ref="11508593091"/>
  <tag k="highway" v="path"/>
  <tag k="surface" v="ground"/>
 </way>
 <way id="1238851561" visible="true" version="1" changeset="146143994" timestamp="2024-01-11T13:47:37Z" user="Barrunterio" uid="17808034">
  <nd ref="11508593090"/>
  <nd ref="11508593092"/>
  <tag k="highway" v="path"/>
  <tag k="surface" v="ground"/>
 </way>
 <way id="1238851562" visible="true" version="1" changeset="146143994" timestamp="2024-01-11T13:47:37Z" user="Barrunterio" uid="17808034">
  <nd ref="11508593097"/>
  <nd ref="11508590014"/>
  <nd ref="11508593095"/>
  <nd ref="2911885987"/>
  <nd ref="2911885997"/>
  <nd ref="2911886000"/>
  <nd ref="11508590005"/>
  <nd ref="11508589997"/>
  <nd ref="11508589995"/>
  <nd ref="11508589993"/>
  <nd ref="11508590008"/>
  <nd ref="11508589989"/>
  <nd ref="11508589988"/>
  <nd ref="11508590009"/>
  <nd ref="31436650"/>
  <tag k="barrier" v="fence"/>
 </way>
 <way id="1356117839" visible="true" version="2" changeset="181642100" timestamp="2026-04-21T19:06:56Z" user="Diegatus" uid="21006289">
  <nd ref="55169316"/>
  <nd ref="12550872044"/>
  <nd ref="12550872045"/>
  <nd ref="12550872046"/>
  <nd ref="12550872047"/>
  <nd ref="13750253965"/>
  <nd ref="12550872048"/>
  <nd ref="12550872049"/>
  <nd ref="12550872060"/>
  <nd ref="12550872057"/>
  <nd ref="12550872050"/>
  <tag k="highway" v="footway"/>
 </way>
 <way id="1356117841" visible="true" version="1" changeset="162036557" timestamp="2025-02-02T08:26:21Z" user="ShyShark" uid="10335512">
  <nd ref="12550872061"/>
  <nd ref="12550872062"/>
  <nd ref="12550872063"/>
  <nd ref="12550872064"/>
  <nd ref="12550872065"/>
  <nd ref="12550872066"/>
  <nd ref="12550872067"/>
  <nd ref="12550872068"/>
  <nd ref="12550872069"/>
  <nd ref="12550872050"/>
  <nd ref="12550872070"/>
  <nd ref="12550872071"/>
  <nd ref="12550872072"/>
  <nd ref="12550872073"/>
  <nd ref="12550872074"/>
  <nd ref="26204995"/>
  <tag k="highway" v="footway"/>
 </way>
 <way id="1470391456" visible="true" version="1" changeset="177698616" timestamp="2026-01-25T21:13:31Z" user="KingValid04" uid="13902688">
  <nd ref="25904571"/>
  <nd ref="11508590032"/>
  <nd ref="3595455597"/>
  <nd ref="8459194144"/>
  <tag k="highway" v="secondary"/>
  <tag k="lanes" v="2"/>
  <tag k="lit" v="yes"/>
  <tag k="maxspeed" v="50"/>
  <tag k="name" v="Calle de Ginzo de Limia"/>
  <tag k="name:etymology:wikidata" v="Q918637"/>
  <tag k="oneway" v="yes"/>
  <tag k="postal_code" v="28029"/>
  <tag k="surface" v="asphalt"/>
 </way>
 <way id="1470391457" visible="true" version="1" changeset="177698616" timestamp="2026-01-25T21:13:31Z" user="KingValid04" uid="13902688">
  <nd ref="2741615167"/>
  <nd ref="25904571"/>
  <tag k="highway" v="secondary"/>
  <tag k="junction" v="circular"/>
  <tag k="lanes" v="2"/>
  <tag k="maxspeed" v="50"/>
  <tag k="name" v="Plaza de Mondoñedo"/>
  <tag k="postal_code" v="28029"/>
  <tag k="surface" v="asphalt"/>
 </way>
 <relation id="85222" visible="true" version="63" changeset="184639917" timestamp="2026-06-26T11:09:56Z" user="Robot8A" uid="393359">
  <member type="node" ref="2575149571" role="stop"/>
  <member type="node" ref="1430344237" role="stop"/>
  <member type="node" ref="26203552" role="stop"/>
  <member type="node" ref="26203551" role="stop"/>
  <member type="node" ref="26203553" role="stop"/>
  <member type="node" ref="5307455074" role="stop"/>
  <member type="way" ref="443618656" role="platform"/>
  <member type="node" ref="102223740" role="stop"/>
  <member type="node" ref="1437132920" role="stop"/>
  <member type="node" ref="5302030276" role="stop"/>
  <member type="way" ref="1249677739" role="platform"/>
  <member type="node" ref="258564816" role="stop"/>
  <member type="node" ref="258563993" role="stop"/>
  <member type="node" ref="4893932598" role="stop"/>
  <member type="node" ref="265811742" role="stop"/>
  <member type="node" ref="5110782972" role="stop"/>
  <member type="node" ref="4405987843" role="stop"/>
  <member type="node" ref="265971847" role="stop"/>
  <member type="node" ref="1538557946" role="stop"/>
  <member type="node" ref="1538569021" role="stop"/>
  <member type="node" ref="352693701" role="stop"/>
  <member type="node" ref="352692539" role="stop"/>
  <member type="node" ref="1859530943" role="stop"/>
  <member type="node" ref="352689806" role="stop"/>
  <member type="node" ref="352689520" role="stop"/>
  <member type="node" ref="1539159351" role="stop"/>
  <member type="node" ref="311134372" role="stop"/>
  <member type="node" ref="420672882" role="stop"/>
  <member type="node" ref="420671908" role="stop"/>
  <member type="node" ref="306019923" role="stop"/>
  <member type="node" ref="420675386" role="stop"/>
  <member type="way" ref="251268657" role=""/>
  <member type="way" ref="245892414" role=""/>
  <member type="way" ref="442950332" role=""/>
  <member type="way" ref="597739440" role=""/>
  <member type="way" ref="597739442" role=""/>
  <member type="way" ref="497895112" role=""/>
  <member type="way" ref="497895113" role=""/>
  <member type="way" ref="442950333" role=""/>
  <member type="way" ref="442950330" role=""/>
  <member type="way" ref="442950331" role=""/>
  <member type="way" ref="251266530" role=""/>
  <member type="way" ref="1518659002" role=""/>
  <member type="way" ref="461235075" role=""/>
  <member type="way" ref="461235073" role=""/>
  <member type="way" ref="31512288" role=""/>
  <member type="way" ref="28061338" role=""/>
  <member type="way" ref="27873367" role=""/>
  <member type="way" ref="27873370" role=""/>
  <member type="way" ref="200974879" role=""/>
  <member type="way" ref="200974880" role=""/>
  <member type="way" ref="35627928" role=""/>
  <member type="way" ref="35627930" role=""/>
  <member type="way" ref="27873358" role=""/>
  <member type="way" ref="35817788" role=""/>
  <member type="way" ref="35817916" role=""/>
  <member type="way" ref="35817918" role=""/>
  <member type="way" ref="319732615" role=""/>
  <member type="way" ref="35992914" role=""/>
  <tag k="check_date" v="2023-10-19"/>
  <tag k="colour" v="#9C3293"/>
  <tag k="distance" v="39.5"/>
  <tag k="from" v="Paco de Lucía"/>
  <tag k="interval" v="6"/>
  <tag k="interval:conditional" v="8 @ (Sa-Su 06:00-24:00); 15 @ (Mo-Su 00:00-01:30)"/>
  <tag k="name" v="Línea 9: Paco de Lucía-Arganda del Rey"/>
  <tag k="network" v="Metro de Madrid"/>
  <tag k="network:wikidata" v="Q191987"/>
  <tag k="network:wikipedia" v="es:Metro de Madrid"/>
  <tag k="opening_hours" v="Mo-Su 06:00-01:30"/>
  <tag k="operator" v="Metro de Madrid"/>
  <tag k="public_transport:version" v="2"/>
  <tag k="ref" v="L9"/>
  <tag k="roundtrip" v="no"/>
  <tag k="route" v="subway"/>
  <tag k="to" v="Arganda del Rey"/>
  <tag k="type" v="route"/>
  <tag k="wheelchair" v="limited"/>
  <tag k="wikidata" v="Q1759707"/>
  <tag k="wikipedia" v="es:Línea 9 (Metro de Madrid)"/>
 </relation>
 <relation id="91583" visible="true" version="5" changeset="19591043" timestamp="2013-12-22T22:29:50Z" user="cdavila" uid="26599">
  <member type="way" ref="32029761" role="from"/>
  <member type="node" ref="1984004475" role="via"/>
  <member type="way" ref="187764246" role="to"/>
  <tag k="restriction" v="only_straight_on"/>
  <tag k="type" v="restriction"/>
 </relation>
 <relation id="91584" visible="true" version="4" changeset="3387940" timestamp="2009-12-16T16:42:27Z" user="cdavila" uid="26599">
  <member type="way" ref="4320912" role="from"/>
  <member type="node" ref="26235029" role="via"/>
  <member type="way" ref="32029762" role="to"/>
  <tag k="restriction" v="only_straight_on"/>
  <tag k="type" v="restriction"/>
 </relation>
 <relation id="356771" visible="true" version="37" changeset="178817185" timestamp="2026-02-20T12:36:59Z" user="Hugoren Martinako" uid="3392826">
  <member type="way" ref="45588328" role="outer"/>
  <member type="way" ref="1460877113" role="outer"/>
  <member type="way" ref="45588338" role="outer"/>
  <member type="way" ref="45589668" role="outer"/>
  <member type="way" ref="775569692" role="outer"/>
  <member type="way" ref="773919389" role="outer"/>
  <member type="way" ref="769609476" role="outer"/>
  <member type="way" ref="45589666" role="outer"/>
  <member type="way" ref="769758872" role="outer"/>
  <member type="way" ref="45661767" role="outer"/>
  <member type="way" ref="769609474" role="outer"/>
  <member type="way" ref="769609473" role="outer"/>
  <member type="way" ref="45589662" role="outer"/>
  <member type="way" ref="45517761" role="outer"/>
  <member type="way" ref="776316757" role="outer"/>
  <member type="way" ref="45516363" role="outer"/>
  <member type="way" ref="777323773" role="outer"/>
  <member type="way" ref="45375094" role="outer"/>
  <member type="way" ref="45375122" role="outer"/>
  <member type="way" ref="81713676" role="outer"/>
  <member type="way" ref="976199082" role="outer"/>
  <member type="way" ref="45371421" role="outer"/>
  <member type="way" ref="45375113" role="outer"/>
  <member type="way" ref="45375095" role="outer"/>
  <member type="way" ref="45375091" role="outer"/>
  <member type="way" ref="159945292" role="outer"/>
  <member type="way" ref="45358047" role="outer"/>
  <member type="way" ref="159945294" role="outer"/>
  <member type="way" ref="1459586546" role="outer"/>
  <member type="way" ref="1459690382" role="outer"/>
  <member type="way" ref="925779519" role="outer"/>
  <tag k="admin_level" v="9"/>
  <tag k="boundary" v="administrative"/>
  <tag k="name" v="Fuencarral-El Pardo"/>
  <tag k="type" v="boundary"/>
  <tag k="wikidata" v="Q656196"/>
  <tag k="wikipedia" v="es:Fuencarral-El Pardo"/>
 </relation>
 <relation id="356984" visible="true" version="27" changeset="176978027" timestamp="2026-01-08T10:25:53Z" user="gscholz" uid="109705">
  <member type="node" ref="2179349507" role="label"/>
  <member type="way" ref="693958198" role="outer"/>
  <member type="way" ref="769609470" role="outer"/>
  <member type="way" ref="45661899" role="outer"/>
  <member type="way" ref="775576435" role="outer"/>
  <member type="way" ref="769479370" role="outer"/>
  <member type="way" ref="775576436" role="outer"/>
  <member type="way" ref="45661766" role="outer"/>
  <member type="way" ref="769756013" role="outer"/>
  <member type="way" ref="45661767" role="outer"/>
  <member type="way" ref="769758872" role="outer"/>
  <member type="way" ref="45589666" role="outer"/>
  <member type="way" ref="45588312" role="outer"/>
  <member type="way" ref="769609469" role="outer"/>
  <member type="way" ref="45588333" role="outer"/>
  <tag k="admin_level" v="9"/>
  <tag k="boundary" v="administrative"/>
  <tag k="name" v="Tetuán"/>
  <tag k="type" v="boundary"/>
  <tag k="wikidata" v="Q1773540"/>
  <tag k="wikipedia" v="es:Tetuán (Madrid)"/>
 </relation>
 <relation id="1760542" visible="true" version="31" changeset="178600226" timestamp="2026-02-15T21:21:23Z" user="sanchi" uid="170106">
  <member type="node" ref="8459194144" role="platform_entry_only"/>
  <member type="node" ref="1439704873" role="platform_entry_only"/>
  <member type="node" ref="8459194143" role="stop"/>
  <member type="node" ref="1439704904" role="platform"/>
  <member type="node" ref="8462531331" role="stop"/>
  <member type="node" ref="1439706668" role="platform"/>
  <member type="node" ref="8462496106" role="stop"/>
  <member type="node" ref="1439707676" role="platform"/>
  <member type="node" ref="8462496105" role="stop"/>
  <member type="node" ref="1439707658" role="platform"/>
  <member type="node" ref="3720777202" role="stop"/>
  <member type="node" ref="1439700863" role="platform"/>
  <member type="node" ref="2438994106" role="stop"/>
  <member type="node" ref="1439700865" role="platform"/>
  <member type="node" ref="3484445561" role="stop"/>
  <member type="node" ref="1439705341" role="platform"/>
  <member type="node" ref="8529770089" role="stop"/>
  <member type="node" ref="1439704009" role="platform"/>
  <member type="node" ref="8529770087" role="stop"/>
  <member type="node" ref="1439712023" role="platform"/>
  <member type="node" ref="8430180218" role="stop"/>
  <member type="node" ref="1439708279" role="platform"/>
  <member type="node" ref="8430180223" role="stop"/>
  <member type="node" ref="1439708275" role="platform"/>
  <member type="node" ref="8529770086" role="stop"/>
  <member type="node" ref="1439704664" role="platform"/>
  <member type="node" ref="8529770085" role="stop"/>
  <member type="node" ref="1439704667" role="platform"/>
  <member type="node" ref="8529770084" role="stop"/>
  <member type="node" ref="1439704661" role="platform"/>
  <member type="node" ref="5963987032" role="stop"/>
  <member type="node" ref="1439703195" role="platform"/>
  <member type="node" ref="5963987031" role="stop"/>
  <member type="node" ref="1439703193" role="platform"/>
  <member type="node" ref="8529770092" role="stop"/>
  <member type="node" ref="1439705317" role="platform"/>
  <member type="way" ref="26276840" role=""/>
  <member type="way" ref="1228296677" role=""/>
  <member type="way" ref="131547200" role=""/>
  <member type="way" ref="243493287" role=""/>
  <member type="way" ref="242742759" role=""/>
  <member type="way" ref="42636668" role=""/>
  <member type="way" ref="254676131" role=""/>
  <member type="way" ref="1234502955" role=""/>
  <member type="way" ref="254676134" role=""/>
  <member type="way" ref="254676135" role=""/>
  <member type="way" ref="254676128" role=""/>
  <member type="way" ref="254676130" role=""/>
  <member type="way" ref="254676129" role=""/>
  <member type="way" ref="254676127" role=""/>
  <member type="way" ref="254681824" role=""/>
  <member type="way" ref="42636671" role=""/>
  <member type="way" ref="62726919" role=""/>
  <member type="way" ref="254681822" role=""/>
  <member type="way" ref="45695097" role=""/>
  <member type="way" ref="627640874" role=""/>
  <member type="way" ref="254681826" role=""/>
  <member type="way" ref="4318289" role=""/>
  <member type="way" ref="245728303" role=""/>
  <member type="way" ref="4319069" role=""/>
  <member type="way" ref="247344361" role=""/>
  <member type="way" ref="1314335665" role=""/>
  <member type="way" ref="4917406" role=""/>
  <member type="way" ref="1314335666" role=""/>
  <member type="way" ref="477082918" role=""/>
  <member type="way" ref="62726029" role=""/>
  <member type="way" ref="4917484" role=""/>
  <member type="way" ref="35742853" role=""/>
  <member type="way" ref="35742855" role=""/>
  <member type="way" ref="320689104" role=""/>
  <member type="way" ref="6074562" role=""/>
  <member type="way" ref="242624654" role=""/>
  <member type="way" ref="31014906" role=""/>
  <member type="way" ref="261827868" role=""/>
  <member type="way" ref="31014904" role=""/>
  <member type="way" ref="416604724" role=""/>
  <member type="way" ref="31014907" role=""/>
  <member type="way" ref="199888543" role=""/>
  <member type="way" ref="416604721" role=""/>
  <member type="way" ref="15280592" role=""/>
  <member type="way" ref="416604717" role=""/>
  <member type="way" ref="416604713" role=""/>
  <member type="way" ref="292005770" role=""/>
  <member type="way" ref="416604710" role=""/>
  <member type="way" ref="416604706" role=""/>
  <member type="way" ref="6074569" role=""/>
  <member type="way" ref="553493098" role=""/>
  <member type="way" ref="6074647" role=""/>
  <member type="way" ref="1206933937" role=""/>
  <member type="way" ref="6074597" role=""/>
  <member type="way" ref="511252892" role=""/>
  <member type="way" ref="45757401" role=""/>
  <member type="way" ref="45757402" role=""/>
  <member type="way" ref="511252894" role=""/>
  <member type="way" ref="98561804" role=""/>
  <member type="way" ref="6183672" role=""/>
  <member type="way" ref="24269446" role=""/>
  <member type="way" ref="11069732" role=""/>
  <member type="way" ref="30693242" role=""/>
  <member type="way" ref="927297423" role=""/>
  <member type="way" ref="495269890" role=""/>
  <member type="way" ref="495269889" role=""/>
  <member type="way" ref="70810680" role=""/>
  <member type="way" ref="70810663" role=""/>
  <member type="way" ref="45756877" role=""/>
  <member type="way" ref="43410339" role=""/>
  <member type="way" ref="82567739" role=""/>
  <member type="way" ref="1014474059" role=""/>
  <member type="way" ref="219141072" role=""/>
  <member type="way" ref="1014474061" role=""/>
  <member type="way" ref="32029326" role=""/>
  <member type="way" ref="32029327" role=""/>
  <member type="way" ref="219141079" role=""/>
  <member type="way" ref="219141073" role=""/>
  <member type="way" ref="1014474062" role=""/>
  <member type="way" ref="1014474063" role=""/>
  <member type="way" ref="1014474064" role=""/>
  <member type="way" ref="1014474066" role=""/>
  <member type="way" ref="1014474065" role=""/>
  <member type="way" ref="137200184" role=""/>
  <member type="way" ref="918422322" role=""/>
  <member type="way" ref="918422318" role=""/>
  <tag k="colour" v="#0072CE"/>
  <tag k="from" v="Barrio Del Pilar"/>
  <tag k="gtfs:route_id" v="128"/>
  <tag k="gtfs:shape_id" v="128_B"/>
  <tag k="name" v="Bus 128: Barrio Del Pilar → Cuatro Caminos"/>
  <tag k="network" v="Empresa Municipal de Transportes de Madrid"/>
  <tag k="network:short" v="EMT Madrid"/>
  <tag k="network:wikidata" v="Q1094755"/>
  <tag k="operator" v="Empresa Municipal de Transportes de Madrid"/>
  <tag k="operator:short" v="EMT Madrid"/>
  <tag k="operator:wikidata" v="Q1094755"/>
  <tag k="public_transport:version" v="2"/>
  <tag k="ref" v="128"/>
  <tag k="route" v="bus"/>
  <tag k="source" v="https://navegapormadrid.emtmadrid.es/app/"/>
  <tag k="to" v="Cuatro Caminos"/>
  <tag k="type" v="route"/>
 </relation>
 <relation id="1760543" visible="true" version="36" changeset="188417274" timestamp="2026-09-02T12:42:53Z" user="Pan_Nug" uid="17280926">
  <member type="node" ref="8529770092" role="stop"/>
  <member type="node" ref="1439705317" role="platform"/>
  <member type="node" ref="5970506943" role="stop"/>
  <member type="node" ref="1439703209" role="platform"/>
  <member type="node" ref="5970506942" role="stop"/>
  <member type="node" ref="1439703215" role="platform"/>
  <member type="node" ref="8462531327" role="stop"/>
  <member type="node" ref="1439703204" role="platform"/>
  <member type="node" ref="8529770082" role="stop"/>
  <member type="node" ref="1439706692" role="platform"/>
  <member type="node" ref="8529770085" role="stop"/>
  <member type="node" ref="1439704668" role="platform"/>
  <member type="node" ref="8529770081" role="stop"/>
  <member type="node" ref="1439704663" role="platform"/>
  <member type="node" ref="8430162609" role="stop"/>
  <member type="node" ref="1439708274" role="platform"/>
  <member type="node" ref="8430162610" role="stop"/>
  <member type="node" ref="1439708278" role="platform"/>
  <member type="node" ref="8529770087" role="stop"/>
  <member type="node" ref="1439712024" role="platform"/>
  <member type="node" ref="8529770088" role="stop"/>
  <member type="node" ref="1439704010" role="platform"/>
  <member type="node" ref="2439201249" role="stop"/>
  <member type="node" ref="1439705340" role="platform"/>
  <member type="node" ref="8462496115" role="stop"/>
  <member type="node" ref="1439700864" role="platform"/>
  <member type="node" ref="3720761412" role="stop"/>
  <member type="node" ref="1439700862" role="platform"/>
  <member type="node" ref="2528665827" role="stop"/>
  <member type="node" ref="1439707657" role="platform"/>
  <member type="node" ref="8462531319" role="stop"/>
  <member type="node" ref="1439707675" role="platform"/>
  <member type="node" ref="8462531320" role="stop"/>
  <member type="node" ref="1439707684" role="platform"/>
  <member type="node" ref="13484815365" role="platform"/>
  <member type="node" ref="13484815366" role="platform"/>
  <member type="node" ref="8459194144" role="platform_exit_only"/>
  <member type="node" ref="1439704873" role="platform_exit_only"/>
  <member type="way" ref="918422320" role=""/>
  <member type="way" ref="918422319" role=""/>
  <member type="way" ref="45764850" role=""/>
  <member type="way" ref="43410337" role=""/>
  <member type="way" ref="767647774" role=""/>
  <member type="way" ref="71055297" role=""/>
  <member type="way" ref="71019433" role=""/>
  <member type="way" ref="918015709" role=""/>
  <member type="way" ref="71019462" role=""/>
  <member type="way" ref="137200185" role=""/>
  <member type="way" ref="1014474065" role=""/>
  <member type="way" ref="1014474066" role=""/>
  <member type="way" ref="1014474064" role=""/>
  <member type="way" ref="1014474063" role=""/>
  <member type="way" ref="1014474062" role=""/>
  <member type="way" ref="219141073" role=""/>
  <member type="way" ref="219141079" role=""/>
  <member type="way" ref="32029327" role=""/>
  <member type="way" ref="32029326" role=""/>
  <member type="way" ref="1014474061" role=""/>
  <member type="way" ref="219141072" role=""/>
  <member type="way" ref="1014474059" role=""/>
  <member type="way" ref="82567739" role=""/>
  <member type="way" ref="43410339" role=""/>
  <member type="way" ref="45756877" role=""/>
  <member type="way" ref="70810663" role=""/>
  <member type="way" ref="82567737" role=""/>
  <member type="way" ref="218065266" role=""/>
  <member type="way" ref="82567738" role=""/>
  <member type="way" ref="82567730" role=""/>
  <member type="way" ref="82567740" role=""/>
  <member type="way" ref="1014474045" role=""/>
  <member type="way" ref="300328320" role=""/>
  <member type="way" ref="43410340" role=""/>
  <member type="way" ref="10641969" role=""/>
  <member type="way" ref="100704678" role=""/>
  <member type="way" ref="198100704" role=""/>
  <member type="way" ref="30693242" role=""/>
  <member type="way" ref="30693240" role=""/>
  <member type="way" ref="24269446" role=""/>
  <member type="way" ref="6183687" role=""/>
  <member type="way" ref="6074626" role=""/>
  <member type="way" ref="98561782" role=""/>
  <member type="way" ref="551459768" role=""/>
  <member type="way" ref="45757406" role=""/>
  <member type="way" ref="1554491591" role=""/>
  <member type="way" ref="6074715" role=""/>
  <member type="way" ref="322079555" role=""/>
  <member type="way" ref="416604706" role=""/>
  <member type="way" ref="416604710" role=""/>
  <member type="way" ref="292005770" role=""/>
  <member type="way" ref="416604713" role=""/>
  <member type="way" ref="416604717" role=""/>
  <member type="way" ref="15280592" role=""/>
  <member type="way" ref="416604721" role=""/>
  <member type="way" ref="199888543" role=""/>
  <member type="way" ref="31014908" role=""/>
  <member type="way" ref="119030845" role=""/>
  <member type="way" ref="31014905" role=""/>
  <member type="way" ref="242624654" role=""/>
  <member type="way" ref="6074562" role=""/>
  <member type="way" ref="6074522" role=""/>
  <member type="way" ref="62725509" role=""/>
  <member type="way" ref="62725535" role=""/>
  <member type="way" ref="35742850" role=""/>
  <member type="way" ref="512144627" role=""/>
  <member type="way" ref="4917284" role=""/>
  <member type="way" ref="35742856" role=""/>
  <member type="way" ref="45695083" role=""/>
  <member type="way" ref="1314335665" role=""/>
  <member type="way" ref="247344361" role=""/>
  <member type="way" ref="4319069" role=""/>
  <member type="way" ref="4318290" role=""/>
  <member type="way" ref="254681826" role=""/>
  <member type="way" ref="627640874" role=""/>
  <member type="way" ref="45695097" role=""/>
  <member type="way" ref="254681822" role=""/>
  <member type="way" ref="62726919" role=""/>
  <member type="way" ref="62727190" role=""/>
  <member type="way" ref="480013840" role=""/>
  <member type="way" ref="564025310" role=""/>
  <member type="way" ref="254676133" role=""/>
  <member type="way" ref="254672498" role=""/>
  <member type="way" ref="62727290" role=""/>
  <member type="way" ref="42636669" role=""/>
  <member type="way" ref="245727266" role=""/>
  <member type="way" ref="7643922" role=""/>
  <member type="way" ref="4683270" role=""/>
  <member type="way" ref="16099695" role=""/>
  <member type="way" ref="1470391457" role=""/>
  <member type="way" ref="1470391456" role=""/>
  <tag k="colour" v="#0072CE"/>
  <tag k="from" v="Cuatro Caminos"/>
  <tag k="gtfs:route_id" v="128"/>
  <tag k="gtfs:shape_id" v="128_A"/>
  <tag k="name" v="Bus 128: Cuatro Caminos → Barrio Del Pilar"/>
  <tag k="network" v="Empresa Municipal de Transportes de Madrid"/>
  <tag k="network:short" v="EMT Madrid"/>
  <tag k="network:wikidata" v="Q1094755"/>
  <tag k="operator" v="Empresa Municipal de Transportes de Madrid"/>
  <tag k="operator:short" v="EMT Madrid"/>
  <tag k="operator:wikidata" v="Q1094755"/>
  <tag k="public_transport:version" v="2"/>
  <tag k="ref" v="128"/>
  <tag k="route" v="bus"/>
  <tag k="source" v="https://navegapormadrid.emtmadrid.es/app/"/>
  <tag k="to" v="Barrio Del Pilar"/>
  <tag k="type" v="route"/>
 </relation>
 <relation id="1760582" visible="true" version="68" changeset="185810394" timestamp="2026-07-15T21:09:18Z" user="Robot8A" uid="393359">
  <member type="node" ref="26231400" role="stop"/>
  <member type="node" ref="1439706640" role="platform"/>
  <member type="node" ref="8440634393" role="stop"/>
  <member type="node" ref="1439707710" role="platform"/>
  <member type="node" ref="3720777202" role="stop"/>
  <member type="node" ref="1439700863" role="platform"/>
  <member type="node" ref="8440634379" role="stop"/>
  <member type="node" ref="1439707369" role="platform"/>
  <member type="node" ref="8440634378" role="stop"/>
  <member type="node" ref="1439707378" role="platform"/>
  <member type="node" ref="25587445" role="stop"/>
  <member type="node" ref="1439704901" role="platform"/>
  <member type="node" ref="8440634380" role="stop"/>
  <member type="node" ref="1439704872" role="platform"/>
  <member type="node" ref="1984004493" role="stop"/>
  <member type="node" ref="1439711501" role="platform"/>
  <member type="node" ref="8440634381" role="stop"/>
  <member type="node" ref="1439711507" role="platform"/>
  <member type="node" ref="8440634382" role="stop"/>
  <member type="node" ref="1439711515" role="platform"/>
  <member type="node" ref="3699633473" role="stop"/>
  <member type="node" ref="1439710276" role="platform"/>
  <member type="node" ref="3699633472" role="stop"/>
  <member type="node" ref="1439710220" role="platform"/>
  <member type="node" ref="3720761396" role="stop"/>
  <member type="node" ref="1439710347" role="platform"/>
  <member type="node" ref="8427069627" role="stop"/>
  <member type="node" ref="8427069628" role="stop"/>
  <member type="node" ref="1439709558" role="platform"/>
  <member type="node" ref="8427069626" role="stop"/>
  <member type="node" ref="1439710235" role="platform"/>
  <member type="node" ref="8440634383" role="stop"/>
  <member type="node" ref="1439710434" role="platform"/>
  <member type="node" ref="8436098460" role="stop"/>
  <member type="node" ref="1439710372" role="platform"/>
  <member type="node" ref="565714239" role="stop"/>
  <member type="node" ref="1439710205" role="platform"/>
  <member type="node" ref="8436098461" role="stop"/>
  <member type="node" ref="1439710439" role="platform"/>
  <member type="node" ref="8436098463" role="stop"/>
  <member type="node" ref="1439710335" role="platform"/>
  <member type="node" ref="3162003415" role="stop"/>
  <member type="node" ref="1439710325" role="platform"/>
  <member type="node" ref="25902774" role="stop"/>
  <member type="node" ref="1439709967" role="platform"/>
  <member type="node" ref="8440634391" role="stop"/>
  <member type="node" ref="1439710388" role="platform"/>
  <member type="node" ref="8440634392" role="stop"/>
  <member type="node" ref="1439707508" role="platform"/>
  <member type="node" ref="8440634385" role="stop"/>
  <member type="node" ref="1439707514" role="platform"/>
  <member type="node" ref="8440634389" role="stop"/>
  <member type="node" ref="1439704376" role="platform"/>
  <member type="node" ref="8440634386" role="stop"/>
  <member type="node" ref="1439709508" role="platform"/>
  <member type="node" ref="8440634387" role="stop"/>
  <member type="node" ref="1439706793" role="platform"/>
  <member type="node" ref="8440634384" role="stop"/>
  <member type="node" ref="1439706798" role="platform"/>
  <member type="node" ref="5970484997" role="stop"/>
  <member type="node" ref="1439703377" role="platform"/>
  <member type="node" ref="5970484996" role="stop"/>
  <member type="node" ref="1439703379" role="platform"/>
  <member type="node" ref="5970485003" role="stop"/>
  <member type="node" ref="1439705322" role="platform"/>
  <member type="node" ref="5963987036" role="stop"/>
  <member type="node" ref="1439711254" role="platform"/>
  <member type="node" ref="5970484995" role="stop"/>
  <member type="node" ref="1439711267" role="platform"/>
  <member type="node" ref="5970484994" role="stop"/>
  <member type="node" ref="1439711266" role="platform"/>
  <member type="node" ref="5321927322" role="stop"/>
  <member type="node" ref="1439706151" role="platform"/>
  <member type="way" ref="4320318" role=""/>
  <member type="way" ref="118988846" role=""/>
  <member type="way" ref="209056267" role=""/>
  <member type="way" ref="62726919" role=""/>
  <member type="way" ref="254681822" role=""/>
  <member type="way" ref="45695097" role=""/>
  <member type="way" ref="627640874" role=""/>
  <member type="way" ref="254681826" role=""/>
  <member type="way" ref="4318289" role=""/>
  <member type="way" ref="4318291" role=""/>
  <member type="way" ref="469125018" role=""/>
  <member type="way" ref="245728305" role=""/>
  <member type="way" ref="199685733" role=""/>
  <member type="way" ref="1514629426" role=""/>
  <member type="way" ref="451417628" role=""/>
  <member type="way" ref="245728301" role=""/>
  <member type="way" ref="131547196" role=""/>
  <member type="way" ref="26276818" role=""/>
  <member type="way" ref="131547204" role=""/>
  <member type="way" ref="45695086" role=""/>
  <member type="way" ref="45695087" role=""/>
  <member type="way" ref="45695069" role=""/>
  <member type="way" ref="32029760" role=""/>
  <member type="way" ref="187764246" role=""/>
  <member type="way" ref="187764244" role=""/>
  <member type="way" ref="340173109" role=""/>
  <member type="way" ref="31722445" role=""/>
  <member type="way" ref="4319091" role=""/>
  <member type="way" ref="408741761" role=""/>
  <member type="way" ref="293579320" role=""/>
  <member type="way" ref="293579318" role=""/>
  <member type="way" ref="247189146" role=""/>
  <member type="way" ref="71045414" role=""/>
  <member type="way" ref="1334226747" role=""/>
  <member type="way" ref="298912055" role=""/>
  <member type="way" ref="45695102" role=""/>
  <member type="way" ref="566813266" role=""/>
  <member type="way" ref="368222395" role=""/>
  <member type="way" ref="247134046" role=""/>
  <member type="way" ref="511249856" role=""/>
  <member type="way" ref="511249852" role=""/>
  <member type="way" ref="511241908" role=""/>
  <member type="way" ref="511241907" role=""/>
  <member type="way" ref="969583082" role=""/>
  <member type="way" ref="511241906" role=""/>
  <member type="way" ref="1314330085" role=""/>
  <member type="way" ref="1339191703" role=""/>
  <member type="way" ref="1311031697" role=""/>
  <member type="way" ref="255825112" role=""/>
  <member type="way" ref="255825113" role=""/>
  <member type="way" ref="1311031700" role=""/>
  <member type="way" ref="44884578" role=""/>
  <member type="way" ref="118988833" role=""/>
  <member type="way" ref="44536992" role=""/>
  <member type="way" ref="118988828" role=""/>
  <member type="way" ref="44536987" role=""/>
  <member type="way" ref="261560489" role=""/>
  <member type="way" ref="163577083" role=""/>
  <member type="way" ref="118934453" role=""/>
  <member type="way" ref="261560486" role=""/>
  <member type="way" ref="429691811" role=""/>
  <member type="way" ref="43798342" role=""/>
  <member type="way" ref="31739018" role=""/>
  <member type="way" ref="163805454" role=""/>
  <member type="way" ref="890797396" role=""/>
  <member type="way" ref="951683409" role=""/>
  <member type="way" ref="45764843" role=""/>
  <member type="way" ref="245723751" role=""/>
  <member type="way" ref="1186014735" role=""/>
  <member type="way" ref="7971515" role=""/>
  <member type="way" ref="7971521" role=""/>
  <member type="way" ref="43798348" role=""/>
  <member type="way" ref="83668208" role=""/>
  <member type="way" ref="164369262" role=""/>
  <member type="way" ref="245723750" role=""/>
  <member type="way" ref="164369265" role=""/>
  <member type="way" ref="164369264" role=""/>
  <member type="way" ref="83668211" role=""/>
  <member type="way" ref="83668209" role=""/>
  <member type="way" ref="83668213" role=""/>
  <member type="way" ref="14461138" role=""/>
  <member type="way" ref="14461155" role=""/>
  <member type="way" ref="122191131" role=""/>
  <member type="way" ref="1365957696" role=""/>
  <member type="way" ref="77616842" role=""/>
  <member type="way" ref="7972452" role=""/>
  <member type="way" ref="32606716" role=""/>
  <member type="way" ref="136841239" role=""/>
  <member type="way" ref="43410321" role=""/>
  <member type="way" ref="43410322" role=""/>
  <member type="way" ref="4950642" role=""/>
  <member type="way" ref="33580892" role=""/>
  <member type="way" ref="131443344" role=""/>
  <member type="way" ref="131443345" role=""/>
  <member type="way" ref="33580888" role=""/>
  <member type="way" ref="33580890" role=""/>
  <member type="way" ref="258516122" role=""/>
  <member type="way" ref="258516124" role=""/>
  <member type="way" ref="4487156" role=""/>
  <member type="way" ref="293712004" role=""/>
  <member type="way" ref="491841445" role=""/>
  <member type="way" ref="422999625" role=""/>
  <member type="way" ref="422999624" role=""/>
  <member type="way" ref="1539577651" role=""/>
  <member type="way" ref="1539577650" role=""/>
  <member type="way" ref="506195848" role=""/>
  <member type="way" ref="293712003" role=""/>
  <member type="way" ref="30993228" role=""/>
  <member type="way" ref="554359457" role=""/>
  <member type="way" ref="239499978" role=""/>
  <member type="way" ref="1224877593" role=""/>
  <member type="way" ref="45757393" role=""/>
  <member type="way" ref="4487153" role=""/>
  <member type="way" ref="31053391" role=""/>
  <member type="way" ref="269291945" role=""/>
  <member type="way" ref="551051371" role=""/>
  <tag k="colour" v="#0072CE"/>
  <tag k="from" v="Barrio Del Pilar"/>
  <tag k="gtfs:route_id" v="147"/>
  <tag k="gtfs:shape_id" v="147_B"/>
  <tag k="name" v="Bus 147: Barrio Del Pilar → Plaza del Callao"/>
  <tag k="network" v="Empresa Municipal de Transportes de Madrid"/>
  <tag k="network:short" v="EMT Madrid"/>
  <tag k="network:wikidata" v="Q1094755"/>
  <tag k="operator" v="Empresa Municipal de Transportes de Madrid"/>
  <tag k="operator:short" v="EMT Madrid"/>
  <tag k="operator:wikidata" v="Q1094755"/>
  <tag k="public_transport:version" v="2"/>
  <tag k="ref" v="147"/>
  <tag k="route" v="bus"/>
  <tag k="source" v="https://navegapormadrid.emtmadrid.es/app/"/>
  <tag k="to" v="Plaza del Callao"/>
  <tag k="type" v="route"/>
 </relation>
 <relation id="1760691" visible="true" version="54" changeset="170119764" timestamp="2025-08-07T17:43:06Z" user="Gonçalo Matos" uid="22615715">
  <member type="node" ref="2540716640" role="stop"/>
  <member type="node" ref="1439705928" role="platform"/>
  <member type="node" ref="3720761396" role="stop"/>
  <member type="node" ref="1439710347" role="platform"/>
  <member type="node" ref="3720761397" role="stop"/>
  <member type="node" ref="1439700836" role="platform"/>
  <member type="node" ref="3720761398" role="stop"/>
  <member type="node" ref="1439700838" role="platform"/>
  <member type="node" ref="3720761399" role="stop"/>
  <member type="node" ref="1439700842" role="platform"/>
  <member type="node" ref="3595449730" role="stop"/>
  <member type="node" ref="1439711500" role="platform"/>
  <member type="node" ref="3720761402" role="stop"/>
  <member type="node" ref="1439711075" role="platform"/>
  <member type="node" ref="3720761401" role="stop"/>
  <member type="node" ref="1439711081" role="platform"/>
  <member type="node" ref="3634218302" role="stop"/>
  <member type="node" ref="1439711070" role="platform"/>
  <member type="node" ref="3720761405" role="stop"/>
  <member type="node" ref="1439700860" role="platform"/>
  <member type="node" ref="3720761409" role="stop"/>
  <member type="node" ref="1439700864" role="platform"/>
  <member type="node" ref="3720761412" role="stop"/>
  <member type="node" ref="1439700862" role="platform"/>
  <member type="node" ref="3720761413" role="stop"/>
  <member type="node" ref="1439706646" role="platform"/>
  <member type="node" ref="3720761411" role="stop"/>
  <member type="node" ref="1439706644" role="platform"/>
  <member type="node" ref="3720761410" role="stop"/>
  <member type="node" ref="1439706642" role="platform"/>
  <member type="node" ref="3720761404" role="stop"/>
  <member type="node" ref="1439703476" role="platform"/>
  <member type="node" ref="3720761406" role="stop"/>
  <member type="node" ref="1439703478" role="platform"/>
  <member type="node" ref="3720761400" role="stop"/>
  <member type="node" ref="1439703474" role="platform"/>
  <member type="node" ref="3720761403" role="stop"/>
  <member type="node" ref="1439706253" role="platform"/>
  <member type="node" ref="3720761407" role="stop"/>
  <member type="node" ref="1439704344" role="platform"/>
  <member type="node" ref="3720761408" role="stop"/>
  <member type="node" ref="1439706244" role="platform"/>
  <member type="node" ref="2480960031" role="stop"/>
  <member type="node" ref="1439706062" role="platform"/>
  <member type="way" ref="247134043" role=""/>
  <member type="way" ref="918015707" role=""/>
  <member type="way" ref="255825121" role=""/>
  <member type="way" ref="328889792" role=""/>
  <member type="way" ref="368222395" role=""/>
  <member type="way" ref="247134046" role=""/>
  <member type="way" ref="511249856" role=""/>
  <member type="way" ref="4290966" role=""/>
  <member type="way" ref="652871160" role=""/>
  <member type="way" ref="35342310" role=""/>
  <member type="way" ref="398744707" role=""/>
  <member type="way" ref="35342312" role=""/>
  <member type="way" ref="32029893" role=""/>
  <member type="way" ref="32029894" role=""/>
  <member type="way" ref="32029788" role=""/>
  <member type="way" ref="32029789" role=""/>
  <member type="way" ref="32029760" role=""/>
  <member type="way" ref="245728304" role=""/>
  <member type="way" ref="45695070" role=""/>
  <member type="way" ref="131547203" role=""/>
  <member type="way" ref="131547204" role=""/>
  <member type="way" ref="32029762" role=""/>
  <member type="way" ref="4320758" role=""/>
  <member type="way" ref="1194478105" role=""/>
  <member type="way" ref="4320759" role=""/>
  <member type="way" ref="1194478108" role=""/>
  <member type="way" ref="1194478107" role=""/>
  <member type="way" ref="1194478106" role=""/>
  <member type="way" ref="45695082" role=""/>
  <member type="way" ref="45695083" role=""/>
  <member type="way" ref="1314335665" role=""/>
  <member type="way" ref="247344361" role=""/>
  <member type="way" ref="4319069" role=""/>
  <member type="way" ref="4318290" role=""/>
  <member type="way" ref="254681826" role=""/>
  <member type="way" ref="627640874" role=""/>
  <member type="way" ref="340179019" role=""/>
  <member type="way" ref="245728302" role=""/>
  <member type="way" ref="4320318" role=""/>
  <member type="way" ref="120460616" role=""/>
  <member type="way" ref="45695071" role=""/>
  <member type="way" ref="6074433" role=""/>
  <member type="way" ref="431174905" role=""/>
  <member type="way" ref="45695072" role=""/>
  <member type="way" ref="15237609" role=""/>
  <member type="way" ref="252218102" role=""/>
  <member type="way" ref="45695095" role=""/>
  <member type="way" ref="347338424" role=""/>
  <member type="way" ref="347338423" role=""/>
  <member type="way" ref="511249838" role=""/>
  <member type="way" ref="511249849" role=""/>
  <member type="way" ref="511249847" role=""/>
  <member type="way" ref="511249844" role=""/>
  <member type="way" ref="251265872" role=""/>
  <member type="way" ref="30739547" role=""/>
  <member type="way" ref="45695088" role=""/>
  <member type="way" ref="436484924" role=""/>
  <member type="way" ref="45695091" role=""/>
  <member type="way" ref="30739574" role=""/>
  <member type="way" ref="240350186" role=""/>
  <member type="way" ref="45695092" role=""/>
  <member type="way" ref="45695093" role=""/>
  <tag k="colour" v="#0072CE"/>
  <tag k="from" v="Plaza Castilla"/>
  <tag k="gtfs:route_id" v="42"/>
  <tag k="gtfs:shape_id" v="042_A"/>
  <tag k="name" v="Bus 42: Plaza Castilla → Bº Peñagrande"/>
  <tag k="network" v="Empresa Municipal de Transportes de Madrid"/>
  <tag k="network:short" v="EMT Madrid"/>
  <tag k="network:wikidata" v="Q1094755"/>
  <tag k="operator" v="Empresa Municipal de Transportes de Madrid"/>
  <tag k="operator:short" v="EMT Madrid"/>
  <tag k="operator:wikidata" v="Q1094755"/>
  <tag k="public_transport:version" v="2"/>
  <tag k="ref" v="42"/>
  <tag k="route" v="bus"/>
  <tag k="source" v="https://navegapormadrid.emtmadrid.es/app/"/>
  <tag k="to" v="Bº Peñagrande"/>
  <tag k="type" v="route"/>
 </relation>
 <relation id="1760866" visible="true" version="84" changeset="182333550" timestamp="2026-05-07T11:11:10Z" user="Gonçalo Matos" uid="22615715">
  <member type="node" ref="2508927633" role="stop"/>
  <member type="node" ref="1439710788" role="platform"/>
  <member type="node" ref="8422641939" role="stop"/>
  <member type="node" ref="1439710783" role="platform"/>
  <member type="node" ref="8427069656" role="stop"/>
  <member type="node" ref="1439710319" role="platform"/>
  <member type="node" ref="8427069655" role="stop"/>
  <member type="node" ref="1439710421" role="platform"/>
  <member type="node" ref="25902474" role="stop"/>
  <member type="node" ref="1439710241" role="platform"/>
  <member type="node" ref="8436098419" role="stop"/>
  <member type="node" ref="1439709764" role="platform"/>
  <member type="node" ref="1754816977" role="stop"/>
  <member type="node" ref="1439709972" role="platform"/>
  <member type="node" ref="25902856" role="stop"/>
  <member type="node" ref="1439710251" role="platform"/>
  <member type="node" ref="8436098418" role="stop"/>
  <member type="node" ref="1439710401" role="platform"/>
  <member type="node" ref="8436098423" role="stop"/>
  <member type="node" ref="1439710199" role="platform"/>
  <member type="node" ref="8436098420" role="stop"/>
  <member type="node" ref="1439710381" role="platform"/>
  <member type="node" ref="8440634360" role="stop"/>
  <member type="node" ref="1439710222" role="platform"/>
  <member type="node" ref="8427069651" role="stop"/>
  <member type="node" ref="1439709571" role="platform"/>
  <member type="node" ref="8427069650" role="stop"/>
  <member type="node" ref="1439710446" role="platform"/>
  <member type="node" ref="8427069653" role="stop"/>
  <member type="node" ref="1439710267" role="platform"/>
  <member type="node" ref="8459194147" role="stop"/>
  <member type="node" ref="1439700840" role="platform"/>
  <member type="node" ref="3720761397" role="stop"/>
  <member type="node" ref="1439700836" role="platform"/>
  <member type="node" ref="3720761398" role="stop"/>
  <member type="node" ref="1439700838" role="platform"/>
  <member type="node" ref="3720761399" role="stop"/>
  <member type="node" ref="1439700842" role="platform"/>
  <member type="node" ref="8459194144" role="stop"/>
  <member type="node" ref="1439704873" role="platform"/>
  <member type="node" ref="8459194143" role="stop"/>
  <member type="node" ref="1439704904" role="platform"/>
  <member type="node" ref="8459194145" role="stop"/>
  <member type="node" ref="1439704889" role="platform"/>
  <member type="node" ref="2504331684" role="stop"/>
  <member type="node" ref="1439704909" role="platform"/>
  <member type="node" ref="8430090492" role="stop"/>
  <member type="node" ref="1439711792" role="platform"/>
  <member type="node" ref="8430090485" role="stop"/>
  <member type="node" ref="1439711793" role="platform"/>
  <member type="node" ref="8430090484" role="stop"/>
  <member type="node" ref="1439711791" role="platform"/>
  <member type="node" ref="26209518" role="stop"/>
  <member type="node" ref="1439699519" role="platform"/>
  <member type="node" ref="8430090487" role="stop"/>
  <member type="node" ref="1439708243" role="platform"/>
  <member type="node" ref="8430090491" role="stop"/>
  <member type="node" ref="1439708241" role="platform"/>
  <member type="node" ref="2421410494" role="stop"/>
  <member type="node" ref="1439706658" role="platform"/>
  <member type="node" ref="3707129838" role="stop"/>
  <member type="node" ref="1439703569" role="platform"/>
  <member type="node" ref="259007669" role="stop"/>
  <member type="node" ref="1439703571" role="platform"/>
  <member type="node" ref="3707129843" role="stop"/>
  <member type="node" ref="1439707645" role="platform"/>
  <member type="node" ref="3707129841" role="stop"/>
  <member type="node" ref="1439707651" role="platform"/>
  <member type="node" ref="3707129842" role="stop"/>
  <member type="node" ref="1439707634" role="platform"/>
  <member type="node" ref="3707129844" role="stop"/>
  <member type="node" ref="1439707644" role="platform"/>
  <member type="node" ref="3707129845" role="stop"/>
  <member type="node" ref="1439707648" role="platform"/>
  <member type="node" ref="3707129846" role="stop"/>
  <member type="node" ref="1439707655" role="platform"/>
  <member type="node" ref="8459194146" role="stop"/>
  <member type="node" ref="1439707637" role="platform"/>
  <member type="way" ref="243496118" role=""/>
  <member type="way" ref="907102749" role=""/>
  <member type="way" ref="907102748" role=""/>
  <member type="way" ref="131443348" role=""/>
  <member type="way" ref="1332177024" role=""/>
  <member type="way" ref="131431688" role=""/>
  <member type="way" ref="37352455" role=""/>
  <member type="way" ref="27396510" role=""/>
  <member type="way" ref="554230296" role=""/>
  <member type="way" ref="43759853" role=""/>
  <member type="way" ref="252387586" role=""/>
  <member type="way" ref="44737268" role=""/>
  <member type="way" ref="1117798460" role=""/>
  <member type="way" ref="554230313" role=""/>
  <member type="way" ref="131451859" role=""/>
  <member type="way" ref="334731366" role=""/>
  <member type="way" ref="44508935" role=""/>
  <member type="way" ref="417038678" role=""/>
  <member type="way" ref="136124312" role=""/>
  <member type="way" ref="252387427" role=""/>
  <member type="way" ref="1334350034" role=""/>
  <member type="way" ref="398715610" role=""/>
  <member type="way" ref="164369274" role=""/>
  <member type="way" ref="1334350033" role=""/>
  <member type="way" ref="164369277" role=""/>
  <member type="way" ref="437157175" role=""/>
  <member type="way" ref="164369275" role=""/>
  <member type="way" ref="164369278" role=""/>
  <member type="way" ref="1334350032" role=""/>
  <member type="way" ref="136124305" role=""/>
  <member type="way" ref="43759952" role=""/>
  <member type="way" ref="164369273" role=""/>
  <member type="way" ref="131553934" role=""/>
  <member type="way" ref="43798345" role=""/>
  <member type="way" ref="164298255" role=""/>
  <member type="way" ref="311203095" role=""/>
  <member type="way" ref="245723748" role=""/>
  <member type="way" ref="7732132" role=""/>
  <member type="way" ref="1334350031" role=""/>
  <member type="way" ref="163805455" role=""/>
  <member type="way" ref="163805460" role=""/>
  <member type="way" ref="1334457160" role=""/>
  <member type="way" ref="245725047" role=""/>
  <member type="way" ref="44571136" role=""/>
  <member type="way" ref="311203097" role=""/>
  <member type="way" ref="907548422" role=""/>
  <member type="way" ref="44536984" role=""/>
  <member type="way" ref="44884576" role=""/>
  <member type="way" ref="131553938" role=""/>
  <member type="way" ref="1339190575" role=""/>
  <member type="way" ref="1339190574" role=""/>
  <member type="way" ref="44536985" role=""/>
  <member type="way" ref="43760355" role=""/>
  <member type="way" ref="969583079" role=""/>
  <member type="way" ref="511241909" role=""/>
  <member type="way" ref="969583077" role=""/>
  <member type="way" ref="511230115" role=""/>
  <member type="way" ref="511249856" role=""/>
  <member type="way" ref="4290966" role=""/>
  <member type="way" ref="652871160" role=""/>
  <member type="way" ref="35342310" role=""/>
  <member type="way" ref="398744707" role=""/>
  <member type="way" ref="35342312" role=""/>
  <member type="way" ref="32029893" role=""/>
  <member type="way" ref="32029894" role=""/>
  <member type="way" ref="32029788" role=""/>
  <member type="way" ref="32029789" role=""/>
  <member type="way" ref="32029760" role=""/>
  <member type="way" ref="245728304" role=""/>
  <member type="way" ref="45695070" role=""/>
  <member type="way" ref="7712470" role=""/>
  <member type="way" ref="131547198" role=""/>
  <member type="way" ref="1470391457" role=""/>
  <member type="way" ref="1470391456" role=""/>
  <member type="way" ref="26276840" role=""/>
  <member type="way" ref="1228296677" role=""/>
  <member type="way" ref="131547200" role=""/>
  <member type="way" ref="243493287" role=""/>
  <member type="way" ref="4867187" role=""/>
  <member type="way" ref="7972466" role=""/>
  <member type="way" ref="501191513" role=""/>
  <member type="way" ref="430948965" role=""/>
  <member type="way" ref="1340503957" role=""/>
  <member type="way" ref="1340485217" role=""/>
  <member type="way" ref="430948966" role=""/>
  <member type="way" ref="553360741" role=""/>
  <member type="way" ref="4683639" role=""/>
  <member type="way" ref="71045445" role=""/>
  <member type="way" ref="4320046" role=""/>
  <member type="way" ref="87339386" role=""/>
  <member type="way" ref="87339374" role=""/>
  <member type="way" ref="4320067" role=""/>
  <member type="way" ref="87339372" role=""/>
  <member type="way" ref="4320053" role=""/>
  <member type="way" ref="261880820" role=""/>
  <member type="way" ref="255766458" role=""/>
  <member type="way" ref="431755391" role=""/>
  <member type="way" ref="240819221" role=""/>
  <member type="way" ref="240205008" role=""/>
  <member type="way" ref="23841843" role=""/>
  <member type="way" ref="240205076" role=""/>
  <member type="way" ref="23841860" role=""/>
  <member type="way" ref="1329572417" role=""/>
  <member type="way" ref="1125291261" role=""/>
  <member type="way" ref="1125291262" role=""/>
  <member type="way" ref="1125291263" role=""/>
  <member type="way" ref="1125291264" role=""/>
  <member type="way" ref="1125291266" role=""/>
  <member type="way" ref="1464136519" role=""/>
  <member type="way" ref="1125291268" role=""/>
  <member type="way" ref="1125291270" role=""/>
  <member type="way" ref="1464136521" role=""/>
  <member type="way" ref="240206498" role=""/>
  <member type="way" ref="23496763" role=""/>
  <member type="way" ref="23496781" role=""/>
  <member type="way" ref="242737598" role=""/>
  <member type="way" ref="241222343" role=""/>
  <member type="way" ref="241222354" role=""/>
  <member type="way" ref="241222353" role=""/>
  <member type="way" ref="23496819" role=""/>
  <member type="way" ref="24409360" role=""/>
  <member type="way" ref="335961036" role=""/>
  <member type="way" ref="335961037" role=""/>
  <member type="way" ref="241222355" role=""/>
  <member type="way" ref="1492749282" role=""/>
  <member type="way" ref="241222349" role=""/>
  <member type="way" ref="767647771" role=""/>
  <member type="way" ref="433176399" role=""/>
  <member type="way" ref="767647770" role=""/>
  <member type="way" ref="380537256" role=""/>
  <member type="way" ref="490491764" role=""/>
  <member type="way" ref="490491765" role=""/>
  <member type="way" ref="737931497" role=""/>
  <member type="way" ref="904691020" role=""/>
  <member type="way" ref="911013766" role=""/>
  <tag k="by_night" v="only"/>
  <tag k="colour" v="black"/>
  <tag k="from" v="Cibeles"/>
  <tag k="gtfs:route_id" v="523"/>
  <tag k="gtfs:shape_id" v="523_A"/>
  <tag k="name" v="Bus N23: Cibeles → Montecarmelo"/>
  <tag k="network" v="Empresa Municipal de Transportes de Madrid"/>
  <tag k="network:short" v="EMT Madrid"/>
  <tag k="network:wikidata" v="Q1094755"/>
  <tag k="operator" v="Empresa Municipal de Transportes de Madrid"/>
  <tag k="operator:short" v="EMT Madrid"/>
  <tag k="operator:wikidata" v="Q1094755"/>
  <tag k="public_transport:version" v="2"/>
  <tag k="ref" v="N23"/>
  <tag k="route" v="bus"/>
  <tag k="source" v="https://navegapormadrid.emtmadrid.es/app/"/>
  <tag k="to" v="Montecarmelo"/>
  <tag k="type" v="route"/>
 </relation>
 <relation id="1760867" visible="true" version="78" changeset="180416626" timestamp="2026-03-25T16:38:16Z" user="Gastux" uid="23444752">
  <member type="node" ref="8459194146" role="stop"/>
  <member type="node" ref="1439707637" role="platform"/>
  <member type="node" ref="3707154322" role="stop"/>
  <member type="node" ref="1439707628" role="platform"/>
  <member type="node" ref="3707154321" role="stop"/>
  <member type="node" ref="1439707623" role="platform"/>
  <member type="node" ref="3707154320" role="stop"/>
  <member type="node" ref="1439707616" role="platform"/>
  <member type="node" ref="264986533" role="stop"/>
  <member type="node" ref="1439707609" role="platform"/>
  <member type="node" ref="3707154317" role="stop"/>
  <member type="node" ref="1439707615" role="platform"/>
  <member type="node" ref="3707154316" role="stop"/>
  <member type="node" ref="1439711399" role="platform"/>
  <member type="node" ref="3707154315" role="stop"/>
  <member type="node" ref="1439707633" role="platform"/>
  <member type="node" ref="259007669" role="stop"/>
  <member type="node" ref="1439703570" role="platform"/>
  <member type="node" ref="3707154313" role="stop"/>
  <member type="node" ref="1439703568" role="platform"/>
  <member type="node" ref="2501906261" role="stop"/>
  <member type="node" ref="1439706659" role="platform"/>
  <member type="node" ref="8430090465" role="stop"/>
  <member type="node" ref="1439708240" role="platform"/>
  <member type="node" ref="8430090486" role="stop"/>
  <member type="node" ref="1439708242" role="platform"/>
  <member type="node" ref="8430090464" role="stop"/>
  <member type="node" ref="1439711790" role="platform"/>
  <member type="node" ref="8430090463" role="stop"/>
  <member type="node" ref="1439704716" role="platform"/>
  <member type="node" ref="2504331695" role="stop"/>
  <member type="node" ref="1439704906" role="platform"/>
  <member type="node" ref="8459194142" role="stop"/>
  <member type="node" ref="1439704892" role="platform"/>
  <member type="node" ref="25587445" role="stop"/>
  <member type="node" ref="1439704901" role="platform"/>
  <member type="node" ref="8440634380" role="stop"/>
  <member type="node" ref="1439704872" role="platform"/>
  <member type="node" ref="3720777197" role="stop"/>
  <member type="node" ref="1439700841" role="platform"/>
  <member type="node" ref="3720777196" role="stop"/>
  <member type="node" ref="1439700837" role="platform"/>
  <member type="node" ref="3720777195" role="stop"/>
  <member type="node" ref="1439700835" role="platform"/>
  <member type="node" ref="3720777194" role="stop"/>
  <member type="node" ref="1439700839" role="platform"/>
  <member type="node" ref="8427069627" role="stop"/>
  <member type="node" ref="8427069628" role="stop"/>
  <member type="node" ref="1439709558" role="platform"/>
  <member type="node" ref="8427069626" role="stop"/>
  <member type="node" ref="1439710235" role="platform"/>
  <member type="node" ref="8436098460" role="stop"/>
  <member type="node" ref="1439710372" role="platform"/>
  <member type="node" ref="565714239" role="stop"/>
  <member type="node" ref="1439710205" role="platform"/>
  <member type="node" ref="8436098463" role="stop"/>
  <member type="node" ref="1439710335" role="platform"/>
  <member type="node" ref="3162003415" role="stop"/>
  <member type="node" ref="1439710325" role="platform"/>
  <member type="node" ref="25902774" role="stop"/>
  <member type="node" ref="1439709967" role="platform"/>
  <member type="node" ref="8436098462" role="stop"/>
  <member type="node" ref="1439710397" role="platform"/>
  <member type="node" ref="2584444270" role="stop"/>
  <member type="node" ref="1439705327" role="platform"/>
  <member type="node" ref="8427069641" role="stop"/>
  <member type="node" ref="1439710417" role="platform"/>
  <member type="node" ref="8427069639" role="stop"/>
  <member type="node" ref="1439710302" role="platform"/>
  <member type="node" ref="8427069640" role="stop"/>
  <member type="node" ref="1439710361" role="platform"/>
  <member type="node" ref="8427025374" role="stop"/>
  <member type="node" ref="1439710787" role="platform"/>
  <member type="node" ref="2508927633" role="stop"/>
  <member type="node" ref="1439710788" role="platform"/>
  <member type="way" ref="245029648" role=""/>
  <member type="way" ref="911013765" role=""/>
  <member type="way" ref="479816957" role=""/>
  <member type="way" ref="479816956" role=""/>
  <member type="way" ref="479816955" role=""/>
  <member type="way" ref="240446719" role=""/>
  <member type="way" ref="479816954" role=""/>
  <member type="way" ref="479816950" role=""/>
  <member type="way" ref="479816949" role=""/>
  <member type="way" ref="479816948" role=""/>
  <member type="way" ref="479816947" role=""/>
  <member type="way" ref="380537255" role=""/>
  <member type="way" ref="479816946" role=""/>
  <member type="way" ref="24658404" role=""/>
  <member type="way" ref="241222341" role=""/>
  <member type="way" ref="1492749282" role=""/>
  <member type="way" ref="241222355" role=""/>
  <member type="way" ref="335961037" role=""/>
  <member type="way" ref="335961036" role=""/>
  <member type="way" ref="24409360" role=""/>
  <member type="way" ref="23496819" role=""/>
  <member type="way" ref="23496813" role=""/>
  <member type="way" ref="23496464" role=""/>
  <member type="way" ref="242738659" role=""/>
  <member type="way" ref="23496469" role=""/>
  <member type="way" ref="242738662" role=""/>
  <member type="way" ref="240206495" role=""/>
  <member type="way" ref="240206701" role=""/>
  <member type="way" ref="1464136520" role=""/>
  <member type="way" ref="1125291270" role=""/>
  <member type="way" ref="1125291268" role=""/>
  <member type="way" ref="1464136519" role=""/>
  <member type="way" ref="1125291269" role=""/>
  <member type="way" ref="23502438" role=""/>
  <member type="way" ref="1451380820" role=""/>
  <member type="way" ref="240205076" role=""/>
  <member type="way" ref="240205077" role=""/>
  <member type="way" ref="240207250" role=""/>
  <member type="way" ref="240205008" role=""/>
  <member type="way" ref="240819221" role=""/>
  <member type="way" ref="4320060" role=""/>
  <member type="way" ref="87339379" role=""/>
  <member type="way" ref="1125291245" role=""/>
  <member type="way" ref="256105204" role=""/>
  <member type="way" ref="255766461" role=""/>
  <member type="way" ref="87339372" role=""/>
  <member type="way" ref="4680960" role=""/>
  <member type="way" ref="87339386" role=""/>
  <member type="way" ref="4320063" role=""/>
  <member type="way" ref="71591702" role=""/>
  <member type="way" ref="255765276" role=""/>
  <member type="way" ref="119023669" role=""/>
  <member type="way" ref="261739727" role=""/>
  <member type="way" ref="430948964" role=""/>
  <member type="way" ref="553361676" role=""/>
  <member type="way" ref="4308543" role=""/>
  <member type="way" ref="1349203320" role=""/>
  <member type="way" ref="1349203321" role=""/>
  <member type="way" ref="7972467" role=""/>
  <member type="way" ref="1349201524" role=""/>
  <member type="way" ref="340173107" role=""/>
  <member type="way" ref="62728146" role=""/>
  <member type="way" ref="62728170" role=""/>
  <member type="way" ref="62728089" role=""/>
  <member type="way" ref="7712463" role=""/>
  <member type="way" ref="451417628" role=""/>
  <member type="way" ref="245728301" role=""/>
  <member type="way" ref="131547196" role=""/>
  <member type="way" ref="26276818" role=""/>
  <member type="way" ref="131547204" role=""/>
  <member type="way" ref="45695086" role=""/>
  <member type="way" ref="45695087" role=""/>
  <member type="way" ref="4290967" role=""/>
  <member type="way" ref="32029786" role=""/>
  <member type="way" ref="32029787" role=""/>
  <member type="way" ref="32029891" role=""/>
  <member type="way" ref="32029892" role=""/>
  <member type="way" ref="35342311" role=""/>
  <member type="way" ref="398744708" role=""/>
  <member type="way" ref="35341525" role=""/>
  <member type="way" ref="511241908" role=""/>
  <member type="way" ref="511241907" role=""/>
  <member type="way" ref="969583082" role=""/>
  <member type="way" ref="511241906" role=""/>
  <member type="way" ref="1314330085" role=""/>
  <member type="way" ref="1339191703" role=""/>
  <member type="way" ref="44536986" role=""/>
  <member type="way" ref="255825112" role=""/>
  <member type="way" ref="255825113" role=""/>
  <member type="way" ref="1311031700" role=""/>
  <member type="way" ref="44884578" role=""/>
  <member type="way" ref="118988833" role=""/>
  <member type="way" ref="44536992" role=""/>
  <member type="way" ref="118988828" role=""/>
  <member type="way" ref="44536987" role=""/>
  <member type="way" ref="261560489" role=""/>
  <member type="way" ref="163577083" role=""/>
  <member type="way" ref="118934453" role=""/>
  <member type="way" ref="261560486" role=""/>
  <member type="way" ref="429691811" role=""/>
  <member type="way" ref="43798342" role=""/>
  <member type="way" ref="31739018" role=""/>
  <member type="way" ref="163805454" role=""/>
  <member type="way" ref="890797396" role=""/>
  <member type="way" ref="951683409" role=""/>
  <member type="way" ref="45764843" role=""/>
  <member type="way" ref="164298257" role=""/>
  <member type="way" ref="1186014737" role=""/>
  <member type="way" ref="1186014740" role=""/>
  <member type="way" ref="519917146" role=""/>
  <member type="way" ref="261560488" role=""/>
  <member type="way" ref="252387151" role=""/>
  <member type="way" ref="252387373" role=""/>
  <member type="way" ref="252387372" role=""/>
  <member type="way" ref="106343229" role=""/>
  <member type="way" ref="136124311" role=""/>
  <member type="way" ref="164369272" role=""/>
  <member type="way" ref="164369267" role=""/>
  <member type="way" ref="252387428" role=""/>
  <member type="way" ref="4334163" role=""/>
  <member type="way" ref="44508932" role=""/>
  <member type="way" ref="112538817" role=""/>
  <member type="way" ref="44737269" role=""/>
  <member type="way" ref="458778826" role=""/>
  <member type="way" ref="1334350035" role=""/>
  <tag k="by_night" v="only"/>
  <tag k="colour" v="black"/>
  <tag k="from" v="Montecarmelo"/>
  <tag k="name" v="Bus N23: Montecarmelo → Cibeles"/>
  <tag k="network" v="Empresa Municipal de Transportes de Madrid"/>
  <tag k="network:short" v="EMT Madrid"/>
  <tag k="network:wikidata" v="Q1094755"/>
  <tag k="operator" v="Empresa Municipal de Transportes de Madrid"/>
  <tag k="operator:short" v="EMT Madrid"/>
  <tag k="operator:wikidata" v="Q1094755"/>
  <tag k="public_transport:version" v="2"/>
  <tag k="ref" v="N23"/>
  <tag k="route" v="bus"/>
  <tag k="source" v="https://navegapormadrid.emtmadrid.es/app/"/>
  <tag k="to" v="Cibeles"/>
  <tag k="type" v="route"/>
 </relation>
 <relation id="1760922" visible="true" version="9" changeset="177059186" timestamp="2026-01-10T12:24:48Z" user="Satyajit Ray" uid="23622180">
  <member type="relation" ref="1760866" role=""/>
  <member type="relation" ref="1760867" role=""/>
  <tag k="by_night" v="only"/>
  <tag k="colour" v="black"/>
  <tag k="name" v="Bus N23: Cibeles - Montecarmelo"/>
  <tag k="network" v="Empresa Municipal de Transportes de Madrid"/>
  <tag k="network:short" v="EMT Madrid"/>
  <tag k="network:wikidata" v="Q1094755"/>
  <tag k="operator" v="Empresa Municipal de Transportes de Madrid"/>
  <tag k="operator:short" v="EMT Madrid"/>
  <tag k="operator:wikidata" v="Q1094755"/>
  <tag k="ref" v="N23"/>
  <tag k="route_master" v="bus"/>
  <tag k="source" v="http://www.emtmadrid.es/mapaweb/emt.html"/>
  <tag k="type" v="route_master"/>
 </relation>
 <relation id="1760933" visible="true" version="8" changeset="176922929" timestamp="2026-01-06T23:16:26Z" user="Satyajit Ray" uid="23622180">
  <member type="relation" ref="1760543" role=""/>
  <member type="relation" ref="1760542" role=""/>
  <tag k="colour" v="#0072CE"/>
  <tag k="name" v="Bus 128: Cuatro Caminos - Barrio Del Pilar"/>
  <tag k="network" v="Empresa Municipal de Transportes de Madrid"/>
  <tag k="network:short" v="EMT Madrid"/>
  <tag k="network:wikidata" v="Q1094755"/>
  <tag k="operator" v="Empresa Municipal de Transportes de Madrid"/>
  <tag k="operator:short" v="EMT Madrid"/>
  <tag k="operator:wikidata" v="Q1094755"/>
  <tag k="ref" v="128"/>
  <tag k="route_master" v="bus"/>
  <tag k="source" v="http://www.emtmadrid.es/mapaweb/emt.html"/>
  <tag k="type" v="route_master"/>
 </relation>
 <relation id="1760994" visible="true" version="7" changeset="176326373" timestamp="2025-12-23T21:02:14Z" user="Satyajit Ray" uid="23622180">
  <member type="relation" ref="1760691" role=""/>
  <member type="relation" ref="1760690" role=""/>
  <tag k="colour" v="#0072CE"/>
  <tag k="name" v="Bus 42: Plaza Castilla - Bº Peñagrande"/>
  <tag k="network" v="Empresa Municipal de Transportes de Madrid"/>
  <tag k="network:short" v="EMT Madrid"/>
  <tag k="network:wikidata" v="Q1094755"/>
  <tag k="operator" v="Empresa Municipal de Transportes de Madrid"/>
  <tag k="operator:short" v="EMT Madrid"/>
  <tag k="operator:wikidata" v="Q1094755"/>
  <tag k="ref" v="42"/>
  <tag k="route_master" v="bus"/>
  <tag k="source" v="http://www.emtmadrid.es/mapaweb/emt.html"/>
  <tag k="type" v="route_master"/>
 </relation>
 <relation id="1760995" visible="true" version="6" changeset="177058759" timestamp="2026-01-10T12:11:50Z" user="Satyajit Ray" uid="23622180">
  <member type="relation" ref="1760583" role=""/>
  <member type="relation" ref="1760582" role=""/>
  <tag k="colour" v="#0072CE"/>
  <tag k="name" v="Bus 147: Plaza del Callao - Barrio Del Pilar"/>
  <tag k="network" v="Empresa Municipal de Transportes de Madrid"/>
  <tag k="network:short" v="EMT Madrid"/>
  <tag k="network:wikidata" v="Q1094755"/>
  <tag k="operator" v="Empresa Municipal de Transportes de Madrid"/>
  <tag k="operator:short" v="EMT Madrid"/>
  <tag k="operator:wikidata" v="Q1094755"/>
  <tag k="ref" v="147"/>
  <tag k="route_master" v="bus"/>
  <tag k="source" v="http://www.emtmadrid.es/mapaweb/emt.html"/>
  <tag k="type" v="route_master"/>
 </relation>
 <relation id="5326784" visible="true" version="63" changeset="188657867" timestamp="2026-09-07T08:34:51Z" user="peanuthole" uid="22020307">
  <member type="way" ref="293470504" role="outer"/>
  <member type="way" ref="664801229" role="outer"/>
  <member type="way" ref="293457601" role="outer"/>
  <member type="way" ref="1459944995" role="outer"/>
  <member type="way" ref="664807502" role="outer"/>
  <member type="way" ref="174272800" role="outer"/>
  <member type="way" ref="174272792" role="outer"/>
  <member type="way" ref="664807503" role="outer"/>
  <member type="way" ref="45358106" role="outer"/>
  <member type="way" ref="45407228" role="outer"/>
  <member type="way" ref="1287331573" role="outer"/>
  <member type="way" ref="45369534" role="outer"/>
  <member type="way" ref="45406732" role="outer"/>
  <member type="way" ref="1191811264" role="outer"/>
  <member type="way" ref="1262252140" role="outer"/>
  <member type="way" ref="664727153" role="outer"/>
  <member type="way" ref="45341775" role="outer"/>
  <member type="way" ref="1021669124" role="outer"/>
  <member type="way" ref="45520591" role="outer"/>
  <member type="way" ref="1021804907" role="outer"/>
  <member type="way" ref="1021804911" role="outer"/>
  <member type="way" ref="1021804909" role="outer"/>
  <member type="way" ref="1085777020" role="outer"/>
  <member type="way" ref="1085781746" role="outer"/>
  <member type="way" ref="1085777019" role="outer"/>
  <member type="way" ref="1085783400" role="outer"/>
  <member type="way" ref="1023095313" role="outer"/>
  <member type="way" ref="1085852108" role="outer"/>
  <member type="way" ref="1085848795" role="outer"/>
  <member type="way" ref="1085847075" role="outer"/>
  <member type="way" ref="1085891651" role="outer"/>
  <member type="way" ref="1459690385" role="outer"/>
  <member type="way" ref="1459690386" role="outer"/>
  <member type="way" ref="1459690384" role="outer"/>
  <member type="way" ref="1085559877" role="outer"/>
  <member type="way" ref="45375090" role="outer"/>
  <member type="way" ref="45588324" role="outer"/>
  <member type="way" ref="159945294" role="outer"/>
  <member type="way" ref="45358047" role="outer"/>
  <member type="way" ref="159945292" role="outer"/>
  <member type="way" ref="45375091" role="outer"/>
  <member type="way" ref="45375095" role="outer"/>
  <member type="way" ref="45375113" role="outer"/>
  <member type="way" ref="45371421" role="outer"/>
  <member type="way" ref="976199082" role="outer"/>
  <member type="way" ref="81713676" role="outer"/>
  <member type="way" ref="45375122" role="outer"/>
  <member type="way" ref="45375094" role="outer"/>
  <member type="way" ref="777323773" role="outer"/>
  <member type="way" ref="45516363" role="outer"/>
  <member type="way" ref="776316757" role="outer"/>
  <member type="way" ref="45515698" role="outer"/>
  <member type="way" ref="45372832" role="outer"/>
  <member type="way" ref="45355409" role="outer"/>
  <member type="way" ref="45514085" role="outer"/>
  <member type="way" ref="293470503" role="outer"/>
  <member type="node" ref="21068295" role="admin_centre"/>
  <member type="relation" ref="356761" role="subarea"/>
  <member type="relation" ref="356775" role="subarea"/>
  <member type="relation" ref="356879" role="subarea"/>
  <member type="relation" ref="356962" role="subarea"/>
  <member type="relation" ref="356983" role="subarea"/>
  <member type="relation" ref="356984" role="subarea"/>
  <member type="relation" ref="356998" role="subarea"/>
  <member type="relation" ref="356771" role="subarea"/>
  <member type="relation" ref="356760" role="subarea"/>
  <member type="relation" ref="355676" role="subarea"/>
  <member type="relation" ref="355666" role="subarea"/>
  <member type="relation" ref="349469" role="subarea"/>
  <member type="relation" ref="354080" role="subarea"/>
  <member type="relation" ref="354223" role="subarea"/>
  <member type="relation" ref="1675818" role="subarea"/>
  <member type="relation" ref="354522" role="subarea"/>
  <member type="relation" ref="349470" role="subarea"/>
  <member type="relation" ref="349485" role="subarea"/>
  <member type="relation" ref="354389" role="subarea"/>
  <member type="relation" ref="354377" role="subarea"/>
  <member type="relation" ref="354410" role="subarea"/>
  <tag k="admin_level" v="8"/>
  <tag k="alt_name:ar" v="مجريط"/>
  <tag k="boundary" v="administrative"/>
  <tag k="ine:municipio" v="28079"/>
  <tag k="loc_name" v="Madriz"/>
  <tag k="name" v="Madrid"/>
  <tag k="name:ar" v="مدريد"/>
  <tag k="name:cs" v="Madrid"/>
  <tag k="name:de" v="Madrid"/>
  <tag k="name:el" v="Μαδρίτη"/>
  <tag k="name:en" v="Madrid"/>
  <tag k="name:es" v="Madrid"/>
  <tag k="name:fa" v="مادرید"/>
  <tag k="name:it" v="Madrid"/>
  <tag k="name:ko" v="마드리드"/>
  <tag k="name:pl" v="Madryt"/>
  <tag k="name:ru" v="Мадрид"/>
  <tag k="name:szl" v="Madryt"/>
  <tag k="name:ur" v="میدرد"/>
  <tag k="name:zh" v="馬德里"/>
  <tag k="old_name:ar" v="مجريط"/>
  <tag k="population" v="3477497"/>
  <tag k="population:date" v="2025"/>
  <tag k="ref:ine" v="28079000000"/>
  <tag k="short_name" v="MDZ"/>
  <tag k="type" v="boundary"/>
  <tag k="wikidata" v="Q2807"/>
  <tag k="wikipedia" v="es:Madrid"/>
 </relation>
 <relation id="6623406" visible="true" version="29" changeset="183015023" timestamp="2026-05-22T10:13:18Z" user="Robot8A" uid="393359">
  <member type="node" ref="5307422105" role="stop"/>
  <member type="node" ref="4427602014" role="stop"/>
  <member type="node" ref="4427602016" role="stop"/>
  <member type="node" ref="4427602015" role="stop"/>
  <member type="node" ref="5307426085" role="stop"/>
  <member type="node" ref="5307423809" role="stop"/>
  <member type="node" ref="5307423814" role="stop"/>
  <member type="node" ref="5307423817" role="stop"/>
  <member type="node" ref="5307425733" role="stop"/>
  <member type="node" ref="5307425743" role="stop"/>
  <member type="node" ref="5307425762" role="stop"/>
  <member type="node" ref="5307425771" role="stop"/>
  <member type="node" ref="5307425782" role="stop"/>
  <member type="node" ref="5307425799" role="stop"/>
  <member type="node" ref="5307418582" role="stop"/>
  <member type="node" ref="5307422112" role="stop"/>
  <member type="node" ref="5307435834" role="stop"/>
  <member type="node" ref="4893932599" role="stop"/>
  <member type="node" ref="5307418592" role="stop"/>
  <member type="node" ref="5307418593" role="stop"/>
  <member type="node" ref="5307418595" role="stop"/>
  <member type="way" ref="1249677738" role="platform"/>
  <member type="node" ref="5307418597" role="stop"/>
  <member type="node" ref="5307418611" role="stop"/>
  <member type="node" ref="5307455073" role="stop"/>
  <member type="way" ref="443618657" role="platform"/>
  <member type="node" ref="5307425534" role="stop"/>
  <member type="node" ref="5307425554" role="stop"/>
  <member type="node" ref="5307425567" role="stop"/>
  <member type="node" ref="5307435828" role="stop"/>
  <member type="node" ref="5307426097" role="stop"/>
  <member type="way" ref="549434036" role=""/>
  <member type="way" ref="445310081" role=""/>
  <member type="way" ref="445310072" role=""/>
  <member type="way" ref="445310079" role=""/>
  <member type="way" ref="445310070" role=""/>
  <member type="way" ref="445310071" role=""/>
  <member type="way" ref="445310074" role=""/>
  <member type="way" ref="445310077" role=""/>
  <member type="way" ref="445310076" role=""/>
  <member type="way" ref="445310080" role=""/>
  <member type="way" ref="549434064" role=""/>
  <member type="way" ref="549434038" role=""/>
  <member type="way" ref="549434062" role=""/>
  <member type="way" ref="549434068" role=""/>
  <member type="way" ref="549434049" role=""/>
  <member type="way" ref="549434041" role=""/>
  <member type="way" ref="1518659003" role=""/>
  <member type="way" ref="549434061" role=""/>
  <member type="way" ref="549434044" role=""/>
  <member type="way" ref="549434052" role=""/>
  <member type="way" ref="549434037" role=""/>
  <member type="way" ref="549434057" role=""/>
  <member type="way" ref="549434067" role=""/>
  <member type="way" ref="497895111" role=""/>
  <member type="way" ref="597739443" role=""/>
  <member type="way" ref="597739441" role=""/>
  <member type="way" ref="549434060" role=""/>
  <member type="way" ref="549434063" role=""/>
  <member type="way" ref="549434065" role=""/>
  <tag k="colour" v="#9C3293"/>
  <tag k="from" v="Arganda del Rey"/>
  <tag k="interval" v="6"/>
  <tag k="interval:conditional" v="8 @ (Sa-Su 06:00-24:00); 15 @ (Mo-Su 00:00-01:30)"/>
  <tag k="name" v="Línea 9: Arganda del Rey-Paco de Lucía"/>
  <tag k="name:es" v="Línea 9: Arganda del Rey-Paco de Lucía"/>
  <tag k="name:pl" v="Linia 9 metra w Madrycie"/>
  <tag k="network" v="Metro de Madrid"/>
  <tag k="network:wikidata" v="Q191987"/>
  <tag k="network:wikipedia" v="es:Metro de Madrid"/>
  <tag k="opening_hours" v="Mo-Su 06:00-01:30"/>
  <tag k="operator" v="Metro de Madrid"/>
  <tag k="public_transport:version" v="2"/>
  <tag k="ref" v="L9"/>
  <tag k="route" v="subway"/>
  <tag k="to" v="Paco de Lucía"/>
  <tag k="type" v="route"/>
  <tag k="wikidata" v="Q1759707"/>
  <tag k="wikipedia" v="es:Línea 9 (Metro de Madrid)"/>
 </relation>
 <relation id="7718242" visible="true" version="9" changeset="80105889" timestamp="2020-01-26T18:39:40Z" user="Hugoren Martinako" uid="3392826">
  <member type="node" ref="5307455073" role="stop"/>
  <member type="way" ref="443618657" role="platform"/>
  <member type="node" ref="5307455074" role="stop"/>
  <member type="way" ref="443618656" role="platform"/>
  <member type="node" ref="3010363686" role=""/>
  <member type="node" ref="353035090" role=""/>
  <member type="node" ref="330582630" role=""/>
  <member type="node" ref="353034897" role=""/>
  <member type="node" ref="3010363688" role=""/>
  <member type="node" ref="5299262123" role=""/>
  <member type="node" ref="5592616373" role=""/>
  <member type="node" ref="6450890222" role=""/>
  <member type="node" ref="7160940784" role=""/>
  <tag k="name" v="Plaza de Castilla L9"/>
  <tag k="public_transport" v="stop_area"/>
  <tag k="type" v="public_transport"/>
 </relation>
 <relation id="7718311" visible="true" version="2" changeset="54970451" timestamp="2017-12-28T00:11:50Z" user="sanchi" uid="170106">
  <member type="node" ref="26203553" role="stop"/>
  <member type="node" ref="5307455075" role=""/>
  <member type="node" ref="5307425534" role="stop"/>
  <member type="node" ref="2529913080" role=""/>
  <member type="node" ref="141466229" role=""/>
  <tag k="name" v="Ventilla"/>
  <tag k="public_transport" v="stop_area"/>
  <tag k="type" v="public_transport"/>
 </relation>
 <relation id="7718322" visible="true" version="3" changeset="79668151" timestamp="2020-01-16T22:21:28Z" user="OpenSourceForEver" uid="2153421">
  <member type="node" ref="5307477097" role=""/>
  <member type="node" ref="5307418597" role="stop"/>
  <member type="node" ref="1437132921" role=""/>
  <member type="node" ref="1437132920" role="stop"/>
  <member type="node" ref="7137691095" role=""/>
  <tag k="name" v="Pío XII"/>
  <tag k="public_transport" v="stop_area"/>
  <tag k="type" v="public_transport"/>
 </relation>
 <relation id="7718323" visible="true" version="2" changeset="54970451" timestamp="2017-12-28T00:11:50Z" user="sanchi" uid="170106">
  <member type="node" ref="26203551" role="stop"/>
  <member type="node" ref="5307455076" role=""/>
  <member type="node" ref="5307425554" role="stop"/>
  <member type="node" ref="2529913084" role=""/>
  <member type="node" ref="2529913086" role=""/>
  <member type="node" ref="2529913057" role=""/>
  <member type="node" ref="2529913088" role=""/>
  <tag k="name" v="Barrio del Pilar"/>
  <tag k="public_transport" v="stop_area"/>
  <tag k="type" v="public_transport"/>
 </relation>
 <relation id="7718358" visible="true" version="2" changeset="54970451" timestamp="2017-12-28T00:11:50Z" user="sanchi" uid="170106">
  <member type="node" ref="2529913058" role=""/>
  <member type="node" ref="2529913046" role=""/>
  <member type="node" ref="26203552" role="stop"/>
  <member type="node" ref="5307455077" role=""/>
  <member type="node" ref="5307425567" role="stop"/>
  <tag k="name" v="Herrera Oria"/>
  <tag k="public_transport" v="stop_area"/>
  <tag k="type" v="public_transport"/>
 </relation>
 <relation id="7837206" visible="true" version="9" changeset="143390591" timestamp="2023-10-30T22:41:23Z" user="bouzinac" uid="10286707">
  <member type="relation" ref="6623406" role=""/>
  <member type="relation" ref="85222" role=""/>
  <tag k="colour" v="#9C3293"/>
  <tag k="interval" v="6"/>
  <tag k="interval:conditional" v="8 @ (Sa-Su 06:00-24:00); 15 @ (Mo-Su 00:00-01:30)"/>
  <tag k="name" v="Línea 9"/>
  <tag k="name:es" v="Línea 9"/>
  <tag k="name:pl" v="Linia 9 metra w Madrycie"/>
  <tag k="network" v="Metro de Madrid"/>
  <tag k="network:wikidata" v="Q191987"/>
  <tag k="network:wikipedia" v="es:Metro de Madrid"/>
  <tag k="opening_hours" v="Mo-Su 06:00-01:30"/>
  <tag k="operator" v="Metro de Madrid"/>
  <tag k="ref" v="L9"/>
  <tag k="route_master" v="subway"/>
  <tag k="type" v="route_master"/>
  <tag k="wikidata" v="Q1759707"/>
  <tag k="wikipedia" v="es:Línea 9 (Metro de Madrid)"/>
 </relation>
 <relation id="7845260" visible="true" version="2" changeset="79668151" timestamp="2020-01-16T22:21:28Z" user="OpenSourceForEver" uid="2153421">
  <member type="node" ref="5307418611" role="stop"/>
  <member type="node" ref="102223740" role="stop"/>
  <member type="node" ref="5307455072" role=""/>
  <member type="node" ref="7137691102" role=""/>
  <tag k="name" v="Duque de Pastrana"/>
  <tag k="public_transport" v="stop_area"/>
  <tag k="type" v="public_transport"/>
 </relation>
 <relation id="7894618" visible="true" version="3" changeset="58638117" timestamp="2018-05-03T07:32:34Z" user="sanchi" uid="170106">
  <member type="relation" ref="7845262" role=""/>
  <member type="relation" ref="7718242" role=""/>
  <member type="relation" ref="7845261" role=""/>
  <tag k="name" v="Plaza de Castilla"/>
  <tag k="public_transport" v="stop_area_group"/>
  <tag k="type" v="public_transport"/>
 </relation>
 <relation id="10664334" visible="true" version="8" changeset="176807393" timestamp="2026-01-04T06:47:04Z" user="gscholz" uid="109705">
  <member type="way" ref="45661767" role="outer"/>
  <member type="way" ref="769609474" role="outer"/>
  <member type="way" ref="769609473" role="outer"/>
  <member type="way" ref="768782408" role="outer"/>
  <member type="way" ref="776316758" role="outer"/>
  <member type="way" ref="769609475" role="outer"/>
  <member type="node" ref="7179861801" role="label"/>
  <tag k="admin_level" v="10"/>
  <tag k="boundary" v="administrative"/>
  <tag k="name" v="La Paz"/>
  <tag k="type" v="boundary"/>
  <tag k="wikidata" v="Q5869740"/>
  <tag k="wikipedia" v="es:La Paz (Madrid)"/>
 </relation>
 <relation id="10668370" visible="true" version="8" changeset="176101068" timestamp="2025-12-18T15:30:14Z" user="Satyajit Ray" uid="23622180">
  <member type="way" ref="761082385" role="outer"/>
  <member type="way" ref="769609475" role="outer"/>
  <member type="way" ref="769758872" role="outer"/>
  <member type="way" ref="45589666" role="outer"/>
  <member type="way" ref="769609476" role="outer"/>
  <member type="way" ref="775188502" role="outer"/>
  <member type="node" ref="7182694466" role="label"/>
  <tag k="admin_level" v="10"/>
  <tag k="boundary" v="administrative"/>
  <tag k="name" v="Pilar"/>
  <tag k="type" v="boundary"/>
 </relation>
 <relation id="10671425" visible="true" version="4" changeset="176850163" timestamp="2026-01-05T08:34:33Z" user="gscholz" uid="109705">
  <member type="way" ref="769756013" role="outer"/>
  <member type="way" ref="769758874" role="outer"/>
  <member type="way" ref="769758873" role="outer"/>
  <member type="way" ref="769758872" role="outer"/>
  <member type="way" ref="45661767" role="outer"/>
  <member type="node" ref="7185349735" role="label"/>
  <tag k="admin_level" v="10"/>
  <tag k="boundary" v="administrative"/>
  <tag k="name" v="Almenara"/>
  <tag k="type" v="boundary"/>
  <tag k="wikidata" v="Q2265427"/>
  <tag k="wikipedia" v="es:Almenara (Madrid)"/>
 </relation>
 <relation id="16048303" visible="true" version="12" changeset="178817185" timestamp="2026-02-20T12:36:59Z" user="Hugoren Martinako" uid="3392826">
  <member type="way" ref="45588328" role="outer"/>
  <member type="way" ref="925779519" role="outer"/>
  <member type="way" ref="1459690382" role="outer"/>
  <member type="way" ref="1459586546" role="outer"/>
  <member type="way" ref="159945294" role="outer"/>
  <member type="way" ref="45358047" role="outer"/>
  <member type="way" ref="45358040" role="outer"/>
  <member type="way" ref="45358045" role="outer"/>
  <member type="way" ref="45358046" role="outer"/>
  <member type="way" ref="45378765" role="outer"/>
  <member type="way" ref="45385541" role="outer"/>
  <member type="way" ref="45364036" role="outer"/>
  <member type="way" ref="45364035" role="outer"/>
  <member type="way" ref="45328319" role="outer"/>
  <member type="way" ref="45328313" role="outer"/>
  <member type="way" ref="974051948" role="outer"/>
  <member type="way" ref="829393981" role="outer"/>
  <member type="way" ref="84624333" role="outer"/>
  <member type="way" ref="45377914" role="outer"/>
  <member type="way" ref="45326342" role="outer"/>
  <member type="way" ref="1313300914" role="outer"/>
  <member type="way" ref="45377911" role="outer"/>
  <member type="way" ref="1255971164" role="outer"/>
  <member type="way" ref="1313300915" role="outer"/>
  <member type="way" ref="45359174" role="outer"/>
  <member type="way" ref="859693427" role="outer"/>
  <member type="way" ref="45331042" role="outer"/>
  <member type="way" ref="1255197229" role="outer"/>
  <member type="way" ref="45331045" role="outer"/>
  <member type="way" ref="45322562" role="outer"/>
  <member type="way" ref="859693432" role="outer"/>
  <member type="way" ref="45359872" role="outer"/>
  <member type="way" ref="1153448995" role="outer"/>
  <member type="way" ref="859693430" role="outer"/>
  <member type="way" ref="45322561" role="outer"/>
  <member type="way" ref="45359210" role="outer"/>
  <member type="way" ref="859693434" role="outer"/>
  <member type="way" ref="254524809" role="outer"/>
  <member type="way" ref="254524813" role="outer"/>
  <member type="way" ref="199923477" role="outer"/>
  <member type="way" ref="45358083" role="outer"/>
  <member type="way" ref="45358082" role="outer"/>
  <member type="way" ref="45358078" role="outer"/>
  <member type="way" ref="45328158" role="outer"/>
  <member type="way" ref="45372168" role="outer"/>
  <member type="way" ref="45372167" role="outer"/>
  <member type="way" ref="45365621" role="outer"/>
  <member type="way" ref="45372165" role="outer"/>
  <member type="way" ref="45364064" role="outer"/>
  <member type="way" ref="45364060" role="outer"/>
  <member type="way" ref="45355427" role="outer"/>
  <member type="way" ref="45355423" role="outer"/>
  <member type="way" ref="45357953" role="outer"/>
  <member type="way" ref="45372819" role="outer"/>
  <member type="way" ref="45379581" role="outer"/>
  <member type="way" ref="45375094" role="outer"/>
  <member type="way" ref="777323773" role="outer"/>
  <member type="way" ref="45516363" role="outer"/>
  <member type="way" ref="776316757" role="outer"/>
  <member type="way" ref="45517761" role="outer"/>
  <member type="way" ref="45589662" role="outer"/>
  <member type="way" ref="769609473" role="outer"/>
  <member type="way" ref="769609474" role="outer"/>
  <member type="way" ref="45661767" role="outer"/>
  <member type="way" ref="769758872" role="outer"/>
  <member type="way" ref="45589666" role="outer"/>
  <member type="way" ref="769609476" role="outer"/>
  <member type="way" ref="773919389" role="outer"/>
  <member type="way" ref="775569692" role="outer"/>
  <member type="way" ref="45589668" role="outer"/>
  <member type="way" ref="45588338" role="outer"/>
  <member type="way" ref="1460877113" role="outer"/>
  <member type="node" ref="200986413" role="admin_centre"/>
  <tag k="boundary" v="historic"/>
  <tag k="name" v="Sexmo de Manzanares"/>
  <tag k="type" v="boundary"/>
  <tag k="wikidata" v="Q116198306"/>
  <tag k="wikipedia" v="es:Sexmo de Manzanares"/>
 </relation>
 <relation id="16778928" visible="true" version="1" changeset="144702013" timestamp="2023-12-02T19:36:48Z" user="Barrunterio" uid="17808034">
  <member type="way" ref="4683641" role="from"/>
  <member type="node" ref="26202518" role="via"/>
  <member type="way" ref="1228296677" role="to"/>
  <tag k="restriction" v="only_right_turn"/>
  <tag k="type" v="restriction"/>
 </relation>
</osm>
