<?xml version="1.0" encoding="UTF-8"?>
<osm version="0.6" generator="openstreetmap-cgimap 2.1.0 (3498738 spike-06.openstreetmap.org)" copyright="OpenStreetMap and contributors" attribution="http://www.openstreetmap.org/copyright" license="http://opendatacommons.org/licenses/odbl/1-0/">
 <bounds minlat="43.2569330" minlon="-2.9298207" maxlat="43.2589330" maxlon="-2.9278207"/>
 <node id="263999527" visible="true" version="9" changeset="179901890" timestamp="2026-03-15T14:52:36Z" user="tx94" uid="11156042" lat="43.2624024" lon="-2.9240322"/>
 <node id="263999529" visible="true" version="9" changeset="93522063" timestamp="2020-11-04T07:13:22Z" user="jhuanjho" uid="1008854" lat="43.2628077" lon="-2.9240723"/>
 <node id="263999532" visible="true" version="9" changeset="93522063" timestamp="2020-11-04T07:13:22Z" user="jhuanjho" uid="1008854" lat="43.2631922" lon="-2.9242006"/>
 <node id="263999534" visible="true" version="10" changeset="179901890" timestamp="2026-03-15T14:52:36Z" user="tx94" uid="11156042" lat="43.2634288" lon="-2.9243555"/>
 <node id="263999535" visible="true" version="9" changeset="179901890" timestamp="2026-03-15T14:52:36Z" user="tx94" uid="11156042" lat="43.2635285" lon="-2.9244273"/>
 <node id="263999536" visible="true" version="9" changeset="179901890" timestamp="2026-03-15T14:52:36Z" user="tx94" uid="11156042" lat="43.2636703" lon="-2.9245740"/>
 <node id="263999537" visible="true" version="7" changeset="93522063" timestamp="2020-11-04T07:13:22Z" user="jhuanjho" uid="1008854" lat="43.2637922" lon="-2.9247464"/>
 <node id="263999727" visible="true" version="8" changeset="93522063" timestamp="2020-11-04T07:13:22Z" user="jhuanjho" uid="1008854" lat="43.2584203" lon="-2.9274627"/>
 <node id="263999746" visible="true" version="9" changeset="179901890" timestamp="2026-03-15T14:52:36Z" user="tx94" uid="11156042" lat="43.2612277" lon="-2.9246483"/>
 <node id="275858828" visible="true" version="5" changeset="91842091" timestamp="2020-10-01T18:47:32Z" user="robertogeb" uid="491515" lat="43.2566163" lon="-2.9304511"/>
 <node id="275863492" visible="true" version="6" changeset="184905714" timestamp="2026-07-01T10:19:24Z" user="tx94" uid="11156042" lat="43.2562292" lon="-2.9293930"/>
 <node id="275863499" visible="true" version="5" changeset="184905714" timestamp="2026-07-01T10:19:24Z" user="tx94" uid="11156042" lat="43.2567051" lon="-2.9286242"/>
 <node id="275863502" visible="true" version="5" changeset="184905714" timestamp="2026-07-01T10:19:24Z" user="tx94" uid="11156042" lat="43.2571186" lon="-2.9279358"/>
 <node id="275864744" visible="true" version="5" changeset="91842091" timestamp="2020-10-01T18:47:32Z" user="robertogeb" uid="491515" lat="43.2564193" lon="-2.9299126"/>
 <node id="275864750" visible="true" version="4" changeset="46924017" timestamp="2017-03-17T10:40:55Z" user="Spearmint" uid="4898103" lat="43.2570337" lon="-2.9290817"/>
 <node id="275864755" visible="true" version="5" changeset="184905714" timestamp="2026-07-01T10:19:24Z" user="tx94" uid="11156042" lat="43.2575092" lon="-2.9284723"/>
 <node id="275864759" visible="true" version="7" changeset="184970687" timestamp="2026-07-02T11:39:46Z" user="tx94" uid="11156042" lat="43.2580529" lon="-2.9277059"/>
 <node id="316419079" visible="true" version="6" changeset="52737250" timestamp="2017-10-08T17:36:49Z" user="Santi2222" uid="493192" lat="43.2596989" lon="-2.9296077"/>
 <node id="405576151" visible="true" version="3" changeset="41002035" timestamp="2016-07-25T03:43:29Z" user="Chris Malki" uid="1775084" lat="43.2585433" lon="-2.9301622"/>
 <node id="405576180" visible="true" version="10" changeset="168114533" timestamp="2025-06-25T22:23:09Z" user="pfhllnts" uid="14153197" lat="43.2571058" lon="-2.9316852"/>
 <node id="405576182" visible="true" version="5" changeset="168114533" timestamp="2025-06-25T22:23:09Z" user="pfhllnts" uid="14153197" lat="43.2576013" lon="-2.9308462">
  <tag k="railway" v="switch"/>
  <tag k="railway:switch" v="default"/>
 </node>
 <node id="405576184" visible="true" version="3" changeset="168114533" timestamp="2025-06-25T22:23:09Z" user="pfhllnts" uid="14153197" lat="43.2578545" lon="-2.9299968"/>
 <node id="405576204" visible="true" version="4" changeset="179646011" timestamp="2026-03-10T15:42:58Z" user="&quot;Yo&quot;" uid="1204180" lat="43.2597258" lon="-2.9274356">
  <tag k="railway" v="buffer_stop"/>
 </node>
 <node id="405576220" visible="true" version="3" changeset="168114533" timestamp="2025-06-25T22:23:09Z" user="pfhllnts" uid="14153197" lat="43.2578980" lon="-2.9304503">
  <tag k="railway" v="switch"/>
  <tag k="railway:switch" v="default"/>
 </node>
 <node id="405576228" visible="true" version="4" changeset="179646011" timestamp="2026-03-10T15:42:58Z" user="&quot;Yo&quot;" uid="1204180" lat="43.2597665" lon="-2.9274623">
  <tag k="railway" v="buffer_stop"/>
 </node>
 <node id="405576232" visible="true" version="3" changeset="41002035" timestamp="2016-07-25T03:43:30Z" user="Chris Malki" uid="1775084" lat="43.2591827" lon="-2.9284014"/>
 <node id="405576235" visible="true" version="3" changeset="41002035" timestamp="2016-07-25T03:43:30Z" user="Chris Malki" uid="1775084" lat="43.2586777" lon="-2.9292903"/>
 <node id="405576238" visible="true" version="3" changeset="168114533" timestamp="2025-06-25T22:23:09Z" user="pfhllnts" uid="14153197" lat="43.2583755" lon="-2.9297870"/>
 <node id="405576242" visible="true" version="2" changeset="12158705" timestamp="2012-07-09T07:55:10Z" user="Santi2222" uid="493192" lat="43.2579747" lon="-2.9304386"/>
 <node id="405576248" visible="true" version="4" changeset="168114533" timestamp="2025-06-25T22:23:09Z" user="pfhllnts" uid="14153197" lat="43.2574680" lon="-2.9311980">
  <tag k="railway" v="switch"/>
  <tag k="railway:switch" v="default"/>
 </node>
 <node id="508507064" visible="true" version="8" changeset="184905714" timestamp="2026-07-01T10:19:24Z" user="tx94" uid="11156042" lat="43.2574545" lon="-2.9275253">
  <tag k="crossing" v="uncontrolled"/>
  <tag k="crossing:markings" v="zebra"/>
  <tag k="highway" v="crossing"/>
  <tag k="kerb" v="lowered"/>
  <tag k="tactile_paving" v="yes"/>
 </node>
 <node id="508507079" visible="true" version="2" changeset="184970687" timestamp="2026-07-02T11:39:46Z" user="tx94" uid="11156042" lat="43.2579535" lon="-2.9276762"/>
 <node id="508507089" visible="true" version="3" changeset="184970687" timestamp="2026-07-02T11:39:46Z" user="tx94" uid="11156042" lat="43.2583264" lon="-2.9277900"/>
 <node id="508507097" visible="true" version="5" changeset="184970687" timestamp="2026-07-02T11:39:46Z" user="tx94" uid="11156042" lat="43.2585599" lon="-2.9278817"/>
 <node id="510585604" visible="true" version="4" changeset="168706828" timestamp="2025-07-09T17:19:20Z" user="Johnbo" uid="915796" lat="43.2590765" lon="-2.9272026"/>
 <node id="510585622" visible="true" version="4" changeset="108740135" timestamp="2021-07-28T08:57:57Z" user="Meersbrook" uid="412560" lat="43.2595422" lon="-2.9266141"/>
 <node id="662840820" visible="true" version="4" changeset="42198882" timestamp="2016-09-16T09:53:57Z" user="Alaia" uid="2778590" lat="43.2573403" lon="-2.9294910"/>
 <node id="662840821" visible="true" version="4" changeset="184970687" timestamp="2026-07-02T11:39:46Z" user="tx94" uid="11156042" lat="43.2577933" lon="-2.9288808"/>
 <node id="1267256038" visible="true" version="2" changeset="46922577" timestamp="2017-03-17T09:41:10Z" user="Spearmint" uid="4898103" lat="43.2577281" lon="-2.9288502"/>
 <node id="1267256039" visible="true" version="1" changeset="8011848" timestamp="2011-04-30T14:09:12Z" user="Arribeltzaga2" uid="431463" lat="43.2571196" lon="-2.9291278"/>
 <node id="1267256040" visible="true" version="1" changeset="8011848" timestamp="2011-04-30T14:09:12Z" user="Arribeltzaga2" uid="431463" lat="43.2575201" lon="-2.9285512"/>
 <node id="1267256041" visible="true" version="2" changeset="46922577" timestamp="2017-03-17T09:41:10Z" user="Spearmint" uid="4898103" lat="43.2577290" lon="-2.9288905"/>
 <node id="1267256042" visible="true" version="2" changeset="46922577" timestamp="2017-03-17T09:41:10Z" user="Spearmint" uid="4898103" lat="43.2573462" lon="-2.9293974"/>
 <node id="1267256043" visible="true" version="1" changeset="8011848" timestamp="2011-04-30T14:09:13Z" user="Arribeltzaga2" uid="431463" lat="43.2574986" lon="-2.9285619"/>
 <node id="1267256044" visible="true" version="1" changeset="8011848" timestamp="2011-04-30T14:09:13Z" user="Arribeltzaga2" uid="431463" lat="43.2571177" lon="-2.9290822"/>
 <node id="1267256045" visible="true" version="2" changeset="46922577" timestamp="2017-03-17T09:41:10Z" user="Spearmint" uid="4898103" lat="43.2573100" lon="-2.9293974"/>
 <node id="1268981897" visible="true" version="1" changeset="8021429" timestamp="2011-05-01T14:31:37Z" user="Arribeltzaga2" uid="431463" lat="43.2572194" lon="-2.9328455"/>
 <node id="1268983075" visible="true" version="4" changeset="172839715" timestamp="2025-10-04T17:11:50Z" user="tx94" uid="11156042" lat="43.2579249" lon="-2.9353273"/>
 <node id="1275720368" visible="true" version="5" changeset="123798333" timestamp="2022-07-19T09:30:50Z" user="Santi2222" uid="493192" lat="43.2591825" lon="-2.9273912"/>
 <node id="1275720372" visible="true" version="7" changeset="123798333" timestamp="2022-07-19T09:30:50Z" user="Santi2222" uid="493192" lat="43.2592285" lon="-2.9273369"/>
 <node id="1582382469" visible="true" version="8" changeset="168114533" timestamp="2025-06-25T22:23:09Z" user="pfhllnts" uid="14153197" lat="43.2571243" lon="-2.9320924"/>
 <node id="1689543111" visible="true" version="3" changeset="160012029" timestamp="2024-12-06T23:43:06Z" user="Txitxarra" uid="14986792" lat="43.2621995" lon="-2.9461972"/>
 <node id="1738295117" visible="true" version="4" changeset="45354239" timestamp="2017-01-21T17:11:56Z" user="Santi2222" uid="493192" lat="43.2590132" lon="-2.9276566"/>
 <node id="1738295125" visible="true" version="7" changeset="96147020" timestamp="2020-12-20T16:45:13Z" user="Santi2222" uid="493192" lat="43.2571179" lon="-2.9319609"/>
 <node id="1738295127" visible="true" version="6" changeset="96147020" timestamp="2020-12-20T16:45:13Z" user="Santi2222" uid="493192" lat="43.2571152" lon="-2.9319068"/>
 <node id="1738295128" visible="true" version="7" changeset="96147020" timestamp="2020-12-20T16:45:13Z" user="Santi2222" uid="493192" lat="43.2571214" lon="-2.9320373"/>
 <node id="1738295138" visible="true" version="2" changeset="26907048" timestamp="2014-11-20T12:43:52Z" user="Voidoid" uid="251029" lat="43.2578561" lon="-2.9288998"/>
 <node id="1738295146" visible="true" version="3" changeset="26907048" timestamp="2014-11-20T12:43:52Z" user="Voidoid" uid="251029" lat="43.2590639" lon="-2.9289376"/>
 <node id="1738295152" visible="true" version="6" changeset="52737250" timestamp="2017-10-08T17:36:49Z" user="Santi2222" uid="493192" lat="43.2591738" lon="-2.9290333"/>
 <node id="1738295163" visible="true" version="4" changeset="45354239" timestamp="2017-01-21T17:11:56Z" user="Santi2222" uid="493192" lat="43.2592697" lon="-2.9273468"/>
 <node id="1738295165" visible="true" version="3" changeset="26907048" timestamp="2014-11-20T12:43:52Z" user="Voidoid" uid="251029" lat="43.2596284" lon="-2.9272707"/>
 <node id="1738295168" visible="true" version="4" changeset="108706426" timestamp="2021-07-27T19:35:53Z" user="Meersbrook" uid="412560" lat="43.2593252" lon="-2.9271753"/>
 <node id="1738295170" visible="true" version="3" changeset="108706426" timestamp="2021-07-27T19:35:53Z" user="Meersbrook" uid="412560" lat="43.2596148" lon="-2.9270342"/>
 <node id="1738295173" visible="true" version="3" changeset="26907048" timestamp="2014-11-20T12:43:52Z" user="Voidoid" uid="251029" lat="43.2598720" lon="-2.9275414"/>
 <node id="1738295194" visible="true" version="4" changeset="45619804" timestamp="2017-01-29T13:09:00Z" user="Santi2222" uid="493192" lat="43.2600471" lon="-2.9275015"/>
 <node id="1776930685" visible="true" version="2" changeset="47006349" timestamp="2017-03-20T09:23:05Z" user="Spearmint" uid="4898103" lat="43.2575001" lon="-2.9338099"/>
 <node id="1818583837" visible="true" version="6" changeset="168114533" timestamp="2025-06-25T22:23:09Z" user="pfhllnts" uid="14153197" lat="43.2571098" lon="-2.9317854"/>
 <node id="1818583838" visible="true" version="6" changeset="168114533" timestamp="2025-06-25T22:23:09Z" user="pfhllnts" uid="14153197" lat="43.2571124" lon="-2.9318425"/>
 <node id="1818583839" visible="true" version="4" changeset="168114533" timestamp="2025-06-25T22:23:09Z" user="pfhllnts" uid="14153197" lat="43.2571770" lon="-2.9316024"/>
 <node id="1818583847" visible="true" version="4" changeset="168114533" timestamp="2025-06-25T22:23:09Z" user="pfhllnts" uid="14153197" lat="43.2575537" lon="-2.9308175"/>
 <node id="1818583850" visible="true" version="3" changeset="168114533" timestamp="2025-06-25T22:23:09Z" user="pfhllnts" uid="14153197" lat="43.2574662" lon="-2.9314218">
  <tag k="railway" v="switch"/>
  <tag k="railway:switch" v="default"/>
 </node>
 <node id="1818583853" visible="true" version="2" changeset="168114533" timestamp="2025-06-25T22:23:09Z" user="pfhllnts" uid="14153197" lat="43.2576992" lon="-2.9306938">
  <tag k="railway" v="switch"/>
  <tag k="railway:switch" v="default"/>
 </node>
 <node id="1818583854" visible="true" version="3" changeset="168114533" timestamp="2025-06-25T22:23:09Z" user="pfhllnts" uid="14153197" lat="43.2577176" lon="-2.9302515">
  <tag k="railway" v="switch"/>
  <tag k="railway:switch" v="default"/>
 </node>
 <node id="1818583858" visible="true" version="3" changeset="168114533" timestamp="2025-06-25T22:23:09Z" user="pfhllnts" uid="14153197" lat="43.2577787" lon="-2.9302353">
  <tag k="railway" v="switch"/>
  <tag k="railway:switch" v="default"/>
 </node>
 <node id="1818583859" visible="true" version="3" changeset="168114533" timestamp="2025-06-25T22:23:09Z" user="pfhllnts" uid="14153197" lat="43.2577975" lon="-2.9298285"/>
 <node id="1818583862" visible="true" version="3" changeset="42207554" timestamp="2016-09-16T17:10:17Z" user="Santi2222" uid="493192" lat="43.2577810" lon="-2.9301710"/>
 <node id="1818583864" visible="true" version="2" changeset="168114533" timestamp="2025-06-25T22:23:09Z" user="pfhllnts" uid="14153197" lat="43.2578553" lon="-2.9307974"/>
 <node id="1818583865" visible="true" version="2" changeset="168114533" timestamp="2025-06-25T22:23:09Z" user="pfhllnts" uid="14153197" lat="43.2578768" lon="-2.9306014"/>
 <node id="1818583866" visible="true" version="4" changeset="168114533" timestamp="2025-06-25T22:23:09Z" user="pfhllnts" uid="14153197" lat="43.2578853" lon="-2.9296141">
  <tag k="railway" v="switch"/>
  <tag k="railway:switch" v="default"/>
 </node>
 <node id="1818583867" visible="true" version="4" changeset="168114533" timestamp="2025-06-25T22:23:09Z" user="pfhllnts" uid="14153197" lat="43.2578007" lon="-2.9301406">
  <tag k="railway" v="switch"/>
 </node>
 <node id="1818583869" visible="true" version="2" changeset="168114533" timestamp="2025-06-25T22:23:09Z" user="pfhllnts" uid="14153197" lat="43.2578628" lon="-2.9301482"/>
 <node id="1818583870" visible="true" version="1" changeset="12158705" timestamp="2012-07-09T07:54:55Z" user="Santi2222" uid="493192" lat="43.2578701" lon="-2.9303627"/>
 <node id="1818583871" visible="true" version="2" changeset="168114533" timestamp="2025-06-25T22:23:09Z" user="pfhllnts" uid="14153197" lat="43.2577823" lon="-2.9304813">
  <tag k="railway" v="switch"/>
  <tag k="railway:switch" v="default"/>
 </node>
 <node id="1818583873" visible="true" version="4" changeset="168114533" timestamp="2025-06-25T22:23:09Z" user="pfhllnts" uid="14153197" lat="43.2579152" lon="-2.9295191"/>
 <node id="1818583874" visible="true" version="2" changeset="42207554" timestamp="2016-09-16T17:10:17Z" user="Santi2222" uid="493192" lat="43.2579170" lon="-2.9296973"/>
 <node id="1818583876" visible="true" version="4" changeset="168114533" timestamp="2025-06-25T22:23:09Z" user="pfhllnts" uid="14153197" lat="43.2577990" lon="-2.9310792">
  <tag k="railway" v="switch"/>
  <tag k="railway:switch" v="default"/>
 </node>
 <node id="1818583877" visible="true" version="2" changeset="168114533" timestamp="2025-06-25T22:23:09Z" user="pfhllnts" uid="14153197" lat="43.2579286" lon="-2.9300115"/>
 <node id="1818583878" visible="true" version="3" changeset="42207554" timestamp="2016-09-16T17:10:17Z" user="Santi2222" uid="493192" lat="43.2579031" lon="-2.9296846"/>
 <node id="1818583879" visible="true" version="2" changeset="168114533" timestamp="2025-06-25T22:23:09Z" user="pfhllnts" uid="14153197" lat="43.2580416" lon="-2.9295104"/>
 <node id="1818583880" visible="true" version="3" changeset="42207554" timestamp="2016-09-16T17:10:17Z" user="Santi2222" uid="493192" lat="43.2579942" lon="-2.9292833"/>
 <node id="1818583883" visible="true" version="2" changeset="41002035" timestamp="2016-07-25T03:43:29Z" user="Chris Malki" uid="1775084" lat="43.2580260" lon="-2.9291223"/>
 <node id="1818583885" visible="true" version="2" changeset="168114533" timestamp="2025-06-25T22:23:09Z" user="pfhllnts" uid="14153197" lat="43.2580256" lon="-2.9299251"/>
 <node id="1818583886" visible="true" version="1" changeset="12158705" timestamp="2012-07-09T07:54:55Z" user="Santi2222" uid="493192" lat="43.2580291" lon="-2.9300729"/>
 <node id="1818583889" visible="true" version="3" changeset="168114533" timestamp="2025-06-25T22:23:09Z" user="pfhllnts" uid="14153197" lat="43.2579931" lon="-2.9307838">
  <tag k="railway" v="switch"/>
  <tag k="railway:switch" v="default"/>
 </node>
 <node id="1818583890" visible="true" version="2" changeset="39401815" timestamp="2016-05-18T14:23:38Z" user="Eugenip22" uid="3078123" lat="43.2583160" lon="-2.9293517"/>
 <node id="1818583892" visible="true" version="3" changeset="42207554" timestamp="2016-09-16T17:10:17Z" user="Santi2222" uid="493192" lat="43.2581285" lon="-2.9290725"/>
 <node id="1818583893" visible="true" version="1" changeset="12158705" timestamp="2012-07-09T07:54:56Z" user="Santi2222" uid="493192" lat="43.2581214" lon="-2.9297565"/>
 <node id="1818583894" visible="true" version="3" changeset="42207554" timestamp="2016-09-16T17:10:17Z" user="Santi2222" uid="493192" lat="43.2581243" lon="-2.9291590"/>
 <node id="1818583895" visible="true" version="2" changeset="168114533" timestamp="2025-06-25T22:23:09Z" user="pfhllnts" uid="14153197" lat="43.2581203" lon="-2.9293358"/>
 <node id="1818583896" visible="true" version="3" changeset="42207554" timestamp="2016-09-16T17:10:17Z" user="Santi2222" uid="493192" lat="43.2581281" lon="-2.9289795"/>
 <node id="1818583897" visible="true" version="2" changeset="168114533" timestamp="2025-06-25T22:23:09Z" user="pfhllnts" uid="14153197" lat="43.2582525" lon="-2.9296213"/>
 <node id="1818583899" visible="true" version="3" changeset="42207554" timestamp="2016-09-16T17:10:17Z" user="Santi2222" uid="493192" lat="43.2582065" lon="-2.9288342"/>
 <node id="1818583900" visible="true" version="1" changeset="12158705" timestamp="2012-07-09T07:54:56Z" user="Santi2222" uid="493192" lat="43.2582025" lon="-2.9291703"/>
 <node id="1818583901" visible="true" version="2" changeset="168114533" timestamp="2025-06-25T22:23:09Z" user="pfhllnts" uid="14153197" lat="43.2582763" lon="-2.9296654"/>
 <node id="1818583902" visible="true" version="1" changeset="12158705" timestamp="2012-07-09T07:54:56Z" user="Santi2222" uid="493192" lat="43.2582234" lon="-2.9299396"/>
 <node id="1818583904" visible="true" version="2" changeset="168114533" timestamp="2025-06-25T22:23:09Z" user="pfhllnts" uid="14153197" lat="43.2581857" lon="-2.9304654"/>
 <node id="1818583905" visible="true" version="2" changeset="41002035" timestamp="2016-07-25T03:43:29Z" user="Chris Malki" uid="1775084" lat="43.2582893" lon="-2.9286976"/>
 <node id="1818583906" visible="true" version="3" changeset="168114533" timestamp="2025-06-25T22:23:09Z" user="pfhllnts" uid="14153197" lat="43.2582918" lon="-2.9302157"/>
 <node id="1818583907" visible="true" version="3" changeset="42207554" timestamp="2016-09-16T17:10:17Z" user="Santi2222" uid="493192" lat="43.2582896" lon="-2.9288309"/>
 <node id="1818583908" visible="true" version="2" changeset="168114533" timestamp="2025-06-25T22:23:09Z" user="pfhllnts" uid="14153197" lat="43.2583094" lon="-2.9297151"/>
 <node id="1818583909" visible="true" version="2" changeset="41002035" timestamp="2016-07-25T03:43:29Z" user="Chris Malki" uid="1775084" lat="43.2583084" lon="-2.9287421"/>
 <node id="1818583915" visible="true" version="4" changeset="168114533" timestamp="2025-06-25T22:23:09Z" user="pfhllnts" uid="14153197" lat="43.2584113" lon="-2.9288016"/>
 <node id="1818583917" visible="true" version="2" changeset="168114533" timestamp="2025-06-25T22:23:09Z" user="pfhllnts" uid="14153197" lat="43.2584011" lon="-2.9294643"/>
 <node id="1818583918" visible="true" version="4" changeset="179646011" timestamp="2026-03-10T15:42:58Z" user="&quot;Yo&quot;" uid="1204180" lat="43.2584984" lon="-2.9283527">
  <tag k="railway" v="buffer_stop"/>
 </node>
 <node id="1818583920" visible="true" version="4" changeset="179646011" timestamp="2026-03-10T15:42:58Z" user="&quot;Yo&quot;" uid="1204180" lat="43.2585185" lon="-2.9283903">
  <tag k="railway" v="buffer_stop"/>
 </node>
 <node id="1818583922" visible="true" version="2" changeset="41002035" timestamp="2016-07-25T03:43:29Z" user="Chris Malki" uid="1775084" lat="43.2585113" lon="-2.9301209"/>
 <node id="1818583924" visible="true" version="4" changeset="179646011" timestamp="2026-03-10T15:42:58Z" user="&quot;Yo&quot;" uid="1204180" lat="43.2585483" lon="-2.9284113">
  <tag k="railway" v="buffer_stop"/>
 </node>
 <node id="1818583925" visible="true" version="2" changeset="12610106" timestamp="2012-08-04T15:41:41Z" user="Voidoid" uid="251029" lat="43.2585149" lon="-2.9282983"/>
 <node id="1818583927" visible="true" version="4" changeset="179646011" timestamp="2026-03-10T15:42:58Z" user="&quot;Yo&quot;" uid="1204180" lat="43.2586060" lon="-2.9284910">
  <tag k="railway" v="buffer_stop"/>
 </node>
 <node id="1818583929" visible="true" version="1" changeset="12158705" timestamp="2012-07-09T07:54:57Z" user="Santi2222" uid="493192" lat="43.2586194" lon="-2.9297173"/>
 <node id="1818583936" visible="true" version="1" changeset="12158705" timestamp="2012-07-09T07:54:57Z" user="Santi2222" uid="493192" lat="43.2587191" lon="-2.9294760"/>
 <node id="1818583944" visible="true" version="2" changeset="26907048" timestamp="2014-11-20T12:43:52Z" user="Voidoid" uid="251029" lat="43.2586799" lon="-2.9284952"/>
 <node id="1818583951" visible="true" version="2" changeset="41002035" timestamp="2016-07-25T03:43:29Z" user="Chris Malki" uid="1775084" lat="43.2588926" lon="-2.9288776"/>
 <node id="1818583955" visible="true" version="1" changeset="12158705" timestamp="2012-07-09T07:54:58Z" user="Santi2222" uid="493192" lat="43.2590792" lon="-2.9282076"/>
 <node id="1818583956" visible="true" version="1" changeset="12158705" timestamp="2012-07-09T07:54:58Z" user="Santi2222" uid="493192" lat="43.2591143" lon="-2.9282355"/>
 <node id="1818583959" visible="true" version="1" changeset="12158705" timestamp="2012-07-09T07:54:58Z" user="Santi2222" uid="493192" lat="43.2592081" lon="-2.9284565"/>
 <node id="1818583960" visible="true" version="2" changeset="41002035" timestamp="2016-07-25T03:43:29Z" user="Chris Malki" uid="1775084" lat="43.2592509" lon="-2.9279563"/>
 <node id="1818583964" visible="true" version="2" changeset="41002035" timestamp="2016-07-25T03:43:30Z" user="Chris Malki" uid="1775084" lat="43.2593891" lon="-2.9279755"/>
 <node id="1818583965" visible="true" version="8" changeset="168114533" timestamp="2025-06-25T22:23:09Z" user="pfhllnts" uid="14153197" lat="43.2594169" lon="-2.9293002"/>
 <node id="1818583969" visible="true" version="3" changeset="179646011" timestamp="2026-03-10T15:42:58Z" user="&quot;Yo&quot;" uid="1204180" lat="43.2596638" lon="-2.9273651">
  <tag k="railway" v="buffer_stop"/>
 </node>
 <node id="1818583970" visible="true" version="3" changeset="179646011" timestamp="2026-03-10T15:42:58Z" user="&quot;Yo&quot;" uid="1204180" lat="43.2596929" lon="-2.9273974">
  <tag k="railway" v="buffer_stop"/>
 </node>
 <node id="1818583971" visible="true" version="2" changeset="179646011" timestamp="2026-03-10T15:42:58Z" user="&quot;Yo&quot;" uid="1204180" lat="43.2597875" lon="-2.9274838">
  <tag k="railway" v="buffer_stop"/>
 </node>
 <node id="1818583973" visible="true" version="2" changeset="179646011" timestamp="2026-03-10T15:42:58Z" user="&quot;Yo&quot;" uid="1204180" lat="43.2598465" lon="-2.9275423">
  <tag k="railway" v="buffer_stop"/>
 </node>
 <node id="1851698719" visible="true" version="3" changeset="173730659" timestamp="2025-10-24T18:21:50Z" user="tx94" uid="11156042" lat="43.2571864" lon="-2.9279519"/>
 <node id="1851698771" visible="true" version="5" changeset="173730659" timestamp="2025-10-24T18:21:50Z" user="tx94" uid="11156042" lat="43.2575279" lon="-2.9283721"/>
 <node id="1851698772" visible="true" version="5" changeset="173730659" timestamp="2025-10-24T18:21:50Z" user="tx94" uid="11156042" lat="43.2574863" lon="-2.9283718"/>
 <node id="1851698797" visible="true" version="3" changeset="173730659" timestamp="2025-10-24T18:21:50Z" user="tx94" uid="11156042" lat="43.2571848" lon="-2.9278982"/>
 <node id="1851698809" visible="true" version="2" changeset="168706828" timestamp="2025-07-09T17:19:20Z" user="Johnbo" uid="915796" lat="43.2585198" lon="-2.9278174"/>
 <node id="1851698818" visible="true" version="6" changeset="173730659" timestamp="2025-10-24T18:21:50Z" user="tx94" uid="11156042" lat="43.2579546" lon="-2.9277285"/>
 <node id="1851698820" visible="true" version="3" changeset="173730659" timestamp="2025-10-24T18:21:50Z" user="tx94" uid="11156042" lat="43.2573865" lon="-2.9275786"/>
 <node id="1851698821" visible="true" version="6" changeset="173730659" timestamp="2025-10-24T18:21:50Z" user="tx94" uid="11156042" lat="43.2579660" lon="-2.9277858"/>
 <node id="2270333901" visible="true" version="9" changeset="175158565" timestamp="2025-11-26T15:01:09Z" user="Hugoren Martinako" uid="3392826" lat="43.2580813" lon="-2.9278362">
  <tag k="addr:housenumber" v="7"/>
  <tag k="addr:street" v="Naxa kalea"/>
  <tag k="amenity" v="cafe"/>
  <tag k="internet_access" v="wlan"/>
  <tag k="name" v="Bar Nervión"/>
  <tag k="opening_hours" v="Mo-Sa 09:45-00:00; Su 12:30-00:15"/>
  <tag k="outdoor_seating" v="yes"/>
  <tag k="phone" v="+34 944 16 91 89"/>
 </node>
 <node id="2356116271" visible="true" version="1" changeset="16657822" timestamp="2013-06-22T15:22:34Z" user="pedrolas" uid="1529744" lat="43.2573069" lon="-2.9311851"/>
 <node id="2692469504" visible="true" version="3" changeset="173730659" timestamp="2025-10-24T18:21:50Z" user="tx94" uid="11156042" lat="43.2573390" lon="-2.9281644"/>
 <node id="2935157107" visible="true" version="4" changeset="175158565" timestamp="2025-11-26T15:01:09Z" user="Hugoren Martinako" uid="3392826" lat="43.2570626" lon="-2.9278736">
  <tag k="addr:city" v="Bilbao"/>
  <tag k="addr:housenumber" v="3"/>
  <tag k="addr:street" v="Hernani kalea"/>
  <tag k="name" v="Confiarte"/>
  <tag k="shop" v="bakery"/>
 </node>
 <node id="3065040985" visible="true" version="3" changeset="184905714" timestamp="2026-07-01T10:19:24Z" user="tx94" uid="11156042" lat="43.2574323" lon="-2.9285047"/>
 <node id="3065040986" visible="true" version="3" changeset="184905714" timestamp="2026-07-01T10:19:24Z" user="tx94" uid="11156042" lat="43.2570761" lon="-2.9290022"/>
 <node id="3065040987" visible="true" version="3" changeset="184905714" timestamp="2026-07-01T10:19:24Z" user="tx94" uid="11156042" lat="43.2570422" lon="-2.9290075"/>
 <node id="3065040988" visible="true" version="3" changeset="184905714" timestamp="2026-07-01T10:19:24Z" user="tx94" uid="11156042" lat="43.2567709" lon="-2.9286382"/>
 <node id="3065040989" visible="true" version="3" changeset="184905714" timestamp="2026-07-01T10:19:24Z" user="tx94" uid="11156042" lat="43.2567669" lon="-2.9285777"/>
 <node id="3065040990" visible="true" version="3" changeset="184905714" timestamp="2026-07-01T10:19:24Z" user="tx94" uid="11156042" lat="43.2571021" lon="-2.9280286"/>
 <node id="3065040991" visible="true" version="3" changeset="184905714" timestamp="2026-07-01T10:19:24Z" user="tx94" uid="11156042" lat="43.2571397" lon="-2.9280227"/>
 <node id="3065040992" visible="true" version="3" changeset="184905714" timestamp="2026-07-01T10:19:24Z" user="tx94" uid="11156042" lat="43.2574409" lon="-2.9284463"/>
 <node id="3187689610" visible="true" version="2" changeset="47042133" timestamp="2017-03-21T14:36:24Z" user="Spearmint" uid="4898103" lat="43.2574128" lon="-2.9345401"/>
 <node id="3196925963" visible="true" version="2" changeset="42198882" timestamp="2016-09-16T09:53:57Z" user="Alaia" uid="2778590" lat="43.2573633" lon="-2.9296730">
  <tag k="access" v="private"/>
  <tag k="barrier" v="gate"/>
 </node>
 <node id="3196925964" visible="true" version="1" changeset="26907048" timestamp="2014-11-20T12:43:49Z" user="Voidoid" uid="251029" lat="43.2593506" lon="-2.9273980"/>
 <node id="3196925965" visible="true" version="1" changeset="26907048" timestamp="2014-11-20T12:43:49Z" user="Voidoid" uid="251029" lat="43.2594676" lon="-2.9275329"/>
 <node id="3196925966" visible="true" version="1" changeset="26907048" timestamp="2014-11-20T12:43:49Z" user="Voidoid" uid="251029" lat="43.2582013" lon="-2.9287807"/>
 <node id="3196925967" visible="true" version="1" changeset="26907048" timestamp="2014-11-20T12:43:49Z" user="Voidoid" uid="251029" lat="43.2580652" lon="-2.9290633"/>
 <node id="3196925968" visible="true" version="1" changeset="26907048" timestamp="2014-11-20T12:43:49Z" user="Voidoid" uid="251029" lat="43.2579734" lon="-2.9290142"/>
 <node id="3196925969" visible="true" version="1" changeset="26907048" timestamp="2014-11-20T12:43:49Z" user="Voidoid" uid="251029" lat="43.2593870" lon="-2.9272673"/>
 <node id="3196925970" visible="true" version="1" changeset="26907048" timestamp="2014-11-20T12:43:49Z" user="Voidoid" uid="251029" lat="43.2574905" lon="-2.9293864"/>
 <node id="3196925971" visible="true" version="1" changeset="26907048" timestamp="2014-11-20T12:43:49Z" user="Voidoid" uid="251029" lat="43.2592403" lon="-2.9270365"/>
 <node id="3196925972" visible="true" version="3" changeset="108706426" timestamp="2021-07-27T19:35:53Z" user="Meersbrook" uid="412560" lat="43.2596227" lon="-2.9270416"/>
 <node id="3196925973" visible="true" version="5" changeset="181976550" timestamp="2026-04-29T08:36:13Z" user="squeaker_andrus" uid="21243039" lat="43.2599896" lon="-2.9276379"/>
 <node id="3196925974" visible="true" version="2" changeset="42198882" timestamp="2016-09-16T09:53:57Z" user="Alaia" uid="2778590" lat="43.2574947" lon="-2.9294380"/>
 <node id="3196925975" visible="true" version="4" changeset="165815367" timestamp="2025-05-04T19:09:17Z" user="&quot;Yo&quot;" uid="1204180" lat="43.2579330" lon="-2.9288207">
  <tag k="barrier" v="toll_booth"/>
  <tag k="bicycle" v="yes"/>
  <tag k="foot" v="yes"/>
  <tag k="horse" v="no"/>
  <tag k="motor_vehicle" v="customers"/>
 </node>
 <node id="3196925976" visible="true" version="2" changeset="165815367" timestamp="2025-05-04T19:09:17Z" user="&quot;Yo&quot;" uid="1204180" lat="43.2589272" lon="-2.9276315"/>
 <node id="3196925977" visible="true" version="2" changeset="165815367" timestamp="2025-05-04T19:09:17Z" user="&quot;Yo&quot;" uid="1204180" lat="43.2590573" lon="-2.9274418"/>
 <node id="3196925979" visible="true" version="2" changeset="165815367" timestamp="2025-05-04T19:09:17Z" user="&quot;Yo&quot;" uid="1204180" lat="43.2592279" lon="-2.9272032"/>
 <node id="3196925985" visible="true" version="1" changeset="26907048" timestamp="2014-11-20T12:43:49Z" user="Voidoid" uid="251029" lat="43.2591541" lon="-2.9289358"/>
 <node id="3196925986" visible="true" version="3" changeset="165815367" timestamp="2025-05-04T19:09:17Z" user="&quot;Yo&quot;" uid="1204180" lat="43.2581251" lon="-2.9285895"/>
 <node id="3196925989" visible="true" version="3" changeset="165815367" timestamp="2025-05-04T19:09:17Z" user="&quot;Yo&quot;" uid="1204180" lat="43.2586943" lon="-2.9279874"/>
 <node id="3196925990" visible="true" version="1" changeset="26907048" timestamp="2014-11-20T12:43:49Z" user="Voidoid" uid="251029" lat="43.2586449" lon="-2.9284276"/>
 <node id="3196925991" visible="true" version="2" changeset="165815367" timestamp="2025-05-04T19:09:17Z" user="&quot;Yo&quot;" uid="1204180" lat="43.2593274" lon="-2.9273201"/>
 <node id="3196925992" visible="true" version="1" changeset="26907048" timestamp="2014-11-20T12:43:49Z" user="Voidoid" uid="251029" lat="43.2580152" lon="-2.9290899"/>
 <node id="3196925993" visible="true" version="1" changeset="26907048" timestamp="2014-11-20T12:43:49Z" user="Voidoid" uid="251029" lat="43.2578251" lon="-2.9296163"/>
 <node id="3196925994" visible="true" version="1" changeset="26907048" timestamp="2014-11-20T12:43:49Z" user="Voidoid" uid="251029" lat="43.2576920" lon="-2.9295257"/>
 <node id="3196925995" visible="true" version="1" changeset="26907048" timestamp="2014-11-20T12:43:49Z" user="Voidoid" uid="251029" lat="43.2578821" lon="-2.9289993"/>
 <node id="3196925998" visible="true" version="1" changeset="26907048" timestamp="2014-11-20T12:43:49Z" user="Voidoid" uid="251029" lat="43.2576545" lon="-2.9299481"/>
 <node id="3196925999" visible="true" version="1" changeset="26907048" timestamp="2014-11-20T12:43:49Z" user="Voidoid" uid="251029" lat="43.2573927" lon="-2.9299002"/>
 <node id="3196926000" visible="true" version="1" changeset="26907048" timestamp="2014-11-20T12:43:49Z" user="Voidoid" uid="251029" lat="43.2576604" lon="-2.9298831"/>
 <node id="3196926001" visible="true" version="1" changeset="26907048" timestamp="2014-11-20T12:43:49Z" user="Voidoid" uid="251029" lat="43.2577093" lon="-2.9298912"/>
 <node id="3196926002" visible="true" version="1" changeset="26907048" timestamp="2014-11-20T12:43:49Z" user="Voidoid" uid="251029" lat="43.2577478" lon="-2.9295822"/>
 <node id="3196926003" visible="true" version="1" changeset="26907048" timestamp="2014-11-20T12:43:49Z" user="Voidoid" uid="251029" lat="43.2574813" lon="-2.9295395"/>
 <node id="3196926004" visible="true" version="1" changeset="26907048" timestamp="2014-11-20T12:43:49Z" user="Voidoid" uid="251029" lat="43.2574630" lon="-2.9295445"/>
 <node id="3196926005" visible="true" version="1" changeset="26907048" timestamp="2014-11-20T12:43:49Z" user="Voidoid" uid="251029" lat="43.2574481" lon="-2.9295525"/>
 <node id="3196926006" visible="true" version="1" changeset="26907048" timestamp="2014-11-20T12:43:49Z" user="Voidoid" uid="251029" lat="43.2574378" lon="-2.9295666"/>
 <node id="3196926007" visible="true" version="1" changeset="26907048" timestamp="2014-11-20T12:43:49Z" user="Voidoid" uid="251029" lat="43.2574301" lon="-2.9295799"/>
 <node id="3196926008" visible="true" version="1" changeset="26907048" timestamp="2014-11-20T12:43:49Z" user="Voidoid" uid="251029" lat="43.2574243" lon="-2.9295967"/>
 <node id="3196926009" visible="true" version="1" changeset="26907048" timestamp="2014-11-20T12:43:49Z" user="Voidoid" uid="251029" lat="43.2574204" lon="-2.9296179"/>
 <node id="3196926010" visible="true" version="1" changeset="26907048" timestamp="2014-11-20T12:43:49Z" user="Voidoid" uid="251029" lat="43.2573283" lon="-2.9306101"/>
 <node id="3196926012" visible="true" version="1" changeset="26907048" timestamp="2014-11-20T12:43:49Z" user="Voidoid" uid="251029" lat="43.2573031" lon="-2.9304752"/>
 <node id="3196926013" visible="true" version="1" changeset="26907048" timestamp="2014-11-20T12:43:49Z" user="Voidoid" uid="251029" lat="43.2573051" lon="-2.9301817"/>
 <node id="3196926014" visible="true" version="1" changeset="26907048" timestamp="2014-11-20T12:43:49Z" user="Voidoid" uid="251029" lat="43.2569178" lon="-2.9301766"/>
 <node id="3196926015" visible="true" version="1" changeset="26907048" timestamp="2014-11-20T12:43:49Z" user="Voidoid" uid="251029" lat="43.2569158" lon="-2.9304701"/>
 <node id="3196926016" visible="true" version="1" changeset="26907048" timestamp="2014-11-20T12:43:49Z" user="Voidoid" uid="251029" lat="43.2573093" lon="-2.9299645"/>
 <node id="3196926017" visible="true" version="1" changeset="26907048" timestamp="2014-11-20T12:43:49Z" user="Voidoid" uid="251029" lat="43.2571511" lon="-2.9298419"/>
 <node id="3196926018" visible="true" version="1" changeset="26907048" timestamp="2014-11-20T12:43:49Z" user="Voidoid" uid="251029" lat="43.2569178" lon="-2.9301483"/>
 <node id="3196926019" visible="true" version="1" changeset="26907048" timestamp="2014-11-20T12:43:49Z" user="Voidoid" uid="251029" lat="43.2573177" lon="-2.9297131"/>
 <node id="3196926020" visible="true" version="1" changeset="26907048" timestamp="2014-11-20T12:43:49Z" user="Voidoid" uid="251029" lat="43.2572692" lon="-2.9296862"/>
 <node id="3196926021" visible="true" version="1" changeset="26907048" timestamp="2014-11-20T12:43:49Z" user="Voidoid" uid="251029" lat="43.2572843" lon="-2.9309425"/>
 <node id="3196926022" visible="true" version="1" changeset="26907048" timestamp="2014-11-20T12:43:49Z" user="Voidoid" uid="251029" lat="43.2572900" lon="-2.9307519"/>
 <node id="3196926023" visible="true" version="1" changeset="26907048" timestamp="2014-11-20T12:43:49Z" user="Voidoid" uid="251029" lat="43.2569626" lon="-2.9307331"/>
 <node id="3196926024" visible="true" version="1" changeset="26907048" timestamp="2014-11-20T12:43:49Z" user="Voidoid" uid="251029" lat="43.2570359" lon="-2.9309302"/>
 <node id="3196926025" visible="true" version="1" changeset="26907048" timestamp="2014-11-20T12:43:50Z" user="Voidoid" uid="251029" lat="43.2572729" lon="-2.9309419"/>
 <node id="3196926028" visible="true" version="1" changeset="26907048" timestamp="2014-11-20T12:43:50Z" user="Voidoid" uid="251029" lat="43.2572177" lon="-2.9314278"/>
 <node id="3196926029" visible="true" version="1" changeset="26907048" timestamp="2014-11-20T12:43:50Z" user="Voidoid" uid="251029" lat="43.2570651" lon="-2.9315326"/>
 <node id="3196926031" visible="true" version="1" changeset="26907048" timestamp="2014-11-20T12:43:50Z" user="Voidoid" uid="251029" lat="43.2571452" lon="-2.9312257"/>
 <node id="3196926032" visible="true" version="1" changeset="26907048" timestamp="2014-11-20T12:43:50Z" user="Voidoid" uid="251029" lat="43.2570706" lon="-2.9310173"/>
 <node id="3196926035" visible="true" version="1" changeset="26907048" timestamp="2014-11-20T12:43:50Z" user="Voidoid" uid="251029" lat="43.2569215" lon="-2.9306267"/>
 <node id="3196926036" visible="true" version="1" changeset="26907048" timestamp="2014-11-20T12:43:50Z" user="Voidoid" uid="251029" lat="43.2567981" lon="-2.9303001"/>
 <node id="3196926037" visible="true" version="1" changeset="26907048" timestamp="2014-11-20T12:43:50Z" user="Voidoid" uid="251029" lat="43.2566859" lon="-2.9304450"/>
 <node id="3196926038" visible="true" version="1" changeset="26907048" timestamp="2014-11-20T12:43:50Z" user="Voidoid" uid="251029" lat="43.2566803" lon="-2.9304973"/>
 <node id="3196926039" visible="true" version="1" changeset="26907048" timestamp="2014-11-20T12:43:50Z" user="Voidoid" uid="251029" lat="43.2583972" lon="-2.9289576"/>
 <node id="3196926040" visible="true" version="1" changeset="26907048" timestamp="2014-11-20T12:43:50Z" user="Voidoid" uid="251029" lat="43.2585143" lon="-2.9290924"/>
 <node id="3196926041" visible="true" version="1" changeset="26907048" timestamp="2014-11-20T12:43:50Z" user="Voidoid" uid="251029" lat="43.2586139" lon="-2.9284165"/>
 <node id="3196926042" visible="true" version="1" changeset="26907048" timestamp="2014-11-20T12:43:50Z" user="Voidoid" uid="251029" lat="43.2585449" lon="-2.9283369"/>
 <node id="3196926043" visible="true" version="1" changeset="26907048" timestamp="2014-11-20T12:43:50Z" user="Voidoid" uid="251029" lat="43.2590669" lon="-2.9274839"/>
 <node id="3196926044" visible="true" version="1" changeset="26907048" timestamp="2014-11-20T12:43:50Z" user="Voidoid" uid="251029" lat="43.2591359" lon="-2.9275635"/>
 <node id="3779252936" visible="true" version="5" changeset="168114533" timestamp="2025-06-25T22:23:09Z" user="pfhllnts" uid="14153197" lat="43.2571166" lon="-2.9319385"/>
 <node id="4016986954" visible="true" version="3" changeset="52736939" timestamp="2017-10-08T17:25:18Z" user="Santi2222" uid="493192" lat="43.2592303" lon="-2.9304072"/>
 <node id="4016986958" visible="true" version="3" changeset="52736939" timestamp="2017-10-08T17:25:18Z" user="Santi2222" uid="493192" lat="43.2583093" lon="-2.9312313"/>
 <node id="4141028886" visible="true" version="4" changeset="93522063" timestamp="2020-11-04T07:13:22Z" user="jhuanjho" uid="1008854" lat="43.2629665" lon="-2.9240061"/>
 <node id="4183627329" visible="true" version="1" changeset="39292681" timestamp="2016-05-13T14:04:25Z" user="Eugenip22" uid="3078123" lat="43.2605152" lon="-2.9468389"/>
 <node id="4193592694" visible="true" version="2" changeset="168114533" timestamp="2025-06-25T22:23:09Z" user="pfhllnts" uid="14153197" lat="43.2588159" lon="-2.9299098"/>
 <node id="4193592695" visible="true" version="1" changeset="39401815" timestamp="2016-05-18T14:23:31Z" user="Eugenip22" uid="3078123" lat="43.2586718" lon="-2.9297590"/>
 <node id="4193592696" visible="true" version="1" changeset="39401815" timestamp="2016-05-18T14:23:31Z" user="Eugenip22" uid="3078123" lat="43.2584842" lon="-2.9300889"/>
 <node id="4193592697" visible="true" version="2" changeset="168114533" timestamp="2025-06-25T22:23:09Z" user="pfhllnts" uid="14153197" lat="43.2586104" lon="-2.9302330"/>
 <node id="4193592698" visible="true" version="4" changeset="52737250" timestamp="2017-10-08T17:36:49Z" user="Santi2222" uid="493192" lat="43.2592692" lon="-2.9291377"/>
 <node id="4193592699" visible="true" version="2" changeset="45619804" timestamp="2017-01-29T13:09:01Z" user="Santi2222" uid="493192" lat="43.2588954" lon="-2.9297747"/>
 <node id="4193592700" visible="true" version="2" changeset="45619804" timestamp="2017-01-29T13:09:01Z" user="Santi2222" uid="493192" lat="43.2587356" lon="-2.9295998"/>
 <node id="4193592701" visible="true" version="2" changeset="45619804" timestamp="2017-01-29T13:09:01Z" user="Santi2222" uid="493192" lat="43.2591088" lon="-2.9289565"/>
 <node id="4193592702" visible="true" version="3" changeset="168114533" timestamp="2025-06-25T22:23:09Z" user="pfhllnts" uid="14153197" lat="43.2579827" lon="-2.9309978"/>
 <node id="4193592703" visible="true" version="3" changeset="168114533" timestamp="2025-06-25T22:23:09Z" user="pfhllnts" uid="14153197" lat="43.2581275" lon="-2.9307947"/>
 <node id="4193592705" visible="true" version="3" changeset="168114533" timestamp="2025-06-25T22:23:09Z" user="pfhllnts" uid="14153197" lat="43.2583341" lon="-2.9306487"/>
 <node id="4193592706" visible="true" version="3" changeset="168114533" timestamp="2025-06-25T22:23:09Z" user="pfhllnts" uid="14153197" lat="43.2584991" lon="-2.9304529"/>
 <node id="4193592707" visible="true" version="3" changeset="168114533" timestamp="2025-06-25T22:23:09Z" user="pfhllnts" uid="14153197" lat="43.2586800" lon="-2.9302049"/>
 <node id="4193592708" visible="true" version="5" changeset="52737250" timestamp="2017-10-08T17:36:49Z" user="Santi2222" uid="493192" lat="43.2592981" lon="-2.9291693"/>
 <node id="4199082430" visible="true" version="3" changeset="93522063" timestamp="2020-11-04T07:13:22Z" user="jhuanjho" uid="1008854" lat="43.2630246" lon="-2.9240245"/>
 <node id="4319016006" visible="true" version="2" changeset="168114533" timestamp="2025-06-25T22:23:09Z" user="pfhllnts" uid="14153197" lat="43.2581718" lon="-2.9304471"/>
 <node id="4319016008" visible="true" version="2" changeset="168114533" timestamp="2025-06-25T22:23:09Z" user="pfhllnts" uid="14153197" lat="43.2585579" lon="-2.9301671"/>
 <node id="4319016010" visible="true" version="2" changeset="168114533" timestamp="2025-06-25T22:23:09Z" user="pfhllnts" uid="14153197" lat="43.2584226" lon="-2.9298192"/>
 <node id="4319016011" visible="true" version="2" changeset="42207554" timestamp="2016-09-16T17:10:18Z" user="Santi2222" uid="493192" lat="43.2579943" lon="-2.9294724"/>
 <node id="4319016012" visible="true" version="2" changeset="42207554" timestamp="2016-09-16T17:10:18Z" user="Santi2222" uid="493192" lat="43.2579740" lon="-2.9294496"/>
 <node id="4319016014" visible="true" version="2" changeset="42207554" timestamp="2016-09-16T17:10:18Z" user="Santi2222" uid="493192" lat="43.2580607" lon="-2.9291274"/>
 <node id="4319016015" visible="true" version="2" changeset="42207554" timestamp="2016-09-16T17:10:18Z" user="Santi2222" uid="493192" lat="43.2582030" lon="-2.9289960"/>
 <node id="4319016016" visible="true" version="2" changeset="42207554" timestamp="2016-09-16T17:10:18Z" user="Santi2222" uid="493192" lat="43.2581985" lon="-2.9289311"/>
 <node id="4319016017" visible="true" version="1" changeset="41002035" timestamp="2016-07-25T03:43:27Z" user="Chris Malki" uid="1775084" lat="43.2587568" lon="-2.9291472"/>
 <node id="4319016021" visible="true" version="1" changeset="41002035" timestamp="2016-07-25T03:43:27Z" user="Chris Malki" uid="1775084" lat="43.2578942" lon="-2.9294895"/>
 <node id="4319016022" visible="true" version="2" changeset="168114533" timestamp="2025-06-25T22:23:09Z" user="pfhllnts" uid="14153197" lat="43.2577613" lon="-2.9299988"/>
 <node id="4319016023" visible="true" version="2" changeset="168114533" timestamp="2025-06-25T22:23:09Z" user="pfhllnts" uid="14153197" lat="43.2576846" lon="-2.9303961"/>
 <node id="4319016024" visible="true" version="3" changeset="168114533" timestamp="2025-06-25T22:23:09Z" user="pfhllnts" uid="14153197" lat="43.2576243" lon="-2.9305994"/>
 <node id="4319016064" visible="true" version="3" changeset="168114533" timestamp="2025-06-25T22:23:09Z" user="pfhllnts" uid="14153197" lat="43.2572284" lon="-2.9315366"/>
 <node id="4404512556" visible="true" version="2" changeset="168114533" timestamp="2025-06-25T22:23:09Z" user="pfhllnts" uid="14153197" lat="43.2574334" lon="-2.9312220"/>
 <node id="4404512560" visible="true" version="2" changeset="168114533" timestamp="2025-06-25T22:23:09Z" user="pfhllnts" uid="14153197" lat="43.2575033" lon="-2.9310850">
  <tag k="railway" v="switch"/>
  <tag k="railway:local_operated" v="yes"/>
  <tag k="railway:switch" v="default"/>
  <tag k="railway:switch:electric" v="no"/>
 </node>
 <node id="4404512561" visible="true" version="2" changeset="168114533" timestamp="2025-06-25T22:23:09Z" user="pfhllnts" uid="14153197" lat="43.2577303" lon="-2.9304240">
  <tag k="railway" v="switch"/>
  <tag k="railway:switch" v="default"/>
 </node>
 <node id="4404512563" visible="true" version="1" changeset="42207554" timestamp="2016-09-16T17:10:10Z" user="Santi2222" uid="493192" lat="43.2578170" lon="-2.9299398"/>
 <node id="4404512564" visible="true" version="1" changeset="42207554" timestamp="2016-09-16T17:10:10Z" user="Santi2222" uid="493192" lat="43.2578483" lon="-2.9299053"/>
 <node id="4404512565" visible="true" version="1" changeset="42207554" timestamp="2016-09-16T17:10:10Z" user="Santi2222" uid="493192" lat="43.2580476" lon="-2.9292553"/>
 <node id="4404512566" visible="true" version="2" changeset="168114533" timestamp="2025-06-25T22:23:09Z" user="pfhllnts" uid="14153197" lat="43.2582981" lon="-2.9289895"/>
 <node id="4518570580" visible="true" version="2" changeset="45354239" timestamp="2017-01-21T17:11:56Z" user="Santi2222" uid="493192" lat="43.2589980" lon="-2.9276096"/>
 <node id="4622206211" visible="true" version="3" changeset="123798333" timestamp="2022-07-19T09:30:50Z" user="Santi2222" uid="493192" lat="43.2593668" lon="-2.9272244"/>
 <node id="4622210976" visible="true" version="2" changeset="108740135" timestamp="2021-07-28T08:57:57Z" user="Meersbrook" uid="412560" lat="43.2597336" lon="-2.9264132"/>
 <node id="4622253916" visible="true" version="3" changeset="122877397" timestamp="2022-06-26T18:23:12Z" user="Santi2222" uid="493192" lat="43.2560392" lon="-2.9340749"/>
 <node id="4622253917" visible="true" version="1" changeset="45354239" timestamp="2017-01-21T17:11:55Z" user="Santi2222" uid="493192" lat="43.2571608" lon="-2.9320799"/>
 <node id="4622253918" visible="true" version="1" changeset="45354239" timestamp="2017-01-21T17:11:55Z" user="Santi2222" uid="493192" lat="43.2572765" lon="-2.9318788"/>
 <node id="4622253919" visible="true" version="1" changeset="45354239" timestamp="2017-01-21T17:11:55Z" user="Santi2222" uid="493192" lat="43.2573715" lon="-2.9316812"/>
 <node id="4622253920" visible="true" version="1" changeset="45354239" timestamp="2017-01-21T17:11:55Z" user="Santi2222" uid="493192" lat="43.2574640" lon="-2.9314659"/>
 <node id="4622253921" visible="true" version="1" changeset="45354239" timestamp="2017-01-21T17:11:55Z" user="Santi2222" uid="493192" lat="43.2575471" lon="-2.9312437"/>
 <node id="4622253922" visible="true" version="1" changeset="45354239" timestamp="2017-01-21T17:11:55Z" user="Santi2222" uid="493192" lat="43.2576062" lon="-2.9310402"/>
 <node id="4622253923" visible="true" version="1" changeset="45354239" timestamp="2017-01-21T17:11:55Z" user="Santi2222" uid="493192" lat="43.2576628" lon="-2.9308261"/>
 <node id="4622253924" visible="true" version="1" changeset="45354239" timestamp="2017-01-21T17:11:55Z" user="Santi2222" uid="493192" lat="43.2577013" lon="-2.9306379"/>
 <node id="4622253925" visible="true" version="1" changeset="45354239" timestamp="2017-01-21T17:11:55Z" user="Santi2222" uid="493192" lat="43.2578546" lon="-2.9298358"/>
 <node id="4622253926" visible="true" version="1" changeset="45354239" timestamp="2017-01-21T17:11:55Z" user="Santi2222" uid="493192" lat="43.2578953" lon="-2.9296285"/>
 <node id="4622253927" visible="true" version="1" changeset="45354239" timestamp="2017-01-21T17:11:55Z" user="Santi2222" uid="493192" lat="43.2579493" lon="-2.9293874"/>
 <node id="4622253928" visible="true" version="1" changeset="45354239" timestamp="2017-01-21T17:11:55Z" user="Santi2222" uid="493192" lat="43.2579908" lon="-2.9292374"/>
 <node id="4622253929" visible="true" version="1" changeset="45354239" timestamp="2017-01-21T17:11:55Z" user="Santi2222" uid="493192" lat="43.2580431" lon="-2.9290772"/>
 <node id="4622253930" visible="true" version="1" changeset="45354239" timestamp="2017-01-21T17:11:55Z" user="Santi2222" uid="493192" lat="43.2581210" lon="-2.9288820"/>
 <node id="4622253931" visible="true" version="1" changeset="45354239" timestamp="2017-01-21T17:11:55Z" user="Santi2222" uid="493192" lat="43.2582195" lon="-2.9286491"/>
 <node id="4622253932" visible="true" version="1" changeset="45354239" timestamp="2017-01-21T17:11:55Z" user="Santi2222" uid="493192" lat="43.2583167" lon="-2.9284674"/>
 <node id="4622253933" visible="true" version="1" changeset="45354239" timestamp="2017-01-21T17:11:55Z" user="Santi2222" uid="493192" lat="43.2584003" lon="-2.9283342"/>
 <node id="4622253934" visible="true" version="3" changeset="122877397" timestamp="2022-06-26T18:23:12Z" user="Santi2222" uid="493192" lat="43.2560648" lon="-2.9340999"/>
 <node id="4622253935" visible="true" version="1" changeset="45354239" timestamp="2017-01-21T17:11:55Z" user="Santi2222" uid="493192" lat="43.2572268" lon="-2.9320461"/>
 <node id="4622253936" visible="true" version="1" changeset="45354239" timestamp="2017-01-21T17:11:55Z" user="Santi2222" uid="493192" lat="43.2573518" lon="-2.9318156"/>
 <node id="4622253937" visible="true" version="1" changeset="45354239" timestamp="2017-01-21T17:11:55Z" user="Santi2222" uid="493192" lat="43.2574726" lon="-2.9315533"/>
 <node id="4622253938" visible="true" version="1" changeset="45354239" timestamp="2017-01-21T17:11:56Z" user="Santi2222" uid="493192" lat="43.2575471" lon="-2.9313624"/>
 <node id="4622253939" visible="true" version="1" changeset="45354239" timestamp="2017-01-21T17:11:56Z" user="Santi2222" uid="493192" lat="43.2576251" lon="-2.9311231"/>
 <node id="4622253940" visible="true" version="1" changeset="45354239" timestamp="2017-01-21T17:11:56Z" user="Santi2222" uid="493192" lat="43.2577133" lon="-2.9307608"/>
 <node id="4622253941" visible="true" version="1" changeset="45354239" timestamp="2017-01-21T17:11:56Z" user="Santi2222" uid="493192" lat="43.2577758" lon="-2.9304527"/>
 <node id="4622253942" visible="true" version="1" changeset="45354239" timestamp="2017-01-21T17:11:56Z" user="Santi2222" uid="493192" lat="43.2578324" lon="-2.9301740"/>
 <node id="4622253943" visible="true" version="1" changeset="45354239" timestamp="2017-01-21T17:11:56Z" user="Santi2222" uid="493192" lat="43.2579407" lon="-2.9295906"/>
 <node id="4622253944" visible="true" version="1" changeset="45354239" timestamp="2017-01-21T17:11:56Z" user="Santi2222" uid="493192" lat="43.2579831" lon="-2.9294048"/>
 <node id="4622253945" visible="true" version="1" changeset="45354239" timestamp="2017-01-21T17:11:56Z" user="Santi2222" uid="493192" lat="43.2580277" lon="-2.9292398"/>
 <node id="4622253946" visible="true" version="1" changeset="45354239" timestamp="2017-01-21T17:11:56Z" user="Santi2222" uid="493192" lat="43.2580964" lon="-2.9290346"/>
 <node id="4622253947" visible="true" version="1" changeset="45354239" timestamp="2017-01-21T17:11:56Z" user="Santi2222" uid="493192" lat="43.2581641" lon="-2.9288800"/>
 <node id="4622253948" visible="true" version="1" changeset="45354239" timestamp="2017-01-21T17:11:56Z" user="Santi2222" uid="493192" lat="43.2582690" lon="-2.9286510"/>
 <node id="4622253949" visible="true" version="1" changeset="45354239" timestamp="2017-01-21T17:11:56Z" user="Santi2222" uid="493192" lat="43.2583538" lon="-2.9284910"/>
 <node id="4622253950" visible="true" version="1" changeset="45354239" timestamp="2017-01-21T17:11:56Z" user="Santi2222" uid="493192" lat="43.2584283" lon="-2.9283722"/>
 <node id="4622253951" visible="true" version="1" changeset="45354239" timestamp="2017-01-21T17:11:56Z" user="Santi2222" uid="493192" lat="43.2585002" lon="-2.9281975"/>
 <node id="4622253952" visible="true" version="1" changeset="45354239" timestamp="2017-01-21T17:11:56Z" user="Santi2222" uid="493192" lat="43.2585168" lon="-2.9282390"/>
 <node id="4622327265" visible="true" version="2" changeset="56872623" timestamp="2018-03-04T15:07:09Z" user="Santi2222" uid="493192" lat="43.2543066" lon="-2.9419631"/>
 <node id="4622327278" visible="true" version="2" changeset="56872623" timestamp="2018-03-04T15:07:09Z" user="Santi2222" uid="493192" lat="43.2543375" lon="-2.9419551"/>
 <node id="4641951414" visible="true" version="1" changeset="45619804" timestamp="2017-01-29T13:08:59Z" user="Santi2222" uid="493192" lat="43.2597339" lon="-2.9272274"/>
 <node id="4641951416" visible="true" version="2" changeset="51872573" timestamp="2017-09-09T08:42:02Z" user="assar" uid="59757" lat="43.2597779" lon="-2.9272705"/>
 <node id="4641951417" visible="true" version="1" changeset="45619804" timestamp="2017-01-29T13:08:59Z" user="Santi2222" uid="493192" lat="43.2599460" lon="-2.9274541"/>
 <node id="4641951419" visible="true" version="1" changeset="45619804" timestamp="2017-01-29T13:08:59Z" user="Santi2222" uid="493192" lat="43.2597563" lon="-2.9271899"/>
 <node id="4641951420" visible="true" version="2" changeset="51872573" timestamp="2017-09-09T08:42:02Z" user="assar" uid="59757" lat="43.2597693" lon="-2.9272845"/>
 <node id="4641951421" visible="true" version="1" changeset="45619804" timestamp="2017-01-29T13:08:59Z" user="Santi2222" uid="493192" lat="43.2598721" lon="-2.9273957"/>
 <node id="4641951422" visible="true" version="1" changeset="45619804" timestamp="2017-01-29T13:08:59Z" user="Santi2222" uid="493192" lat="43.2599008" lon="-2.9273437"/>
 <node id="4641951423" visible="true" version="2" changeset="51872573" timestamp="2017-09-09T08:42:02Z" user="assar" uid="59757" lat="43.2599280" lon="-2.9273713"/>
 <node id="4641951424" visible="true" version="2" changeset="51872573" timestamp="2017-09-09T08:42:02Z" user="assar" uid="59757" lat="43.2599050" lon="-2.9274086"/>
 <node id="4641951425" visible="true" version="1" changeset="45619804" timestamp="2017-01-29T13:08:59Z" user="Santi2222" uid="493192" lat="43.2599679" lon="-2.9274136"/>
 <node id="4641951434" visible="true" version="4" changeset="52737250" timestamp="2017-10-08T17:36:49Z" user="Santi2222" uid="493192" lat="43.2593331" lon="-2.9292075"/>
 <node id="4641951436" visible="true" version="4" changeset="52737250" timestamp="2017-10-08T17:36:49Z" user="Santi2222" uid="493192" lat="43.2593095" lon="-2.9291818"/>
 <node id="4641951438" visible="true" version="6" changeset="52737250" timestamp="2017-10-08T17:36:49Z" user="Santi2222" uid="493192" lat="43.2594462" lon="-2.9293313"/>
 <node id="4641951441" visible="true" version="5" changeset="52737250" timestamp="2017-10-08T17:36:49Z" user="Santi2222" uid="493192" lat="43.2595127" lon="-2.9294041"/>
 <node id="4641951443" visible="true" version="4" changeset="52737250" timestamp="2017-10-08T17:36:49Z" user="Santi2222" uid="493192" lat="43.2595431" lon="-2.9294373"/>
 <node id="4641951445" visible="true" version="5" changeset="52737250" timestamp="2017-10-08T17:36:49Z" user="Santi2222" uid="493192" lat="43.2596079" lon="-2.9295081"/>
 <node id="4641951447" visible="true" version="6" changeset="168114533" timestamp="2025-06-25T22:23:09Z" user="pfhllnts" uid="14153197" lat="43.2596359" lon="-2.9295374"/>
 <node id="4739465021" visible="true" version="4" changeset="168706828" timestamp="2025-07-09T17:19:20Z" user="Johnbo" uid="915796" lat="43.2566668" lon="-2.9303792">
  <tag k="crossing" v="uncontrolled"/>
  <tag k="crossing:island" v="no"/>
  <tag k="crossing:markings" v="zebra"/>
  <tag k="highway" v="crossing"/>
  <tag k="tactile_paving" v="no"/>
 </node>
 <node id="4739465024" visible="true" version="3" changeset="168706828" timestamp="2025-07-09T17:19:20Z" user="Johnbo" uid="915796" lat="43.2572988" lon="-2.9294362">
  <tag k="crossing" v="uncontrolled"/>
  <tag k="crossing:island" v="no"/>
  <tag k="crossing:markings" v="zebra"/>
  <tag k="highway" v="crossing"/>
  <tag k="tactile_paving" v="no"/>
 </node>
 <node id="4739465032" visible="true" version="1" changeset="46922301" timestamp="2017-03-17T09:29:26Z" user="Spearmint" uid="4898103" lat="43.2571213" lon="-2.9293369">
  <tag k="name" v="Ecoclean"/>
  <tag k="shop" v="laundry"/>
 </node>
 <node id="4739465033" visible="true" version="1" changeset="46922301" timestamp="2017-03-17T09:29:27Z" user="Spearmint" uid="4898103" lat="43.2571712" lon="-2.9295649">
  <tag k="amenity" v="restaurant"/>
  <tag k="name" v="La Merced"/>
 </node>
 <node id="4739485771" visible="true" version="6" changeset="175158565" timestamp="2025-11-26T15:01:09Z" user="Hugoren Martinako" uid="3392826" lat="43.2570917" lon="-2.9296587">
  <tag k="addr:city" v="Bilbao"/>
  <tag k="addr:housenumber" v="33"/>
  <tag k="addr:postcode" v="48003"/>
  <tag k="addr:street" v="Bailen kalea"/>
  <tag k="amenity" v="restaurant"/>
  <tag k="name" v="Restaurante Arima"/>
  <tag k="phone" v="+34 944 743 024"/>
  <tag k="website" v="https://www.restaurantearima.com/"/>
 </node>
 <node id="4739485772" visible="true" version="1" changeset="46922577" timestamp="2017-03-17T09:41:09Z" user="Spearmint" uid="4898103" lat="43.2573353" lon="-2.9293668">
  <tag k="name" v="Touba"/>
  <tag k="shop" v="yes"/>
 </node>
 <node id="4739485773" visible="true" version="1" changeset="46922577" timestamp="2017-03-17T09:41:09Z" user="Spearmint" uid="4898103" lat="43.2573992" lon="-2.9292676">
  <tag k="amenity" v="cafe"/>
  <tag k="name" v="Cafeteria Ballen"/>
 </node>
 <node id="4739485774" visible="true" version="6" changeset="175158565" timestamp="2025-11-26T15:01:09Z" user="Hugoren Martinako" uid="3392826" lat="43.2575498" lon="-2.9290513">
  <tag k="addr:city" v="Bilbao"/>
  <tag k="addr:housenumber" v="23"/>
  <tag k="addr:postcode" v="48003"/>
  <tag k="addr:street" v="Bailen kalea"/>
  <tag k="amenity" v="restaurant"/>
  <tag k="name" v="Auskalo"/>
  <tag k="phone" v="+34 667 331 376"/>
  <tag k="website" v="https://barcafeauskalo.webs.com/"/>
 </node>
 <node id="4739485775" visible="true" version="1" changeset="46922577" timestamp="2017-03-17T09:41:10Z" user="Spearmint" uid="4898103" lat="43.2575932" lon="-2.9289976">
  <tag k="name" v="Skunk Funk"/>
  <tag k="shop" v="yes"/>
 </node>
 <node id="4739485776" visible="true" version="3" changeset="175158565" timestamp="2025-11-26T15:01:09Z" user="Hugoren Martinako" uid="3392826" lat="43.2573295" lon="-2.9288603">
  <tag k="addr:city" v="Bilbao"/>
  <tag k="addr:housenumber" v="14"/>
  <tag k="addr:street" v="Maiatzaren biko kalea"/>
  <tag k="name" v="Estudio"/>
  <tag k="shop" v="baby_goods"/>
 </node>
 <node id="4739485777" visible="true" version="1" changeset="46922577" timestamp="2017-03-17T09:41:10Z" user="Spearmint" uid="4898103" lat="43.2572847" lon="-2.9289234">
  <tag k="name" v="Saskinaski"/>
  <tag k="shop" v="yes"/>
 </node>
 <node id="4739485778" visible="true" version="1" changeset="46922577" timestamp="2017-03-17T09:41:10Z" user="Spearmint" uid="4898103" lat="43.2571548" lon="-2.9291034">
  <tag k="craft" v="confectionery"/>
  <tag k="name" v="Atlas II"/>
 </node>
 <node id="4739535921" visible="true" version="2" changeset="157892249" timestamp="2024-10-14T18:58:38Z" user="Txitxarra" uid="14986792" lat="43.2577261" lon="-2.9286854">
  <tag k="name" v="Norte"/>
  <tag k="shop" v="hairdresser"/>
 </node>
 <node id="4739535922" visible="true" version="2" changeset="157892249" timestamp="2024-10-14T18:58:38Z" user="Txitxarra" uid="14986792" lat="43.2576761" lon="-2.9285969">
  <tag k="name" v="Colchonería Tapicería Arteta"/>
  <tag k="shop" v="furniture"/>
 </node>
 <node id="4739535923" visible="true" version="7" changeset="175158565" timestamp="2025-11-26T15:01:09Z" user="Hugoren Martinako" uid="3392826" lat="43.2579952" lon="-2.9279638">
  <tag k="addr:city" v="Bilbao"/>
  <tag k="addr:housenumber" v="2"/>
  <tag k="addr:postcode" v="48003"/>
  <tag k="addr:street" v="Maiatzaren biko kalea"/>
  <tag k="name" v="Anti liburudenda librería"/>
  <tag k="opening_hours" v="Mo-Fr 10:30-14:00,16:30-20:00; Sa 10:30-14:00"/>
  <tag k="phone" v="+34 944 150 375"/>
  <tag k="shop" v="books"/>
  <tag k="website" v="https://www.anti-web.com/es/index.php"/>
  <tag k="wheelchair" v="no"/>
 </node>
 <node id="4739554214" visible="true" version="4" changeset="175724871" timestamp="2025-12-09T17:37:25Z" user="kapazao_import" uid="8770019" lat="43.2564558" lon="-2.9298601">
  <tag k="crossing" v="uncontrolled"/>
  <tag k="crossing:markings" v="zebra"/>
  <tag k="highway" v="crossing"/>
  <tag k="tactile_paving" v="no"/>
 </node>
 <node id="4739625415" visible="true" version="1" changeset="46925467" timestamp="2017-03-17T11:47:48Z" user="Spearmint" uid="4898103" lat="43.2569366" lon="-2.9283799">
  <tag k="amenity" v="restaurant"/>
  <tag k="name" v="Al-Azhar"/>
 </node>
 <node id="4739625416" visible="true" version="4" changeset="175158565" timestamp="2025-11-26T15:01:09Z" user="Hugoren Martinako" uid="3392826" lat="43.2571017" lon="-2.9281187">
  <tag k="addr:city" v="Bilbao"/>
  <tag k="addr:housenumber" v="8"/>
  <tag k="addr:postcode" v="48003"/>
  <tag k="addr:street" v="Hernani kalea"/>
  <tag k="name" v="Vinos y Licores Ruiz"/>
  <tag k="phone" v="+34 944 162 261"/>
  <tag k="shop" v="wine"/>
 </node>
 <node id="4739625417" visible="true" version="5" changeset="175158565" timestamp="2025-11-26T15:01:09Z" user="Hugoren Martinako" uid="3392826" lat="43.2570118" lon="-2.9282729">
  <tag k="addr:city" v="Bilbao"/>
  <tag k="addr:housenumber" v="10"/>
  <tag k="addr:postcode" v="48003"/>
  <tag k="addr:street" v="Hernani kalea"/>
  <tag k="amenity" v="pub"/>
  <tag k="name" v="Badulake"/>
 </node>
 <node id="4739625418" visible="true" version="2" changeset="67590680" timestamp="2019-02-26T17:47:56Z" user="jhuanjho" uid="1008854" lat="43.2573579" lon="-2.9284669">
  <tag k="name" v="Something Special Rugs"/>
  <tag k="shop" v="carpet"/>
  <tag k="website" v="http://www.somethingspecialrugs.com"/>
 </node>
 <node id="4739650176" visible="true" version="1" changeset="46925876" timestamp="2017-03-17T12:03:22Z" user="Spearmint" uid="4898103" lat="43.2574881" lon="-2.9282999">
  <tag k="name" v="Trakabarraka"/>
  <tag k="shop" v="clothes"/>
  <tag k="website" v="http://trakabarraka.com/colecciones/"/>
 </node>
 <node id="4739650177" visible="true" version="3" changeset="179513567" timestamp="2026-03-07T23:01:31Z" user="Txitxarra" uid="14986792" lat="43.2574202" lon="-2.9282066">
  <tag k="name" v="Alva,g"/>
  <tag k="shop" v="hairdresser"/>
 </node>
 <node id="4739650178" visible="true" version="1" changeset="46925876" timestamp="2017-03-17T12:03:22Z" user="Spearmint" uid="4898103" lat="43.2573365" lon="-2.9280941">
  <tag k="shop" v="yes"/>
 </node>
 <node id="4739650179" visible="true" version="1" changeset="46925876" timestamp="2017-03-17T12:03:22Z" user="Spearmint" uid="4898103" lat="43.2572686" lon="-2.9280056">
  <tag k="name" v="Erotic Shop"/>
  <tag k="shop" v="erotic"/>
 </node>
 <node id="4739650183" visible="true" version="1" changeset="46925876" timestamp="2017-03-17T12:03:23Z" user="Spearmint" uid="4898103" lat="43.2576589" lon="-2.9280439">
  <tag k="amenity" v="restaurant"/>
  <tag k="name" v="Nura"/>
 </node>
 <node id="4739650184" visible="true" version="1" changeset="46925876" timestamp="2017-03-17T12:03:23Z" user="Spearmint" uid="4898103" lat="43.2576101" lon="-2.9281204">
  <tag k="name" v="New Bullitt"/>
  <tag k="shop" v="yes"/>
 </node>
 <node id="4739650185" visible="true" version="1" changeset="46925876" timestamp="2017-03-17T12:03:23Z" user="Spearmint" uid="4898103" lat="43.2575701" lon="-2.9281946">
  <tag k="name" v="Hygge:"/>
  <tag k="shop" v="yes"/>
 </node>
 <node id="4739796156" visible="true" version="3" changeset="184905714" timestamp="2026-07-01T10:19:24Z" user="tx94" uid="11156042" lat="43.2573733" lon="-2.9274441"/>
 <node id="4747097653" visible="true" version="1" changeset="47042133" timestamp="2017-03-21T14:36:22Z" user="Spearmint" uid="4898103" lat="43.2573548" lon="-2.9342782"/>
 <node id="5035041113" visible="true" version="2" changeset="173730659" timestamp="2025-10-24T18:21:50Z" user="tx94" uid="11156042" lat="43.2573588" lon="-2.9275929"/>
 <node id="5035177771" visible="true" version="5" changeset="175724871" timestamp="2025-12-09T17:37:27Z" user="kapazao_import" uid="8770019" lat="43.2580236" lon="-2.9277664">
  <tag k="crossing" v="uncontrolled"/>
  <tag k="crossing:markings" v="zebra"/>
  <tag k="highway" v="crossing"/>
  <tag k="tactile_paving" v="no"/>
 </node>
 <node id="5035177772" visible="true" version="5" changeset="175724871" timestamp="2025-12-09T17:37:27Z" user="kapazao_import" uid="8770019" lat="43.2575400" lon="-2.9284292">
  <tag k="crossing" v="uncontrolled"/>
  <tag k="crossing:markings" v="zebra"/>
  <tag k="highway" v="crossing"/>
  <tag k="tactile_paving" v="no"/>
 </node>
 <node id="5035177773" visible="true" version="6" changeset="184905714" timestamp="2026-07-01T10:19:24Z" user="tx94" uid="11156042" lat="43.2570860" lon="-2.9279906">
  <tag k="crossing" v="uncontrolled"/>
  <tag k="crossing:markings" v="zebra"/>
  <tag k="highway" v="crossing"/>
  <tag k="tactile_paving" v="yes"/>
 </node>
 <node id="5035177774" visible="true" version="5" changeset="175724871" timestamp="2025-12-09T17:37:27Z" user="kapazao_import" uid="8770019" lat="43.2567341" lon="-2.9286646">
  <tag k="crossing" v="uncontrolled"/>
  <tag k="crossing:markings" v="zebra"/>
  <tag k="highway" v="crossing"/>
  <tag k="tactile_paving" v="yes"/>
 </node>
 <node id="5035177775" visible="true" version="6" changeset="184905714" timestamp="2026-07-01T10:19:24Z" user="tx94" uid="11156042" lat="43.2562604" lon="-2.9293502">
  <tag k="crossing" v="uncontrolled"/>
  <tag k="crossing:markings" v="zebra"/>
  <tag k="highway" v="crossing"/>
  <tag k="tactile_paving" v="no"/>
 </node>
 <node id="5056088154" visible="true" version="5" changeset="181755746" timestamp="2026-04-24T09:41:54Z" user="catastro_burgos" uid="617012" lat="43.2581153" lon="-2.9278420">
  <tag k="addr:city" v="Bilbao"/>
  <tag k="addr:housenumber" v="7"/>
  <tag k="addr:postcode" v="48003"/>
  <tag k="addr:street" v="Naxa kalea"/>
  <tag k="addr:suburb" v="San Francisco"/>
  <tag k="source" v="Bilbao Open Data"/>
  <tag k="source:url" v="http://www.bilbao.eus/opendata"/>
 </node>
 <node id="5056088169" visible="true" version="5" changeset="181755746" timestamp="2026-04-24T09:41:54Z" user="catastro_burgos" uid="617012" lat="43.2575382" lon="-2.9286375">
  <tag k="addr:city" v="Bilbao"/>
  <tag k="addr:housenumber" v="5"/>
  <tag k="addr:postcode" v="48003"/>
  <tag k="addr:street" v="Lamana kalea"/>
  <tag k="addr:suburb" v="San Francisco"/>
  <tag k="source" v="Bilbao Open Data"/>
  <tag k="source:url" v="http://www.bilbao.eus/opendata"/>
 </node>
 <node id="5056088173" visible="true" version="5" changeset="181755746" timestamp="2026-04-24T09:41:54Z" user="catastro_burgos" uid="617012" lat="43.2573125" lon="-2.9283102">
  <tag k="addr:city" v="Bilbao"/>
  <tag k="addr:housenumber" v="3"/>
  <tag k="addr:postcode" v="48003"/>
  <tag k="addr:street" v="Lamana kalea"/>
  <tag k="addr:suburb" v="San Francisco"/>
  <tag k="source" v="Bilbao Open Data"/>
  <tag k="source:url" v="http://www.bilbao.eus/opendata"/>
 </node>
 <node id="5056088175" visible="true" version="5" changeset="181755746" timestamp="2026-04-24T09:41:54Z" user="catastro_burgos" uid="617012" lat="43.2576840" lon="-2.9286055">
  <tag k="addr:city" v="Bilbao"/>
  <tag k="addr:housenumber" v="4"/>
  <tag k="addr:postcode" v="48003"/>
  <tag k="addr:street" v="Lamana kalea"/>
  <tag k="addr:suburb" v="San Francisco"/>
  <tag k="source" v="Bilbao Open Data"/>
  <tag k="source:url" v="http://www.bilbao.eus/opendata"/>
 </node>
 <node id="5056088177" visible="true" version="5" changeset="181755746" timestamp="2026-04-24T09:41:54Z" user="catastro_burgos" uid="617012" lat="43.2571832" lon="-2.9281225">
  <tag k="addr:city" v="Bilbao"/>
  <tag k="addr:housenumber" v="1"/>
  <tag k="addr:postcode" v="48003"/>
  <tag k="addr:street" v="Lamana kalea"/>
  <tag k="addr:suburb" v="San Francisco"/>
  <tag k="source" v="Bilbao Open Data"/>
  <tag k="source:url" v="http://www.bilbao.eus/opendata"/>
 </node>
 <node id="5056088179" visible="true" version="5" changeset="181755746" timestamp="2026-04-24T09:41:54Z" user="catastro_burgos" uid="617012" lat="43.2573315" lon="-2.9281206">
  <tag k="addr:city" v="Bilbao"/>
  <tag k="addr:housenumber" v="2"/>
  <tag k="addr:postcode" v="48003"/>
  <tag k="addr:street" v="Lamana kalea"/>
  <tag k="addr:suburb" v="San Francisco"/>
  <tag k="source" v="Bilbao Open Data"/>
  <tag k="source:url" v="http://www.bilbao.eus/opendata"/>
 </node>
 <node id="5056088428" visible="true" version="5" changeset="181755746" timestamp="2026-04-24T09:41:54Z" user="catastro_burgos" uid="617012" lat="43.2569674" lon="-2.9283078">
  <tag k="addr:city" v="Bilbao"/>
  <tag k="addr:housenumber" v="12"/>
  <tag k="addr:postcode" v="48003"/>
  <tag k="addr:street" v="Hernani kalea"/>
  <tag k="addr:suburb" v="San Francisco"/>
  <tag k="source" v="Bilbao Open Data"/>
  <tag k="source:url" v="http://www.bilbao.eus/opendata"/>
 </node>
 <node id="5056088431" visible="true" version="5" changeset="181755746" timestamp="2026-04-24T09:41:54Z" user="catastro_burgos" uid="617012" lat="43.2570390" lon="-2.9281986">
  <tag k="addr:city" v="Bilbao"/>
  <tag k="addr:housenumber" v="10"/>
  <tag k="addr:postcode" v="48003"/>
  <tag k="addr:street" v="Hernani kalea"/>
  <tag k="addr:suburb" v="San Francisco"/>
  <tag k="source" v="Bilbao Open Data"/>
  <tag k="source:url" v="http://www.bilbao.eus/opendata"/>
 </node>
 <node id="5056088432" visible="true" version="5" changeset="181755746" timestamp="2026-04-24T09:41:54Z" user="catastro_burgos" uid="617012" lat="43.2569519" lon="-2.9281126">
  <tag k="addr:city" v="Bilbao"/>
  <tag k="addr:housenumber" v="5"/>
  <tag k="addr:postcode" v="48003"/>
  <tag k="addr:street" v="Hernani kalea"/>
  <tag k="addr:suburb" v="San Francisco"/>
  <tag k="source" v="Bilbao Open Data"/>
  <tag k="source:url" v="http://www.bilbao.eus/opendata"/>
 </node>
 <node id="5056088434" visible="true" version="5" changeset="181755746" timestamp="2026-04-24T09:41:54Z" user="catastro_burgos" uid="617012" lat="43.2570604" lon="-2.9279339">
  <tag k="addr:city" v="Bilbao"/>
  <tag k="addr:housenumber" v="3"/>
  <tag k="addr:postcode" v="48003"/>
  <tag k="addr:street" v="Hernani kalea"/>
  <tag k="addr:suburb" v="San Francisco"/>
  <tag k="source" v="Bilbao Open Data"/>
  <tag k="source:url" v="http://www.bilbao.eus/opendata"/>
 </node>
 <node id="5056088435" visible="true" version="5" changeset="181755746" timestamp="2026-04-24T09:41:54Z" user="catastro_burgos" uid="617012" lat="43.2571991" lon="-2.9279452">
  <tag k="addr:city" v="Bilbao"/>
  <tag k="addr:housenumber" v="4"/>
  <tag k="addr:postcode" v="48003"/>
  <tag k="addr:street" v="Hernani kalea"/>
  <tag k="addr:suburb" v="San Francisco"/>
  <tag k="source" v="Bilbao Open Data"/>
  <tag k="source:url" v="http://www.bilbao.eus/opendata"/>
 </node>
 <node id="5056088448" visible="true" version="6" changeset="181755746" timestamp="2026-04-24T09:41:54Z" user="catastro_burgos" uid="617012" lat="43.2569695" lon="-2.9288731">
  <tag k="addr:city" v="Bilbao"/>
  <tag k="addr:housenumber" v="4"/>
  <tag k="addr:postcode" v="48003"/>
  <tag k="addr:street" v="Castillo jeneralaren kalea"/>
  <tag k="addr:suburb" v="San Francisco"/>
  <tag k="source" v="Bilbao Open Data"/>
  <tag k="source:url" v="http://www.bilbao.eus/opendata"/>
 </node>
 <node id="5056088449" visible="true" version="6" changeset="181755746" timestamp="2026-04-24T09:41:54Z" user="catastro_burgos" uid="617012" lat="43.2570876" lon="-2.9292577">
  <tag k="addr:city" v="Bilbao"/>
  <tag k="addr:housenumber" v="5"/>
  <tag k="addr:postcode" v="48003"/>
  <tag k="addr:street" v="Castillo jeneralaren kalea"/>
  <tag k="addr:suburb" v="San Francisco"/>
  <tag k="source" v="Bilbao Open Data"/>
  <tag k="source:url" v="http://www.bilbao.eus/opendata"/>
 </node>
 <node id="5056088465" visible="true" version="5" changeset="181755746" timestamp="2026-04-24T09:41:54Z" user="catastro_burgos" uid="617012" lat="43.2571745" lon="-2.9290330">
  <tag k="addr:city" v="Bilbao"/>
  <tag k="addr:housenumber" v="16"/>
  <tag k="addr:postcode" v="48003"/>
  <tag k="addr:street" v="Maiatzaren biko kalea"/>
  <tag k="addr:suburb" v="San Francisco"/>
  <tag k="source" v="Bilbao Open Data"/>
  <tag k="source:url" v="http://www.bilbao.eus/opendata"/>
 </node>
 <node id="5056088467" visible="true" version="5" changeset="181755746" timestamp="2026-04-24T09:41:54Z" user="catastro_burgos" uid="617012" lat="43.2572523" lon="-2.9289330">
  <tag k="addr:city" v="Bilbao"/>
  <tag k="addr:housenumber" v="14"/>
  <tag k="addr:postcode" v="48003"/>
  <tag k="addr:street" v="Maiatzaren biko kalea"/>
  <tag k="addr:suburb" v="San Francisco"/>
  <tag k="source" v="Bilbao Open Data"/>
  <tag k="source:url" v="http://www.bilbao.eus/opendata"/>
 </node>
 <node id="5056088468" visible="true" version="5" changeset="181755746" timestamp="2026-04-24T09:41:54Z" user="catastro_burgos" uid="617012" lat="43.2571193" lon="-2.9288942">
  <tag k="addr:city" v="Bilbao"/>
  <tag k="addr:housenumber" v="11"/>
  <tag k="addr:postcode" v="48003"/>
  <tag k="addr:street" v="Maiatzaren biko kalea"/>
  <tag k="addr:suburb" v="San Francisco"/>
  <tag k="source" v="Bilbao Open Data"/>
  <tag k="source:url" v="http://www.bilbao.eus/opendata"/>
 </node>
 <node id="5056088469" visible="true" version="5" changeset="181755746" timestamp="2026-04-24T09:41:54Z" user="catastro_burgos" uid="617012" lat="43.2573356" lon="-2.9288279">
  <tag k="addr:city" v="Bilbao"/>
  <tag k="addr:housenumber" v="12"/>
  <tag k="addr:postcode" v="48003"/>
  <tag k="addr:street" v="Maiatzaren biko kalea"/>
  <tag k="addr:suburb" v="San Francisco"/>
  <tag k="source" v="Bilbao Open Data"/>
  <tag k="source:url" v="http://www.bilbao.eus/opendata"/>
 </node>
 <node id="5056088470" visible="true" version="5" changeset="181755746" timestamp="2026-04-24T09:41:54Z" user="catastro_burgos" uid="617012" lat="43.2572082" lon="-2.9287741">
  <tag k="addr:city" v="Bilbao"/>
  <tag k="addr:housenumber" v="9"/>
  <tag k="addr:postcode" v="48003"/>
  <tag k="addr:street" v="Maiatzaren biko kalea"/>
  <tag k="addr:suburb" v="San Francisco"/>
  <tag k="source" v="Bilbao Open Data"/>
  <tag k="source:url" v="http://www.bilbao.eus/opendata"/>
 </node>
 <node id="5056088471" visible="true" version="5" changeset="181755746" timestamp="2026-04-24T09:41:54Z" user="catastro_burgos" uid="617012" lat="43.2574090" lon="-2.9287239">
  <tag k="addr:city" v="Bilbao"/>
  <tag k="addr:housenumber" v="10"/>
  <tag k="addr:postcode" v="48003"/>
  <tag k="addr:street" v="Maiatzaren biko kalea"/>
  <tag k="addr:suburb" v="San Francisco"/>
  <tag k="source" v="Bilbao Open Data"/>
  <tag k="source:url" v="http://www.bilbao.eus/opendata"/>
 </node>
 <node id="5056088472" visible="true" version="5" changeset="181755746" timestamp="2026-04-24T09:41:54Z" user="catastro_burgos" uid="617012" lat="43.2572899" lon="-2.9286634">
  <tag k="addr:city" v="Bilbao"/>
  <tag k="addr:housenumber" v="7"/>
  <tag k="addr:postcode" v="48003"/>
  <tag k="addr:street" v="Maiatzaren biko kalea"/>
  <tag k="addr:suburb" v="San Francisco"/>
  <tag k="source" v="Bilbao Open Data"/>
  <tag k="source:url" v="http://www.bilbao.eus/opendata"/>
 </node>
 <node id="5056088473" visible="true" version="5" changeset="181755746" timestamp="2026-04-24T09:41:54Z" user="catastro_burgos" uid="617012" lat="43.2576515" lon="-2.9283959">
  <tag k="addr:city" v="Bilbao"/>
  <tag k="addr:housenumber" v="8"/>
  <tag k="addr:postcode" v="48003"/>
  <tag k="addr:street" v="Maiatzaren biko kalea"/>
  <tag k="addr:suburb" v="San Francisco"/>
  <tag k="source" v="Bilbao Open Data"/>
  <tag k="source:url" v="http://www.bilbao.eus/opendata"/>
 </node>
 <node id="5056088474" visible="true" version="5" changeset="181755746" timestamp="2026-04-24T09:41:54Z" user="catastro_burgos" uid="617012" lat="43.2573705" lon="-2.9285570">
  <tag k="addr:city" v="Bilbao"/>
  <tag k="addr:housenumber" v="5"/>
  <tag k="addr:postcode" v="48003"/>
  <tag k="addr:street" v="Maiatzaren biko kalea"/>
  <tag k="addr:suburb" v="San Francisco"/>
  <tag k="source" v="Bilbao Open Data"/>
  <tag k="source:url" v="http://www.bilbao.eus/opendata"/>
 </node>
 <node id="5056088475" visible="true" version="5" changeset="181755746" timestamp="2026-04-24T09:41:54Z" user="catastro_burgos" uid="617012" lat="43.2577632" lon="-2.9282446">
  <tag k="addr:city" v="Bilbao"/>
  <tag k="addr:housenumber" v="6"/>
  <tag k="addr:postcode" v="48003"/>
  <tag k="addr:street" v="Maiatzaren biko kalea"/>
  <tag k="addr:suburb" v="San Francisco"/>
  <tag k="source" v="Bilbao Open Data"/>
  <tag k="source:url" v="http://www.bilbao.eus/opendata"/>
 </node>
 <node id="5056088476" visible="true" version="5" changeset="181755746" timestamp="2026-04-24T09:41:54Z" user="catastro_burgos" uid="617012" lat="43.2575833" lon="-2.9282716">
  <tag k="addr:city" v="Bilbao"/>
  <tag k="addr:housenumber" v="3"/>
  <tag k="addr:postcode" v="48003"/>
  <tag k="addr:street" v="Maiatzaren biko kalea"/>
  <tag k="addr:suburb" v="San Francisco"/>
  <tag k="source" v="Bilbao Open Data"/>
  <tag k="source:url" v="http://www.bilbao.eus/opendata"/>
 </node>
 <node id="5056088477" visible="true" version="5" changeset="181755746" timestamp="2026-04-24T09:41:54Z" user="catastro_burgos" uid="617012" lat="43.2578633" lon="-2.9281083">
  <tag k="addr:city" v="Bilbao"/>
  <tag k="addr:housenumber" v="4"/>
  <tag k="addr:postcode" v="48003"/>
  <tag k="addr:street" v="Maiatzaren biko kalea"/>
  <tag k="addr:suburb" v="San Francisco"/>
  <tag k="source" v="Bilbao Open Data"/>
  <tag k="source:url" v="http://www.bilbao.eus/opendata"/>
 </node>
 <node id="5056088478" visible="true" version="5" changeset="181755746" timestamp="2026-04-24T09:41:54Z" user="catastro_burgos" uid="617012" lat="43.2577189" lon="-2.9280887">
  <tag k="addr:city" v="Bilbao"/>
  <tag k="addr:housenumber" v="1"/>
  <tag k="addr:postcode" v="48003"/>
  <tag k="addr:street" v="Maiatzaren biko kalea"/>
  <tag k="addr:suburb" v="San Francisco"/>
  <tag k="source" v="Bilbao Open Data"/>
  <tag k="source:url" v="http://www.bilbao.eus/opendata"/>
 </node>
 <node id="5056088479" visible="true" version="5" changeset="181755746" timestamp="2026-04-24T09:41:54Z" user="catastro_burgos" uid="617012" lat="43.2579635" lon="-2.9279870">
  <tag k="addr:city" v="Bilbao"/>
  <tag k="addr:housenumber" v="2"/>
  <tag k="addr:postcode" v="48003"/>
  <tag k="addr:street" v="Maiatzaren biko kalea"/>
  <tag k="addr:suburb" v="San Francisco"/>
  <tag k="source" v="Bilbao Open Data"/>
  <tag k="source:url" v="http://www.bilbao.eus/opendata"/>
 </node>
 <node id="5056088750" visible="true" version="5" changeset="181755746" timestamp="2026-04-24T09:41:54Z" user="catastro_burgos" uid="617012" lat="43.2571288" lon="-2.9296329">
  <tag k="addr:city" v="Bilbao"/>
  <tag k="addr:housenumber" v="31"/>
  <tag k="addr:postcode" v="48003"/>
  <tag k="addr:street" v="Bailen kalea"/>
  <tag k="addr:suburb" v="San Francisco"/>
  <tag k="source" v="Bilbao Open Data"/>
  <tag k="source:url" v="http://www.bilbao.eus/opendata"/>
 </node>
 <node id="5056088752" visible="true" version="5" changeset="181755746" timestamp="2026-04-24T09:41:54Z" user="catastro_burgos" uid="617012" lat="43.2570433" lon="-2.9297407">
  <tag k="addr:city" v="Bilbao"/>
  <tag k="addr:housenumber" v="33"/>
  <tag k="addr:postcode" v="48003"/>
  <tag k="addr:street" v="Bailen kalea"/>
  <tag k="addr:suburb" v="San Francisco"/>
  <tag k="source" v="Bilbao Open Data"/>
  <tag k="source:url" v="http://www.bilbao.eus/opendata"/>
 </node>
 <node id="5056088753" visible="true" version="5" changeset="181755746" timestamp="2026-04-24T09:41:54Z" user="catastro_burgos" uid="617012" lat="43.2573696" lon="-2.9293169">
  <tag k="addr:city" v="Bilbao"/>
  <tag k="addr:housenumber" v="27"/>
  <tag k="addr:postcode" v="48003"/>
  <tag k="addr:street" v="Bailen kalea"/>
  <tag k="addr:suburb" v="San Francisco"/>
  <tag k="source" v="Bilbao Open Data"/>
  <tag k="source:url" v="http://www.bilbao.eus/opendata"/>
 </node>
 <node id="5056088754" visible="true" version="5" changeset="181755746" timestamp="2026-04-24T09:41:54Z" user="catastro_burgos" uid="617012" lat="43.2572230" lon="-2.9295076">
  <tag k="addr:city" v="Bilbao"/>
  <tag k="addr:housenumber" v="29"/>
  <tag k="addr:postcode" v="48003"/>
  <tag k="addr:street" v="Bailen kalea"/>
  <tag k="addr:suburb" v="San Francisco"/>
  <tag k="source" v="Bilbao Open Data"/>
  <tag k="source:url" v="http://www.bilbao.eus/opendata"/>
 </node>
 <node id="5056088757" visible="true" version="5" changeset="181755746" timestamp="2026-04-24T09:41:54Z" user="catastro_burgos" uid="617012" lat="43.2574481" lon="-2.9292073">
  <tag k="addr:city" v="Bilbao"/>
  <tag k="addr:housenumber" v="25"/>
  <tag k="addr:postcode" v="48003"/>
  <tag k="addr:street" v="Bailen kalea"/>
  <tag k="addr:suburb" v="San Francisco"/>
  <tag k="source" v="Bilbao Open Data"/>
  <tag k="source:url" v="http://www.bilbao.eus/opendata"/>
 </node>
 <node id="5056088758" visible="true" version="5" changeset="181755746" timestamp="2026-04-24T09:41:54Z" user="catastro_burgos" uid="617012" lat="43.2575916" lon="-2.9290113">
  <tag k="addr:city" v="Bilbao"/>
  <tag k="addr:housenumber" v="21"/>
  <tag k="addr:postcode" v="48003"/>
  <tag k="addr:street" v="Bailen kalea"/>
  <tag k="addr:suburb" v="San Francisco"/>
  <tag k="source" v="Bilbao Open Data"/>
  <tag k="source:url" v="http://www.bilbao.eus/opendata"/>
 </node>
 <node id="5056088759" visible="true" version="5" changeset="181755746" timestamp="2026-04-24T09:41:54Z" user="catastro_burgos" uid="617012" lat="43.2575207" lon="-2.9291099">
  <tag k="addr:city" v="Bilbao"/>
  <tag k="addr:housenumber" v="23"/>
  <tag k="addr:postcode" v="48003"/>
  <tag k="addr:street" v="Bailen kalea"/>
  <tag k="addr:suburb" v="San Francisco"/>
  <tag k="source" v="Bilbao Open Data"/>
  <tag k="source:url" v="http://www.bilbao.eus/opendata"/>
 </node>
 <node id="5056088760" visible="true" version="5" changeset="181755746" timestamp="2026-04-24T09:41:54Z" user="catastro_burgos" uid="617012" lat="43.2578536" lon="-2.9286826">
  <tag k="addr:city" v="Bilbao"/>
  <tag k="addr:housenumber" v="17"/>
  <tag k="addr:postcode" v="48003"/>
  <tag k="addr:street" v="Bailen kalea"/>
  <tag k="addr:suburb" v="San Francisco"/>
  <tag k="source" v="Bilbao Open Data"/>
  <tag k="source:url" v="http://www.bilbao.eus/opendata"/>
 </node>
 <node id="5056088761" visible="true" version="5" changeset="181755746" timestamp="2026-04-24T09:41:54Z" user="catastro_burgos" uid="617012" lat="43.2576748" lon="-2.9289037">
  <tag k="addr:city" v="Bilbao"/>
  <tag k="addr:housenumber" v="19"/>
  <tag k="addr:postcode" v="48003"/>
  <tag k="addr:street" v="Bailen kalea"/>
  <tag k="addr:suburb" v="San Francisco"/>
  <tag k="source" v="Bilbao Open Data"/>
  <tag k="source:url" v="http://www.bilbao.eus/opendata"/>
 </node>
 <node id="5056088762" visible="true" version="5" changeset="181755746" timestamp="2026-04-24T09:41:54Z" user="catastro_burgos" uid="617012" lat="43.2581526" lon="-2.9282869">
  <tag k="addr:city" v="Bilbao"/>
  <tag k="addr:housenumber" v="13Y"/>
  <tag k="addr:postcode" v="48003"/>
  <tag k="addr:street" v="Bailen kalea"/>
  <tag k="addr:suburb" v="San Francisco"/>
  <tag k="source" v="Bilbao Open Data"/>
  <tag k="source:url" v="http://www.bilbao.eus/opendata"/>
 </node>
 <node id="5056088763" visible="true" version="5" changeset="181755746" timestamp="2026-04-24T09:41:54Z" user="catastro_burgos" uid="617012" lat="43.2579463" lon="-2.9285570">
  <tag k="addr:city" v="Bilbao"/>
  <tag k="addr:housenumber" v="15"/>
  <tag k="addr:postcode" v="48003"/>
  <tag k="addr:street" v="Bailen kalea"/>
  <tag k="addr:suburb" v="San Francisco"/>
  <tag k="source" v="Bilbao Open Data"/>
  <tag k="source:url" v="http://www.bilbao.eus/opendata"/>
 </node>
 <node id="5056088764" visible="true" version="5" changeset="181755746" timestamp="2026-04-24T09:41:54Z" user="catastro_burgos" uid="617012" lat="43.2582263" lon="-2.9281806">
  <tag k="addr:city" v="Bilbao"/>
  <tag k="addr:housenumber" v="11Y"/>
  <tag k="addr:postcode" v="48003"/>
  <tag k="addr:street" v="Bailen kalea"/>
  <tag k="addr:suburb" v="San Francisco"/>
  <tag k="source" v="Bilbao Open Data"/>
  <tag k="source:url" v="http://www.bilbao.eus/opendata"/>
 </node>
 <node id="5056088765" visible="true" version="5" changeset="181755746" timestamp="2026-04-24T09:41:54Z" user="catastro_burgos" uid="617012" lat="43.2580653" lon="-2.9284020">
  <tag k="addr:city" v="Bilbao"/>
  <tag k="addr:housenumber" v="13"/>
  <tag k="addr:postcode" v="48003"/>
  <tag k="addr:street" v="Bailen kalea"/>
  <tag k="addr:suburb" v="San Francisco"/>
  <tag k="source" v="Bilbao Open Data"/>
  <tag k="source:url" v="http://www.bilbao.eus/opendata"/>
 </node>
 <node id="5056088766" visible="true" version="5" changeset="181755746" timestamp="2026-04-24T09:41:54Z" user="catastro_burgos" uid="617012" lat="43.2583665" lon="-2.9279864">
  <tag k="addr:city" v="Bilbao"/>
  <tag k="addr:housenumber" v="9Y"/>
  <tag k="addr:postcode" v="48003"/>
  <tag k="addr:street" v="Bailen kalea"/>
  <tag k="addr:suburb" v="San Francisco"/>
  <tag k="source" v="Bilbao Open Data"/>
  <tag k="source:url" v="http://www.bilbao.eus/opendata"/>
 </node>
 <node id="5056088767" visible="true" version="5" changeset="181755746" timestamp="2026-04-24T09:41:54Z" user="catastro_burgos" uid="617012" lat="43.2582969" lon="-2.9280791">
  <tag k="addr:city" v="Bilbao"/>
  <tag k="addr:housenumber" v="11"/>
  <tag k="addr:postcode" v="48003"/>
  <tag k="addr:street" v="Bailen kalea"/>
  <tag k="addr:suburb" v="San Francisco"/>
  <tag k="source" v="Bilbao Open Data"/>
  <tag k="source:url" v="http://www.bilbao.eus/opendata"/>
 </node>
 <node id="5056090691" visible="true" version="5" changeset="181755746" timestamp="2026-04-24T09:41:55Z" user="catastro_burgos" uid="617012" lat="43.2578027" lon="-2.9292816">
  <tag k="addr:city" v="Bilbao"/>
  <tag k="addr:housenumber" v="22Y"/>
  <tag k="addr:postcode" v="48003"/>
  <tag k="addr:street" v="Bailen kalea"/>
  <tag k="addr:suburb" v="Abando"/>
  <tag k="source" v="Bilbao Open Data"/>
  <tag k="source:url" v="http://www.bilbao.eus/opendata"/>
 </node>
 <node id="5056092778" visible="true" version="3" changeset="181755746" timestamp="2026-04-24T09:41:55Z" user="catastro_burgos" uid="617012" lat="43.2574407" lon="-2.9297002">
  <tag k="addr:city" v="Bilbao"/>
  <tag k="addr:housenumber" v="2"/>
  <tag k="addr:postcode" v="48003"/>
  <tag k="addr:street" v="Particular del Norte kalea"/>
  <tag k="addr:suburb" v="Abando"/>
  <tag k="source" v="Bilbao Open Data"/>
  <tag k="source:url" v="http://www.bilbao.eus/opendata"/>
 </node>
 <node id="5155630589" visible="true" version="2" changeset="52737250" timestamp="2017-10-08T17:36:50Z" user="Santi2222" uid="493192" lat="43.2595532" lon="-2.9294483"/>
 <node id="5155630592" visible="true" version="2" changeset="52737250" timestamp="2017-10-08T17:36:50Z" user="Santi2222" uid="493192" lat="43.2595942" lon="-2.9294932"/>
 <node id="5155630598" visible="true" version="1" changeset="52736939" timestamp="2017-10-08T17:25:17Z" user="Santi2222" uid="493192" lat="43.2593222" lon="-2.9302530"/>
 <node id="5155630601" visible="true" version="1" changeset="52736939" timestamp="2017-10-08T17:25:17Z" user="Santi2222" uid="493192" lat="43.2589002" lon="-2.9308947"/>
 <node id="5155630606" visible="true" version="2" changeset="52737250" timestamp="2017-10-08T17:36:50Z" user="Santi2222" uid="493192" lat="43.2596518" lon="-2.9295562"/>
 <node id="5155648131" visible="true" version="2" changeset="52737250" timestamp="2017-10-08T17:36:50Z" user="Santi2222" uid="493192" lat="43.2594570" lon="-2.9293431"/>
 <node id="5155648132" visible="true" version="2" changeset="52737250" timestamp="2017-10-08T17:36:50Z" user="Santi2222" uid="493192" lat="43.2594999" lon="-2.9293900"/>
 <node id="5155655970" visible="true" version="2" changeset="52740729" timestamp="2017-10-08T19:57:19Z" user="Santi2222" uid="493192" lat="43.2593552" lon="-2.9292318"/>
 <node id="5155655972" visible="true" version="1" changeset="52737250" timestamp="2017-10-08T17:36:48Z" user="Santi2222" uid="493192" lat="43.2594026" lon="-2.9292836"/>
 <node id="5155885336" visible="true" version="2" changeset="168114533" timestamp="2025-06-25T22:23:09Z" user="pfhllnts" uid="14153197" lat="43.2581574" lon="-2.9308357"/>
 <node id="5155885340" visible="true" version="2" changeset="168114533" timestamp="2025-06-25T22:23:09Z" user="pfhllnts" uid="14153197" lat="43.2588503" lon="-2.9299390"/>
 <node id="5155885341" visible="true" version="2" changeset="168114533" timestamp="2025-06-25T22:23:09Z" user="pfhllnts" uid="14153197" lat="43.2584712" lon="-2.9304197"/>
 <node id="5155885343" visible="true" version="2" changeset="168114533" timestamp="2025-06-25T22:23:09Z" user="pfhllnts" uid="14153197" lat="43.2584015" lon="-2.9305045"/>
 <node id="5155885344" visible="true" version="2" changeset="168114533" timestamp="2025-06-25T22:23:09Z" user="pfhllnts" uid="14153197" lat="43.2583075" lon="-2.9306081"/>
 <node id="5155885345" visible="true" version="2" changeset="168114533" timestamp="2025-06-25T22:23:09Z" user="pfhllnts" uid="14153197" lat="43.2579631" lon="-2.9309652"/>
 <node id="5155885346" visible="true" version="2" changeset="168114533" timestamp="2025-06-25T22:23:09Z" user="pfhllnts" uid="14153197" lat="43.2577853" lon="-2.9311486"/>
 <node id="5155885347" visible="true" version="2" changeset="168114533" timestamp="2025-06-25T22:23:09Z" user="pfhllnts" uid="14153197" lat="43.2577184" lon="-2.9312189"/>
 <node id="5155885348" visible="true" version="2" changeset="168114533" timestamp="2025-06-25T22:23:09Z" user="pfhllnts" uid="14153197" lat="43.2577281" lon="-2.9312384"/>
 <node id="5287445679" visible="true" version="1" changeset="54678514" timestamp="2017-12-16T12:36:58Z" user="Santi2222" uid="493192" lat="43.2589735" lon="-2.9308469"/>
 <node id="5287445680" visible="true" version="1" changeset="54678514" timestamp="2017-12-16T12:36:58Z" user="Santi2222" uid="493192" lat="43.2581232" lon="-2.9313435"/>
 <node id="5287445681" visible="true" version="1" changeset="54678514" timestamp="2017-12-16T12:36:58Z" user="Santi2222" uid="493192" lat="43.2575940" lon="-2.9317809"/>
 <node id="5287445682" visible="true" version="1" changeset="54678514" timestamp="2017-12-16T12:36:58Z" user="Santi2222" uid="493192" lat="43.2572603" lon="-2.9320379"/>
 <node id="5287445683" visible="true" version="1" changeset="54678514" timestamp="2017-12-16T12:36:58Z" user="Santi2222" uid="493192" lat="43.2571251" lon="-2.9321276"/>
 <node id="5287445684" visible="true" version="1" changeset="54678514" timestamp="2017-12-16T12:36:58Z" user="Santi2222" uid="493192" lat="43.2571010" lon="-2.9316310"/>
 <node id="5451388321" visible="true" version="1" changeset="56850442" timestamp="2018-03-03T15:52:11Z" user="Santi2222" uid="493192" lat="43.2593775" lon="-2.9272523"/>
 <node id="5451388322" visible="true" version="1" changeset="56850442" timestamp="2018-03-03T15:52:11Z" user="Santi2222" uid="493192" lat="43.2593170" lon="-2.9271572"/>
 <node id="5451388323" visible="true" version="1" changeset="56850442" timestamp="2018-03-03T15:52:11Z" user="Santi2222" uid="493192" lat="43.2592993" lon="-2.9271293"/>
 <node id="5454274907" visible="true" version="1" changeset="56872623" timestamp="2018-03-04T15:07:09Z" user="Santi2222" uid="493192" lat="43.2543127" lon="-2.9407392"/>
 <node id="5454274908" visible="true" version="1" changeset="56872623" timestamp="2018-03-04T15:07:09Z" user="Santi2222" uid="493192" lat="43.2542892" lon="-2.9409544"/>
 <node id="5454274909" visible="true" version="1" changeset="56872623" timestamp="2018-03-04T15:07:09Z" user="Santi2222" uid="493192" lat="43.2542769" lon="-2.9411444"/>
 <node id="5454274910" visible="true" version="1" changeset="56872623" timestamp="2018-03-04T15:07:09Z" user="Santi2222" uid="493192" lat="43.2542724" lon="-2.9413069"/>
 <node id="5454274911" visible="true" version="1" changeset="56872623" timestamp="2018-03-04T15:07:09Z" user="Santi2222" uid="493192" lat="43.2542746" lon="-2.9415187"/>
 <node id="5454274912" visible="true" version="1" changeset="56872623" timestamp="2018-03-04T15:07:09Z" user="Santi2222" uid="493192" lat="43.2542810" lon="-2.9416923"/>
 <node id="5454274913" visible="true" version="1" changeset="56872623" timestamp="2018-03-04T15:07:09Z" user="Santi2222" uid="493192" lat="43.2542904" lon="-2.9418148"/>
 <node id="5454274917" visible="true" version="2" changeset="64872283" timestamp="2018-11-25T17:19:56Z" user="Santi2222" uid="493192" lat="43.2543429" lon="-2.9407510"/>
 <node id="5454274918" visible="true" version="1" changeset="56872623" timestamp="2018-03-04T15:07:09Z" user="Santi2222" uid="493192" lat="43.2543204" lon="-2.9409595"/>
 <node id="5454274919" visible="true" version="1" changeset="56872623" timestamp="2018-03-04T15:07:09Z" user="Santi2222" uid="493192" lat="43.2543083" lon="-2.9411471"/>
 <node id="5454274920" visible="true" version="1" changeset="56872623" timestamp="2018-03-04T15:07:09Z" user="Santi2222" uid="493192" lat="43.2543038" lon="-2.9413074"/>
 <node id="5454279021" visible="true" version="1" changeset="56872623" timestamp="2018-03-04T15:07:09Z" user="Santi2222" uid="493192" lat="43.2543060" lon="-2.9415173"/>
 <node id="5454279022" visible="true" version="1" changeset="56872623" timestamp="2018-03-04T15:07:09Z" user="Santi2222" uid="493192" lat="43.2543124" lon="-2.9416889"/>
 <node id="5454279023" visible="true" version="1" changeset="56872623" timestamp="2018-03-04T15:07:09Z" user="Santi2222" uid="493192" lat="43.2543216" lon="-2.9418093"/>
 <node id="5708340443" visible="true" version="1" changeset="60040098" timestamp="2018-06-21T11:06:26Z" user="Eugenip22" uid="3078123" lat="43.2672825" lon="-2.9461565"/>
 <node id="5895087950" visible="true" version="2" changeset="62463986" timestamp="2018-09-10T18:42:39Z" user="Santi2222" uid="493192" lat="43.2572877" lon="-2.9317269"/>
 <node id="5895087951" visible="true" version="1" changeset="62435405" timestamp="2018-09-09T21:36:08Z" user="Santi2222" uid="493192" lat="43.2573463" lon="-2.9295623"/>
 <node id="5895087952" visible="true" version="1" changeset="62435405" timestamp="2018-09-09T21:36:08Z" user="Santi2222" uid="493192" lat="43.2596474" lon="-2.9264939"/>
 <node id="5895087953" visible="true" version="1" changeset="62435405" timestamp="2018-09-09T21:36:08Z" user="Santi2222" uid="493192" lat="43.2604795" lon="-2.9256570"/>
 <node id="5895087954" visible="true" version="1" changeset="62435405" timestamp="2018-09-09T21:36:08Z" user="Santi2222" uid="493192" lat="43.2602178" lon="-2.9251045"/>
 <node id="5896999341" visible="true" version="1" changeset="62463986" timestamp="2018-09-10T18:42:34Z" user="Santi2222" uid="493192" lat="43.2570435" lon="-2.9319468"/>
 <node id="6090466861" visible="true" version="2" changeset="96091010" timestamp="2020-12-18T21:23:51Z" user="Santi2222" uid="493192" lat="43.2546772" lon="-2.9392206"/>
 <node id="6090466862" visible="true" version="2" changeset="96091010" timestamp="2020-12-18T21:23:51Z" user="Santi2222" uid="493192" lat="43.2547074" lon="-2.9392313"/>
 <node id="6090466869" visible="true" version="3" changeset="122877397" timestamp="2022-06-26T18:23:12Z" user="Santi2222" uid="493192" lat="43.2549656" lon="-2.9371368"/>
 <node id="6090466872" visible="true" version="2" changeset="96091010" timestamp="2020-12-18T21:23:51Z" user="Santi2222" uid="493192" lat="43.2548076" lon="-2.9386718"/>
 <node id="6090466873" visible="true" version="2" changeset="96091010" timestamp="2020-12-18T21:23:51Z" user="Santi2222" uid="493192" lat="43.2547579" lon="-2.9390066"/>
 <node id="6090466874" visible="true" version="1" changeset="64872283" timestamp="2018-11-25T17:19:48Z" user="Santi2222" uid="493192" lat="43.2543956" lon="-2.9404979"/>
 <node id="6090466881" visible="true" version="3" changeset="122877397" timestamp="2022-06-26T18:23:12Z" user="Santi2222" uid="493192" lat="43.2549349" lon="-2.9371275"/>
 <node id="6090466884" visible="true" version="2" changeset="96091010" timestamp="2020-12-18T21:23:51Z" user="Santi2222" uid="493192" lat="43.2547766" lon="-2.9386642"/>
 <node id="6090466885" visible="true" version="2" changeset="96091010" timestamp="2020-12-18T21:23:51Z" user="Santi2222" uid="493192" lat="43.2547275" lon="-2.9389953"/>
 <node id="6090466886" visible="true" version="1" changeset="64872283" timestamp="2018-11-25T17:19:48Z" user="Santi2222" uid="493192" lat="43.2543658" lon="-2.9404840"/>
 <node id="6090466887" visible="true" version="1" changeset="64872283" timestamp="2018-11-25T17:19:48Z" user="Santi2222" uid="493192" lat="43.2564926" lon="-2.9332485"/>
 <node id="6090466888" visible="true" version="1" changeset="64872283" timestamp="2018-11-25T17:19:48Z" user="Santi2222" uid="493192" lat="43.2563361" lon="-2.9336044"/>
 <node id="6090466889" visible="true" version="1" changeset="64872283" timestamp="2018-11-25T17:19:48Z" user="Santi2222" uid="493192" lat="43.2562521" lon="-2.9337514"/>
 <node id="6792598086" visible="true" version="1" changeset="74431038" timestamp="2019-09-13T10:55:46Z" user="javi72" uid="422892" lat="43.2570929" lon="-2.9278758">
  <tag k="amenity" v="motorcycle_parking"/>
 </node>
 <node id="7193872750" visible="true" version="1" changeset="80704977" timestamp="2020-02-07T18:41:15Z" user="irzar" uid="6600061" lat="43.2658356" lon="-2.9448407"/>
 <node id="8399113111" visible="true" version="1" changeset="98807703" timestamp="2021-02-06T10:49:32Z" user="irzar" uid="6600061" lat="43.2652423" lon="-2.9446556"/>
 <node id="8399176118" visible="true" version="2" changeset="184483431" timestamp="2026-06-23T16:03:54Z" user="tx94" uid="11156042" lat="43.2654935" lon="-2.9447695"/>
 <node id="8956504079" visible="true" version="1" changeset="108740135" timestamp="2021-07-28T08:57:57Z" user="Meersbrook" uid="412560" lat="43.2596291" lon="-2.9261719"/>
 <node id="8956504104" visible="true" version="1" changeset="108740135" timestamp="2021-07-28T08:57:57Z" user="Meersbrook" uid="412560" lat="43.2597099" lon="-2.9264381">
  <tag k="crossing" v="uncontrolled"/>
  <tag k="highway" v="crossing"/>
  <tag k="supervised" v="no"/>
  <tag k="tactile_paving" v="yes"/>
 </node>
 <node id="8956504107" visible="true" version="1" changeset="108740135" timestamp="2021-07-28T08:57:57Z" user="Meersbrook" uid="412560" lat="43.2597563" lon="-2.9263876"/>
 <node id="9834740137" visible="true" version="2" changeset="173727951" timestamp="2025-10-24T17:08:24Z" user="tx94" uid="11156042" lat="43.2572786" lon="-2.9336758"/>
 <node id="9834740138" visible="true" version="2" changeset="173727951" timestamp="2025-10-24T17:08:24Z" user="tx94" uid="11156042" lat="43.2572892" lon="-2.9336799"/>
 <node id="9834740139" visible="true" version="2" changeset="173727951" timestamp="2025-10-24T17:08:24Z" user="tx94" uid="11156042" lat="43.2573834" lon="-2.9337197"/>
 <node id="9848618920" visible="true" version="1" changeset="122877397" timestamp="2022-06-26T18:23:12Z" user="Santi2222" uid="493192" lat="43.2557499" lon="-2.9347095"/>
 <node id="9848618921" visible="true" version="1" changeset="122877397" timestamp="2022-06-26T18:23:12Z" user="Santi2222" uid="493192" lat="43.2556418" lon="-2.9349223"/>
 <node id="9848618922" visible="true" version="1" changeset="122877397" timestamp="2022-06-26T18:23:12Z" user="Santi2222" uid="493192" lat="43.2555573" lon="-2.9351062"/>
 <node id="9848618923" visible="true" version="1" changeset="122877397" timestamp="2022-06-26T18:23:12Z" user="Santi2222" uid="493192" lat="43.2554573" lon="-2.9353326"/>
 <node id="9848618924" visible="true" version="1" changeset="122877397" timestamp="2022-06-26T18:23:12Z" user="Santi2222" uid="493192" lat="43.2553661" lon="-2.9355648"/>
 <node id="9848618925" visible="true" version="1" changeset="122877397" timestamp="2022-06-26T18:23:12Z" user="Santi2222" uid="493192" lat="43.2552567" lon="-2.9358799"/>
 <node id="9848618926" visible="true" version="1" changeset="122877397" timestamp="2022-06-26T18:23:12Z" user="Santi2222" uid="493192" lat="43.2551804" lon="-2.9361368"/>
 <node id="9848618927" visible="true" version="1" changeset="122877397" timestamp="2022-06-26T18:23:12Z" user="Santi2222" uid="493192" lat="43.2551097" lon="-2.9364110"/>
 <node id="9848618928" visible="true" version="1" changeset="122877397" timestamp="2022-06-26T18:23:12Z" user="Santi2222" uid="493192" lat="43.2550560" lon="-2.9366412"/>
 <node id="9848618929" visible="true" version="1" changeset="122877397" timestamp="2022-06-26T18:23:12Z" user="Santi2222" uid="493192" lat="43.2550039" lon="-2.9368987"/>
 <node id="9848618930" visible="true" version="1" changeset="122877397" timestamp="2022-06-26T18:23:12Z" user="Santi2222" uid="493192" lat="43.2557242" lon="-2.9346847"/>
 <node id="9848618931" visible="true" version="1" changeset="122877397" timestamp="2022-06-26T18:23:12Z" user="Santi2222" uid="493192" lat="43.2556156" lon="-2.9348984"/>
 <node id="9848618932" visible="true" version="1" changeset="122877397" timestamp="2022-06-26T18:23:12Z" user="Santi2222" uid="493192" lat="43.2555306" lon="-2.9350835"/>
 <node id="9848618933" visible="true" version="1" changeset="122877397" timestamp="2022-06-26T18:23:12Z" user="Santi2222" uid="493192" lat="43.2554300" lon="-2.9353111"/>
 <node id="9848618934" visible="true" version="1" changeset="122877397" timestamp="2022-06-26T18:23:12Z" user="Santi2222" uid="493192" lat="43.2553381" lon="-2.9355452"/>
 <node id="9848618935" visible="true" version="1" changeset="122877397" timestamp="2022-06-26T18:23:12Z" user="Santi2222" uid="493192" lat="43.2552279" lon="-2.9358624"/>
 <node id="9848618936" visible="true" version="1" changeset="122877397" timestamp="2022-06-26T18:23:12Z" user="Santi2222" uid="493192" lat="43.2551510" lon="-2.9361215"/>
 <node id="9848618937" visible="true" version="1" changeset="122877397" timestamp="2022-06-26T18:23:12Z" user="Santi2222" uid="493192" lat="43.2550798" lon="-2.9363975"/>
 <node id="9848618938" visible="true" version="1" changeset="122877397" timestamp="2022-06-26T18:23:12Z" user="Santi2222" uid="493192" lat="43.2550258" lon="-2.9366289"/>
 <node id="9848618939" visible="true" version="1" changeset="122877397" timestamp="2022-06-26T18:23:12Z" user="Santi2222" uid="493192" lat="43.2549734" lon="-2.9368881"/>
 <node id="9869033007" visible="true" version="1" changeset="123250753" timestamp="2022-07-05T20:42:03Z" user="MikelEH" uid="173870" lat="43.2639591" lon="-2.9249459"/>
 <node id="10147696409" visible="true" version="1" changeset="128355154" timestamp="2022-11-01T16:44:27Z" user="Klaus88" uid="704335" lat="43.2578931" lon="-2.9288768"/>
 <node id="11110419605" visible="true" version="4" changeset="181755754" timestamp="2026-04-24T09:42:03Z" user="catastro_burgos" uid="617012" lat="43.2570537" lon="-2.9291959">
  <tag k="addr:city" v="Bilbao"/>
  <tag k="addr:housenumber" v="5"/>
  <tag k="addr:street" v="Castillo jeneralaren kalea"/>
  <tag k="amenity" v="bar"/>
  <tag k="brewery" v="yes"/>
  <tag k="facebook" v="https://www.facebook.com/people/Alpamayobilbao/100054243770247/"/>
  <tag k="name" v="Alpamayo"/>
 </node>
 <node id="11199518400" visible="true" version="4" changeset="184970687" timestamp="2026-07-02T11:39:46Z" user="tx94" uid="11156042" lat="43.2584951" lon="-2.9278528">
  <tag k="crossing" v="uncontrolled"/>
  <tag k="crossing:island" v="no"/>
  <tag k="crossing:markings" v="zebra"/>
  <tag k="highway" v="crossing"/>
 </node>
 <node id="11298433509" visible="true" version="1" changeset="143325249" timestamp="2023-10-29T18:17:18Z" user="Txitxarra" uid="14986792" lat="43.2573099" lon="-2.9295744"/>
 <node id="11298433510" visible="true" version="1" changeset="143325249" timestamp="2023-10-29T18:17:18Z" user="Txitxarra" uid="14986792" lat="43.2574515" lon="-2.9293858"/>
 <node id="11298433511" visible="true" version="2" changeset="168706828" timestamp="2025-07-09T17:19:20Z" user="Johnbo" uid="915796" lat="43.2573481" lon="-2.9295308">
  <tag k="crossing" v="uncontrolled"/>
  <tag k="highway" v="crossing"/>
 </node>
 <node id="11298433512" visible="true" version="2" changeset="168706828" timestamp="2025-07-09T17:19:20Z" user="Johnbo" uid="915796" lat="43.2573850" lon="-2.9294780">
  <tag k="crossing" v="uncontrolled"/>
  <tag k="highway" v="crossing"/>
 </node>
 <node id="11298433513" visible="true" version="3" changeset="184970687" timestamp="2026-07-02T11:39:46Z" user="tx94" uid="11156042" lat="43.2577618" lon="-2.9288386">
  <tag k="crossing" v="uncontrolled"/>
  <tag k="crossing:island" v="no"/>
  <tag k="crossing:markings" v="zebra"/>
  <tag k="highway" v="crossing"/>
 </node>
 <node id="11298433514" visible="true" version="2" changeset="184970687" timestamp="2026-07-02T11:39:46Z" user="tx94" uid="11156042" lat="43.2580842" lon="-2.9277133">
  <tag k="crossing" v="uncontrolled"/>
  <tag k="crossing:markings" v="yes"/>
  <tag k="highway" v="crossing"/>
 </node>
 <node id="11306286099" visible="true" version="2" changeset="184970687" timestamp="2026-07-02T11:39:46Z" user="tx94" uid="11156042" lat="43.2595762" lon="-2.9262407"/>
 <node id="11666093341" visible="true" version="1" changeset="147946275" timestamp="2024-02-26T19:35:29Z" user="Theklan" uid="72249" lat="43.2570631" lon="-2.9294256"/>
 <node id="11666093342" visible="true" version="1" changeset="147946275" timestamp="2024-02-26T19:35:29Z" user="Theklan" uid="72249" lat="43.2571794" lon="-2.9295879"/>
 <node id="11666093343" visible="true" version="1" changeset="147946275" timestamp="2024-02-26T19:35:29Z" user="Theklan" uid="72249" lat="43.2572583" lon="-2.9294816"/>
 <node id="11666093344" visible="true" version="1" changeset="147946275" timestamp="2024-02-26T19:35:29Z" user="Theklan" uid="72249" lat="43.2572617" lon="-2.9294492"/>
 <node id="11666093345" visible="true" version="1" changeset="147946275" timestamp="2024-02-26T19:35:29Z" user="Theklan" uid="72249" lat="43.2571547" lon="-2.9292945"/>
 <node id="11666093346" visible="true" version="1" changeset="147946275" timestamp="2024-02-26T19:35:29Z" user="Theklan" uid="72249" lat="43.2569757" lon="-2.9295525"/>
 <node id="11666093347" visible="true" version="1" changeset="147946275" timestamp="2024-02-26T19:35:29Z" user="Theklan" uid="72249" lat="43.2570894" lon="-2.9297061"/>
 <node id="11666093348" visible="true" version="1" changeset="147946275" timestamp="2024-02-26T19:35:29Z" user="Theklan" uid="72249" lat="43.2569965" lon="-2.9298293"/>
 <node id="11666093349" visible="true" version="1" changeset="147946275" timestamp="2024-02-26T19:35:29Z" user="Theklan" uid="72249" lat="43.2568875" lon="-2.9296686"/>
 <node id="11666095673" visible="true" version="1" changeset="147946275" timestamp="2024-02-26T19:35:29Z" user="Theklan" uid="72249" lat="43.2567770" lon="-2.9294929"/>
 <node id="11666095674" visible="true" version="1" changeset="147946275" timestamp="2024-02-26T19:35:29Z" user="Theklan" uid="72249" lat="43.2568782" lon="-2.9296302"/>
 <node id="11666095675" visible="true" version="1" changeset="147946275" timestamp="2024-02-26T19:35:29Z" user="Theklan" uid="72249" lat="43.2568601" lon="-2.9293796"/>
 <node id="11666095676" visible="true" version="1" changeset="147946275" timestamp="2024-02-26T19:35:29Z" user="Theklan" uid="72249" lat="43.2569596" lon="-2.9295268"/>
 <node id="11666095677" visible="true" version="1" changeset="147946275" timestamp="2024-02-26T19:35:29Z" user="Theklan" uid="72249" lat="43.2569538" lon="-2.9292549"/>
 <node id="11666095678" visible="true" version="1" changeset="147946275" timestamp="2024-02-26T19:35:29Z" user="Theklan" uid="72249" lat="43.2570574" lon="-2.9293927"/>
 <node id="11666095679" visible="true" version="1" changeset="147946275" timestamp="2024-02-26T19:35:29Z" user="Theklan" uid="72249" lat="43.2571164" lon="-2.9293091"/>
 <node id="11666095680" visible="true" version="1" changeset="147946275" timestamp="2024-02-26T19:35:29Z" user="Theklan" uid="72249" lat="43.2571309" lon="-2.9293283"/>
 <node id="11666095681" visible="true" version="1" changeset="147946275" timestamp="2024-02-26T19:35:29Z" user="Theklan" uid="72249" lat="43.2570367" lon="-2.9291374"/>
 <node id="11668913292" visible="true" version="1" changeset="147969892" timestamp="2024-02-27T11:55:17Z" user="Theklan" uid="72249" lat="43.2568644" lon="-2.9292502"/>
 <node id="11668913295" visible="true" version="1" changeset="147969892" timestamp="2024-02-27T11:55:17Z" user="Theklan" uid="72249" lat="43.2567803" lon="-2.9291514"/>
 <node id="11668913296" visible="true" version="1" changeset="147969892" timestamp="2024-02-27T11:55:17Z" user="Theklan" uid="72249" lat="43.2568978" lon="-2.9289722"/>
 <node id="11668913297" visible="true" version="1" changeset="147969892" timestamp="2024-02-27T11:55:17Z" user="Theklan" uid="72249" lat="43.2569739" lon="-2.9290697"/>
 <node id="11668913298" visible="true" version="1" changeset="147969892" timestamp="2024-02-27T11:55:17Z" user="Theklan" uid="72249" lat="43.2569751" lon="-2.9291314"/>
 <node id="11668913299" visible="true" version="1" changeset="147969892" timestamp="2024-02-27T11:55:17Z" user="Theklan" uid="72249" lat="43.2568791" lon="-2.9292649"/>
 <node id="11668913359" visible="true" version="2" changeset="184970687" timestamp="2026-07-02T11:39:46Z" user="tx94" uid="11156042" lat="43.2581212" lon="-2.9283656"/>
 <node id="11668913360" visible="true" version="2" changeset="184970687" timestamp="2026-07-02T11:39:46Z" user="tx94" uid="11156042" lat="43.2579993" lon="-2.9281880"/>
 <node id="11668913361" visible="true" version="1" changeset="147969892" timestamp="2024-02-27T11:55:17Z" user="Theklan" uid="72249" lat="43.2578832" lon="-2.9283390"/>
 <node id="11668913362" visible="true" version="2" changeset="184970687" timestamp="2026-07-02T11:39:46Z" user="tx94" uid="11156042" lat="43.2580106" lon="-2.9285085"/>
 <node id="11668913363" visible="true" version="2" changeset="184970687" timestamp="2026-07-02T11:39:46Z" user="tx94" uid="11156042" lat="43.2579007" lon="-2.9286549"/>
 <node id="11668913364" visible="true" version="1" changeset="147969892" timestamp="2024-02-27T11:55:17Z" user="Theklan" uid="72249" lat="43.2577673" lon="-2.9284969"/>
 <node id="11668913365" visible="true" version="2" changeset="168706828" timestamp="2025-07-09T17:19:20Z" user="Johnbo" uid="915796" lat="43.2577709" lon="-2.9287788"/>
 <node id="11668913366" visible="true" version="2" changeset="168706828" timestamp="2025-07-09T17:19:20Z" user="Johnbo" uid="915796" lat="43.2577104" lon="-2.9286954"/>
 <node id="11668913367" visible="true" version="1" changeset="147969892" timestamp="2024-02-27T11:55:17Z" user="Theklan" uid="72249" lat="43.2578093" lon="-2.9285513"/>
 <node id="11668913368" visible="true" version="2" changeset="168706828" timestamp="2025-07-09T17:19:20Z" user="Johnbo" uid="915796" lat="43.2576432" lon="-2.9285953"/>
 <node id="11668915769" visible="true" version="1" changeset="147969892" timestamp="2024-02-27T11:55:17Z" user="Theklan" uid="72249" lat="43.2577379" lon="-2.9284587"/>
 <node id="11668915770" visible="true" version="2" changeset="168706828" timestamp="2025-07-09T17:19:20Z" user="Johnbo" uid="915796" lat="43.2575609" lon="-2.9284827"/>
 <node id="11668915771" visible="true" version="1" changeset="147969892" timestamp="2024-02-27T11:55:17Z" user="Theklan" uid="72249" lat="43.2576757" lon="-2.9283247"/>
 <node id="11668915772" visible="true" version="1" changeset="147969892" timestamp="2024-02-27T11:55:17Z" user="Theklan" uid="72249" lat="43.2577699" lon="-2.9284507"/>
 <node id="11668915773" visible="true" version="1" changeset="147969892" timestamp="2024-02-27T11:55:17Z" user="Theklan" uid="72249" lat="43.2577500" lon="-2.9284744"/>
 <node id="11668915774" visible="true" version="2" changeset="184970687" timestamp="2026-07-02T11:39:46Z" user="tx94" uid="11156042" lat="43.2578865" lon="-2.9283041"/>
 <node id="11668915775" visible="true" version="2" changeset="184970687" timestamp="2026-07-02T11:39:46Z" user="tx94" uid="11156042" lat="43.2577834" lon="-2.9281641"/>
 <node id="11668915776" visible="true" version="2" changeset="184970687" timestamp="2026-07-02T11:39:46Z" user="tx94" uid="11156042" lat="43.2579802" lon="-2.9281581"/>
 <node id="11668915777" visible="true" version="2" changeset="184970687" timestamp="2026-07-02T11:39:46Z" user="tx94" uid="11156042" lat="43.2578862" lon="-2.9280220"/>
 <node id="11668915778" visible="true" version="2" changeset="184970687" timestamp="2026-07-02T11:39:46Z" user="tx94" uid="11156042" lat="43.2581027" lon="-2.9280565"/>
 <node id="11668915779" visible="true" version="2" changeset="184970687" timestamp="2026-07-02T11:39:46Z" user="tx94" uid="11156042" lat="43.2579885" lon="-2.9278900"/>
 <node id="11668915782" visible="true" version="2" changeset="184970687" timestamp="2026-07-02T11:39:46Z" user="tx94" uid="11156042" lat="43.2581792" lon="-2.9279449"/>
 <node id="11668915783" visible="true" version="2" changeset="184970687" timestamp="2026-07-02T11:39:46Z" user="tx94" uid="11156042" lat="43.2581677" lon="-2.9279275"/>
 <node id="11668915784" visible="true" version="2" changeset="184970687" timestamp="2026-07-02T11:39:46Z" user="tx94" uid="11156042" lat="43.2581889" lon="-2.9278942"/>
 <node id="11668915785" visible="true" version="2" changeset="184970687" timestamp="2026-07-02T11:39:46Z" user="tx94" uid="11156042" lat="43.2582132" lon="-2.9278966"/>
 <node id="11668915786" visible="true" version="2" changeset="184970687" timestamp="2026-07-02T11:39:46Z" user="tx94" uid="11156042" lat="43.2582284" lon="-2.9278408"/>
 <node id="11668915787" visible="true" version="2" changeset="184970687" timestamp="2026-07-02T11:39:46Z" user="tx94" uid="11156042" lat="43.2580880" lon="-2.9277971"/>
 <node id="11668915788" visible="true" version="2" changeset="184970687" timestamp="2026-07-02T11:39:46Z" user="tx94" uid="11156042" lat="43.2580477" lon="-2.9278091"/>
 <node id="11668915790" visible="true" version="2" changeset="184970687" timestamp="2026-07-02T11:39:46Z" user="tx94" uid="11156042" lat="43.2583932" lon="-2.9278975"/>
 <node id="11668915791" visible="true" version="1" changeset="147969892" timestamp="2024-02-27T11:55:17Z" user="Theklan" uid="72249" lat="43.2584189" lon="-2.9279232"/>
 <node id="11668915792" visible="true" version="1" changeset="147969892" timestamp="2024-02-27T11:55:17Z" user="Theklan" uid="72249" lat="43.2584189" lon="-2.9279532"/>
 <node id="11668915793" visible="true" version="2" changeset="184970687" timestamp="2026-07-02T11:39:46Z" user="tx94" uid="11156042" lat="43.2583640" lon="-2.9280466"/>
 <node id="11668915794" visible="true" version="2" changeset="184970687" timestamp="2026-07-02T11:39:46Z" user="tx94" uid="11156042" lat="43.2580443" lon="-2.9282486"/>
 <node id="11668915795" visible="true" version="2" changeset="184970687" timestamp="2026-07-02T11:39:46Z" user="tx94" uid="11156042" lat="43.2582318" lon="-2.9279997"/>
 <node id="12251121840" visible="true" version="1" changeset="157892249" timestamp="2024-10-14T18:58:38Z" user="Txitxarra" uid="14986792" lat="43.2571538" lon="-2.9279843">
  <tag k="crossing" v="uncontrolled"/>
  <tag k="crossing:markings" v="yes"/>
  <tag k="highway" v="crossing"/>
 </node>
 <node id="12251121841" visible="true" version="1" changeset="157892249" timestamp="2024-10-14T18:58:38Z" user="Txitxarra" uid="14986792" lat="43.2574677" lon="-2.9284174">
  <tag k="crossing" v="uncontrolled"/>
  <tag k="crossing:markings" v="yes"/>
  <tag k="highway" v="crossing"/>
 </node>
 <node id="12251121842" visible="true" version="2" changeset="184905714" timestamp="2026-07-01T10:19:24Z" user="tx94" uid="11156042" lat="43.2574677" lon="-2.9285214">
  <tag k="crossing" v="uncontrolled"/>
  <tag k="crossing:markings" v="yes"/>
  <tag k="highway" v="crossing"/>
 </node>
 <node id="12251121843" visible="true" version="1" changeset="157892249" timestamp="2024-10-14T18:58:38Z" user="Txitxarra" uid="14986792" lat="43.2575346" lon="-2.9285121">
  <tag k="crossing" v="uncontrolled"/>
  <tag k="crossing:markings" v="yes"/>
  <tag k="highway" v="crossing"/>
 </node>
 <node id="12251121844" visible="true" version="1" changeset="157892249" timestamp="2024-10-14T18:58:38Z" user="Txitxarra" uid="14986792" lat="43.2570710" lon="-2.9291315">
  <tag k="crossing" v="uncontrolled"/>
  <tag k="crossing:markings" v="yes"/>
  <tag k="highway" v="crossing"/>
 </node>
 <node id="12251121845" visible="true" version="1" changeset="157892249" timestamp="2024-10-14T18:58:38Z" user="Txitxarra" uid="14986792" lat="43.2570198" lon="-2.9290624">
  <tag k="crossing" v="uncontrolled"/>
  <tag k="crossing:markings" v="yes"/>
  <tag k="highway" v="crossing"/>
 </node>
 <node id="12251121846" visible="true" version="2" changeset="184905714" timestamp="2026-07-01T10:19:24Z" user="tx94" uid="11156042" lat="43.2570882" lon="-2.9290377">
  <tag k="crossing" v="uncontrolled"/>
  <tag k="crossing:markings" v="yes"/>
  <tag k="highway" v="crossing"/>
 </node>
 <node id="12251121847" visible="true" version="1" changeset="157892249" timestamp="2024-10-14T18:58:38Z" user="Txitxarra" uid="14986792" lat="43.2570050" lon="-2.9291204">
  <tag k="crossing" v="uncontrolled"/>
  <tag k="crossing:markings" v="yes"/>
  <tag k="highway" v="crossing"/>
 </node>
 <node id="12251121848" visible="true" version="2" changeset="184905714" timestamp="2026-07-01T10:19:24Z" user="tx94" uid="11156042" lat="43.2566828" lon="-2.9286599">
  <tag k="crossing" v="uncontrolled"/>
  <tag k="crossing:markings" v="yes"/>
  <tag k="highway" v="crossing"/>
 </node>
 <node id="12401140436" visible="true" version="1" changeset="160011477" timestamp="2024-12-06T23:03:32Z" user="Txitxarra" uid="14986792" lat="43.2578900" lon="-2.9459436"/>
 <node id="12401177430" visible="true" version="1" changeset="160012812" timestamp="2024-12-07T00:44:15Z" user="Txitxarra" uid="14986792" lat="43.2591570" lon="-2.9461459"/>
 <node id="12600247647" visible="true" version="2" changeset="175158565" timestamp="2025-11-26T15:01:17Z" user="Hugoren Martinako" uid="3392826" lat="43.2569637" lon="-2.9293168">
  <tag k="addr:housenumber" v="18"/>
  <tag k="addr:street" v="Maiatzaren biko kalea"/>
  <tag k="amenity" v="pub"/>
  <tag k="contact:facebook" v="https://www.facebook.com/kremlinaretoa/?locale=es_ES"/>
  <tag k="email" v="kremlinaretoa@gmail.com"/>
  <tag k="instagram" v="https://www.instagram.com/kremlinbilbo/?hl=es"/>
  <tag k="name" v="Kermlin Aretoa"/>
  <tag k="website" v="https://kremlin.eus/"/>
 </node>
 <node id="12810202357" visible="true" version="1" changeset="165815367" timestamp="2025-05-04T19:09:17Z" user="&quot;Yo&quot;" uid="1204180" lat="43.2586277" lon="-2.9284510"/>
 <node id="12810202358" visible="true" version="1" changeset="165815367" timestamp="2025-05-04T19:09:17Z" user="&quot;Yo&quot;" uid="1204180" lat="43.2584724" lon="-2.9282480"/>
 <node id="12810202359" visible="true" version="1" changeset="165815367" timestamp="2025-05-04T19:09:17Z" user="&quot;Yo&quot;" uid="1204180" lat="43.2588148" lon="-2.9298099"/>
 <node id="12810202360" visible="true" version="1" changeset="165815367" timestamp="2025-05-04T19:09:17Z" user="&quot;Yo&quot;" uid="1204180" lat="43.2586734" lon="-2.9296540"/>
 <node id="12810202361" visible="true" version="1" changeset="165815367" timestamp="2025-05-04T19:09:17Z" user="&quot;Yo&quot;" uid="1204180" lat="43.2591087" lon="-2.9289202"/>
 <node id="12810202362" visible="true" version="1" changeset="165815367" timestamp="2025-05-04T19:09:17Z" user="&quot;Yo&quot;" uid="1204180" lat="43.2582137" lon="-2.9285664"/>
 <node id="12810202364" visible="true" version="1" changeset="165815367" timestamp="2025-05-04T19:09:17Z" user="&quot;Yo&quot;" uid="1204180" lat="43.2576763" lon="-2.9295707"/>
 <node id="12946932550" visible="true" version="1" changeset="168009112" timestamp="2025-06-23T15:23:33Z" user="Mikel_ast" uid="59827" lat="43.2579931" lon="-2.9355166"/>
 <node id="12946932551" visible="true" version="1" changeset="168009112" timestamp="2025-06-23T15:23:33Z" user="Mikel_ast" uid="59827" lat="43.2574019" lon="-2.9357817"/>
 <node id="12946932552" visible="true" version="1" changeset="168009112" timestamp="2025-06-23T15:23:33Z" user="Mikel_ast" uid="59827" lat="43.2602761" lon="-2.9467082"/>
 <node id="12946932553" visible="true" version="1" changeset="168009112" timestamp="2025-06-23T15:23:33Z" user="Mikel_ast" uid="59827" lat="43.2648860" lon="-2.9451135"/>
 <node id="12946932554" visible="true" version="1" changeset="168009112" timestamp="2025-06-23T15:23:33Z" user="Mikel_ast" uid="59827" lat="43.2650480" lon="-2.9447369"/>
 <node id="12946932555" visible="true" version="1" changeset="168009112" timestamp="2025-06-23T15:23:33Z" user="Mikel_ast" uid="59827" lat="43.2661989" lon="-2.9449680"/>
 <node id="12946932556" visible="true" version="1" changeset="168009112" timestamp="2025-06-23T15:23:33Z" user="Mikel_ast" uid="59827" lat="43.2665230" lon="-2.9456841"/>
 <node id="12946932557" visible="true" version="1" changeset="168009112" timestamp="2025-06-23T15:23:33Z" user="Mikel_ast" uid="59827" lat="43.2676759" lon="-2.9450079"/>
 <node id="12946932558" visible="true" version="1" changeset="168009112" timestamp="2025-06-23T15:23:33Z" user="Mikel_ast" uid="59827" lat="43.2686605" lon="-2.9422036"/>
 <node id="12946932559" visible="true" version="1" changeset="168009112" timestamp="2025-06-23T15:23:33Z" user="Mikel_ast" uid="59827" lat="43.2692962" lon="-2.9399214"/>
 <node id="12946932560" visible="true" version="1" changeset="168009112" timestamp="2025-06-23T15:23:33Z" user="Mikel_ast" uid="59827" lat="43.2694748" lon="-2.9389657"/>
 <node id="12946932561" visible="true" version="1" changeset="168009112" timestamp="2025-06-23T15:23:33Z" user="Mikel_ast" uid="59827" lat="43.2695434" lon="-2.9371684"/>
 <node id="12946932562" visible="true" version="1" changeset="168009112" timestamp="2025-06-23T15:23:33Z" user="Mikel_ast" uid="59827" lat="43.2695122" lon="-2.9355052"/>
 <node id="12946932563" visible="true" version="1" changeset="168009112" timestamp="2025-06-23T15:23:33Z" user="Mikel_ast" uid="59827" lat="43.2694914" lon="-2.9348006"/>
 <node id="12946932564" visible="true" version="1" changeset="168009112" timestamp="2025-06-23T15:23:33Z" user="Mikel_ast" uid="59827" lat="43.2694000" lon="-2.9346893"/>
 <node id="12946932565" visible="true" version="1" changeset="168009112" timestamp="2025-06-23T15:23:33Z" user="Mikel_ast" uid="59827" lat="43.2694873" lon="-2.9340931"/>
 <node id="12946932566" visible="true" version="1" changeset="168009112" timestamp="2025-06-23T15:23:33Z" user="Mikel_ast" uid="59827" lat="43.2694624" lon="-2.9336965"/>
 <node id="12946932567" visible="true" version="1" changeset="168009112" timestamp="2025-06-23T15:23:33Z" user="Mikel_ast" uid="59827" lat="43.2691487" lon="-2.9324127"/>
 <node id="12946932568" visible="true" version="1" changeset="168009112" timestamp="2025-06-23T15:23:33Z" user="Mikel_ast" uid="59827" lat="43.2691985" lon="-2.9323243"/>
 <node id="12946932569" visible="true" version="1" changeset="168009112" timestamp="2025-06-23T15:23:33Z" user="Mikel_ast" uid="59827" lat="43.2690178" lon="-2.9318764"/>
 <node id="12946932570" visible="true" version="1" changeset="168009112" timestamp="2025-06-23T15:23:33Z" user="Mikel_ast" uid="59827" lat="43.2689430" lon="-2.9318450"/>
 <node id="12946932571" visible="true" version="1" changeset="168009112" timestamp="2025-06-23T15:23:33Z" user="Mikel_ast" uid="59827" lat="43.2683863" lon="-2.9308209"/>
 <node id="12946932572" visible="true" version="1" changeset="168009112" timestamp="2025-06-23T15:23:33Z" user="Mikel_ast" uid="59827" lat="43.2674038" lon="-2.9295200"/>
 <node id="12946932573" visible="true" version="1" changeset="168009112" timestamp="2025-06-23T15:23:33Z" user="Mikel_ast" uid="59827" lat="43.2659787" lon="-2.9278368"/>
 <node id="12946932574" visible="true" version="1" changeset="168009112" timestamp="2025-06-23T15:23:33Z" user="Mikel_ast" uid="59827" lat="43.2653140" lon="-2.9270437"/>
 <node id="12951402999" visible="true" version="2" changeset="168114533" timestamp="2025-06-25T22:23:09Z" user="pfhllnts" uid="14153197" lat="43.2573362" lon="-2.9313812">
  <tag k="railway" v="switch"/>
  <tag k="railway:local_operated" v="yes"/>
  <tag k="railway:switch" v="default"/>
  <tag k="railway:switch:electric" v="no"/>
 </node>
 <node id="12952820202" visible="true" version="1" changeset="168114533" timestamp="2025-06-25T22:23:09Z" user="pfhllnts" uid="14153197" lat="43.2573901" lon="-2.9312958"/>
 <node id="12952820203" visible="true" version="1" changeset="168114533" timestamp="2025-06-25T22:23:09Z" user="pfhllnts" uid="14153197" lat="43.2573637" lon="-2.9313399"/>
 <node id="12952820204" visible="true" version="1" changeset="168114533" timestamp="2025-06-25T22:23:09Z" user="pfhllnts" uid="14153197" lat="43.2576181" lon="-2.9308606"/>
 <node id="12952820205" visible="true" version="1" changeset="168114533" timestamp="2025-06-25T22:23:09Z" user="pfhllnts" uid="14153197" lat="43.2575629" lon="-2.9309500"/>
 <node id="12952820206" visible="true" version="1" changeset="168114533" timestamp="2025-06-25T22:23:09Z" user="pfhllnts" uid="14153197" lat="43.2575342" lon="-2.9310184"/>
 <node id="12952820207" visible="true" version="1" changeset="168114533" timestamp="2025-06-25T22:23:09Z" user="pfhllnts" uid="14153197" lat="43.2577232" lon="-2.9307710"/>
 <node id="12952820208" visible="true" version="1" changeset="168114533" timestamp="2025-06-25T22:23:09Z" user="pfhllnts" uid="14153197" lat="43.2575851" lon="-2.9310190"/>
 <node id="12952820209" visible="true" version="1" changeset="168114533" timestamp="2025-06-25T22:23:09Z" user="pfhllnts" uid="14153197" lat="43.2575491" lon="-2.9310734"/>
 <node id="12952820210" visible="true" version="1" changeset="168114533" timestamp="2025-06-25T22:23:09Z" user="pfhllnts" uid="14153197" lat="43.2575088" lon="-2.9311369"/>
 <node id="12952820211" visible="true" version="1" changeset="168114533" timestamp="2025-06-25T22:23:09Z" user="pfhllnts" uid="14153197" lat="43.2577121" lon="-2.9308522"/>
 <node id="12952820212" visible="true" version="1" changeset="168114533" timestamp="2025-06-25T22:23:09Z" user="pfhllnts" uid="14153197" lat="43.2575907" lon="-2.9310274"/>
 <node id="12952820213" visible="true" version="1" changeset="168114533" timestamp="2025-06-25T22:23:09Z" user="pfhllnts" uid="14153197" lat="43.2576552" lon="-2.9308964"/>
 <node id="12952820214" visible="true" version="1" changeset="168114533" timestamp="2025-06-25T22:23:09Z" user="pfhllnts" uid="14153197" lat="43.2580617" lon="-2.9301808"/>
 <node id="12952820215" visible="true" version="1" changeset="168114533" timestamp="2025-06-25T22:23:09Z" user="pfhllnts" uid="14153197" lat="43.2581962" lon="-2.9299124"/>
 <node id="12952820216" visible="true" version="1" changeset="168114533" timestamp="2025-06-25T22:23:09Z" user="pfhllnts" uid="14153197" lat="43.2579841" lon="-2.9303049"/>
 <node id="12952820217" visible="true" version="1" changeset="168114533" timestamp="2025-06-25T22:23:09Z" user="pfhllnts" uid="14153197" lat="43.2579397" lon="-2.9303777"/>
 <node id="12952820218" visible="true" version="1" changeset="168114533" timestamp="2025-06-25T22:23:09Z" user="pfhllnts" uid="14153197" lat="43.2579029" lon="-2.9301787"/>
 <node id="12952820219" visible="true" version="1" changeset="168114533" timestamp="2025-06-25T22:23:09Z" user="pfhllnts" uid="14153197" lat="43.2580519" lon="-2.9299511"/>
 <node id="12952820220" visible="true" version="1" changeset="168114533" timestamp="2025-06-25T22:23:09Z" user="pfhllnts" uid="14153197" lat="43.2579148" lon="-2.9301933"/>
 <node id="12952820221" visible="true" version="1" changeset="168114533" timestamp="2025-06-25T22:23:09Z" user="pfhllnts" uid="14153197" lat="43.2578512" lon="-2.9303204"/>
 <node id="12952820222" visible="true" version="1" changeset="168114533" timestamp="2025-06-25T22:23:09Z" user="pfhllnts" uid="14153197" lat="43.2578156" lon="-2.9303998"/>
 <node id="12952820223" visible="true" version="1" changeset="168114533" timestamp="2025-06-25T22:23:09Z" user="pfhllnts" uid="14153197" lat="43.2577425" lon="-2.9304509"/>
 <node id="12952820224" visible="true" version="1" changeset="168114533" timestamp="2025-06-25T22:23:09Z" user="pfhllnts" uid="14153197" lat="43.2576826" lon="-2.9305905"/>
 <node id="12952820225" visible="true" version="1" changeset="168114533" timestamp="2025-06-25T22:23:09Z" user="pfhllnts" uid="14153197" lat="43.2576482" lon="-2.9307036"/>
 <node id="12952820226" visible="true" version="1" changeset="168114533" timestamp="2025-06-25T22:23:09Z" user="pfhllnts" uid="14153197" lat="43.2576249" lon="-2.9307763"/>
 <node id="12952820227" visible="true" version="1" changeset="168114533" timestamp="2025-06-25T22:23:09Z" user="pfhllnts" uid="14153197" lat="43.2578412" lon="-2.9296600"/>
 <node id="12952820301" visible="true" version="1" changeset="168114533" timestamp="2025-06-25T22:23:09Z" user="pfhllnts" uid="14153197" lat="43.2587672" lon="-2.9300723"/>
 <node id="12952820302" visible="true" version="1" changeset="168114533" timestamp="2025-06-25T22:23:09Z" user="pfhllnts" uid="14153197" lat="43.2586534" lon="-2.9301713"/>
 <node id="12952820303" visible="true" version="1" changeset="168114533" timestamp="2025-06-25T22:23:09Z" user="pfhllnts" uid="14153197" lat="43.2585910" lon="-2.9303307"/>
 <node id="12952820304" visible="true" version="1" changeset="168114533" timestamp="2025-06-25T22:23:09Z" user="pfhllnts" uid="14153197" lat="43.2585653" lon="-2.9302981"/>
 <node id="12952820305" visible="true" version="1" changeset="168114533" timestamp="2025-06-25T22:23:09Z" user="pfhllnts" uid="14153197" lat="43.2584266" lon="-2.9305409"/>
 <node id="12952820306" visible="true" version="1" changeset="168114533" timestamp="2025-06-25T22:23:09Z" user="pfhllnts" uid="14153197" lat="43.2582466" lon="-2.9307441"/>
 <node id="12952820307" visible="true" version="1" changeset="168114533" timestamp="2025-06-25T22:23:09Z" user="pfhllnts" uid="14153197" lat="43.2582193" lon="-2.9307001"/>
 <node id="12952820316" visible="true" version="1" changeset="168114533" timestamp="2025-06-25T22:23:09Z" user="pfhllnts" uid="14153197" lat="43.2576379" lon="-2.9311673"/>
 <node id="12952820318" visible="true" version="1" changeset="168114533" timestamp="2025-06-25T22:23:09Z" user="pfhllnts" uid="14153197" lat="43.2575564" lon="-2.9312916"/>
 <node id="12952820319" visible="true" version="1" changeset="168114533" timestamp="2025-06-25T22:23:09Z" user="pfhllnts" uid="14153197" lat="43.2575120" lon="-2.9313583"/>
 <node id="12952820322" visible="true" version="1" changeset="168114533" timestamp="2025-06-25T22:23:09Z" user="pfhllnts" uid="14153197" lat="43.2572840" lon="-2.9314594"/>
 <node id="12952820373" visible="true" version="1" changeset="168114533" timestamp="2025-06-25T22:23:09Z" user="pfhllnts" uid="14153197" lat="43.2577985" lon="-2.9311719"/>
 <node id="12952820382" visible="true" version="1" changeset="168114533" timestamp="2025-06-25T22:23:09Z" user="pfhllnts" uid="14153197" lat="43.2579212" lon="-2.9309009"/>
 <node id="12952820383" visible="true" version="1" changeset="168114533" timestamp="2025-06-25T22:23:09Z" user="pfhllnts" uid="14153197" lat="43.2578690" lon="-2.9309794"/>
 <node id="12952820384" visible="true" version="1" changeset="168114533" timestamp="2025-06-25T22:23:09Z" user="pfhllnts" uid="14153197" lat="43.2578343" lon="-2.9310302"/>
 <node id="12952820389" visible="true" version="1" changeset="168114533" timestamp="2025-06-25T22:23:09Z" user="pfhllnts" uid="14153197" lat="43.2577233" lon="-2.9310257"/>
 <node id="12952820391" visible="true" version="1" changeset="168114533" timestamp="2025-06-25T22:23:09Z" user="pfhllnts" uid="14153197" lat="43.2577878" lon="-2.9309133"/>
 <node id="12952820393" visible="true" version="1" changeset="168114533" timestamp="2025-06-25T22:23:09Z" user="pfhllnts" uid="14153197" lat="43.2582295" lon="-2.9303319"/>
 <node id="12952820394" visible="true" version="1" changeset="168114533" timestamp="2025-06-25T22:23:09Z" user="pfhllnts" uid="14153197" lat="43.2583145" lon="-2.9302458"/>
 <node id="12952820395" visible="true" version="1" changeset="168114533" timestamp="2025-06-25T22:23:09Z" user="pfhllnts" uid="14153197" lat="43.2582501" lon="-2.9303577"/>
 <node id="12952820396" visible="true" version="1" changeset="168114533" timestamp="2025-06-25T22:23:09Z" user="pfhllnts" uid="14153197" lat="43.2580466" lon="-2.9306877"/>
 <node id="12952820397" visible="true" version="1" changeset="168114533" timestamp="2025-06-25T22:23:09Z" user="pfhllnts" uid="14153197" lat="43.2581105" lon="-2.9305691"/>
 <node id="12952820398" visible="true" version="1" changeset="168114533" timestamp="2025-06-25T22:23:09Z" user="pfhllnts" uid="14153197" lat="43.2584813" lon="-2.9298847"/>
 <node id="12952820399" visible="true" version="1" changeset="168114533" timestamp="2025-06-25T22:23:09Z" user="pfhllnts" uid="14153197" lat="43.2583416" lon="-2.9297511"/>
 <node id="12952820400" visible="true" version="1" changeset="168114533" timestamp="2025-06-25T22:23:09Z" user="pfhllnts" uid="14153197" lat="43.2583437" lon="-2.9293999"/>
 <node id="12952820401" visible="true" version="1" changeset="168114533" timestamp="2025-06-25T22:23:09Z" user="pfhllnts" uid="14153197" lat="43.2583713" lon="-2.9294295"/>
 <node id="12952820402" visible="true" version="1" changeset="168114533" timestamp="2025-06-25T22:23:09Z" user="pfhllnts" uid="14153197" lat="43.2584318" lon="-2.9295060"/>
 <node id="12952820403" visible="true" version="1" changeset="168114533" timestamp="2025-06-25T22:23:09Z" user="pfhllnts" uid="14153197" lat="43.2582297" lon="-2.9295843"/>
 <node id="12952820404" visible="true" version="1" changeset="168114533" timestamp="2025-06-25T22:23:09Z" user="pfhllnts" uid="14153197" lat="43.2579826" lon="-2.9300711"/>
 <node id="12952820405" visible="true" version="1" changeset="168114533" timestamp="2025-06-25T22:23:09Z" user="pfhllnts" uid="14153197" lat="43.2579627" lon="-2.9300477"/>
 <node id="12952820406" visible="true" version="1" changeset="168114533" timestamp="2025-06-25T22:23:09Z" user="pfhllnts" uid="14153197" lat="43.2579936" lon="-2.9298853"/>
 <node id="12952820407" visible="true" version="1" changeset="168114533" timestamp="2025-06-25T22:23:09Z" user="pfhllnts" uid="14153197" lat="43.2580852" lon="-2.9297335"/>
 <node id="12952820408" visible="true" version="1" changeset="168114533" timestamp="2025-06-25T22:23:09Z" user="pfhllnts" uid="14153197" lat="43.2579153" lon="-2.9298213"/>
 <node id="12952820409" visible="true" version="1" changeset="168114533" timestamp="2025-06-25T22:23:09Z" user="pfhllnts" uid="14153197" lat="43.2579765" lon="-2.9296640"/>
 <node id="12952820410" visible="true" version="1" changeset="168114533" timestamp="2025-06-25T22:23:09Z" user="pfhllnts" uid="14153197" lat="43.2579451" lon="-2.9295358"/>
 <node id="12952820411" visible="true" version="1" changeset="168114533" timestamp="2025-06-25T22:23:09Z" user="pfhllnts" uid="14153197" lat="43.2577764" lon="-2.9300045"/>
 <node id="12952820412" visible="true" version="1" changeset="168114533" timestamp="2025-06-25T22:23:09Z" user="pfhllnts" uid="14153197" lat="43.2578206" lon="-2.9298387"/>
 <node id="12952820413" visible="true" version="1" changeset="168114533" timestamp="2025-06-25T22:23:09Z" user="pfhllnts" uid="14153197" lat="43.2578370" lon="-2.9298262"/>
 <node id="12952820414" visible="true" version="1" changeset="168114533" timestamp="2025-06-25T22:23:09Z" user="pfhllnts" uid="14153197" lat="43.2578601" lon="-2.9297185"/>
 <node id="12990087543" visible="true" version="1" changeset="168706828" timestamp="2025-07-09T17:19:20Z" user="Johnbo" uid="915796" lat="43.2571341" lon="-2.9321469"/>
 <node id="12990087544" visible="true" version="1" changeset="168706828" timestamp="2025-07-09T17:19:20Z" user="Johnbo" uid="915796" lat="43.2571185" lon="-2.9321346"/>
 <node id="12990087545" visible="true" version="1" changeset="168706828" timestamp="2025-07-09T17:19:20Z" user="Johnbo" uid="915796" lat="43.2570869" lon="-2.9316442"/>
 <node id="12990087546" visible="true" version="1" changeset="168706828" timestamp="2025-07-09T17:19:20Z" user="Johnbo" uid="915796" lat="43.2566908" lon="-2.9305563"/>
 <node id="12990087547" visible="true" version="1" changeset="168706828" timestamp="2025-07-09T17:19:20Z" user="Johnbo" uid="915796" lat="43.2566744" lon="-2.9305036"/>
 <node id="12990087548" visible="true" version="1" changeset="168706828" timestamp="2025-07-09T17:19:20Z" user="Johnbo" uid="915796" lat="43.2566703" lon="-2.9304798"/>
 <node id="12990087549" visible="true" version="1" changeset="168706828" timestamp="2025-07-09T17:19:20Z" user="Johnbo" uid="915796" lat="43.2566744" lon="-2.9304452"/>
 <node id="12990087550" visible="true" version="1" changeset="168706828" timestamp="2025-07-09T17:19:20Z" user="Johnbo" uid="915796" lat="43.2566908" lon="-2.9304214"/>
 <node id="12990087551" visible="true" version="1" changeset="168706828" timestamp="2025-07-09T17:19:20Z" user="Johnbo" uid="915796" lat="43.2573136" lon="-2.9295857"/>
 <node id="12990087552" visible="true" version="1" changeset="168706828" timestamp="2025-07-09T17:19:20Z" user="Johnbo" uid="915796" lat="43.2566419" lon="-2.9303355"/>
 <node id="12990087553" visible="true" version="1" changeset="168706828" timestamp="2025-07-09T17:19:20Z" user="Johnbo" uid="915796" lat="43.2572693" lon="-2.9294916"/>
 <node id="12990087554" visible="true" version="1" changeset="168706828" timestamp="2025-07-09T17:19:20Z" user="Johnbo" uid="915796" lat="43.2572734" lon="-2.9294715"/>
 <node id="12990087555" visible="true" version="1" changeset="168706828" timestamp="2025-07-09T17:19:20Z" user="Johnbo" uid="915796" lat="43.2573168" lon="-2.9294113"/>
 <node id="12990087556" visible="true" version="1" changeset="168706828" timestamp="2025-07-09T17:19:20Z" user="Johnbo" uid="915796" lat="43.2573529" lon="-2.9294076"/>
 <node id="12990087557" visible="true" version="1" changeset="168706828" timestamp="2025-07-09T17:19:20Z" user="Johnbo" uid="915796" lat="43.2577349" lon="-2.9288956"/>
 <node id="12990087558" visible="true" version="1" changeset="168706828" timestamp="2025-07-09T17:19:20Z" user="Johnbo" uid="915796" lat="43.2577358" lon="-2.9288711"/>
 <node id="12990087559" visible="true" version="1" changeset="168706828" timestamp="2025-07-09T17:19:20Z" user="Johnbo" uid="915796" lat="43.2577810" lon="-2.9288097"/>
 <node id="12990087560" visible="true" version="2" changeset="184970687" timestamp="2026-07-02T11:39:46Z" user="tx94" uid="11156042" lat="43.2578116" lon="-2.9287957"/>
 <node id="12990087561" visible="true" version="2" changeset="184970687" timestamp="2026-07-02T11:39:46Z" user="tx94" uid="11156042" lat="43.2578111" lon="-2.9287804"/>
 <node id="12990087562" visible="true" version="1" changeset="168706828" timestamp="2025-07-09T17:19:20Z" user="Johnbo" uid="915796" lat="43.2584348" lon="-2.9279922"/>
 <node id="12990087563" visible="true" version="1" changeset="168706828" timestamp="2025-07-09T17:19:20Z" user="Johnbo" uid="915796" lat="43.2584458" lon="-2.9279652"/>
 <node id="12990087564" visible="true" version="1" changeset="168706828" timestamp="2025-07-09T17:19:20Z" user="Johnbo" uid="915796" lat="43.2584504" lon="-2.9279432"/>
 <node id="12990087565" visible="true" version="1" changeset="168706828" timestamp="2025-07-09T17:19:20Z" user="Johnbo" uid="915796" lat="43.2584504" lon="-2.9279225"/>
 <node id="12990087567" visible="true" version="1" changeset="168706828" timestamp="2025-07-09T17:19:20Z" user="Johnbo" uid="915796" lat="43.2585555" lon="-2.9278215"/>
 <node id="12990087568" visible="true" version="1" changeset="168706828" timestamp="2025-07-09T17:19:20Z" user="Johnbo" uid="915796" lat="43.2585916" lon="-2.9278065"/>
 <node id="12990087569" visible="true" version="1" changeset="168706828" timestamp="2025-07-09T17:19:20Z" user="Johnbo" uid="915796" lat="43.2595246" lon="-2.9265592"/>
 <node id="12990087570" visible="true" version="1" changeset="168706828" timestamp="2025-07-09T17:19:20Z" user="Johnbo" uid="915796" lat="43.2596657" lon="-2.9264081"/>
 <node id="13249713134" visible="true" version="1" changeset="173622403" timestamp="2025-10-22T11:13:45Z" user="tx94" uid="11156042" lat="43.2574876" lon="-2.9357433"/>
 <node id="13254605068" visible="true" version="1" changeset="173727951" timestamp="2025-10-24T17:08:24Z" user="tx94" uid="11156042" lat="43.2572457" lon="-2.9332146"/>
 <node id="13383306058" visible="true" version="1" changeset="176047246" timestamp="2025-12-17T12:01:39Z" user="&quot;Yo&quot;" uid="1204180" lat="43.2581068" lon="-2.9297567"/>
 <node id="13383306059" visible="true" version="1" changeset="176047246" timestamp="2025-12-17T12:01:39Z" user="&quot;Yo&quot;" uid="1204180" lat="43.2582260" lon="-2.9295676"/>
 <node id="13383306060" visible="true" version="1" changeset="176047246" timestamp="2025-12-17T12:01:39Z" user="&quot;Yo&quot;" uid="1204180" lat="43.2581429" lon="-2.9294778"/>
 <node id="13383306061" visible="true" version="1" changeset="176047246" timestamp="2025-12-17T12:01:39Z" user="&quot;Yo&quot;" uid="1204180" lat="43.2580238" lon="-2.9296669"/>
 <node id="13383306062" visible="true" version="1" changeset="176047246" timestamp="2025-12-17T12:01:39Z" user="&quot;Yo&quot;" uid="1204180" lat="43.2583490" lon="-2.9293638"/>
 <node id="13383306063" visible="true" version="1" changeset="176047246" timestamp="2025-12-17T12:01:39Z" user="&quot;Yo&quot;" uid="1204180" lat="43.2583139" lon="-2.9293289"/>
 <node id="13383306064" visible="true" version="1" changeset="176047246" timestamp="2025-12-17T12:01:39Z" user="&quot;Yo&quot;" uid="1204180" lat="43.2582806" lon="-2.9293758"/>
 <node id="13383306065" visible="true" version="1" changeset="176047246" timestamp="2025-12-17T12:01:39Z" user="&quot;Yo&quot;" uid="1204180" lat="43.2582611" lon="-2.9293544"/>
 <node id="13383306066" visible="true" version="1" changeset="176047246" timestamp="2025-12-17T12:01:39Z" user="&quot;Yo&quot;" uid="1204180" lat="43.2581781" lon="-2.9294925"/>
 <node id="13383306067" visible="true" version="1" changeset="176047246" timestamp="2025-12-17T12:01:39Z" user="&quot;Yo&quot;" uid="1204180" lat="43.2581967" lon="-2.9295113"/>
 <node id="13383306068" visible="true" version="1" changeset="176047246" timestamp="2025-12-17T12:01:39Z" user="&quot;Yo&quot;" uid="1204180" lat="43.2581886" lon="-2.9295271"/>
 <node id="13383306081" visible="true" version="1" changeset="176047246" timestamp="2025-12-17T12:01:39Z" user="&quot;Yo&quot;" uid="1204180" lat="43.2594245" lon="-2.9274833"/>
 <node id="13383306084" visible="true" version="1" changeset="176047246" timestamp="2025-12-17T12:01:39Z" user="&quot;Yo&quot;" uid="1204180" lat="43.2599150" lon="-2.9273924">
  <tag k="entrance" v="yes"/>
 </node>
 <node id="13383306085" visible="true" version="1" changeset="176047246" timestamp="2025-12-17T12:01:39Z" user="&quot;Yo&quot;" uid="1204180" lat="43.2597457" lon="-2.9272077">
  <tag k="entrance" v="yes"/>
 </node>
 <node id="13383306086" visible="true" version="1" changeset="176047246" timestamp="2025-12-17T12:01:39Z" user="&quot;Yo&quot;" uid="1204180" lat="43.2590570" lon="-2.9290459">
  <tag k="entrance" v="yes"/>
 </node>
 <node id="13625852944" visible="true" version="1" changeset="179513567" timestamp="2026-03-07T23:01:31Z" user="Txitxarra" uid="14986792" lat="43.2580382" lon="-2.9277386">
  <tag k="direction" v="forward"/>
  <tag k="highway" v="give_way"/>
 </node>
 <node id="13634270078" visible="true" version="1" changeset="179646011" timestamp="2026-03-10T15:42:58Z" user="&quot;Yo&quot;" uid="1204180" lat="43.2589284" lon="-2.9297184">
  <tag k="entrance" v="yes"/>
 </node>
 <node id="13634270079" visible="true" version="1" changeset="179646011" timestamp="2026-03-10T15:42:58Z" user="&quot;Yo&quot;" uid="1204180" lat="43.2588713" lon="-2.9297483">
  <tag k="entrance" v="yes"/>
 </node>
 <node id="13634270080" visible="true" version="1" changeset="179646011" timestamp="2026-03-10T15:42:58Z" user="&quot;Yo&quot;" uid="1204180" lat="43.2586074" lon="-2.9298723"/>
 <node id="13634270081" visible="true" version="1" changeset="179646011" timestamp="2026-03-10T15:42:58Z" user="&quot;Yo&quot;" uid="1204180" lat="43.2585832" lon="-2.9298464"/>
 <node id="13634270082" visible="true" version="1" changeset="179646011" timestamp="2026-03-10T15:42:58Z" user="&quot;Yo&quot;" uid="1204180" lat="43.2586101" lon="-2.9297940"/>
 <node id="13634270083" visible="true" version="1" changeset="179646011" timestamp="2026-03-10T15:42:58Z" user="&quot;Yo&quot;" uid="1204180" lat="43.2586387" lon="-2.9298173"/>
 <node id="13634270084" visible="true" version="1" changeset="179646011" timestamp="2026-03-10T15:42:58Z" user="&quot;Yo&quot;" uid="1204180" lat="43.2581990" lon="-2.9286879"/>
 <node id="13634270085" visible="true" version="1" changeset="179646011" timestamp="2026-03-10T15:42:58Z" user="&quot;Yo&quot;" uid="1204180" lat="43.2581434" lon="-2.9286448"/>
 <node id="13634270086" visible="true" version="1" changeset="179646011" timestamp="2026-03-10T15:42:58Z" user="&quot;Yo&quot;" uid="1204180" lat="43.2581086" lon="-2.9287418"/>
 <node id="13634270087" visible="true" version="1" changeset="179646011" timestamp="2026-03-10T15:42:58Z" user="&quot;Yo&quot;" uid="1204180" lat="43.2580739" lon="-2.9287249"/>
 <node id="13634270088" visible="true" version="1" changeset="179646011" timestamp="2026-03-10T15:42:58Z" user="&quot;Yo&quot;" uid="1204180" lat="43.2580166" lon="-2.9288805"/>
 <node id="13634270089" visible="true" version="1" changeset="179646011" timestamp="2026-03-10T15:42:58Z" user="&quot;Yo&quot;" uid="1204180" lat="43.2579875" lon="-2.9288620"/>
 <node id="13634270090" visible="true" version="1" changeset="179646011" timestamp="2026-03-10T15:42:58Z" user="&quot;Yo&quot;" uid="1204180" lat="43.2579387" lon="-2.9289991"/>
 <node id="13634270091" visible="true" version="1" changeset="179646011" timestamp="2026-03-10T15:42:58Z" user="&quot;Yo&quot;" uid="1204180" lat="43.2579875" lon="-2.9290291"/>
 <node id="13634270092" visible="true" version="1" changeset="179646011" timestamp="2026-03-10T15:42:58Z" user="&quot;Yo&quot;" uid="1204180" lat="43.2579755" lon="-2.9290629"/>
 <node id="13634270093" visible="true" version="1" changeset="179646011" timestamp="2026-03-10T15:42:58Z" user="&quot;Yo&quot;" uid="1204180" lat="43.2580492" lon="-2.9290060"/>
 <node id="13634270094" visible="true" version="1" changeset="179646011" timestamp="2026-03-10T15:42:58Z" user="&quot;Yo&quot;" uid="1204180" lat="43.2581008" lon="-2.9289406"/>
 <node id="13634270095" visible="true" version="1" changeset="179646011" timestamp="2026-03-10T15:42:58Z" user="&quot;Yo&quot;" uid="1204180" lat="43.2581052" lon="-2.9287288">
  <tag k="amenity" v="charging_station"/>
 </node>
 <node id="13634270096" visible="true" version="1" changeset="179646011" timestamp="2026-03-10T15:42:58Z" user="&quot;Yo&quot;" uid="1204180" lat="43.2580152" lon="-2.9288597">
  <tag k="amenity" v="payment_terminal"/>
 </node>
 <node id="13634270097" visible="true" version="1" changeset="179646011" timestamp="2026-03-10T15:42:58Z" user="&quot;Yo&quot;" uid="1204180" lat="43.2579211" lon="-2.9288968"/>
 <node id="13634270098" visible="true" version="1" changeset="179646011" timestamp="2026-03-10T15:42:58Z" user="&quot;Yo&quot;" uid="1204180" lat="43.2579104" lon="-2.9288815"/>
 <node id="13634270099" visible="true" version="1" changeset="179646011" timestamp="2026-03-10T15:42:58Z" user="&quot;Yo&quot;" uid="1204180" lat="43.2579315" lon="-2.9288510"/>
 <node id="13634270100" visible="true" version="1" changeset="179646011" timestamp="2026-03-10T15:42:58Z" user="&quot;Yo&quot;" uid="1204180" lat="43.2579426" lon="-2.9288673"/>
 <node id="13650017313" visible="true" version="1" changeset="179901890" timestamp="2026-03-15T14:52:36Z" user="tx94" uid="11156042" lat="43.2636013" lon="-2.9244776"/>
 <node id="13650017317" visible="true" version="1" changeset="179901890" timestamp="2026-03-15T14:52:36Z" user="tx94" uid="11156042" lat="43.2617810" lon="-2.9242833"/>
 <node id="13650017329" visible="true" version="1" changeset="179901890" timestamp="2026-03-15T14:52:36Z" user="tx94" uid="11156042" lat="43.2588316" lon="-2.9272084"/>
 <node id="13960316307" visible="true" version="1" changeset="184483431" timestamp="2026-06-23T16:03:54Z" user="tx94" uid="11156042" lat="43.2655342" lon="-2.9447780"/>
 <node id="13960316359" visible="true" version="1" changeset="184483431" timestamp="2026-06-23T16:03:54Z" user="tx94" uid="11156042" lat="43.2685714" lon="-2.9424573"/>
 <node id="13980123319" visible="true" version="1" changeset="184905714" timestamp="2026-07-01T10:19:24Z" user="tx94" uid="11156042" lat="43.2574206" lon="-2.9274997"/>
 <node id="13980126069" visible="true" version="1" changeset="184905714" timestamp="2026-07-01T10:19:24Z" user="tx94" uid="11156042" lat="43.2569194" lon="-2.9279393"/>
 <node id="13980126070" visible="true" version="1" changeset="184905714" timestamp="2026-07-01T10:19:24Z" user="tx94" uid="11156042" lat="43.2570054" lon="-2.9280498"/>
 <node id="13980126071" visible="true" version="1" changeset="184905714" timestamp="2026-07-01T10:19:24Z" user="tx94" uid="11156042" lat="43.2571405" lon="-2.9278235"/>
 <node id="13980126072" visible="true" version="1" changeset="184905714" timestamp="2026-07-01T10:19:24Z" user="tx94" uid="11156042" lat="43.2570882" lon="-2.9277677"/>
 <node id="13980126073" visible="true" version="1" changeset="184905714" timestamp="2026-07-01T10:19:24Z" user="tx94" uid="11156042" lat="43.2569218" lon="-2.9281925"/>
 <node id="13980126074" visible="true" version="1" changeset="184905714" timestamp="2026-07-01T10:19:24Z" user="tx94" uid="11156042" lat="43.2568803" lon="-2.9279061"/>
 <node id="13980126075" visible="true" version="1" changeset="184905714" timestamp="2026-07-01T10:19:24Z" user="tx94" uid="11156042" lat="43.2567983" lon="-2.9280477"/>
 <node id="13980126086" visible="true" version="1" changeset="184905714" timestamp="2026-07-01T10:19:24Z" user="tx94" uid="11156042" lat="43.2573358" lon="-2.9275348"/>
 <node id="13982858096" visible="true" version="1" changeset="184970687" timestamp="2026-07-02T11:39:46Z" user="tx94" uid="11156042" lat="43.2581863" lon="-2.9279408"/>
 <node id="13982858097" visible="true" version="1" changeset="184970687" timestamp="2026-07-02T11:39:46Z" user="tx94" uid="11156042" lat="43.2580777" lon="-2.9280929"/>
 <node id="13982858098" visible="true" version="1" changeset="184970687" timestamp="2026-07-02T11:39:46Z" user="tx94" uid="11156042" lat="43.2580562" lon="-2.9280608"/>
 <node id="13982858099" visible="true" version="1" changeset="184970687" timestamp="2026-07-02T11:39:46Z" user="tx94" uid="11156042" lat="43.2584078" lon="-2.9279039"/>
 <node id="13982858100" visible="true" version="1" changeset="184970687" timestamp="2026-07-02T11:39:46Z" user="tx94" uid="11156042" lat="43.2584122" lon="-2.9279830"/>
 <node id="13982874701" visible="true" version="1" changeset="184970687" timestamp="2026-07-02T11:39:46Z" user="tx94" uid="11156042" lat="43.2579878" lon="-2.9281691"/>
 <node id="13982874754" visible="true" version="1" changeset="184970687" timestamp="2026-07-02T11:39:46Z" user="tx94" uid="11156042" lat="43.2585198" lon="-2.9277612"/>
 <node id="13982874766" visible="true" version="1" changeset="184970687" timestamp="2026-07-02T11:39:46Z" user="tx94" uid="11156042" lat="43.2591099" lon="-2.9268467"/>
 <node id="14038741559" visible="true" version="1" changeset="186161765" timestamp="2026-07-22T07:44:37Z" user="tx94" uid="11156042" lat="43.2570875" lon="-2.9316542"/>
 <node id="14159121651" visible="true" version="1" changeset="188658188" timestamp="2026-09-07T08:41:39Z" user="UnniMan" uid="22771198" lat="43.2544353" lon="-2.9402020"/>
 <way id="25321043" visible="true" version="23" changeset="184905714" timestamp="2026-07-01T10:19:24Z" user="tx94" uid="11156042">
  <nd ref="275863492"/>
  <nd ref="5035177775"/>
  <nd ref="12251121848"/>
  <nd ref="275863499"/>
  <nd ref="5035177773"/>
  <nd ref="275863502"/>
  <tag k="highway" v="residential"/>
  <tag k="lit" v="yes"/>
  <tag k="maxspeed" v="30"/>
  <tag k="maxspeed:type" v="ES:urban"/>
  <tag k="name" v="Hernani kalea"/>
  <tag k="name:es" v="Calle Hernani"/>
  <tag k="name:etymology:wikidata" v="Q1441329"/>
  <tag k="name:eu" v="Hernani kalea"/>
  <tag k="official_name" v="Calle Hernani / Hernani kalea"/>
  <tag k="oneway" v="yes"/>
  <tag k="sidewalk" v="both"/>
  <tag k="surface" v="asphalt"/>
 </way>
 <way id="25321139" visible="true" version="18" changeset="179513567" timestamp="2026-03-07T23:01:31Z" user="Txitxarra" uid="14986792">
  <nd ref="275864744"/>
  <nd ref="4739554214"/>
  <nd ref="12251121847"/>
  <nd ref="275864750"/>
  <nd ref="12251121846"/>
  <nd ref="12251121842"/>
  <nd ref="275864755"/>
  <nd ref="5035177772"/>
  <nd ref="5035177771"/>
  <nd ref="13625852944"/>
  <nd ref="275864759"/>
  <tag k="cycleway:both" v="no"/>
  <tag k="highway" v="residential"/>
  <tag k="lit" v="yes"/>
  <tag k="maxspeed" v="30"/>
  <tag k="maxspeed:type" v="ES:urban"/>
  <tag k="name" v="Maiatzaren biko kalea"/>
  <tag k="name:es" v="Calle Dos de Mayo"/>
  <tag k="name:etymology:wikidata" v="Q181146"/>
  <tag k="name:eu" v="Maiatzaren biko kalea"/>
  <tag k="official_name" v="Calle Dos de Mayo / Maiatzaren biko kalea"/>
  <tag k="oneway" v="yes"/>
  <tag k="surface" v="asphalt"/>
 </way>
 <way id="34760274" visible="true" version="10" changeset="168114533" timestamp="2025-06-25T22:23:09Z" user="pfhllnts" uid="14153197">
  <nd ref="1818583927"/>
  <nd ref="1818583915"/>
  <nd ref="4404512566"/>
  <nd ref="1818583900"/>
  <nd ref="1818583895"/>
  <nd ref="1818583879"/>
  <nd ref="12952820409"/>
  <nd ref="12952820408"/>
  <nd ref="405576184"/>
  <nd ref="1818583858"/>
  <nd ref="4404512561"/>
  <nd ref="12952820224"/>
  <nd ref="12952820225"/>
  <nd ref="12952820226"/>
  <nd ref="405576182"/>
  <nd ref="12952820205"/>
  <nd ref="12952820206"/>
  <nd ref="4404512560"/>
  <nd ref="4404512556"/>
  <nd ref="12952820202"/>
  <nd ref="12952820203"/>
  <nd ref="12951402999"/>
  <tag k="electrified" v="contact_line"/>
  <tag k="frequency" v="0"/>
  <tag k="gauge" v="1668"/>
  <tag k="railway" v="rail"/>
  <tag k="service" v="siding"/>
  <tag k="voltage" v="3000"/>
 </way>
 <way id="34760275" visible="true" version="9" changeset="168114533" timestamp="2025-06-25T22:23:09Z" user="pfhllnts" uid="14153197">
  <nd ref="405576204"/>
  <nd ref="1818583964"/>
  <nd ref="12952820402"/>
  <nd ref="1818583908"/>
  <nd ref="12952820215"/>
  <nd ref="405576220"/>
  <nd ref="12952820207"/>
  <nd ref="12952820213"/>
  <nd ref="12952820208"/>
  <nd ref="12952820209"/>
  <nd ref="12952820210"/>
  <nd ref="405576248"/>
  <tag k="electrified" v="contact_line"/>
  <tag k="frequency" v="0"/>
  <tag k="gauge" v="1668"/>
  <tag k="railway" v="rail"/>
  <tag k="service" v="siding"/>
  <tag k="voltage" v="3000"/>
 </way>
 <way id="34760276" visible="true" version="11" changeset="168114533" timestamp="2025-06-25T22:23:09Z" user="pfhllnts" uid="14153197">
  <nd ref="405576228"/>
  <nd ref="405576232"/>
  <nd ref="1818583951"/>
  <nd ref="4319016017"/>
  <nd ref="405576235"/>
  <nd ref="405576238"/>
  <nd ref="405576242"/>
  <nd ref="1818583865"/>
  <nd ref="12952820211"/>
  <nd ref="12952820212"/>
  <nd ref="405576248"/>
  <nd ref="12951402999"/>
  <nd ref="12952820322"/>
  <nd ref="4319016064"/>
  <nd ref="1818583839"/>
  <nd ref="405576180"/>
  <tag k="electrified" v="contact_line"/>
  <tag k="frequency" v="0"/>
  <tag k="gauge" v="1668"/>
  <tag k="railway" v="rail"/>
  <tag k="service" v="siding"/>
  <tag k="voltage" v="3000"/>
 </way>
 <way id="41524793" visible="true" version="25" changeset="184970687" timestamp="2026-07-02T11:39:46Z" user="tx94" uid="11156042">
  <nd ref="4739796156"/>
  <nd ref="13980123319"/>
  <nd ref="508507064"/>
  <nd ref="508507079"/>
  <nd ref="275864759"/>
  <nd ref="11298433514"/>
  <nd ref="508507089"/>
  <nd ref="11199518400"/>
  <nd ref="508507097"/>
  <tag k="cycleway:both" v="no"/>
  <tag k="highway" v="residential"/>
  <tag k="lanes" v="1"/>
  <tag k="lit" v="yes"/>
  <tag k="maxspeed:type" v="ES:urban"/>
  <tag k="name" v="Naxa kalea"/>
  <tag k="name:es" v="Calle Naja"/>
  <tag k="name:eu" v="Naxa kalea"/>
  <tag k="official_name" v="Calle Naja / Naxa kalea"/>
  <tag k="oneway" v="yes"/>
  <tag k="sidewalk" v="both"/>
  <tag k="sidewalk:both:surface" v="paving_stones"/>
  <tag k="smoothness" v="good"/>
  <tag k="surface" v="asphalt"/>
 </way>
 <way id="41524801" visible="true" version="26" changeset="175155325" timestamp="2025-11-26T13:41:12Z" user="Hugoren Martinako" uid="3392826">
  <nd ref="508507097"/>
  <nd ref="510585604"/>
  <nd ref="510585622"/>
  <nd ref="8956504104"/>
  <nd ref="4622210976"/>
  <nd ref="8956504107"/>
  <tag k="cycleway:both" v="no"/>
  <tag k="highway" v="residential"/>
  <tag k="name" v="Bailen kalea"/>
  <tag k="name:es" v="Calle Bailén"/>
  <tag k="name:etymology:wikidata" v="Q1364346"/>
  <tag k="name:eu" v="Bailen kalea"/>
  <tag k="official_name" v="Calle Bailén / Bailen kalea"/>
  <tag k="oneway" v="yes"/>
  <tag k="sidewalk" v="both"/>
  <tag k="sidewalk:both:surface" v="paving_stones"/>
  <tag k="smoothness" v="good"/>
  <tag k="surface" v="asphalt"/>
 </way>
 <way id="51979445" visible="true" version="17" changeset="175155325" timestamp="2025-11-26T13:41:12Z" user="Hugoren Martinako" uid="3392826">
  <nd ref="662840820"/>
  <nd ref="4739465024"/>
  <nd ref="12251121844"/>
  <nd ref="275864750"/>
  <nd ref="12251121845"/>
  <nd ref="5035177774"/>
  <nd ref="275863499"/>
  <tag k="highway" v="residential"/>
  <tag k="lit" v="yes"/>
  <tag k="maxspeed" v="30"/>
  <tag k="maxspeed:type" v="ES:urban"/>
  <tag k="name" v="Castillo jeneralaren kalea"/>
  <tag k="name:es" v="Calle General Castillo"/>
  <tag k="name:eu" v="Castillo jeneralaren kalea"/>
  <tag k="official_name" v="Calle General Castillo / Castillo jeneralaren kalea"/>
  <tag k="oneway" v="yes"/>
  <tag k="surface" v="asphalt"/>
 </way>
 <way id="51979446" visible="true" version="12" changeset="175155325" timestamp="2025-11-26T13:41:12Z" user="Hugoren Martinako" uid="3392826">
  <nd ref="275863502"/>
  <nd ref="12251121840"/>
  <nd ref="12251121841"/>
  <nd ref="275864755"/>
  <nd ref="12251121843"/>
  <nd ref="11298433513"/>
  <nd ref="662840821"/>
  <tag k="highway" v="residential"/>
  <tag k="lit" v="yes"/>
  <tag k="maxspeed" v="30"/>
  <tag k="maxspeed:type" v="ES:urban"/>
  <tag k="name" v="Lamana kalea"/>
  <tag k="name:es" v="Calle Lamana"/>
  <tag k="name:eu" v="Lamana kalea"/>
  <tag k="official_name" v="Calle Lamana / Lamana kalea"/>
  <tag k="oneway" v="yes"/>
  <tag k="surface" v="asphalt"/>
 </way>
 <way id="111172244" visible="true" version="4" changeset="61477236" timestamp="2018-08-08T18:20:43Z" user="Osoitz" uid="2938531">
  <nd ref="1267256042"/>
  <nd ref="1267256045"/>
  <nd ref="1267256039"/>
  <nd ref="1267256044"/>
  <nd ref="1267256043"/>
  <nd ref="1267256040"/>
  <nd ref="1267256038"/>
  <nd ref="1267256041"/>
  <nd ref="1267256042"/>
  <tag k="building" v="apartments"/>
 </way>
 <way id="161870383" visible="true" version="9" changeset="175155325" timestamp="2025-11-26T13:41:20Z" user="Hugoren Martinako" uid="3392826">
  <nd ref="2356116271"/>
  <nd ref="3196926010"/>
  <nd ref="3196925963"/>
  <tag k="access" v="private"/>
  <tag k="busway" v="Particular del Norte kalea"/>
  <tag k="highway" v="service"/>
  <tag k="name" v="Particular del Norte kalea"/>
  <tag k="name:es" v="Calle Particular del Norte"/>
  <tag k="name:eu" v="Particular del Norte kalea"/>
  <tag k="official_name" v="Particular del Norte kalea / Calle Particular del Norte"/>
 </way>
 <way id="161870398" visible="true" version="11" changeset="176047246" timestamp="2025-12-17T12:01:39Z" user="&quot;Yo&quot;" uid="1204180">
  <nd ref="3196925969"/>
  <nd ref="1738295170"/>
  <nd ref="3196925972"/>
  <nd ref="4641951419"/>
  <nd ref="13383306085"/>
  <nd ref="4641951414"/>
  <nd ref="4641951416"/>
  <nd ref="4641951420"/>
  <nd ref="4641951421"/>
  <nd ref="4641951422"/>
  <nd ref="4641951423"/>
  <nd ref="13383306084"/>
  <nd ref="4641951424"/>
  <nd ref="4641951417"/>
  <nd ref="4641951425"/>
  <nd ref="1738295194"/>
  <nd ref="3196925973"/>
  <nd ref="1738295152"/>
  <nd ref="4193592701"/>
  <nd ref="1738295146"/>
  <nd ref="1738295173"/>
  <nd ref="1738295165"/>
  <nd ref="3196925965"/>
  <nd ref="13383306081"/>
  <nd ref="3196925964"/>
  <nd ref="1818583944"/>
  <nd ref="3196926041"/>
  <nd ref="3196926042"/>
  <nd ref="1818583925"/>
  <nd ref="3196925966"/>
  <nd ref="3196925967"/>
  <nd ref="3196925968"/>
  <nd ref="1738295138"/>
  <nd ref="3196925971"/>
  <nd ref="5451388323"/>
  <nd ref="5451388322"/>
  <nd ref="5451388321"/>
  <nd ref="3196925969"/>
  <tag k="access" v="yes"/>
  <tag k="amenity" v="parking"/>
  <tag k="fee" v="yes"/>
  <tag k="name" v="Parking Estación de Abando"/>
  <tag k="operator" v="Saba / Adif"/>
  <tag k="operator:type" v="public"/>
  <tag k="parking" v="surface"/>
  <tag k="surface" v="asphalt"/>
 </way>
 <way id="170703874" visible="true" version="4" changeset="168114533" timestamp="2025-06-25T22:23:09Z" user="pfhllnts" uid="14153197">
  <nd ref="405576220"/>
  <nd ref="12952820217"/>
  <nd ref="12952820216"/>
  <nd ref="12952820214"/>
  <nd ref="1818583902"/>
  <nd ref="12952820399"/>
  <nd ref="1818583951"/>
  <tag k="electrified" v="contact_line"/>
  <tag k="frequency" v="0"/>
  <tag k="gauge" v="1668"/>
  <tag k="railway" v="rail"/>
  <tag k="service" v="siding"/>
  <tag k="voltage" v="3000"/>
 </way>
 <way id="170703876" visible="true" version="6" changeset="168114533" timestamp="2025-06-25T22:23:09Z" user="pfhllnts" uid="14153197">
  <nd ref="1818583854"/>
  <nd ref="4319016022"/>
  <nd ref="1818583859"/>
  <nd ref="12952820227"/>
  <nd ref="4319016021"/>
  <nd ref="1818583883"/>
  <tag k="electrified" v="contact_line"/>
  <tag k="frequency" v="0"/>
  <tag k="gauge" v="1668"/>
  <tag k="railway" v="rail"/>
  <tag k="railway:asfa" v="yes"/>
  <tag k="service" v="siding"/>
  <tag k="voltage" v="3000"/>
 </way>
 <way id="170703878" visible="true" version="6" changeset="176047246" timestamp="2025-12-17T12:01:39Z" user="&quot;Yo&quot;" uid="1204180">
  <nd ref="405576182"/>
  <nd ref="12952820223"/>
  <nd ref="1818583869"/>
  <nd ref="1818583877"/>
  <nd ref="12952820406"/>
  <nd ref="12952820407"/>
  <tag k="electrified" v="contact_line"/>
  <tag k="frequency" v="0"/>
  <tag k="gauge" v="1668"/>
  <tag k="railway" v="rail"/>
  <tag k="service" v="siding"/>
  <tag k="voltage" v="3000"/>
 </way>
 <way id="170703880" visible="true" version="4" changeset="168114533" timestamp="2025-06-25T22:23:09Z" user="pfhllnts" uid="14153197">
  <nd ref="1818583929"/>
  <nd ref="12952820394"/>
  <nd ref="12952820395"/>
  <nd ref="1818583904"/>
  <nd ref="1818583889"/>
  <nd ref="12952820382"/>
  <nd ref="12952820383"/>
  <nd ref="12952820384"/>
  <nd ref="1818583876"/>
  <tag k="electrified" v="contact_line"/>
  <tag k="frequency" v="0"/>
  <tag k="gauge" v="1668"/>
  <tag k="railway" v="rail"/>
  <tag k="service" v="siding"/>
  <tag k="voltage" v="3000"/>
 </way>
 <way id="170703881" visible="true" version="6" changeset="168114533" timestamp="2025-06-25T22:23:09Z" user="pfhllnts" uid="14153197">
  <nd ref="1818583847"/>
  <nd ref="4319016024"/>
  <nd ref="4319016023"/>
  <nd ref="1818583854"/>
  <nd ref="12952820411"/>
  <nd ref="12952820412"/>
  <nd ref="1818583866"/>
  <tag k="electrified" v="contact_line"/>
  <tag k="frequency" v="0"/>
  <tag k="gauge" v="1668"/>
  <tag k="railway" v="rail"/>
  <tag k="railway:asfa" v="yes"/>
  <tag k="service" v="siding"/>
  <tag k="voltage" v="3000"/>
 </way>
 <way id="170703882" visible="true" version="5" changeset="168114533" timestamp="2025-06-25T22:23:09Z" user="pfhllnts" uid="14153197">
  <nd ref="1818583889"/>
  <nd ref="12952820396"/>
  <nd ref="12952820397"/>
  <nd ref="4319016006"/>
  <nd ref="12952820393"/>
  <nd ref="1818583906"/>
  <nd ref="12952820398"/>
  <nd ref="1818583936"/>
  <nd ref="1818583973"/>
  <tag k="electrified" v="contact_line"/>
  <tag k="frequency" v="0"/>
  <tag k="gauge" v="1668"/>
  <tag k="railway" v="rail"/>
  <tag k="service" v="siding"/>
  <tag k="voltage" v="3000"/>
 </way>
 <way id="170703883" visible="true" version="5" changeset="168114533" timestamp="2025-06-25T22:23:09Z" user="pfhllnts" uid="14153197">
  <nd ref="1818583850"/>
  <nd ref="12952820319"/>
  <nd ref="12952820318"/>
  <nd ref="12952820316"/>
  <nd ref="12952820389"/>
  <nd ref="12952820391"/>
  <nd ref="1818583864"/>
  <nd ref="4319016010"/>
  <nd ref="1818583959"/>
  <nd ref="1818583971"/>
  <tag k="electrified" v="contact_line"/>
  <tag k="frequency" v="0"/>
  <tag k="gauge" v="1668"/>
  <tag k="railway" v="rail"/>
  <tag k="service" v="siding"/>
  <tag k="voltage" v="3000"/>
 </way>
 <way id="170703884" visible="true" version="5" changeset="168114533" timestamp="2025-06-25T22:23:09Z" user="pfhllnts" uid="14153197">
  <nd ref="1818583920"/>
  <nd ref="1818583909"/>
  <nd ref="4319016016"/>
  <nd ref="1818583892"/>
  <nd ref="4404512565"/>
  <nd ref="4319016012"/>
  <nd ref="12952820410"/>
  <nd ref="1818583878"/>
  <nd ref="4404512564"/>
  <nd ref="1818583867"/>
  <tag k="electrified" v="contact_line"/>
  <tag k="frequency" v="0"/>
  <tag k="gauge" v="1668"/>
  <tag k="railway" v="rail"/>
  <tag k="service" v="siding"/>
  <tag k="voltage" v="3000"/>
 </way>
 <way id="170703887" visible="true" version="4" changeset="168114533" timestamp="2025-06-25T22:23:09Z" user="pfhllnts" uid="14153197">
  <nd ref="1818583853"/>
  <nd ref="1818583871"/>
  <nd ref="12952820222"/>
  <nd ref="12952820221"/>
  <nd ref="12952820220"/>
  <nd ref="12952820404"/>
  <nd ref="12952820219"/>
  <nd ref="1818583897"/>
  <nd ref="12952820401"/>
  <nd ref="1818583956"/>
  <nd ref="1818583969"/>
  <tag k="electrified" v="contact_line"/>
  <tag k="frequency" v="0"/>
  <tag k="gauge" v="1668"/>
  <tag k="railway" v="rail"/>
  <tag k="service" v="siding"/>
  <tag k="voltage" v="3000"/>
 </way>
 <way id="170703888" visible="true" version="4" changeset="168114533" timestamp="2025-06-25T22:23:09Z" user="pfhllnts" uid="14153197">
  <nd ref="1818583960"/>
  <nd ref="1818583955"/>
  <nd ref="12952820400"/>
  <nd ref="12952820403"/>
  <nd ref="1818583893"/>
  <nd ref="1818583885"/>
  <nd ref="12952820405"/>
  <nd ref="12952820218"/>
  <nd ref="1818583871"/>
  <tag k="electrified" v="contact_line"/>
  <tag k="frequency" v="0"/>
  <tag k="gauge" v="1668"/>
  <tag k="railway" v="rail"/>
  <tag k="service" v="siding"/>
  <tag k="voltage" v="3000"/>
 </way>
 <way id="170703889" visible="true" version="4" changeset="168114533" timestamp="2025-06-25T22:23:09Z" user="pfhllnts" uid="14153197">
  <nd ref="4404512560"/>
  <nd ref="12952820204"/>
  <nd ref="1818583853"/>
  <nd ref="1818583870"/>
  <nd ref="1818583886"/>
  <nd ref="1818583901"/>
  <nd ref="1818583917"/>
  <nd ref="1818583970"/>
  <tag k="electrified" v="contact_line"/>
  <tag k="frequency" v="0"/>
  <tag k="gauge" v="1668"/>
  <tag k="railway" v="rail"/>
  <tag k="service" v="siding"/>
  <tag k="voltage" v="3000"/>
 </way>
 <way id="170703890" visible="true" version="5" changeset="168114533" timestamp="2025-06-25T22:23:09Z" user="pfhllnts" uid="14153197">
  <nd ref="1818583858"/>
  <nd ref="1818583867"/>
  <nd ref="1818583874"/>
  <nd ref="4319016011"/>
  <nd ref="1818583894"/>
  <nd ref="4319016015"/>
  <nd ref="1818583907"/>
  <nd ref="1818583924"/>
  <tag k="electrified" v="contact_line"/>
  <tag k="frequency" v="0"/>
  <tag k="gauge" v="1668"/>
  <tag k="railway" v="rail"/>
  <tag k="service" v="siding"/>
  <tag k="voltage" v="3000"/>
 </way>
 <way id="170703892" visible="true" version="5" changeset="168114533" timestamp="2025-06-25T22:23:09Z" user="pfhllnts" uid="14153197">
  <nd ref="4404512561"/>
  <nd ref="1818583862"/>
  <nd ref="4404512563"/>
  <nd ref="12952820413"/>
  <nd ref="12952820414"/>
  <nd ref="1818583866"/>
  <nd ref="1818583873"/>
  <nd ref="1818583880"/>
  <nd ref="4319016014"/>
  <nd ref="1818583896"/>
  <nd ref="1818583899"/>
  <nd ref="1818583905"/>
  <nd ref="1818583918"/>
  <tag k="electrified" v="contact_line"/>
  <tag k="frequency" v="0"/>
  <tag k="gauge" v="1668"/>
  <tag k="railway" v="rail"/>
  <tag k="service" v="siding"/>
  <tag k="voltage" v="3000"/>
 </way>
 <way id="174486130" visible="true" version="13" changeset="175155325" timestamp="2025-11-26T13:41:20Z" user="Hugoren Martinako" uid="3392826">
  <nd ref="662840821"/>
  <nd ref="662840820"/>
  <nd ref="4739465021"/>
  <nd ref="275858828"/>
  <tag k="highway" v="residential"/>
  <tag k="lit" v="yes"/>
  <tag k="maxspeed:type" v="ES:urban"/>
  <tag k="name" v="Bailen kalea"/>
  <tag k="name:es" v="Calle Bailén"/>
  <tag k="name:etymology:wikidata" v="Q1364346"/>
  <tag k="name:eu" v="Bailen kalea"/>
  <tag k="official_name" v="Calle Bailén / Bailen kalea"/>
  <tag k="oneway" v="yes"/>
  <tag k="surface" v="asphalt"/>
 </way>
 <way id="174495758" visible="true" version="6" changeset="61477236" timestamp="2018-08-08T18:20:48Z" user="Osoitz" uid="2938531">
  <nd ref="1851698821"/>
  <nd ref="1851698771"/>
  <nd ref="1851698772"/>
  <nd ref="2692469504"/>
  <nd ref="1851698719"/>
  <nd ref="1851698797"/>
  <nd ref="5035041113"/>
  <nd ref="1851698820"/>
  <nd ref="1851698818"/>
  <nd ref="1851698821"/>
  <tag k="building" v="apartments"/>
 </way>
 <way id="302253191" visible="true" version="1" changeset="25286380" timestamp="2014-09-07T13:06:21Z" user="Gallarta" uid="246269">
  <nd ref="3065040985"/>
  <nd ref="3065040986"/>
  <nd ref="3065040987"/>
  <nd ref="3065040988"/>
  <nd ref="3065040989"/>
  <nd ref="3065040990"/>
  <nd ref="3065040991"/>
  <nd ref="3065040992"/>
  <nd ref="3065040985"/>
  <tag k="building" v="apartments"/>
 </way>
 <way id="313679778" visible="true" version="2" changeset="143325249" timestamp="2023-10-29T18:17:18Z" user="Txitxarra" uid="14986792">
  <nd ref="3196925963"/>
  <nd ref="11298433511"/>
  <nd ref="662840820"/>
  <tag k="highway" v="service"/>
 </way>
 <way id="313679779" visible="true" version="2" changeset="56850442" timestamp="2018-03-03T15:52:13Z" user="Santi2222" uid="493192">
  <nd ref="3196925970"/>
  <nd ref="1738295138"/>
  <nd ref="3196925971"/>
  <nd ref="5451388323"/>
  <nd ref="5451388322"/>
  <nd ref="5451388321"/>
  <nd ref="3196925969"/>
  <nd ref="1738295170"/>
  <nd ref="3196925972"/>
  <tag k="barrier" v="retaining_wall"/>
 </way>
 <way id="313679780" visible="true" version="4" changeset="165815367" timestamp="2025-05-04T19:09:17Z" user="&quot;Yo&quot;" uid="1204180">
  <nd ref="662840820"/>
  <nd ref="11298433512"/>
  <nd ref="3196925974"/>
  <nd ref="10147696409"/>
  <nd ref="3196925975"/>
  <nd ref="3196925986"/>
  <nd ref="12810202362"/>
  <nd ref="12810202358"/>
  <nd ref="3196925989"/>
  <nd ref="3196925976"/>
  <nd ref="3196925977"/>
  <nd ref="3196925979"/>
  <nd ref="3196925991"/>
  <tag k="access" v="permissive"/>
  <tag k="highway" v="service"/>
 </way>
 <way id="313679782" visible="true" version="1" changeset="26907048" timestamp="2014-11-20T12:43:50Z" user="Voidoid" uid="251029">
  <nd ref="3196925990"/>
  <nd ref="3196925991"/>
  <tag k="highway" v="service"/>
 </way>
 <way id="313679783" visible="true" version="6" changeset="179646011" timestamp="2026-03-10T15:42:58Z" user="&quot;Yo&quot;" uid="1204180">
  <nd ref="3196925992"/>
  <nd ref="3196925993"/>
  <nd ref="3196925994"/>
  <nd ref="3196925995"/>
  <nd ref="13634270092"/>
  <nd ref="3196925992"/>
  <tag k="addr:city" v="Bilbao"/>
  <tag k="addr:housenumber" v="22"/>
  <tag k="addr:postcode" v="48003"/>
  <tag k="addr:street" v="Bailen kalea"/>
  <tag k="addr:unit" v="BIS"/>
  <tag k="amenity" v="post_depot"/>
  <tag k="building" v="commercial"/>
  <tag k="name" v="Correos Estación"/>
  <tag k="operator" v="Correos"/>
  <tag k="operator:wikidata" v="Q776605"/>
 </way>
 <way id="313679786" visible="true" version="2" changeset="165815367" timestamp="2025-05-04T19:09:17Z" user="&quot;Yo&quot;" uid="1204180">
  <nd ref="3196925998"/>
  <nd ref="3196926000"/>
  <nd ref="3196926001"/>
  <nd ref="3196926002"/>
  <nd ref="12810202364"/>
  <nd ref="3196926003"/>
  <nd ref="3196926004"/>
  <nd ref="3196926005"/>
  <nd ref="3196926006"/>
  <nd ref="3196926007"/>
  <nd ref="3196926008"/>
  <nd ref="3196926009"/>
  <nd ref="3196925999"/>
  <nd ref="3196925998"/>
  <tag k="building" v="industrial"/>
 </way>
 <way id="313679791" visible="true" version="1" changeset="26907048" timestamp="2014-11-20T12:43:51Z" user="Voidoid" uid="251029">
  <nd ref="3196926016"/>
  <nd ref="3196926019"/>
  <nd ref="3196926020"/>
  <nd ref="3196926017"/>
  <nd ref="3196926016"/>
  <tag k="building" v="industrial"/>
 </way>
 <way id="313679810" visible="true" version="3" changeset="176047246" timestamp="2025-12-17T12:01:39Z" user="&quot;Yo&quot;" uid="1204180">
  <nd ref="3196925965"/>
  <nd ref="13383306081"/>
  <nd ref="3196925964"/>
  <nd ref="1818583944"/>
  <nd ref="3196926039"/>
  <nd ref="3196926040"/>
  <nd ref="3196925965"/>
  <tag k="building" v="warehouse"/>
  <tag k="name" v="Talleres Renfe Operadora y ADIF"/>
 </way>
 <way id="313679813" visible="true" version="1" changeset="26907048" timestamp="2014-11-20T12:43:51Z" user="Voidoid" uid="251029">
  <nd ref="3196926041"/>
  <nd ref="3196926042"/>
  <nd ref="3196926043"/>
  <nd ref="3196926044"/>
  <nd ref="3196926041"/>
  <tag k="building" v="roof"/>
 </way>
 <way id="419249858" visible="true" version="4" changeset="179646011" timestamp="2026-03-10T15:42:58Z" user="&quot;Yo&quot;" uid="1204180">
  <nd ref="4193592694"/>
  <nd ref="4193592695"/>
  <nd ref="13634270083"/>
  <nd ref="13634270080"/>
  <nd ref="4193592696"/>
  <nd ref="1818583922"/>
  <nd ref="405576151"/>
  <nd ref="4319016008"/>
  <nd ref="4193592697"/>
  <nd ref="12952820302"/>
  <nd ref="4193592694"/>
  <tag k="building" v="industrial"/>
  <tag k="name" v="Talleres Principales"/>
 </way>
 <way id="419249859" visible="true" version="5" changeset="179646011" timestamp="2026-03-10T15:42:58Z" user="&quot;Yo&quot;" uid="1204180">
  <nd ref="4193592698"/>
  <nd ref="13634270078"/>
  <nd ref="4193592699"/>
  <nd ref="13634270079"/>
  <nd ref="4193592700"/>
  <nd ref="13383306086"/>
  <nd ref="4193592701"/>
  <nd ref="1738295152"/>
  <nd ref="4193592698"/>
  <tag k="addr:city" v="Bilbao"/>
  <tag k="addr:housenumber" v="2"/>
  <tag k="addr:postcode" v="48008"/>
  <tag k="addr:street" v="Plaza Circular"/>
  <tag k="addr:unit" v="vía 8 final andén"/>
  <tag k="building" v="office"/>
  <tag k="building:levels" v="3"/>
  <tag k="name" v="Edificio de Informática"/>
 </way>
 <way id="419249860" visible="true" version="6" changeset="179646011" timestamp="2026-03-10T15:42:58Z" user="&quot;Yo&quot;" uid="1204180">
  <nd ref="5155885348"/>
  <nd ref="5155885347"/>
  <nd ref="5155885346"/>
  <nd ref="5155885345"/>
  <nd ref="4193592703"/>
  <nd ref="12952820307"/>
  <nd ref="5155885344"/>
  <nd ref="5155885343"/>
  <nd ref="5155885341"/>
  <nd ref="12952820304"/>
  <nd ref="4193592697"/>
  <nd ref="12952820302"/>
  <nd ref="4193592694"/>
  <nd ref="4193592699"/>
  <nd ref="13634270078"/>
  <nd ref="4193592698"/>
  <nd ref="4193592708"/>
  <nd ref="5155885340"/>
  <nd ref="12952820301"/>
  <nd ref="4193592707"/>
  <nd ref="12952820303"/>
  <nd ref="4193592706"/>
  <nd ref="12952820305"/>
  <nd ref="4193592705"/>
  <nd ref="12952820306"/>
  <nd ref="5155885336"/>
  <nd ref="4193592702"/>
  <nd ref="12952820373"/>
  <nd ref="5155885348"/>
  <tag k="access" v="no"/>
  <tag k="area" v="yes"/>
  <tag k="public_transport" v="platform"/>
  <tag k="railway" v="platform"/>
  <tag k="ref" v="8"/>
 </way>
 <way id="467622496" visible="true" version="26" changeset="188658188" timestamp="2026-09-07T08:41:39Z" user="UnniMan" uid="22771198">
  <nd ref="4622327278"/>
  <nd ref="5454279023"/>
  <nd ref="5454279022"/>
  <nd ref="5454279021"/>
  <nd ref="5454274920"/>
  <nd ref="5454274919"/>
  <nd ref="5454274918"/>
  <nd ref="5454274917"/>
  <nd ref="6090466874"/>
  <nd ref="6090466862"/>
  <nd ref="6090466873"/>
  <nd ref="6090466872"/>
  <nd ref="6090466869"/>
  <nd ref="9848618929"/>
  <nd ref="9848618928"/>
  <nd ref="9848618927"/>
  <nd ref="9848618926"/>
  <nd ref="9848618925"/>
  <nd ref="9848618924"/>
  <nd ref="9848618923"/>
  <nd ref="9848618922"/>
  <nd ref="9848618921"/>
  <nd ref="9848618920"/>
  <nd ref="4622253934"/>
  <nd ref="6090466889"/>
  <nd ref="6090466888"/>
  <nd ref="4622253935"/>
  <nd ref="4622253936"/>
  <nd ref="4622253937"/>
  <nd ref="4622253938"/>
  <nd ref="4622253939"/>
  <nd ref="4622253940"/>
  <nd ref="4622253941"/>
  <nd ref="4622253942"/>
  <nd ref="4622253943"/>
  <nd ref="4622253944"/>
  <nd ref="4622253945"/>
  <nd ref="4622253946"/>
  <nd ref="4622253947"/>
  <nd ref="4622253948"/>
  <nd ref="4622253949"/>
  <nd ref="4622253950"/>
  <nd ref="4622253952"/>
  <nd ref="1738295117"/>
  <nd ref="1738295163"/>
  <nd ref="4622206211"/>
  <tag k="electrified" v="contact_line"/>
  <tag k="frequency" v="0"/>
  <tag k="gauge" v="1000"/>
  <tag k="layer" v="-2"/>
  <tag k="maxspeed" v="60"/>
  <tag k="name" v="Santander-Bilbo trenbidea"/>
  <tag k="name:es" v="Ferrocarril Santander-Bilbao"/>
  <tag k="name:eu" v="Santander-Bilbo trenbidea"/>
  <tag k="operator" v="Adif"/>
  <tag k="passenger_lines" v="2"/>
  <tag k="railway" v="narrow_gauge"/>
  <tag k="railway:asfa" v="yes"/>
  <tag k="ref" v="780"/>
  <tag k="tunnel" v="yes"/>
  <tag k="usage" v="main"/>
  <tag k="voltage" v="1500"/>
 </way>
 <way id="467629505" visible="true" version="24" changeset="188658188" timestamp="2026-09-07T08:41:39Z" user="UnniMan" uid="22771198">
  <nd ref="1738295168"/>
  <nd ref="1275720372"/>
  <nd ref="1275720368"/>
  <nd ref="4518570580"/>
  <nd ref="4622253951"/>
  <nd ref="4622253933"/>
  <nd ref="4622253932"/>
  <nd ref="4622253931"/>
  <nd ref="4622253930"/>
  <nd ref="4622253929"/>
  <nd ref="4622253928"/>
  <nd ref="4622253927"/>
  <nd ref="4622253926"/>
  <nd ref="4622253925"/>
  <nd ref="4622253924"/>
  <nd ref="4622253923"/>
  <nd ref="4622253922"/>
  <nd ref="4622253921"/>
  <nd ref="4622253920"/>
  <nd ref="4622253919"/>
  <nd ref="4622253918"/>
  <nd ref="4622253917"/>
  <nd ref="6090466887"/>
  <nd ref="4622253916"/>
  <nd ref="9848618930"/>
  <nd ref="9848618931"/>
  <nd ref="9848618932"/>
  <nd ref="9848618933"/>
  <nd ref="9848618934"/>
  <nd ref="9848618935"/>
  <nd ref="9848618936"/>
  <nd ref="9848618937"/>
  <nd ref="9848618938"/>
  <nd ref="9848618939"/>
  <nd ref="6090466881"/>
  <nd ref="6090466884"/>
  <nd ref="6090466885"/>
  <nd ref="6090466861"/>
  <nd ref="14159121651"/>
  <nd ref="6090466886"/>
  <nd ref="5454274907"/>
  <nd ref="5454274908"/>
  <nd ref="5454274909"/>
  <nd ref="5454274910"/>
  <nd ref="5454274911"/>
  <nd ref="5454274912"/>
  <nd ref="5454274913"/>
  <nd ref="4622327265"/>
  <tag k="electrified" v="contact_line"/>
  <tag k="frequency" v="0"/>
  <tag k="gauge" v="1000"/>
  <tag k="layer" v="-2"/>
  <tag k="maxspeed" v="60"/>
  <tag k="name" v="Santander-Bilbo trenbidea"/>
  <tag k="name:es" v="Ferrocarril Santander-Bilbao"/>
  <tag k="name:eu" v="Santander-Bilbo trenbidea"/>
  <tag k="operator" v="Adif"/>
  <tag k="passenger_lines" v="2"/>
  <tag k="railway" v="narrow_gauge"/>
  <tag k="railway:asfa" v="yes"/>
  <tag k="railway:track_ref" v="2"/>
  <tag k="ref" v="780"/>
  <tag k="tunnel" v="yes"/>
  <tag k="usage" v="main"/>
  <tag k="voltage" v="1500"/>
 </way>
 <way id="547228917" visible="true" version="5" changeset="181976550" timestamp="2026-04-29T08:36:13Z" user="squeaker_andrus" uid="21243039">
  <nd ref="1738295138"/>
  <nd ref="3196925970"/>
  <nd ref="3196926020"/>
  <nd ref="3196926019"/>
  <nd ref="3196926016"/>
  <nd ref="3196926013"/>
  <nd ref="3196926012"/>
  <nd ref="3196926015"/>
  <nd ref="3196926014"/>
  <nd ref="3196926018"/>
  <nd ref="3196926036"/>
  <nd ref="3196926035"/>
  <nd ref="3196926023"/>
  <nd ref="3196926022"/>
  <nd ref="3196926021"/>
  <nd ref="3196926025"/>
  <nd ref="3196926024"/>
  <nd ref="3196926032"/>
  <nd ref="3196926031"/>
  <nd ref="3196926028"/>
  <nd ref="3196926029"/>
  <nd ref="5287445684"/>
  <nd ref="405576180"/>
  <nd ref="1818583837"/>
  <nd ref="1818583838"/>
  <nd ref="1738295127"/>
  <nd ref="3779252936"/>
  <nd ref="1738295125"/>
  <nd ref="1738295128"/>
  <nd ref="1582382469"/>
  <nd ref="5287445683"/>
  <nd ref="5287445682"/>
  <nd ref="5287445681"/>
  <nd ref="5287445680"/>
  <nd ref="4016986958"/>
  <nd ref="5155630601"/>
  <nd ref="5287445679"/>
  <nd ref="4016986954"/>
  <nd ref="5155630598"/>
  <nd ref="316419079"/>
  <nd ref="5155630606"/>
  <nd ref="4641951447"/>
  <nd ref="4641951445"/>
  <nd ref="5155630592"/>
  <nd ref="5155630589"/>
  <nd ref="4641951443"/>
  <nd ref="4641951441"/>
  <nd ref="5155648132"/>
  <nd ref="5155648131"/>
  <nd ref="4641951438"/>
  <nd ref="1818583965"/>
  <nd ref="5155655972"/>
  <nd ref="5155655970"/>
  <nd ref="4641951434"/>
  <nd ref="4641951436"/>
  <nd ref="4193592708"/>
  <nd ref="4193592698"/>
  <nd ref="13634270078"/>
  <nd ref="4193592699"/>
  <nd ref="13634270079"/>
  <nd ref="4193592700"/>
  <nd ref="13383306086"/>
  <nd ref="4193592701"/>
  <nd ref="1738295146"/>
  <nd ref="1738295173"/>
  <nd ref="1738295165"/>
  <nd ref="3196925965"/>
  <nd ref="3196926040"/>
  <nd ref="3196926039"/>
  <nd ref="1818583944"/>
  <nd ref="3196926041"/>
  <nd ref="3196926042"/>
  <nd ref="1818583925"/>
  <nd ref="3196925966"/>
  <nd ref="3196925967"/>
  <nd ref="3196925968"/>
  <nd ref="1738295138"/>
  <tag k="landuse" v="railway"/>
  <tag k="operator" v="ADIF"/>
 </way>
 <way id="624276889" visible="true" version="2" changeset="62463986" timestamp="2018-09-10T18:42:39Z" user="Santi2222" uid="493192">
  <nd ref="5896999341"/>
  <nd ref="5895087950"/>
  <nd ref="5895087951"/>
  <nd ref="5895087952"/>
  <nd ref="5895087953"/>
  <nd ref="5895087954"/>
  <tag k="admin_level" v="9"/>
  <tag k="boundary" v="administrative"/>
 </way>
 <way id="1208739140" visible="true" version="2" changeset="168706828" timestamp="2025-07-09T17:19:20Z" user="Johnbo" uid="915796">
  <nd ref="12990087565"/>
  <nd ref="11199518400"/>
  <nd ref="1851698809"/>
  <tag k="crossing" v="uncontrolled"/>
  <tag k="crossing:island" v="no"/>
  <tag k="crossing:markings" v="zebra"/>
  <tag k="footway" v="crossing"/>
  <tag k="highway" v="footway"/>
 </way>
 <way id="1208744320" visible="true" version="3" changeset="175155325" timestamp="2025-11-26T13:41:33Z" user="Hugoren Martinako" uid="3392826">
  <nd ref="508507097"/>
  <nd ref="662840821"/>
  <tag k="cycleway:both" v="no"/>
  <tag k="highway" v="residential"/>
  <tag k="lit" v="yes"/>
  <tag k="maxspeed:type" v="ES:urban"/>
  <tag k="name" v="Bailen kalea"/>
  <tag k="name:es" v="Calle Bailén"/>
  <tag k="name:etymology:wikidata" v="Q1364346"/>
  <tag k="name:eu" v="Bailen kalea"/>
  <tag k="official_name" v="Calle Bailén / Bailen kalea"/>
  <tag k="oneway" v="yes"/>
  <tag k="surface" v="asphalt"/>
 </way>
 <way id="1219360162" visible="true" version="2" changeset="168706828" timestamp="2025-07-09T17:19:20Z" user="Johnbo" uid="915796">
  <nd ref="12990087551"/>
  <nd ref="11298433511"/>
  <nd ref="11298433512"/>
  <nd ref="11298433510"/>
  <tag k="crossing" v="uncontrolled"/>
  <tag k="crossing:markings" v="yes"/>
  <tag k="footway" v="crossing"/>
  <tag k="highway" v="footway"/>
 </way>
 <way id="1254987590" visible="true" version="1" changeset="147946275" timestamp="2024-02-26T19:35:29Z" user="Theklan" uid="72249">
  <nd ref="11666093341"/>
  <nd ref="11666093342"/>
  <nd ref="11666093343"/>
  <nd ref="11666093344"/>
  <nd ref="11666093345"/>
  <nd ref="11666093341"/>
  <tag k="building" v="apartments"/>
 </way>
 <way id="1254987591" visible="true" version="1" changeset="147946275" timestamp="2024-02-26T19:35:29Z" user="Theklan" uid="72249">
  <nd ref="11666093341"/>
  <nd ref="11666093346"/>
  <nd ref="11666093347"/>
  <nd ref="11666093342"/>
  <nd ref="11666093341"/>
  <tag k="building" v="apartments"/>
 </way>
 <way id="1254987592" visible="true" version="1" changeset="147946275" timestamp="2024-02-26T19:35:29Z" user="Theklan" uid="72249">
  <nd ref="11666093347"/>
  <nd ref="11666093348"/>
  <nd ref="11666093349"/>
  <nd ref="11666093346"/>
  <nd ref="11666093347"/>
  <tag k="building" v="apartments"/>
 </way>
 <way id="1254987601" visible="true" version="1" changeset="147946275" timestamp="2024-02-26T19:35:29Z" user="Theklan" uid="72249">
  <nd ref="11666095675"/>
  <nd ref="11666095676"/>
  <nd ref="11666095674"/>
  <nd ref="11666095673"/>
  <nd ref="11666095675"/>
  <tag k="building" v="apartments"/>
 </way>
 <way id="1254987602" visible="true" version="1" changeset="147946275" timestamp="2024-02-26T19:35:29Z" user="Theklan" uid="72249">
  <nd ref="11666095675"/>
  <nd ref="11666095677"/>
  <nd ref="11666095678"/>
  <nd ref="11666095676"/>
  <nd ref="11666095675"/>
  <tag k="building" v="apartments"/>
 </way>
 <way id="1254987603" visible="true" version="1" changeset="147946275" timestamp="2024-02-26T19:35:29Z" user="Theklan" uid="72249">
  <nd ref="11666095678"/>
  <nd ref="11666095679"/>
  <nd ref="11666095680"/>
  <nd ref="11666093345"/>
  <nd ref="11666095681"/>
  <nd ref="11666095677"/>
  <nd ref="11666095678"/>
  <tag k="building" v="apartments"/>
 </way>
 <way id="1255230570" visible="true" version="1" changeset="147969892" timestamp="2024-02-27T11:55:17Z" user="Theklan" uid="72249">
  <nd ref="11668913295"/>
  <nd ref="11668913296"/>
  <nd ref="11668913297"/>
  <nd ref="11668913298"/>
  <nd ref="11668913299"/>
  <nd ref="11668913292"/>
  <nd ref="11668913295"/>
  <tag k="building" v="apartments"/>
 </way>
 <way id="1255230585" visible="true" version="1" changeset="147969892" timestamp="2024-02-27T11:55:17Z" user="Theklan" uid="72249">
  <nd ref="11668913359"/>
  <nd ref="11668915794"/>
  <nd ref="11668913360"/>
  <nd ref="11668913361"/>
  <nd ref="11668913362"/>
  <nd ref="11668913359"/>
  <tag k="building" v="apartments"/>
 </way>
 <way id="1255230586" visible="true" version="1" changeset="147969892" timestamp="2024-02-27T11:55:17Z" user="Theklan" uid="72249">
  <nd ref="11668913362"/>
  <nd ref="11668913363"/>
  <nd ref="11668913367"/>
  <nd ref="11668913364"/>
  <nd ref="11668913361"/>
  <nd ref="11668913362"/>
  <tag k="building" v="apartments"/>
 </way>
 <way id="1255230587" visible="true" version="2" changeset="168706828" timestamp="2025-07-09T17:19:20Z" user="Johnbo" uid="915796">
  <nd ref="11668913363"/>
  <nd ref="12990087561"/>
  <nd ref="11668913365"/>
  <nd ref="11668913366"/>
  <nd ref="11668913367"/>
  <nd ref="11668913363"/>
  <tag k="building" v="apartments"/>
 </way>
 <way id="1255230588" visible="true" version="1" changeset="147969892" timestamp="2024-02-27T11:55:17Z" user="Theklan" uid="72249">
  <nd ref="11668913366"/>
  <nd ref="11668913368"/>
  <nd ref="11668915769"/>
  <nd ref="11668915773"/>
  <nd ref="11668913364"/>
  <nd ref="11668913367"/>
  <nd ref="11668913366"/>
  <tag k="building" v="apartments"/>
 </way>
 <way id="1255230589" visible="true" version="1" changeset="147969892" timestamp="2024-02-27T11:55:17Z" user="Theklan" uid="72249">
  <nd ref="11668913368"/>
  <nd ref="11668915770"/>
  <nd ref="11668915771"/>
  <nd ref="11668915772"/>
  <nd ref="11668915773"/>
  <nd ref="11668915769"/>
  <nd ref="11668913368"/>
  <tag k="building" v="apartments"/>
 </way>
 <way id="1255230590" visible="true" version="1" changeset="147969892" timestamp="2024-02-27T11:55:17Z" user="Theklan" uid="72249">
  <nd ref="11668915772"/>
  <nd ref="11668915774"/>
  <nd ref="11668915775"/>
  <nd ref="11668915771"/>
  <nd ref="11668915772"/>
  <tag k="building" v="apartments"/>
 </way>
 <way id="1255230591" visible="true" version="2" changeset="184970687" timestamp="2026-07-02T11:39:46Z" user="tx94" uid="11156042">
  <nd ref="11668915774"/>
  <nd ref="13982874701"/>
  <nd ref="11668915776"/>
  <nd ref="11668915777"/>
  <nd ref="11668915775"/>
  <nd ref="11668915774"/>
  <tag k="building" v="apartments"/>
 </way>
 <way id="1255230592" visible="true" version="2" changeset="184970687" timestamp="2026-07-02T11:39:46Z" user="tx94" uid="11156042">
  <nd ref="11668915776"/>
  <nd ref="13982858098"/>
  <nd ref="13982858097"/>
  <nd ref="11668915778"/>
  <nd ref="11668915779"/>
  <nd ref="11668915777"/>
  <nd ref="11668915776"/>
  <tag k="building" v="apartments"/>
 </way>
 <way id="1255230593" visible="true" version="2" changeset="184970687" timestamp="2026-07-02T11:39:46Z" user="tx94" uid="11156042">
  <nd ref="11668915778"/>
  <nd ref="11668915782"/>
  <nd ref="11668915783"/>
  <nd ref="11668915784"/>
  <nd ref="11668915785"/>
  <nd ref="11668915786"/>
  <nd ref="11668915787"/>
  <nd ref="11668915788"/>
  <nd ref="11668915779"/>
  <nd ref="11668915778"/>
  <tag k="building" v="apartments"/>
 </way>
 <way id="1255230594" visible="true" version="2" changeset="184970687" timestamp="2026-07-02T11:39:46Z" user="tx94" uid="11156042">
  <nd ref="11668915786"/>
  <nd ref="11668915790"/>
  <nd ref="13982858099"/>
  <nd ref="11668915791"/>
  <nd ref="11668915792"/>
  <nd ref="13982858100"/>
  <nd ref="11668915793"/>
  <nd ref="11668913359"/>
  <nd ref="11668915794"/>
  <nd ref="11668915795"/>
  <nd ref="13982858096"/>
  <nd ref="11668915785"/>
  <nd ref="11668915786"/>
  <tag k="building" v="apartments"/>
 </way>
 <way id="1383620284" visible="true" version="1" changeset="165815367" timestamp="2025-05-04T19:09:17Z" user="&quot;Yo&quot;" uid="1204180">
  <nd ref="3196925990"/>
  <nd ref="12810202357"/>
  <nd ref="12810202358"/>
  <tag k="highway" v="service"/>
  <tag k="oneway" v="yes"/>
  <tag k="service" v="parking_aisle"/>
 </way>
 <way id="1383620285" visible="true" version="1" changeset="165815367" timestamp="2025-05-04T19:09:17Z" user="&quot;Yo&quot;" uid="1204180">
  <nd ref="12810202359"/>
  <nd ref="12810202360"/>
  <nd ref="12810202361"/>
  <nd ref="3196925985"/>
  <tag k="access" v="private"/>
  <tag k="highway" v="service"/>
  <tag k="service" v="parking_aisle"/>
 </way>
 <way id="1408838929" visible="true" version="10" changeset="184970687" timestamp="2026-07-02T11:39:46Z" user="tx94" uid="11156042">
  <nd ref="263999537"/>
  <nd ref="263999536"/>
  <nd ref="13650017313"/>
  <nd ref="263999535"/>
  <nd ref="263999534"/>
  <nd ref="263999532"/>
  <nd ref="4199082430"/>
  <nd ref="4141028886"/>
  <nd ref="263999529"/>
  <nd ref="263999527"/>
  <nd ref="13650017317"/>
  <nd ref="263999746"/>
  <nd ref="8956504079"/>
  <nd ref="11306286099"/>
  <nd ref="13982874766"/>
  <nd ref="13650017329"/>
  <nd ref="263999727"/>
  <nd ref="13982874754"/>
  <nd ref="508507097"/>
  <nd ref="662840821"/>
  <nd ref="11298433509"/>
  <nd ref="3196926037"/>
  <nd ref="3196926038"/>
  <nd ref="405576180"/>
  <nd ref="5287445683"/>
  <nd ref="1268981897"/>
  <nd ref="13254605068"/>
  <nd ref="9834740137"/>
  <nd ref="9834740138"/>
  <nd ref="9834740139"/>
  <nd ref="1776930685"/>
  <nd ref="4747097653"/>
  <nd ref="3187689610"/>
  <nd ref="1268983075"/>
  <nd ref="12946932550"/>
  <nd ref="13249713134"/>
  <nd ref="12946932551"/>
  <nd ref="12401140436"/>
  <nd ref="12401177430"/>
  <nd ref="12946932552"/>
  <nd ref="4183627329"/>
  <nd ref="1689543111"/>
  <nd ref="12946932553"/>
  <nd ref="12946932554"/>
  <nd ref="8399113111"/>
  <nd ref="8399176118"/>
  <nd ref="13960316307"/>
  <nd ref="7193872750"/>
  <nd ref="12946932555"/>
  <nd ref="12946932556"/>
  <nd ref="5708340443"/>
  <nd ref="12946932557"/>
  <nd ref="13960316359"/>
  <nd ref="12946932558"/>
  <nd ref="12946932559"/>
  <nd ref="12946932560"/>
  <nd ref="12946932561"/>
  <nd ref="12946932562"/>
  <nd ref="12946932563"/>
  <nd ref="12946932564"/>
  <nd ref="12946932565"/>
  <nd ref="12946932566"/>
  <nd ref="12946932567"/>
  <nd ref="12946932568"/>
  <nd ref="12946932569"/>
  <nd ref="12946932570"/>
  <nd ref="12946932571"/>
  <nd ref="12946932572"/>
  <nd ref="12946932573"/>
  <nd ref="12946932574"/>
  <nd ref="9869033007"/>
  <nd ref="263999537"/>
  <tag k="access:conditional" v="no @ (07:00 - 20:00)"/>
  <tag k="boundary" v="low_emission_zone"/>
  <tag k="name" v="Emisio Gutxiko Ermua"/>
  <tag k="name:ast" v="Zona d'Emisiones Baxes"/>
  <tag k="name:en" v="Low Emission Zone"/>
  <tag k="name:es" v="Zona de Bajas Emisiones"/>
  <tag k="name:eu" v="Emisio Gutxiko Ermua"/>
  <tag k="short_name" v="EGE / ZBE"/>
  <tag k="short_name:ast" v="ZEB"/>
  <tag k="short_name:en" v="LEZ"/>
  <tag k="short_name:es" v="ZBE"/>
  <tag k="short_name:eu" v="EGE"/>
  <tag k="start_date" v="2024-06-15"/>
  <tag k="website" v="https://www.bilbao.eus/cs/Satellite?cid=1279231359138&amp;language=eu&amp;pagename=Bilbaonet%2FPage%2FBIO_contenidoFinal"/>
 </way>
 <way id="1413530691" visible="true" version="2" changeset="186161765" timestamp="2026-07-22T07:44:37Z" user="tx94" uid="11156042">
  <nd ref="12990087543"/>
  <nd ref="12990087544"/>
  <nd ref="14038741559"/>
  <nd ref="12990087545"/>
  <nd ref="12990087546"/>
  <nd ref="12990087547"/>
  <nd ref="12990087548"/>
  <nd ref="12990087549"/>
  <nd ref="12990087550"/>
  <nd ref="12990087551"/>
  <tag k="footway" v="sidewalk"/>
  <tag k="highway" v="footway"/>
 </way>
 <way id="1413530693" visible="true" version="1" changeset="168706828" timestamp="2025-07-09T17:19:20Z" user="Johnbo" uid="915796">
  <nd ref="12990087552"/>
  <nd ref="12990087553"/>
  <nd ref="12990087554"/>
  <tag k="footway" v="sidewalk"/>
  <tag k="highway" v="footway"/>
 </way>
 <way id="1413530694" visible="true" version="1" changeset="168706828" timestamp="2025-07-09T17:19:20Z" user="Johnbo" uid="915796">
  <nd ref="12990087554"/>
  <nd ref="4739465024"/>
  <nd ref="12990087555"/>
  <tag k="crossing" v="uncontrolled"/>
  <tag k="crossing:island" v="no"/>
  <tag k="crossing:markings" v="zebra"/>
  <tag k="footway" v="crossing"/>
  <tag k="highway" v="footway"/>
 </way>
 <way id="1413530695" visible="true" version="1" changeset="168706828" timestamp="2025-07-09T17:19:20Z" user="Johnbo" uid="915796">
  <nd ref="12990087555"/>
  <nd ref="12990087556"/>
  <nd ref="12990087557"/>
  <nd ref="12990087558"/>
  <tag k="footway" v="sidewalk"/>
  <tag k="highway" v="footway"/>
 </way>
 <way id="1413530696" visible="true" version="1" changeset="168706828" timestamp="2025-07-09T17:19:20Z" user="Johnbo" uid="915796">
  <nd ref="12990087558"/>
  <nd ref="11298433513"/>
  <nd ref="12990087559"/>
  <tag k="crossing" v="uncontrolled"/>
  <tag k="crossing:island" v="no"/>
  <tag k="crossing:markings" v="zebra"/>
  <tag k="footway" v="crossing"/>
  <tag k="highway" v="footway"/>
 </way>
 <way id="1413530697" visible="true" version="1" changeset="168706828" timestamp="2025-07-09T17:19:20Z" user="Johnbo" uid="915796">
  <nd ref="12990087559"/>
  <nd ref="12990087560"/>
  <nd ref="12990087562"/>
  <nd ref="12990087563"/>
  <nd ref="12990087564"/>
  <nd ref="12990087565"/>
  <tag k="footway" v="sidewalk"/>
  <tag k="highway" v="footway"/>
 </way>
 <way id="1413530698" visible="true" version="1" changeset="168706828" timestamp="2025-07-09T17:19:20Z" user="Johnbo" uid="915796">
  <nd ref="1851698809"/>
  <nd ref="12990087567"/>
  <nd ref="12990087568"/>
  <nd ref="12990087569"/>
  <nd ref="12990087570"/>
  <tag k="footway" v="sidewalk"/>
  <tag k="highway" v="footway"/>
 </way>
 <way id="1459283894" visible="true" version="2" changeset="179646011" timestamp="2026-03-10T15:42:58Z" user="&quot;Yo&quot;" uid="1204180">
  <nd ref="13383306058"/>
  <nd ref="13383306059"/>
  <nd ref="13383306068"/>
  <nd ref="13383306060"/>
  <nd ref="13383306061"/>
  <nd ref="13383306058"/>
  <tag k="building" v="yes"/>
  <tag k="layer" v="1"/>
  <tag k="name" v="Almacén Electrificación"/>
 </way>
 <way id="1459283895" visible="true" version="1" changeset="176047246" timestamp="2025-12-17T12:01:39Z" user="&quot;Yo&quot;" uid="1204180">
  <nd ref="13383306059"/>
  <nd ref="13383306062"/>
  <nd ref="13383306063"/>
  <nd ref="13383306064"/>
  <nd ref="13383306065"/>
  <nd ref="13383306066"/>
  <nd ref="13383306067"/>
  <nd ref="13383306068"/>
  <nd ref="13383306059"/>
  <tag k="building" v="yes"/>
  <tag k="layer" v="1"/>
 </way>
 <way id="1459283901" visible="true" version="1" changeset="176047246" timestamp="2025-12-17T12:01:39Z" user="&quot;Yo&quot;" uid="1204180">
  <nd ref="12952820407"/>
  <nd ref="1818583890"/>
  <tag k="covered" v="yes"/>
  <tag k="electrified" v="contact_line"/>
  <tag k="frequency" v="0"/>
  <tag k="gauge" v="1668"/>
  <tag k="railway" v="rail"/>
  <tag k="service" v="siding"/>
  <tag k="voltage" v="3000"/>
 </way>
 <way id="1487255748" visible="true" version="1" changeset="179646011" timestamp="2026-03-10T15:42:58Z" user="&quot;Yo&quot;" uid="1204180">
  <nd ref="13634270080"/>
  <nd ref="13634270081"/>
  <nd ref="13634270082"/>
  <nd ref="13634270083"/>
  <nd ref="13634270080"/>
  <tag k="building" v="roof"/>
  <tag k="layer" v="1"/>
 </way>
 <way id="1487255749" visible="true" version="1" changeset="179646011" timestamp="2026-03-10T15:42:58Z" user="&quot;Yo&quot;" uid="1204180">
  <nd ref="13634270084"/>
  <nd ref="13634270085"/>
  <nd ref="13634270086"/>
  <nd ref="13634270087"/>
  <nd ref="13634270088"/>
  <nd ref="13634270089"/>
  <nd ref="13634270090"/>
  <nd ref="13634270091"/>
  <nd ref="13634270092"/>
  <nd ref="3196925992"/>
  <nd ref="13634270093"/>
  <nd ref="13634270094"/>
  <nd ref="13634270084"/>
  <tag k="building" v="yes"/>
 </way>
 <way id="1487255750" visible="true" version="1" changeset="179646011" timestamp="2026-03-10T15:42:58Z" user="&quot;Yo&quot;" uid="1204180">
  <nd ref="13634270097"/>
  <nd ref="13634270098"/>
  <nd ref="13634270099"/>
  <nd ref="13634270100"/>
  <nd ref="13634270097"/>
  <tag k="building" v="yes"/>
 </way>
 <way id="1534230166" visible="true" version="1" changeset="184905714" timestamp="2026-07-01T10:19:24Z" user="tx94" uid="11156042">
  <nd ref="13980126069"/>
  <nd ref="13980126070"/>
  <nd ref="13980126071"/>
  <nd ref="13980126072"/>
  <nd ref="13980126069"/>
  <tag k="building" v="yes"/>
 </way>
 <way id="1534230167" visible="true" version="1" changeset="184905714" timestamp="2026-07-01T10:19:24Z" user="tx94" uid="11156042">
  <nd ref="13980126073"/>
  <nd ref="13980126070"/>
  <nd ref="13980126069"/>
  <nd ref="13980126074"/>
  <nd ref="13980126075"/>
  <nd ref="13980126073"/>
  <tag k="building" v="yes"/>
 </way>
 <way id="1534230171" visible="true" version="1" changeset="184905714" timestamp="2026-07-01T10:19:24Z" user="tx94" uid="11156042">
  <nd ref="275863502"/>
  <nd ref="13980126086"/>
  <nd ref="4739796156"/>
  <tag k="highway" v="living_street"/>
  <tag k="lit" v="yes"/>
  <tag k="maxspeed" v="30"/>
  <tag k="maxspeed:type" v="ES:urban"/>
  <tag k="name" v="Hernani kalea"/>
  <tag k="name:es" v="Calle Hernani"/>
  <tag k="name:etymology:wikidata" v="Q1441329"/>
  <tag k="name:eu" v="Hernani kalea"/>
  <tag k="official_name" v="Calle Hernani / Hernani kalea"/>
  <tag k="oneway" v="yes"/>
  <tag k="sidewalk" v="both"/>
  <tag k="surface" v="asphalt"/>
 </way>
 <relation id="339549" visible="true" version="44" changeset="181984197" timestamp="2026-04-29T11:46:08Z" user="Hugoren Martinako" uid="3392826">
  <member type="way" ref="45315441" role="outer"/>
  <member type="way" ref="45315442" role="outer"/>
  <member type="way" ref="624275780" role="outer"/>
  <member type="way" ref="624462754" role="outer"/>
  <member type="way" ref="45315443" role="outer"/>
  <member type="way" ref="624275781" role="outer"/>
  <member type="way" ref="45315462" role="outer"/>
  <member type="way" ref="45315449" role="outer"/>
  <member type="way" ref="624277141" role="outer"/>
  <member type="way" ref="624276890" role="outer"/>
  <member type="way" ref="45315437" role="outer"/>
  <member type="way" ref="624469687" role="outer"/>
  <member type="way" ref="624276895" role="outer"/>
  <member type="way" ref="45315448" role="outer"/>
  <member type="way" ref="45315446" role="outer"/>
  <member type="way" ref="624275774" role="outer"/>
  <member type="way" ref="624275777" role="outer"/>
  <member type="node" ref="27000762" role="label"/>
  <member type="relation" ref="8671677" role="subarea"/>
  <tag k="admin_level" v="8"/>
  <tag k="boundary" v="administrative"/>
  <tag k="idee:name" v="Bilbao"/>
  <tag k="ine:municipio" v="48020"/>
  <tag k="name" v="Bilbao"/>
  <tag k="name:an" v="Bilbau"/>
  <tag k="name:ar" v="بلباو"/>
  <tag k="name:be" v="Більбаа"/>
  <tag k="name:bg" v="Билбао"/>
  <tag k="name:br" v="Bilbo"/>
  <tag k="name:ca" v="Bilbao"/>
  <tag k="name:ce" v="Билбао"/>
  <tag k="name:ckb" v="بیلباو"/>
  <tag k="name:cy" v="Bilbo"/>
  <tag k="name:el" v="Μπιλμπάο"/>
  <tag k="name:eo" v="Bilbao"/>
  <tag k="name:es" v="Bilbao"/>
  <tag k="name:eu" v="Bilbao"/>
  <tag k="name:ext" v="Bilbau"/>
  <tag k="name:fa" v="بیلبائو"/>
  <tag k="name:fr" v="Bilbao"/>
  <tag k="name:he" v="בילבאו"/>
  <tag k="name:hy" v="Բիլբաո"/>
  <tag k="name:ja" v="ビルバオ"/>
  <tag k="name:ka" v="ბილბაო"/>
  <tag k="name:kk" v="Бильбао"/>
  <tag k="name:ko" v="빌바오"/>
  <tag k="name:la" v="Bilbaum"/>
  <tag k="name:mhr" v="Бильбао"/>
  <tag k="name:mn" v="Бильбао"/>
  <tag k="name:mr" v="बिल्बाओ"/>
  <tag k="name:os" v="Бильбао"/>
  <tag k="name:pms" v="Bilbo"/>
  <tag k="name:pt" v="Bilbau"/>
  <tag k="name:ru" v="Бильбао"/>
  <tag k="name:sr" v="Билбао"/>
  <tag k="name:th" v="บิลบาโอ"/>
  <tag k="name:uk" v="Більбао"/>
  <tag k="name:xmf" v="ბილბაო"/>
  <tag k="name:zh" v="毕尔巴鄂"/>
  <tag k="population" v="350975"/>
  <tag k="population:date" v="2025"/>
  <tag k="postal_code" v="48001;48002;48003;48004;48005;48006;48007;48008;48009;48010;48011;48012;48013;48014;48015"/>
  <tag k="ref:ine" v="48020000000"/>
  <tag k="source" v="BDLL25, EGRN, Instituto Geográfico Nacional"/>
  <tag k="type" v="boundary"/>
  <tag k="website" v="https://www.bilbao.eus"/>
  <tag k="wikidata" v="Q8692"/>
  <tag k="wikipedia" v="eu:Bilbo"/>
  <tag k="wikipedia:es" v="Bilbao"/>
  <tag k="wikipedia:eu" v="Bilbo"/>
 </relation>
 <relation id="542338" visible="true" version="111" changeset="188709461" timestamp="2026-09-08T08:32:37Z" user="sanchi" uid="170106">
  <member type="node" ref="5451385120" role="stop"/>
  <member type="way" ref="967947197" role="platform"/>
  <member type="node" ref="5299959450" role="stop"/>
  <member type="node" ref="4944868144" role="stop"/>
  <member type="way" ref="504316339" role="platform"/>
  <member type="node" ref="683366782" role="stop"/>
  <member type="way" ref="468510035" role="platform"/>
  <member type="node" ref="683371933" role="stop"/>
  <member type="way" ref="458058868" role="platform"/>
  <member type="node" ref="683387865" role="stop"/>
  <member type="way" ref="490738231" role="platform"/>
  <member type="node" ref="683387749" role="stop"/>
  <member type="way" ref="445051838" role="platform"/>
  <member type="node" ref="683390230" role="stop"/>
  <member type="way" ref="444134316" role="platform"/>
  <member type="node" ref="683398151" role="stop"/>
  <member type="way" ref="444134312" role="platform"/>
  <member type="node" ref="683405101" role="stop"/>
  <member type="way" ref="444134310" role="platform"/>
  <member type="node" ref="683405046" role="stop"/>
  <member type="way" ref="444134308" role="platform"/>
  <member type="node" ref="683635947" role="stop"/>
  <member type="way" ref="444134304" role="platform"/>
  <member type="node" ref="683414819" role="stop"/>
  <member type="way" ref="444134307" role="platform"/>
  <member type="node" ref="683414804" role="stop"/>
  <member type="way" ref="444028228" role="platform"/>
  <member type="node" ref="683630126" role="stop"/>
  <member type="way" ref="444028218" role="platform"/>
  <member type="node" ref="683630019" role="stop"/>
  <member type="node" ref="683629977" role="stop"/>
  <member type="node" ref="6566486407" role="stop"/>
  <member type="node" ref="1623184097" role="stop"/>
  <member type="way" ref="444028211" role="platform"/>
  <member type="node" ref="683601624" role="stop"/>
  <member type="node" ref="683601572" role="stop"/>
  <member type="way" ref="444028204" role="platform"/>
  <member type="node" ref="1623184141" role="stop"/>
  <member type="way" ref="444028230" role="platform"/>
  <member type="way" ref="161870396" role=""/>
  <member type="way" ref="467619209" role=""/>
  <member type="way" ref="467622496" role=""/>
  <member type="way" ref="489794661" role=""/>
  <member type="way" ref="54173960" role=""/>
  <member type="way" ref="668424570" role=""/>
  <member type="way" ref="648807419" role=""/>
  <member type="way" ref="128515596" role=""/>
  <member type="way" ref="54174860" role=""/>
  <member type="way" ref="648807417" role=""/>
  <member type="way" ref="648807415" role=""/>
  <member type="way" ref="648807412" role=""/>
  <member type="way" ref="370582826" role=""/>
  <member type="way" ref="648807410" role=""/>
  <member type="way" ref="54178000" role=""/>
  <member type="way" ref="490737658" role=""/>
  <member type="way" ref="54177998" role=""/>
  <member type="way" ref="54177991" role=""/>
  <member type="way" ref="648807408" role=""/>
  <member type="way" ref="370581908" role=""/>
  <member type="way" ref="648807406" role=""/>
  <member type="way" ref="648807404" role=""/>
  <member type="way" ref="648807402" role=""/>
  <member type="way" ref="648807400" role=""/>
  <member type="way" ref="648807398" role=""/>
  <member type="way" ref="490729372" role=""/>
  <member type="way" ref="648807397" role=""/>
  <member type="way" ref="648821411" role=""/>
  <member type="way" ref="648821410" role=""/>
  <member type="way" ref="648821409" role=""/>
  <member type="way" ref="370581913" role=""/>
  <member type="way" ref="648821408" role=""/>
  <member type="way" ref="544231712" role=""/>
  <member type="way" ref="648821407" role=""/>
  <member type="way" ref="648821405" role=""/>
  <member type="way" ref="54179777" role=""/>
  <member type="way" ref="444134305" role=""/>
  <member type="way" ref="648821403" role=""/>
  <member type="way" ref="648821400" role=""/>
  <member type="way" ref="444134315" role=""/>
  <member type="way" ref="1244084207" role=""/>
  <member type="way" ref="1244084206" role=""/>
  <member type="way" ref="54180523" role=""/>
  <member type="way" ref="444134303" role=""/>
  <member type="way" ref="444134309" role=""/>
  <member type="way" ref="648821395" role=""/>
  <member type="way" ref="648821393" role=""/>
  <member type="way" ref="54180524" role=""/>
  <member type="way" ref="54202904" role=""/>
  <member type="way" ref="648821398" role=""/>
  <member type="way" ref="54202958" role=""/>
  <member type="way" ref="1106078739" role=""/>
  <member type="way" ref="54202956" role=""/>
  <member type="way" ref="1106078740" role=""/>
  <member type="way" ref="1072069425" role=""/>
  <member type="way" ref="1072069424" role=""/>
  <member type="way" ref="1072069427" role=""/>
  <member type="way" ref="1072069426" role=""/>
  <member type="way" ref="1106078738" role=""/>
  <member type="way" ref="1106078736" role=""/>
  <member type="way" ref="1106078735" role=""/>
  <member type="way" ref="54202903" role=""/>
  <member type="way" ref="149320844" role=""/>
  <member type="way" ref="546663908" role=""/>
  <member type="way" ref="54202902" role=""/>
  <member type="way" ref="440017883" role=""/>
  <member type="way" ref="54373255" role=""/>
  <member type="way" ref="444028219" role=""/>
  <member type="way" ref="1133181851" role=""/>
  <member type="way" ref="1133181852" role=""/>
  <tag k="colour" v="#802168"/>
  <tag k="from" v="Bilbao La Concordia"/>
  <tag k="name" v="C-4: Bilbao La Concordia =&gt; La Calzada"/>
  <tag k="network" v="Bilboko Aldiriak / Cercanías Bilbao"/>
  <tag k="network:es" v="Cercanías Bilbao"/>
  <tag k="network:eu" v="Bilboko Aldiriak"/>
  <tag k="network:wikidata" v="Q685485"/>
  <tag k="operator" v="Renfe"/>
  <tag k="operator:wikidata" v="Q2476154"/>
  <tag k="public_transport:version" v="2"/>
  <tag k="ref" v="C-4"/>
  <tag k="route" v="train"/>
  <tag k="service" v="commuter"/>
  <tag k="to" v="La Calzada"/>
  <tag k="type" v="route"/>
  <tag k="wikidata" v="Q43264468"/>
 </relation>
 <relation id="6634816" visible="true" version="101" changeset="176148888" timestamp="2025-12-19T16:50:21Z" user="Franamberes" uid="14545705">
  <member type="node" ref="6285935849" role="stop"/>
  <member type="way" ref="671242649" role="platform"/>
  <member type="node" ref="5893235483" role="stop"/>
  <member type="way" ref="671161627" role="platform"/>
  <member type="node" ref="33727567" role="stop"/>
  <member type="way" ref="671163280" role="platform"/>
  <member type="node" ref="33803696" role="stop"/>
  <member type="way" ref="373530764" role="platform"/>
  <member type="node" ref="33727779" role="stop"/>
  <member type="way" ref="670979741" role="platform"/>
  <member type="node" ref="6283410790" role="stop"/>
  <member type="way" ref="670980136" role="platform"/>
  <member type="node" ref="33751327" role="stop"/>
  <member type="node" ref="33751754" role="stop"/>
  <member type="way" ref="671142280" role="platform"/>
  <member type="node" ref="33807511" role="stop"/>
  <member type="way" ref="671141589" role="platform"/>
  <member type="node" ref="34669003" role="stop"/>
  <member type="node" ref="266131591" role="stop"/>
  <member type="way" ref="670982372" role="platform"/>
  <member type="node" ref="1504979213" role="stop"/>
  <member type="node" ref="1504960001" role="stop"/>
  <member type="node" ref="762565220" role="stop"/>
  <member type="node" ref="1623239995" role="stop"/>
  <member type="way" ref="525121952" role="platform"/>
  <member type="node" ref="1382884675" role="stop"/>
  <member type="way" ref="507362029" role="platform"/>
  <member type="node" ref="1623240011" role="stop"/>
  <member type="way" ref="507853156" role="platform"/>
  <member type="node" ref="4972778519" role="stop"/>
  <member type="way" ref="507853152" role="platform"/>
  <member type="node" ref="1623240026" role="stop"/>
  <member type="way" ref="569405805" role="platform"/>
  <member type="node" ref="1623240000" role="stop"/>
  <member type="node" ref="1623239984" role="stop"/>
  <member type="way" ref="473054665" role="platform"/>
  <member type="node" ref="1623240030" role="stop"/>
  <member type="way" ref="445178779" role="platform"/>
  <member type="node" ref="1604259976" role="stop"/>
  <member type="way" ref="440346626" role="platform"/>
  <member type="node" ref="1623240023" role="stop"/>
  <member type="way" ref="445178780" role="platform"/>
  <member type="node" ref="6283434906" role="stop"/>
  <member type="way" ref="251111883" role="platform"/>
  <member type="node" ref="683414804" role="stop"/>
  <member type="way" ref="444028228" role="platform"/>
  <member type="node" ref="683405101" role="stop"/>
  <member type="way" ref="444134310" role="platform"/>
  <member type="node" ref="683390230" role="stop"/>
  <member type="way" ref="444134316" role="platform"/>
  <member type="node" ref="683387749" role="stop"/>
  <member type="way" ref="445051838" role="platform"/>
  <member type="node" ref="683366782" role="stop"/>
  <member type="way" ref="468510035" role="platform"/>
  <member type="node" ref="4944868144" role="stop"/>
  <member type="way" ref="504316339" role="platform"/>
  <member type="node" ref="5299959450" role="stop"/>
  <member type="node" ref="5451385120" role="stop"/>
  <member type="way" ref="967947197" role="platform"/>
  <member type="way" ref="1104904605" role="platform"/>
  <member type="way" ref="672270540" role=""/>
  <member type="way" ref="1435849448" role=""/>
  <member type="way" ref="245076475" role=""/>
  <member type="way" ref="66334285" role=""/>
  <member type="way" ref="446480352" role=""/>
  <member type="way" ref="446480351" role=""/>
  <member type="way" ref="1057833922" role=""/>
  <member type="way" ref="1141790283" role=""/>
  <member type="way" ref="1141790281" role=""/>
  <member type="way" ref="301764949" role=""/>
  <member type="way" ref="1141790278" role=""/>
  <member type="way" ref="87346443" role=""/>
  <member type="way" ref="1141790284" role=""/>
  <member type="way" ref="205034093" role=""/>
  <member type="way" ref="187917952" role=""/>
  <member type="way" ref="672269080" role=""/>
  <member type="way" ref="23085738" role=""/>
  <member type="way" ref="670978712" role=""/>
  <member type="way" ref="1098813450" role=""/>
  <member type="way" ref="1098813449" role=""/>
  <member type="way" ref="1098772493" role=""/>
  <member type="way" ref="670978711" role=""/>
  <member type="way" ref="1098770152" role=""/>
  <member type="way" ref="1098768069" role=""/>
  <member type="way" ref="1212466893" role=""/>
  <member type="way" ref="1098768068" role=""/>
  <member type="way" ref="670978710" role=""/>
  <member type="way" ref="670978709" role=""/>
  <member type="way" ref="670978708" role=""/>
  <member type="way" ref="670978717" role=""/>
  <member type="way" ref="670978706" role=""/>
  <member type="way" ref="1101679939" role=""/>
  <member type="way" ref="147521911" role=""/>
  <member type="way" ref="1101679938" role=""/>
  <member type="way" ref="147521912" role=""/>
  <member type="way" ref="147521909" role=""/>
  <member type="way" ref="5042431" role=""/>
  <member type="way" ref="5043408" role=""/>
  <member type="way" ref="5043407" role=""/>
  <member type="way" ref="247916130" role=""/>
  <member type="way" ref="247916132" role=""/>
  <member type="way" ref="63105600" role=""/>
  <member type="way" ref="63105605" role=""/>
  <member type="way" ref="1115165903" role=""/>
  <member type="way" ref="1115165902" role=""/>
  <member type="way" ref="31762320" role=""/>
  <member type="way" ref="147521552" role=""/>
  <member type="way" ref="5043410" role=""/>
  <member type="way" ref="446483555" role=""/>
  <member type="way" ref="1106413699" role=""/>
  <member type="way" ref="1106413700" role=""/>
  <member type="way" ref="5047612" role=""/>
  <member type="way" ref="5047615" role=""/>
  <member type="way" ref="301764941" role=""/>
  <member type="way" ref="541963825" role=""/>
  <member type="way" ref="301764942" role=""/>
  <member type="way" ref="1409441964" role=""/>
  <member type="way" ref="45482012" role=""/>
  <member type="way" ref="24477678" role=""/>
  <member type="way" ref="1409441963" role=""/>
  <member type="way" ref="24477680" role=""/>
  <member type="way" ref="45482014" role=""/>
  <member type="way" ref="45482013" role=""/>
  <member type="way" ref="24477676" role=""/>
  <member type="way" ref="24477677" role=""/>
  <member type="way" ref="24477697" role=""/>
  <member type="way" ref="24477698" role=""/>
  <member type="way" ref="24477685" role=""/>
  <member type="way" ref="24477690" role=""/>
  <member type="way" ref="24477701" role=""/>
  <member type="way" ref="889320086" role=""/>
  <member type="way" ref="889320085" role=""/>
  <member type="way" ref="24477702" role=""/>
  <member type="way" ref="99248281" role=""/>
  <member type="way" ref="99248283" role=""/>
  <member type="way" ref="24477704" role=""/>
  <member type="way" ref="24477705" role=""/>
  <member type="way" ref="24988807" role=""/>
  <member type="way" ref="24988809" role=""/>
  <member type="way" ref="301586885" role=""/>
  <member type="way" ref="301586886" role=""/>
  <member type="way" ref="1459865221" role=""/>
  <member type="way" ref="24988810" role=""/>
  <member type="way" ref="24477703" role=""/>
  <member type="way" ref="24989352" role=""/>
  <member type="way" ref="24989353" role=""/>
  <member type="way" ref="24989361" role=""/>
  <member type="way" ref="25454808" role=""/>
  <member type="way" ref="1453896462" role=""/>
  <member type="way" ref="1453896461" role=""/>
  <member type="way" ref="507362828" role=""/>
  <member type="way" ref="507362829" role=""/>
  <member type="way" ref="1453896460" role=""/>
  <member type="way" ref="24989362" role=""/>
  <member type="way" ref="24989363" role=""/>
  <member type="way" ref="24989366" role=""/>
  <member type="way" ref="24989365" role=""/>
  <member type="way" ref="1453896459" role=""/>
  <member type="way" ref="1453896458" role=""/>
  <member type="way" ref="1453896457" role=""/>
  <member type="way" ref="26568352" role=""/>
  <member type="way" ref="546772066" role=""/>
  <member type="way" ref="546772065" role=""/>
  <member type="way" ref="124186037" role=""/>
  <member type="way" ref="507362112" role=""/>
  <member type="way" ref="1026753559" role=""/>
  <member type="way" ref="1026753558" role=""/>
  <member type="way" ref="507362111" role=""/>
  <member type="way" ref="671143269" role=""/>
  <member type="way" ref="671143268" role=""/>
  <member type="way" ref="1453896456" role=""/>
  <member type="way" ref="1453896454" role=""/>
  <member type="way" ref="1453896455" role=""/>
  <member type="way" ref="124186035" role=""/>
  <member type="way" ref="1453896453" role=""/>
  <member type="way" ref="507853155" role=""/>
  <member type="way" ref="210624400" role=""/>
  <member type="way" ref="210624401" role=""/>
  <member type="way" ref="670982373" role=""/>
  <member type="way" ref="507853154" role=""/>
  <member type="way" ref="670982374" role=""/>
  <member type="way" ref="467745487" role=""/>
  <member type="way" ref="1453896464" role=""/>
  <member type="way" ref="467745486" role=""/>
  <member type="way" ref="1453896463" role=""/>
  <member type="way" ref="210622072" role=""/>
  <member type="way" ref="1453896465" role=""/>
  <member type="way" ref="210622073" role=""/>
  <member type="way" ref="42715152" role=""/>
  <member type="way" ref="42715150" role=""/>
  <member type="way" ref="674534882" role=""/>
  <member type="way" ref="674534885" role=""/>
  <member type="way" ref="1453896466" role=""/>
  <member type="way" ref="158492581" role=""/>
  <member type="way" ref="158492580" role=""/>
  <member type="way" ref="160665440" role=""/>
  <member type="way" ref="160665439" role=""/>
  <member type="way" ref="160665441" role=""/>
  <member type="way" ref="160665444" role=""/>
  <member type="way" ref="160665442" role=""/>
  <member type="way" ref="1453896467" role=""/>
  <member type="way" ref="1453896468" role=""/>
  <member type="way" ref="160665438" role=""/>
  <member type="way" ref="1453896469" role=""/>
  <member type="way" ref="648824208" role=""/>
  <member type="way" ref="473054708" role=""/>
  <member type="way" ref="26601704" role=""/>
  <member type="way" ref="26601705" role=""/>
  <member type="way" ref="26601707" role=""/>
  <member type="way" ref="26601706" role=""/>
  <member type="way" ref="26601722" role=""/>
  <member type="way" ref="26601720" role=""/>
  <member type="way" ref="598916362" role=""/>
  <member type="way" ref="598916363" role=""/>
  <member type="way" ref="26601763" role=""/>
  <member type="way" ref="473054672" role=""/>
  <member type="way" ref="473054682" role=""/>
  <member type="way" ref="598021065" role=""/>
  <member type="way" ref="26601767" role=""/>
  <member type="way" ref="26601768" role=""/>
  <member type="way" ref="26601765" role=""/>
  <member type="way" ref="648821356" role=""/>
  <member type="way" ref="648821354" role=""/>
  <member type="way" ref="481854471" role=""/>
  <member type="way" ref="648821359" role=""/>
  <member type="way" ref="481854468" role=""/>
  <member type="way" ref="648821362" role=""/>
  <member type="way" ref="481854470" role=""/>
  <member type="way" ref="26601907" role=""/>
  <member type="way" ref="26568349" role=""/>
  <member type="way" ref="648821368" role=""/>
  <member type="way" ref="648821365" role=""/>
  <member type="way" ref="648821370" role=""/>
  <member type="way" ref="481857763" role=""/>
  <member type="way" ref="481857764" role=""/>
  <member type="way" ref="37948729" role=""/>
  <member type="way" ref="440346630" role=""/>
  <member type="way" ref="648821372" role=""/>
  <member type="way" ref="648821375" role=""/>
  <member type="way" ref="648821378" role=""/>
  <member type="way" ref="440346629" role=""/>
  <member type="way" ref="440346628" role=""/>
  <member type="way" ref="440346627" role=""/>
  <member type="way" ref="1282130420" role=""/>
  <member type="way" ref="1282130421" role=""/>
  <member type="way" ref="481860865" role=""/>
  <member type="way" ref="481864629" role=""/>
  <member type="way" ref="481864630" role=""/>
  <member type="way" ref="481864633" role=""/>
  <member type="way" ref="648821380" role=""/>
  <member type="way" ref="481864628" role=""/>
  <member type="way" ref="481864627" role=""/>
  <member type="way" ref="648821382" role=""/>
  <member type="way" ref="271786678" role=""/>
  <member type="way" ref="648821385" role=""/>
  <member type="way" ref="445178770" role=""/>
  <member type="way" ref="445178774" role=""/>
  <member type="way" ref="445178773" role=""/>
  <member type="way" ref="445178776" role=""/>
  <member type="way" ref="481869325" role=""/>
  <member type="way" ref="481869326" role=""/>
  <member type="way" ref="271786679" role=""/>
  <member type="way" ref="54234920" role=""/>
  <member type="way" ref="648821387" role=""/>
  <member type="way" ref="648821390" role=""/>
  <member type="way" ref="54234919" role=""/>
  <member type="way" ref="147216233" role=""/>
  <member type="way" ref="54180524" role=""/>
  <member type="way" ref="648821393" role=""/>
  <member type="way" ref="648821395" role=""/>
  <member type="way" ref="444134309" role=""/>
  <member type="way" ref="444134303" role=""/>
  <member type="way" ref="54180523" role=""/>
  <member type="way" ref="1244084206" role=""/>
  <member type="way" ref="1244084207" role=""/>
  <member type="way" ref="444134315" role=""/>
  <member type="way" ref="648821400" role=""/>
  <member type="way" ref="648821403" role=""/>
  <member type="way" ref="444134305" role=""/>
  <member type="way" ref="54179777" role=""/>
  <member type="way" ref="648821405" role=""/>
  <member type="way" ref="648821407" role=""/>
  <member type="way" ref="544231712" role=""/>
  <member type="way" ref="648821408" role=""/>
  <member type="way" ref="370581913" role=""/>
  <member type="way" ref="648821409" role=""/>
  <member type="way" ref="648821410" role=""/>
  <member type="way" ref="648821411" role=""/>
  <member type="way" ref="648807397" role=""/>
  <member type="way" ref="490729372" role=""/>
  <member type="way" ref="648807398" role=""/>
  <member type="way" ref="648807400" role=""/>
  <member type="way" ref="648807402" role=""/>
  <member type="way" ref="648807404" role=""/>
  <member type="way" ref="648807406" role=""/>
  <member type="way" ref="370581908" role=""/>
  <member type="way" ref="648807408" role=""/>
  <member type="way" ref="54177991" role=""/>
  <member type="way" ref="54177998" role=""/>
  <member type="way" ref="490737658" role=""/>
  <member type="way" ref="54178000" role=""/>
  <member type="way" ref="648807410" role=""/>
  <member type="way" ref="370582826" role=""/>
  <member type="way" ref="648807412" role=""/>
  <member type="way" ref="648807415" role=""/>
  <member type="way" ref="648807417" role=""/>
  <member type="way" ref="54174860" role=""/>
  <member type="way" ref="128515596" role=""/>
  <member type="way" ref="648807419" role=""/>
  <member type="way" ref="668424570" role=""/>
  <member type="way" ref="54173960" role=""/>
  <member type="way" ref="489794661" role=""/>
  <member type="way" ref="467622496" role=""/>
  <member type="way" ref="467619209" role=""/>
  <member type="way" ref="161870396" role=""/>
  <tag k="colour" v="#028d38"/>
  <tag k="from" v="Santander"/>
  <tag k="name" v="R3: Santander → Bilbao"/>
  <tag k="network" v="ES:ADIF"/>
  <tag k="operator" v="Renfe Feve"/>
  <tag k="public_transport:version" v="2"/>
  <tag k="ref" v="R3"/>
  <tag k="route" v="train"/>
  <tag k="service" v="regional"/>
  <tag k="to" v="Bilbao Concordia"/>
  <tag k="type" v="route"/>
 </relation>
 <relation id="7833427" visible="true" version="5" changeset="166582845" timestamp="2025-05-21T19:00:17Z" user="Txitxarra" uid="14986792">
  <member type="node" ref="4641951446" role="stop"/>
  <member type="node" ref="4641951444" role="stop"/>
  <member type="node" ref="4641951442" role="stop"/>
  <member type="node" ref="4641951440" role="stop"/>
  <member type="way" ref="469950597" role="platform"/>
  <member type="way" ref="469950595" role="platform"/>
  <member type="way" ref="469950593" role="platform"/>
  <member type="node" ref="5299959445" role=""/>
  <member type="node" ref="5299959446" role=""/>
  <member type="node" ref="5299959447" role=""/>
  <member type="node" ref="5299959448" role=""/>
  <member type="node" ref="4641951437" role=""/>
  <member type="node" ref="4641951439" role=""/>
  <member type="node" ref="4641951433" role=""/>
  <member type="node" ref="4641951435" role=""/>
  <member type="way" ref="469950591" role=""/>
  <member type="way" ref="419249861" role=""/>
  <member type="way" ref="469950589" role=""/>
  <member type="way" ref="419249860" role=""/>
  <member type="way" ref="419249863" role=""/>
  <member type="way" ref="531080783" role=""/>
  <member type="way" ref="398960200" role=""/>
  <member type="way" ref="28776478" role=""/>
  <tag k="name" v="Abando Indalecio Prieto"/>
  <tag k="operator" v="Adif"/>
  <tag k="public_transport" v="stop_area"/>
  <tag k="type" v="public_transport"/>
 </relation>
 <relation id="8377012" visible="true" version="128" changeset="188658188" timestamp="2026-09-07T08:41:39Z" user="UnniMan" uid="22771198">
  <member type="node" ref="5451385120" role="stop"/>
  <member type="way" ref="967947197" role="platform"/>
  <member type="node" ref="5299959450" role="stop"/>
  <member type="node" ref="4944868144" role="stop"/>
  <member type="way" ref="504316339" role="platform"/>
  <member type="node" ref="683366782" role="stop"/>
  <member type="way" ref="468510035" role="platform"/>
  <member type="node" ref="683371933" role="stop"/>
  <member type="way" ref="458058868" role="platform"/>
  <member type="node" ref="683387865" role="stop"/>
  <member type="way" ref="490738231" role="platform"/>
  <member type="node" ref="683387749" role="stop"/>
  <member type="way" ref="445051838" role="platform"/>
  <member type="node" ref="683390230" role="stop"/>
  <member type="way" ref="444134316" role="platform"/>
  <member type="node" ref="683398151" role="stop"/>
  <member type="way" ref="444134312" role="platform"/>
  <member type="node" ref="683405101" role="stop"/>
  <member type="way" ref="444134310" role="platform"/>
  <member type="node" ref="683405046" role="stop"/>
  <member type="way" ref="444134308" role="platform"/>
  <member type="node" ref="683635947" role="stop"/>
  <member type="way" ref="444134304" role="platform"/>
  <member type="node" ref="683414819" role="stop"/>
  <member type="way" ref="444134307" role="platform"/>
  <member type="node" ref="683414804" role="stop"/>
  <member type="way" ref="444028228" role="platform"/>
  <member type="node" ref="683630126" role="stop"/>
  <member type="way" ref="444028218" role="platform"/>
  <member type="node" ref="683630019" role="stop"/>
  <member type="node" ref="683629977" role="stop"/>
  <member type="node" ref="6566486407" role="stop"/>
  <member type="node" ref="1623184097" role="stop"/>
  <member type="way" ref="444028211" role="platform"/>
  <member type="node" ref="683601624" role="stop"/>
  <member type="node" ref="683601572" role="stop"/>
  <member type="way" ref="444028204" role="platform"/>
  <member type="node" ref="1623184141" role="stop"/>
  <member type="way" ref="444028230" role="platform"/>
  <member type="node" ref="1623184089" role="stop"/>
  <member type="way" ref="331408180" role="platform"/>
  <member type="node" ref="1623184193" role="stop"/>
  <member type="way" ref="331408178" role="platform"/>
  <member type="node" ref="1623184166" role="stop"/>
  <member type="way" ref="331408176" role="platform"/>
  <member type="node" ref="6037365525" role="stop"/>
  <member type="node" ref="1623184090" role="stop"/>
  <member type="way" ref="331408182" role="platform"/>
  <member type="node" ref="3384682693" role="stop"/>
  <member type="way" ref="331408179" role="platform"/>
  <member type="node" ref="1623184129" role="stop"/>
  <member type="way" ref="331408177" role="platform"/>
  <member type="node" ref="5735000421" role="stop"/>
  <member type="way" ref="604388813" role="platform"/>
  <member type="node" ref="1623184192" role="stop"/>
  <member type="node" ref="1623184168" role="stop"/>
  <member type="node" ref="1623184128" role="stop"/>
  <member type="node" ref="5704251493" role="platform"/>
  <member type="node" ref="767825415" role="stop"/>
  <member type="node" ref="5704272299" role="platform"/>
  <member type="node" ref="258755228" role="stop"/>
  <member type="node" ref="1623184101" role="stop"/>
  <member type="node" ref="1623184081" role="stop"/>
  <member type="node" ref="3935727662" role="stop"/>
  <member type="node" ref="258755049" role="stop"/>
  <member type="node" ref="1550092458" role="stop"/>
  <member type="node" ref="258413922" role="stop"/>
  <member type="node" ref="1550115422" role="stop"/>
  <member type="node" ref="1623184115" role="stop"/>
  <member type="node" ref="1623184183" role="stop"/>
  <member type="node" ref="1623184199" role="stop"/>
  <member type="node" ref="1623184106" role="stop"/>
  <member type="node" ref="1623184211" role="stop"/>
  <member type="node" ref="1623184186" role="stop"/>
  <member type="node" ref="1623184139" role="stop"/>
  <member type="way" ref="627027978" role="platform"/>
  <member type="node" ref="1623184135" role="stop"/>
  <member type="node" ref="981338378" role="stop"/>
  <member type="node" ref="1623184202" role="stop"/>
  <member type="node" ref="1623184177" role="stop"/>
  <member type="way" ref="627026961" role="platform"/>
  <member type="node" ref="1623184110" role="stop"/>
  <member type="node" ref="1623184174" role="stop"/>
  <member type="node" ref="1623184146" role="stop"/>
  <member type="way" ref="509003585" role="platform"/>
  <member type="node" ref="1623184206" role="stop"/>
  <member type="way" ref="509003515" role="platform"/>
  <member type="node" ref="5695040500" role="stop"/>
  <member type="node" ref="1623184116" role="stop"/>
  <member type="node" ref="1623184218" role="stop"/>
  <member type="node" ref="1623057596" role="stop"/>
  <member type="node" ref="1623057568" role="stop"/>
  <member type="node" ref="119283392" role="stop"/>
  <member type="way" ref="422055786" role="platform"/>
  <member type="node" ref="1623057606" role="stop"/>
  <member type="way" ref="422055764" role="platform"/>
  <member type="node" ref="1623057583" role="stop"/>
  <member type="way" ref="422055766" role="platform"/>
  <member type="node" ref="1623057578" role="stop"/>
  <member type="node" ref="1623057611" role="stop"/>
  <member type="way" ref="422055739" role="platform"/>
  <member type="node" ref="1623057644" role="stop"/>
  <member type="way" ref="422055756" role="platform"/>
  <member type="node" ref="1623057677" role="stop"/>
  <member type="way" ref="422055795" role="platform"/>
  <member type="node" ref="1623057619" role="stop"/>
  <member type="way" ref="422055743" role="platform"/>
  <member type="node" ref="1623057587" role="stop"/>
  <member type="way" ref="422055781" role="platform"/>
  <member type="node" ref="1623057564" role="stop"/>
  <member type="way" ref="422055741" role="platform"/>
  <member type="node" ref="1623057675" role="stop"/>
  <member type="way" ref="422055769" role="platform"/>
  <member type="node" ref="814710805" role="stop"/>
  <member type="way" ref="422055796" role="platform"/>
  <member type="node" ref="114174793" role="stop"/>
  <member type="way" ref="422055774" role="platform"/>
  <member type="node" ref="1623057639" role="stop"/>
  <member type="way" ref="422055752" role="platform"/>
  <member type="node" ref="1623057647" role="stop"/>
  <member type="way" ref="422055762" role="platform"/>
  <member type="node" ref="1623057663" role="stop"/>
  <member type="way" ref="422055754" role="platform"/>
  <member type="node" ref="1623057635" role="stop"/>
  <member type="way" ref="422055790" role="platform"/>
  <member type="node" ref="1623057622" role="stop"/>
  <member type="way" ref="422055771" role="platform"/>
  <member type="node" ref="1623057589" role="stop"/>
  <member type="way" ref="422055747" role="platform"/>
  <member type="node" ref="1727203214" role="stop"/>
  <member type="way" ref="422055757" role="platform"/>
  <member type="node" ref="1623057645" role="stop"/>
  <member type="way" ref="422055746" role="platform"/>
  <member type="node" ref="1623057670" role="stop"/>
  <member type="way" ref="422048312" role="platform"/>
  <member type="node" ref="1623057690" role="stop"/>
  <member type="way" ref="422048313" role="platform"/>
  <member type="way" ref="422048315" role="platform"/>
  <member type="way" ref="422048321" role="platform"/>
  <member type="way" ref="422048318" role="platform"/>
  <member type="node" ref="1841891323" role="stop"/>
  <member type="way" ref="422048322" role="platform"/>
  <member type="node" ref="13468823266" role="stop"/>
  <member type="node" ref="13483009709" role="stop"/>
  <member type="way" ref="161870396" role=""/>
  <member type="way" ref="467619209" role=""/>
  <member type="way" ref="467622496" role=""/>
  <member type="way" ref="489794661" role=""/>
  <member type="way" ref="54173960" role=""/>
  <member type="way" ref="668424570" role=""/>
  <member type="way" ref="648807419" role=""/>
  <member type="way" ref="128515596" role=""/>
  <member type="way" ref="54174860" role=""/>
  <member type="way" ref="648807417" role=""/>
  <member type="way" ref="648807415" role=""/>
  <member type="way" ref="648807412" role=""/>
  <member type="way" ref="370582826" role=""/>
  <member type="way" ref="648807410" role=""/>
  <member type="way" ref="54178000" role=""/>
  <member type="way" ref="490737658" role=""/>
  <member type="way" ref="54177998" role=""/>
  <member type="way" ref="54177991" role=""/>
  <member type="way" ref="648807408" role=""/>
  <member type="way" ref="370581908" role=""/>
  <member type="way" ref="648807406" role=""/>
  <member type="way" ref="648807404" role=""/>
  <member type="way" ref="648807402" role=""/>
  <member type="way" ref="648807400" role=""/>
  <member type="way" ref="648807398" role=""/>
  <member type="way" ref="490729372" role=""/>
  <member type="way" ref="648807397" role=""/>
  <member type="way" ref="648821411" role=""/>
  <member type="way" ref="648821410" role=""/>
  <member type="way" ref="648821409" role=""/>
  <member type="way" ref="370581913" role=""/>
  <member type="way" ref="648821408" role=""/>
  <member type="way" ref="544231712" role=""/>
  <member type="way" ref="648821407" role=""/>
  <member type="way" ref="648821405" role=""/>
  <member type="way" ref="54179777" role=""/>
  <member type="way" ref="444134305" role=""/>
  <member type="way" ref="648821403" role=""/>
  <member type="way" ref="648821400" role=""/>
  <member type="way" ref="444134315" role=""/>
  <member type="way" ref="1244084207" role=""/>
  <member type="way" ref="1244084206" role=""/>
  <member type="way" ref="54180523" role=""/>
  <member type="way" ref="444134303" role=""/>
  <member type="way" ref="444134309" role=""/>
  <member type="way" ref="648821395" role=""/>
  <member type="way" ref="648821393" role=""/>
  <member type="way" ref="54180524" role=""/>
  <member type="way" ref="54202904" role=""/>
  <member type="way" ref="648821398" role=""/>
  <member type="way" ref="54202958" role=""/>
  <member type="way" ref="1106078739" role=""/>
  <member type="way" ref="54202956" role=""/>
  <member type="way" ref="1106078740" role=""/>
  <member type="way" ref="1072069425" role=""/>
  <member type="way" ref="1072069424" role=""/>
  <member type="way" ref="1072069427" role=""/>
  <member type="way" ref="1072069426" role=""/>
  <member type="way" ref="1106078738" role=""/>
  <member type="way" ref="1106078736" role=""/>
  <member type="way" ref="1106078735" role=""/>
  <member type="way" ref="54202903" role=""/>
  <member type="way" ref="149320844" role=""/>
  <member type="way" ref="546663908" role=""/>
  <member type="way" ref="54202902" role=""/>
  <member type="way" ref="440017883" role=""/>
  <member type="way" ref="54373255" role=""/>
  <member type="way" ref="444028219" role=""/>
  <member type="way" ref="1133181851" role=""/>
  <member type="way" ref="1133181852" role=""/>
  <member type="way" ref="934552831" role=""/>
  <member type="way" ref="54202017" role=""/>
  <member type="way" ref="648824207" role=""/>
  <member type="way" ref="800649264" role=""/>
  <member type="way" ref="800649265" role=""/>
  <member type="way" ref="83900892" role=""/>
  <member type="way" ref="304725031" role=""/>
  <member type="way" ref="304725030" role=""/>
  <member type="way" ref="415884280" role=""/>
  <member type="way" ref="415884281" role=""/>
  <member type="way" ref="1019530946" role=""/>
  <member type="way" ref="1019530941" role=""/>
  <member type="way" ref="1019530953" role=""/>
  <member type="way" ref="49182914" role=""/>
  <member type="way" ref="331408188" role=""/>
  <member type="way" ref="640959559" role=""/>
  <member type="way" ref="49187296" role=""/>
  <member type="way" ref="49187295" role=""/>
  <member type="way" ref="49187298" role=""/>
  <member type="way" ref="1266905951" role=""/>
  <member type="way" ref="1266905952" role=""/>
  <member type="way" ref="49187297" role=""/>
  <member type="way" ref="49187300" role=""/>
  <member type="way" ref="49187299" role=""/>
  <member type="way" ref="1266884216" role=""/>
  <member type="way" ref="1266884215" role=""/>
  <member type="way" ref="250475110" role=""/>
  <member type="way" ref="250475112" role=""/>
  <member type="way" ref="250475111" role=""/>
  <member type="way" ref="1133181824" role=""/>
  <member type="way" ref="404164197" role=""/>
  <member type="way" ref="404164196" role=""/>
  <member type="way" ref="250475113" role=""/>
  <member type="way" ref="1133181850" role=""/>
  <member type="way" ref="1133181849" role=""/>
  <member type="way" ref="317605400" role=""/>
  <member type="way" ref="317605399" role=""/>
  <member type="way" ref="317605401" role=""/>
  <member type="way" ref="317605404" role=""/>
  <member type="way" ref="1133181848" role=""/>
  <member type="way" ref="1133181847" role=""/>
  <member type="way" ref="1302859936" role=""/>
  <member type="way" ref="830326194" role=""/>
  <member type="way" ref="317605402" role=""/>
  <member type="way" ref="585982082" role=""/>
  <member type="way" ref="830326192" role=""/>
  <member type="way" ref="345401912" role=""/>
  <member type="way" ref="345401913" role=""/>
  <member type="way" ref="160065557" role=""/>
  <member type="way" ref="160065558" role=""/>
  <member type="way" ref="1133181846" role=""/>
  <member type="way" ref="1133181845" role=""/>
  <member type="way" ref="49527965" role=""/>
  <member type="way" ref="158621857" role=""/>
  <member type="way" ref="819973799" role=""/>
  <member type="way" ref="819973800" role=""/>
  <member type="way" ref="158621856" role=""/>
  <member type="way" ref="819973792" role=""/>
  <member type="way" ref="321065899" role=""/>
  <member type="way" ref="321065898" role=""/>
  <member type="way" ref="276472268" role=""/>
  <member type="way" ref="276472266" role=""/>
  <member type="way" ref="274485717" role=""/>
  <member type="way" ref="1133181843" role=""/>
  <member type="way" ref="1133181844" role=""/>
  <member type="way" ref="274485716" role=""/>
  <member type="way" ref="252002466" role=""/>
  <member type="way" ref="1476933465" role=""/>
  <member type="way" ref="1476933464" role=""/>
  <member type="way" ref="1476933467" role=""/>
  <member type="way" ref="1476933466" role=""/>
  <member type="way" ref="252002468" role=""/>
  <member type="way" ref="252002462" role=""/>
  <member type="way" ref="252002461" role=""/>
  <member type="way" ref="61556778" role=""/>
  <member type="way" ref="28155580" role=""/>
  <member type="way" ref="88539576" role=""/>
  <member type="way" ref="1133181841" role=""/>
  <member type="way" ref="88539590" role=""/>
  <member type="way" ref="1133181842" role=""/>
  <member type="way" ref="88539595" role=""/>
  <member type="way" ref="1133181823" role=""/>
  <member type="way" ref="25299941" role=""/>
  <member type="way" ref="1133181838" role=""/>
  <member type="way" ref="1133181839" role=""/>
  <member type="way" ref="25299943" role=""/>
  <member type="way" ref="128660912" role=""/>
  <member type="way" ref="128660901" role=""/>
  <member type="way" ref="1133181840" role=""/>
  <member type="way" ref="164314906" role=""/>
  <member type="way" ref="1133181836" role=""/>
  <member type="way" ref="1133181837" role=""/>
  <member type="way" ref="164314905" role=""/>
  <member type="way" ref="390050794" role=""/>
  <member type="way" ref="390050795" role=""/>
  <member type="way" ref="390050796" role=""/>
  <member type="way" ref="25299940" role=""/>
  <member type="way" ref="1133181834" role=""/>
  <member type="way" ref="25299954" role=""/>
  <member type="way" ref="25299942" role=""/>
  <member type="way" ref="25299944" role=""/>
  <member type="way" ref="1133181835" role=""/>
  <member type="way" ref="164321399" role=""/>
  <member type="way" ref="164321403" role=""/>
  <member type="way" ref="74863314" role=""/>
  <member type="way" ref="74863316" role=""/>
  <member type="way" ref="1133181822" role=""/>
  <member type="way" ref="74863455" role=""/>
  <member type="way" ref="74863454" role=""/>
  <member type="way" ref="23847204" role=""/>
  <member type="way" ref="23847203" role=""/>
  <member type="way" ref="74864599" role=""/>
  <member type="way" ref="1133181833" role=""/>
  <member type="way" ref="74864600" role=""/>
  <member type="way" ref="1133181832" role=""/>
  <member type="way" ref="1271959775" role=""/>
  <member type="way" ref="1271959776" role=""/>
  <member type="way" ref="1267929427" role=""/>
  <member type="way" ref="1267929428" role=""/>
  <member type="way" ref="32977181" role=""/>
  <member type="way" ref="1133181830" role=""/>
  <member type="way" ref="32977180" role=""/>
  <member type="way" ref="1133181831" role=""/>
  <member type="way" ref="23847205" role=""/>
  <member type="way" ref="23847206" role=""/>
  <member type="way" ref="1133181827" role=""/>
  <member type="way" ref="1133181821" role=""/>
  <member type="way" ref="1133181828" role=""/>
  <member type="way" ref="1133181829" role=""/>
  <member type="way" ref="432849980" role=""/>
  <member type="way" ref="432849981" role=""/>
  <member type="way" ref="101962132" role=""/>
  <member type="way" ref="101962182" role=""/>
  <member type="way" ref="101962318" role=""/>
  <member type="way" ref="101962360" role=""/>
  <member type="way" ref="1133181825" role=""/>
  <member type="way" ref="426413889" role=""/>
  <member type="way" ref="426413888" role=""/>
  <member type="way" ref="49731772" role=""/>
  <member type="way" ref="1133181826" role=""/>
  <member type="way" ref="1133480321" role=""/>
  <member type="way" ref="49731797" role=""/>
  <member type="way" ref="1133480320" role=""/>
  <member type="way" ref="1133480319" role=""/>
  <member type="way" ref="1333774927" role=""/>
  <member type="way" ref="1333774928" role=""/>
  <member type="way" ref="49731799" role=""/>
  <member type="way" ref="49731798" role=""/>
  <member type="way" ref="53588518" role=""/>
  <member type="way" ref="53588521" role=""/>
  <member type="way" ref="1333774923" role=""/>
  <member type="way" ref="1333774924" role=""/>
  <member type="way" ref="1333774925" role=""/>
  <member type="way" ref="1333774926" role=""/>
  <member type="way" ref="100305235" role=""/>
  <member type="way" ref="1133480272" role=""/>
  <member type="way" ref="1133480273" role=""/>
  <member type="way" ref="1133480317" role=""/>
  <member type="way" ref="1133480318" role=""/>
  <member type="way" ref="1133480316" role=""/>
  <member type="way" ref="100305227" role=""/>
  <member type="way" ref="1133480315" role=""/>
  <member type="way" ref="285862187" role=""/>
  <member type="way" ref="285862186" role=""/>
  <member type="way" ref="1133480314" role=""/>
  <member type="way" ref="1133480313" role=""/>
  <member type="way" ref="1133480276" role=""/>
  <member type="way" ref="1133480275" role=""/>
  <member type="way" ref="58106421" role=""/>
  <member type="way" ref="58106546" role=""/>
  <member type="way" ref="285627338" role=""/>
  <member type="way" ref="1133480312" role=""/>
  <member type="way" ref="285627340" role=""/>
  <member type="way" ref="627035222" role=""/>
  <member type="way" ref="1133480311" role=""/>
  <member type="way" ref="1133480310" role=""/>
  <member type="way" ref="627035221" role=""/>
  <member type="way" ref="1133480309" role=""/>
  <member type="way" ref="1133480308" role=""/>
  <member type="way" ref="1133480307" role=""/>
  <member type="way" ref="58106455" role=""/>
  <member type="way" ref="1133480306" role=""/>
  <member type="way" ref="1133480304" role=""/>
  <member type="way" ref="1133480305" role=""/>
  <member type="way" ref="627029458" role=""/>
  <member type="way" ref="627029454" role=""/>
  <member type="way" ref="627029459" role=""/>
  <member type="way" ref="1133480303" role=""/>
  <member type="way" ref="627029455" role=""/>
  <member type="way" ref="58106402" role=""/>
  <member type="way" ref="1133480302" role=""/>
  <member type="way" ref="23847207" role=""/>
  <member type="way" ref="1133480301" role=""/>
  <member type="way" ref="1133480300" role=""/>
  <member type="way" ref="296058395" role=""/>
  <member type="way" ref="1133480299" role=""/>
  <member type="way" ref="296058393" role=""/>
  <member type="way" ref="1133480298" role=""/>
  <member type="way" ref="1133480297" role=""/>
  <member type="way" ref="1133480296" role=""/>
  <member type="way" ref="252719245" role=""/>
  <member type="way" ref="1476407398" role=""/>
  <member type="way" ref="1476407397" role=""/>
  <member type="way" ref="1476407401" role=""/>
  <member type="way" ref="1476407402" role=""/>
  <member type="way" ref="1133480294" role=""/>
  <member type="way" ref="1133480293" role=""/>
  <member type="way" ref="1133480292" role=""/>
  <member type="way" ref="1133480291" role=""/>
  <member type="way" ref="1133480295" role=""/>
  <member type="way" ref="1133480290" role=""/>
  <member type="way" ref="470920793" role=""/>
  <member type="way" ref="1133480289" role=""/>
  <member type="way" ref="1133480288" role=""/>
  <member type="way" ref="470920794" role=""/>
  <member type="way" ref="1133480287" role=""/>
  <member type="way" ref="252719235" role=""/>
  <member type="way" ref="1133480286" role=""/>
  <member type="way" ref="1133480285" role=""/>
  <member type="way" ref="1133480284" role=""/>
  <member type="way" ref="1133480277" role=""/>
  <member type="way" ref="1133480282" role=""/>
  <member type="way" ref="1133480281" role=""/>
  <member type="way" ref="1133480280" role=""/>
  <member type="way" ref="84389201" role=""/>
  <member type="way" ref="1133480278" role=""/>
  <member type="way" ref="1133480279" role=""/>
  <member type="way" ref="84389177" role=""/>
  <member type="way" ref="198516825" role=""/>
  <member type="way" ref="84389198" role=""/>
  <member type="way" ref="470925093" role=""/>
  <member type="way" ref="470925092" role=""/>
  <member type="way" ref="1518923541" role=""/>
  <member type="way" ref="1133480274" role=""/>
  <member type="way" ref="1518873296" role=""/>
  <member type="way" ref="1518873297" role=""/>
  <member type="way" ref="56055040" role=""/>
  <member type="way" ref="56055042" role=""/>
  <member type="way" ref="598391061" role=""/>
  <member type="way" ref="263141876" role=""/>
  <member type="way" ref="627026960" role=""/>
  <member type="way" ref="627026959" role=""/>
  <member type="way" ref="56058666" role=""/>
  <member type="way" ref="627026956" role=""/>
  <member type="way" ref="627026955" role=""/>
  <member type="way" ref="627026954" role=""/>
  <member type="way" ref="627026957" role=""/>
  <member type="way" ref="56058668" role=""/>
  <member type="way" ref="627026952" role=""/>
  <member type="way" ref="627026951" role=""/>
  <member type="way" ref="40915057" role=""/>
  <member type="way" ref="40915064" role=""/>
  <member type="way" ref="56059148" role=""/>
  <member type="way" ref="56059152" role=""/>
  <member type="way" ref="23838241" role=""/>
  <member type="way" ref="56059162" role=""/>
  <member type="way" ref="103836820" role=""/>
  <member type="way" ref="284578914" role=""/>
  <member type="way" ref="56069455" role=""/>
  <member type="way" ref="56069456" role=""/>
  <member type="way" ref="1518894092" role=""/>
  <member type="way" ref="1518894093" role=""/>
  <member type="way" ref="23838240" role=""/>
  <member type="way" ref="719932256" role=""/>
  <member type="way" ref="1519404722" role=""/>
  <member type="way" ref="719932255" role=""/>
  <member type="way" ref="149309367" role=""/>
  <member type="way" ref="149309369" role=""/>
  <member type="way" ref="56130629" role=""/>
  <member type="way" ref="56130671" role=""/>
  <member type="way" ref="422055724" role=""/>
  <member type="way" ref="422055718" role=""/>
  <member type="way" ref="56130637" role=""/>
  <member type="way" ref="1387802597" role=""/>
  <member type="way" ref="1387802596" role=""/>
  <member type="way" ref="56130640" role=""/>
  <member type="way" ref="50603991" role=""/>
  <member type="way" ref="1387802598" role=""/>
  <member type="way" ref="23838239" role=""/>
  <member type="way" ref="160689791" role=""/>
  <member type="way" ref="56205533" role=""/>
  <member type="way" ref="597061312" role=""/>
  <member type="way" ref="1350644288" role=""/>
  <member type="way" ref="1350644289" role=""/>
  <member type="way" ref="232691258" role=""/>
  <member type="way" ref="232691256" role=""/>
  <member type="way" ref="1313723681" role=""/>
  <member type="way" ref="1313723682" role=""/>
  <member type="way" ref="173350291" role=""/>
  <member type="way" ref="1556727897" role=""/>
  <tag k="colour" v="orange"/>
  <tag k="from" v="Bilbao-Concordia"/>
  <tag k="interval" v="24:00:00"/>
  <tag k="name" v="R4 Bilbao =&gt; León"/>
  <tag k="network" v="ES:ADIF"/>
  <tag k="operator" v="Adif"/>
  <tag k="operator:wikidata" v="Q358752"/>
  <tag k="public_transport:version" v="2"/>
  <tag k="route" v="railway"/>
  <tag k="service" v="regional"/>
  <tag k="to" v="Asunción-Universidad"/>
  <tag k="type" v="route"/>
 </relation>
 <relation id="8394325" visible="true" version="24" changeset="188709461" timestamp="2026-09-08T08:32:37Z" user="sanchi" uid="170106">
  <member type="node" ref="1623184141" role="stop"/>
  <member type="way" ref="444028230" role="platform"/>
  <member type="node" ref="683601572" role="stop"/>
  <member type="way" ref="444028204" role="platform"/>
  <member type="node" ref="683601624" role="stop"/>
  <member type="node" ref="1623184097" role="stop"/>
  <member type="way" ref="444028211" role="platform"/>
  <member type="node" ref="6566486407" role="stop"/>
  <member type="node" ref="683629977" role="stop"/>
  <member type="node" ref="683630019" role="stop"/>
  <member type="node" ref="683630126" role="stop"/>
  <member type="way" ref="444028218" role="platform"/>
  <member type="node" ref="683414804" role="stop"/>
  <member type="way" ref="444028228" role="platform"/>
  <member type="node" ref="683414819" role="stop"/>
  <member type="way" ref="444134307" role="platform"/>
  <member type="node" ref="683635947" role="stop"/>
  <member type="way" ref="444134304" role="platform"/>
  <member type="node" ref="683405046" role="stop"/>
  <member type="way" ref="444134308" role="platform"/>
  <member type="node" ref="683405101" role="stop"/>
  <member type="way" ref="444134310" role="platform"/>
  <member type="node" ref="683398151" role="stop"/>
  <member type="way" ref="444134312" role="platform"/>
  <member type="node" ref="683390230" role="stop"/>
  <member type="way" ref="444134316" role="platform"/>
  <member type="node" ref="683387749" role="stop"/>
  <member type="way" ref="445051838" role="platform"/>
  <member type="node" ref="683387865" role="stop"/>
  <member type="way" ref="490738231" role="platform"/>
  <member type="node" ref="683371933" role="stop"/>
  <member type="way" ref="458058868" role="platform"/>
  <member type="node" ref="683366782" role="stop"/>
  <member type="way" ref="468510035" role="platform"/>
  <member type="node" ref="4944868144" role="stop"/>
  <member type="way" ref="504316339" role="platform"/>
  <member type="node" ref="5299959450" role="stop"/>
  <member type="node" ref="5451385120" role="stop"/>
  <member type="way" ref="967947197" role="platform"/>
  <member type="way" ref="1133181852" role=""/>
  <member type="way" ref="1133181851" role=""/>
  <member type="way" ref="444028219" role=""/>
  <member type="way" ref="54373255" role=""/>
  <member type="way" ref="440017883" role=""/>
  <member type="way" ref="54202902" role=""/>
  <member type="way" ref="546663908" role=""/>
  <member type="way" ref="149320844" role=""/>
  <member type="way" ref="54202903" role=""/>
  <member type="way" ref="1106078735" role=""/>
  <member type="way" ref="1106078736" role=""/>
  <member type="way" ref="1106078738" role=""/>
  <member type="way" ref="1072069426" role=""/>
  <member type="way" ref="1072069427" role=""/>
  <member type="way" ref="1072069424" role=""/>
  <member type="way" ref="1072069425" role=""/>
  <member type="way" ref="1106078740" role=""/>
  <member type="way" ref="54202956" role=""/>
  <member type="way" ref="1106078739" role=""/>
  <member type="way" ref="54202958" role=""/>
  <member type="way" ref="648821398" role=""/>
  <member type="way" ref="54202904" role=""/>
  <member type="way" ref="54180524" role=""/>
  <member type="way" ref="648821393" role=""/>
  <member type="way" ref="648821395" role=""/>
  <member type="way" ref="444134309" role=""/>
  <member type="way" ref="444134303" role=""/>
  <member type="way" ref="54180523" role=""/>
  <member type="way" ref="1244084206" role=""/>
  <member type="way" ref="1244084207" role=""/>
  <member type="way" ref="444134315" role=""/>
  <member type="way" ref="648821400" role=""/>
  <member type="way" ref="648821403" role=""/>
  <member type="way" ref="444134305" role=""/>
  <member type="way" ref="54179777" role=""/>
  <member type="way" ref="648821405" role=""/>
  <member type="way" ref="648821407" role=""/>
  <member type="way" ref="544231712" role=""/>
  <member type="way" ref="648821408" role=""/>
  <member type="way" ref="370581913" role=""/>
  <member type="way" ref="648821409" role=""/>
  <member type="way" ref="648821410" role=""/>
  <member type="way" ref="648821411" role=""/>
  <member type="way" ref="648807397" role=""/>
  <member type="way" ref="490729372" role=""/>
  <member type="way" ref="648807398" role=""/>
  <member type="way" ref="648807400" role=""/>
  <member type="way" ref="648807402" role=""/>
  <member type="way" ref="648807404" role=""/>
  <member type="way" ref="648807406" role=""/>
  <member type="way" ref="370581908" role=""/>
  <member type="way" ref="648807408" role=""/>
  <member type="way" ref="54177991" role=""/>
  <member type="way" ref="54177998" role=""/>
  <member type="way" ref="490737658" role=""/>
  <member type="way" ref="54178000" role=""/>
  <member type="way" ref="648807410" role=""/>
  <member type="way" ref="370582826" role=""/>
  <member type="way" ref="648807412" role=""/>
  <member type="way" ref="648807415" role=""/>
  <member type="way" ref="648807417" role=""/>
  <member type="way" ref="54174860" role=""/>
  <member type="way" ref="128515596" role=""/>
  <member type="way" ref="648807419" role=""/>
  <member type="way" ref="668424570" role=""/>
  <member type="way" ref="54173960" role=""/>
  <member type="way" ref="489794661" role=""/>
  <member type="way" ref="467622496" role=""/>
  <member type="way" ref="467619209" role=""/>
  <member type="way" ref="161870396" role=""/>
  <tag k="colour" v="#802168"/>
  <tag k="from" v="La Calzada"/>
  <tag k="name" v="C-4: La Calzada =&gt; Bilbao La Concordia"/>
  <tag k="network" v="Bilboko Aldiriak / Cercanías Bilbao"/>
  <tag k="network:es" v="Cercanías Bilbao"/>
  <tag k="network:eu" v="Bilboko Aldiriak"/>
  <tag k="network:wikidata" v="Q685485"/>
  <tag k="operator" v="Renfe"/>
  <tag k="operator:wikidata" v="Q2476154"/>
  <tag k="public_transport:version" v="2"/>
  <tag k="ref" v="C-4"/>
  <tag k="route" v="train"/>
  <tag k="service" v="light_rail"/>
  <tag k="to" v="Bilbao La Concordia"/>
  <tag k="type" v="route"/>
  <tag k="wikidata" v="Q43264468"/>
 </relation>
 <relation id="8394326" visible="true" version="8" changeset="188394533" timestamp="2026-09-02T00:22:35Z" user="Davileci" uid="8123953">
  <member type="relation" ref="542338" role=""/>
  <member type="relation" ref="8394325" role=""/>
  <tag k="colour" v="#802168"/>
  <tag k="name" v="Cercanías Bilbao C4"/>
  <tag k="network" v="Bilboko Aldiriak / Cercanías Bilbao"/>
  <tag k="network:es" v="Cercanías Bilbao"/>
  <tag k="network:eu" v="Bilboko Aldiriak"/>
  <tag k="network:wikidata" v="Q685485"/>
  <tag k="old_ref" v="B-1"/>
  <tag k="operator" v="Renfe"/>
  <tag k="operator:wikidata" v="Q2476154"/>
  <tag k="ref" v="C-4"/>
  <tag k="route_master" v="train"/>
  <tag k="type" v="route_master"/>
  <tag k="wikidata" v="Q43264468"/>
  <tag k="wikipedia" v="eu:C-4 linea (Bilboko Renfe Aldiriak)"/>
 </relation>
 <relation id="8394573" visible="true" version="77" changeset="188790858" timestamp="2026-09-09T19:45:24Z" user="sanchi" uid="170106">
  <member type="node" ref="1841891323" role="stop"/>
  <member type="way" ref="422048322" role="platform"/>
  <member type="way" ref="422048318" role="platform"/>
  <member type="way" ref="422048321" role="platform"/>
  <member type="way" ref="422048315" role="platform"/>
  <member type="node" ref="1623057690" role="stop"/>
  <member type="way" ref="422048313" role="platform"/>
  <member type="node" ref="1623057670" role="stop"/>
  <member type="way" ref="422048312" role="platform"/>
  <member type="node" ref="1623057645" role="stop"/>
  <member type="way" ref="422055746" role="platform"/>
  <member type="node" ref="1727203214" role="stop"/>
  <member type="way" ref="422055757" role="platform"/>
  <member type="node" ref="1623057589" role="stop"/>
  <member type="way" ref="422055747" role="platform"/>
  <member type="node" ref="1623057622" role="stop"/>
  <member type="way" ref="422055771" role="platform"/>
  <member type="node" ref="1623057635" role="stop"/>
  <member type="way" ref="422055790" role="platform"/>
  <member type="node" ref="1623057663" role="stop"/>
  <member type="way" ref="422055754" role="platform"/>
  <member type="node" ref="1623057647" role="stop"/>
  <member type="way" ref="422055762" role="platform"/>
  <member type="node" ref="1623057639" role="stop"/>
  <member type="way" ref="422055752" role="platform"/>
  <member type="node" ref="114174793" role="stop"/>
  <member type="way" ref="422055774" role="platform"/>
  <member type="node" ref="814710805" role="stop"/>
  <member type="way" ref="422055796" role="platform"/>
  <member type="node" ref="1623057675" role="stop"/>
  <member type="way" ref="422055769" role="platform"/>
  <member type="node" ref="1623057564" role="stop"/>
  <member type="way" ref="422055741" role="platform"/>
  <member type="node" ref="1623057587" role="stop"/>
  <member type="way" ref="422055781" role="platform"/>
  <member type="node" ref="1623057619" role="stop"/>
  <member type="way" ref="422055743" role="platform"/>
  <member type="node" ref="1623057677" role="stop"/>
  <member type="way" ref="422055795" role="platform"/>
  <member type="node" ref="1623057644" role="stop"/>
  <member type="way" ref="422055756" role="platform"/>
  <member type="node" ref="1623057611" role="stop"/>
  <member type="way" ref="422055739" role="platform"/>
  <member type="node" ref="1623057578" role="stop"/>
  <member type="node" ref="1623057583" role="stop"/>
  <member type="way" ref="422055766" role="platform"/>
  <member type="node" ref="1623057606" role="stop"/>
  <member type="way" ref="422055764" role="platform"/>
  <member type="node" ref="119283392" role="stop"/>
  <member type="way" ref="422055786" role="platform"/>
  <member type="node" ref="1623057568" role="stop"/>
  <member type="node" ref="1623057596" role="stop"/>
  <member type="node" ref="1623184218" role="stop"/>
  <member type="node" ref="1623184116" role="stop"/>
  <member type="node" ref="5695040500" role="stop"/>
  <member type="node" ref="1623184206" role="stop"/>
  <member type="way" ref="509003515" role="platform"/>
  <member type="node" ref="1623184146" role="stop"/>
  <member type="way" ref="509003585" role="platform"/>
  <member type="node" ref="1623184174" role="stop"/>
  <member type="node" ref="1623184110" role="stop"/>
  <member type="node" ref="1623184177" role="stop"/>
  <member type="way" ref="627026961" role="platform"/>
  <member type="node" ref="1623184202" role="stop"/>
  <member type="node" ref="981338378" role="stop"/>
  <member type="node" ref="1623184135" role="stop"/>
  <member type="node" ref="1623184139" role="stop"/>
  <member type="way" ref="627027978" role="platform"/>
  <member type="node" ref="1623184186" role="stop"/>
  <member type="node" ref="1623184211" role="stop"/>
  <member type="node" ref="1623184106" role="stop"/>
  <member type="node" ref="1623184199" role="stop"/>
  <member type="node" ref="1623184183" role="stop"/>
  <member type="node" ref="1623184115" role="stop"/>
  <member type="node" ref="1550115422" role="stop"/>
  <member type="node" ref="258413922" role="stop"/>
  <member type="node" ref="1550092458" role="stop"/>
  <member type="node" ref="258755049" role="stop"/>
  <member type="node" ref="3935727662" role="stop"/>
  <member type="node" ref="1623184081" role="stop"/>
  <member type="node" ref="1623184101" role="stop"/>
  <member type="node" ref="258755228" role="stop"/>
  <member type="node" ref="767825415" role="stop"/>
  <member type="node" ref="5704272299" role="platform"/>
  <member type="node" ref="1623184128" role="stop"/>
  <member type="node" ref="5704251493" role="platform"/>
  <member type="node" ref="1623184168" role="stop"/>
  <member type="node" ref="1623184192" role="stop"/>
  <member type="node" ref="5735000421" role="stop"/>
  <member type="way" ref="604388813" role="platform"/>
  <member type="node" ref="1623184129" role="stop"/>
  <member type="way" ref="331408177" role="platform"/>
  <member type="node" ref="3384682693" role="stop"/>
  <member type="way" ref="331408179" role="platform"/>
  <member type="node" ref="1623184090" role="stop"/>
  <member type="way" ref="331408182" role="platform"/>
  <member type="node" ref="6037365525" role="stop"/>
  <member type="node" ref="1623184166" role="stop"/>
  <member type="way" ref="331408176" role="platform"/>
  <member type="node" ref="1623184193" role="stop"/>
  <member type="way" ref="331408178" role="platform"/>
  <member type="node" ref="1623184089" role="stop"/>
  <member type="way" ref="331408180" role="platform"/>
  <member type="node" ref="1623184141" role="stop"/>
  <member type="way" ref="444028230" role="platform"/>
  <member type="node" ref="683601572" role="stop"/>
  <member type="way" ref="444028204" role="platform"/>
  <member type="node" ref="683601624" role="stop"/>
  <member type="node" ref="1623184097" role="stop"/>
  <member type="way" ref="444028211" role="platform"/>
  <member type="node" ref="6566486407" role="stop"/>
  <member type="node" ref="683629977" role="stop"/>
  <member type="node" ref="683630019" role="stop"/>
  <member type="node" ref="683630126" role="stop"/>
  <member type="way" ref="444028218" role="platform"/>
  <member type="node" ref="683414804" role="stop"/>
  <member type="way" ref="444028228" role="platform"/>
  <member type="node" ref="683414819" role="stop"/>
  <member type="way" ref="444134307" role="platform"/>
  <member type="node" ref="683635947" role="stop"/>
  <member type="way" ref="444134304" role="platform"/>
  <member type="node" ref="683405046" role="stop"/>
  <member type="way" ref="444134308" role="platform"/>
  <member type="node" ref="683405101" role="stop"/>
  <member type="way" ref="444134310" role="platform"/>
  <member type="node" ref="683398151" role="stop"/>
  <member type="way" ref="444134312" role="platform"/>
  <member type="node" ref="683390230" role="stop"/>
  <member type="way" ref="444134316" role="platform"/>
  <member type="node" ref="683387749" role="stop"/>
  <member type="way" ref="445051838" role="platform"/>
  <member type="node" ref="683387865" role="stop"/>
  <member type="way" ref="490738231" role="platform"/>
  <member type="node" ref="683371933" role="stop"/>
  <member type="way" ref="458058868" role="platform"/>
  <member type="node" ref="683366782" role="stop"/>
  <member type="way" ref="468510035" role="platform"/>
  <member type="node" ref="4944868144" role="stop"/>
  <member type="way" ref="504316339" role="platform"/>
  <member type="node" ref="5299959450" role="stop"/>
  <member type="node" ref="5451385120" role="stop"/>
  <member type="way" ref="967947197" role="platform"/>
  <member type="way" ref="173350291" role=""/>
  <member type="way" ref="1313723682" role=""/>
  <member type="way" ref="1313723681" role=""/>
  <member type="way" ref="232691256" role=""/>
  <member type="way" ref="232691258" role=""/>
  <member type="way" ref="1350644289" role=""/>
  <member type="way" ref="1350644288" role=""/>
  <member type="way" ref="597061312" role=""/>
  <member type="way" ref="56205533" role=""/>
  <member type="way" ref="160689791" role=""/>
  <member type="way" ref="23838239" role=""/>
  <member type="way" ref="1387802598" role=""/>
  <member type="way" ref="50603991" role=""/>
  <member type="way" ref="56130640" role=""/>
  <member type="way" ref="1387802596" role=""/>
  <member type="way" ref="1387802597" role=""/>
  <member type="way" ref="56130637" role=""/>
  <member type="way" ref="422055718" role=""/>
  <member type="way" ref="422055724" role=""/>
  <member type="way" ref="56130671" role=""/>
  <member type="way" ref="56130629" role=""/>
  <member type="way" ref="149309369" role=""/>
  <member type="way" ref="149309367" role=""/>
  <member type="way" ref="719932255" role=""/>
  <member type="way" ref="1519404722" role=""/>
  <member type="way" ref="719932256" role=""/>
  <member type="way" ref="23838240" role=""/>
  <member type="way" ref="1518894093" role=""/>
  <member type="way" ref="1518894092" role=""/>
  <member type="way" ref="56069456" role=""/>
  <member type="way" ref="56069455" role=""/>
  <member type="way" ref="284578914" role=""/>
  <member type="way" ref="103836820" role=""/>
  <member type="way" ref="56059162" role=""/>
  <member type="way" ref="23838241" role=""/>
  <member type="way" ref="56059152" role=""/>
  <member type="way" ref="56059148" role=""/>
  <member type="way" ref="40915064" role=""/>
  <member type="way" ref="40915057" role=""/>
  <member type="way" ref="627026951" role=""/>
  <member type="way" ref="627026952" role=""/>
  <member type="way" ref="56058668" role=""/>
  <member type="way" ref="627026957" role=""/>
  <member type="way" ref="627026954" role=""/>
  <member type="way" ref="627026955" role=""/>
  <member type="way" ref="627026956" role=""/>
  <member type="way" ref="56058666" role=""/>
  <member type="way" ref="627026959" role=""/>
  <member type="way" ref="627026960" role=""/>
  <member type="way" ref="263141876" role=""/>
  <member type="way" ref="598391061" role=""/>
  <member type="way" ref="56055042" role=""/>
  <member type="way" ref="56055040" role=""/>
  <member type="way" ref="1518873297" role=""/>
  <member type="way" ref="1518873296" role=""/>
  <member type="way" ref="1133480274" role=""/>
  <member type="way" ref="1518923541" role=""/>
  <member type="way" ref="470925092" role=""/>
  <member type="way" ref="470925093" role=""/>
  <member type="way" ref="84389198" role=""/>
  <member type="way" ref="198516825" role=""/>
  <member type="way" ref="84389177" role=""/>
  <member type="way" ref="1133480279" role=""/>
  <member type="way" ref="1133480278" role=""/>
  <member type="way" ref="84389201" role=""/>
  <member type="way" ref="1133480280" role=""/>
  <member type="way" ref="1133480281" role=""/>
  <member type="way" ref="1133480282" role=""/>
  <member type="way" ref="1133480277" role=""/>
  <member type="way" ref="1133480284" role=""/>
  <member type="way" ref="1133480285" role=""/>
  <member type="way" ref="1133480286" role=""/>
  <member type="way" ref="252719235" role=""/>
  <member type="way" ref="1133480287" role=""/>
  <member type="way" ref="470920794" role=""/>
  <member type="way" ref="1133480288" role=""/>
  <member type="way" ref="1133480289" role=""/>
  <member type="way" ref="470920793" role=""/>
  <member type="way" ref="1133480290" role=""/>
  <member type="way" ref="1133480295" role=""/>
  <member type="way" ref="1133480291" role=""/>
  <member type="way" ref="1133480292" role=""/>
  <member type="way" ref="1133480293" role=""/>
  <member type="way" ref="1133480294" role=""/>
  <member type="way" ref="1476407402" role=""/>
  <member type="way" ref="1476407401" role=""/>
  <member type="way" ref="1476407397" role=""/>
  <member type="way" ref="1476407398" role=""/>
  <member type="way" ref="252719245" role=""/>
  <member type="way" ref="1133480296" role=""/>
  <member type="way" ref="1133480297" role=""/>
  <member type="way" ref="1133480298" role=""/>
  <member type="way" ref="296058393" role=""/>
  <member type="way" ref="1133480299" role=""/>
  <member type="way" ref="296058395" role=""/>
  <member type="way" ref="1133480300" role=""/>
  <member type="way" ref="1133480301" role=""/>
  <member type="way" ref="23847207" role=""/>
  <member type="way" ref="1133480302" role=""/>
  <member type="way" ref="58106402" role=""/>
  <member type="way" ref="627029455" role=""/>
  <member type="way" ref="1133480303" role=""/>
  <member type="way" ref="627029459" role=""/>
  <member type="way" ref="627029454" role=""/>
  <member type="way" ref="627029458" role=""/>
  <member type="way" ref="1133480305" role=""/>
  <member type="way" ref="1133480304" role=""/>
  <member type="way" ref="1133480306" role=""/>
  <member type="way" ref="58106455" role=""/>
  <member type="way" ref="1133480307" role=""/>
  <member type="way" ref="1133480308" role=""/>
  <member type="way" ref="1133480309" role=""/>
  <member type="way" ref="627035221" role=""/>
  <member type="way" ref="1133480310" role=""/>
  <member type="way" ref="1133480311" role=""/>
  <member type="way" ref="627035222" role=""/>
  <member type="way" ref="285627340" role=""/>
  <member type="way" ref="1133480312" role=""/>
  <member type="way" ref="285627338" role=""/>
  <member type="way" ref="58106546" role=""/>
  <member type="way" ref="58106421" role=""/>
  <member type="way" ref="1133480275" role=""/>
  <member type="way" ref="1133480276" role=""/>
  <member type="way" ref="1133480313" role=""/>
  <member type="way" ref="1133480314" role=""/>
  <member type="way" ref="285862186" role=""/>
  <member type="way" ref="285862187" role=""/>
  <member type="way" ref="1133480315" role=""/>
  <member type="way" ref="100305227" role=""/>
  <member type="way" ref="1133480316" role=""/>
  <member type="way" ref="1133480318" role=""/>
  <member type="way" ref="1133480317" role=""/>
  <member type="way" ref="1133480273" role=""/>
  <member type="way" ref="1133480272" role=""/>
  <member type="way" ref="100305235" role=""/>
  <member type="way" ref="1333774926" role=""/>
  <member type="way" ref="1333774925" role=""/>
  <member type="way" ref="1333774924" role=""/>
  <member type="way" ref="1333774923" role=""/>
  <member type="way" ref="53588521" role=""/>
  <member type="way" ref="53588518" role=""/>
  <member type="way" ref="49731798" role=""/>
  <member type="way" ref="49731799" role=""/>
  <member type="way" ref="1333774928" role=""/>
  <member type="way" ref="1333774927" role=""/>
  <member type="way" ref="1133480319" role=""/>
  <member type="way" ref="1133480320" role=""/>
  <member type="way" ref="49731797" role=""/>
  <member type="way" ref="1133480321" role=""/>
  <member type="way" ref="1133181826" role=""/>
  <member type="way" ref="49731772" role=""/>
  <member type="way" ref="426413888" role=""/>
  <member type="way" ref="426413889" role=""/>
  <member type="way" ref="1133181825" role=""/>
  <member type="way" ref="101962360" role=""/>
  <member type="way" ref="101962318" role=""/>
  <member type="way" ref="101962182" role=""/>
  <member type="way" ref="101962132" role=""/>
  <member type="way" ref="432849981" role=""/>
  <member type="way" ref="432849980" role=""/>
  <member type="way" ref="1133181829" role=""/>
  <member type="way" ref="1133181828" role=""/>
  <member type="way" ref="1133181821" role=""/>
  <member type="way" ref="1133181827" role=""/>
  <member type="way" ref="23847206" role=""/>
  <member type="way" ref="23847205" role=""/>
  <member type="way" ref="1133181831" role=""/>
  <member type="way" ref="32977180" role=""/>
  <member type="way" ref="1133181830" role=""/>
  <member type="way" ref="32977181" role=""/>
  <member type="way" ref="1267929428" role=""/>
  <member type="way" ref="1267929427" role=""/>
  <member type="way" ref="1271959776" role=""/>
  <member type="way" ref="1271959775" role=""/>
  <member type="way" ref="1133181832" role=""/>
  <member type="way" ref="74864600" role=""/>
  <member type="way" ref="1133181833" role=""/>
  <member type="way" ref="74864599" role=""/>
  <member type="way" ref="23847203" role=""/>
  <member type="way" ref="23847204" role=""/>
  <member type="way" ref="74863454" role=""/>
  <member type="way" ref="74863455" role=""/>
  <member type="way" ref="1133181822" role=""/>
  <member type="way" ref="74863316" role=""/>
  <member type="way" ref="74863314" role=""/>
  <member type="way" ref="164321403" role=""/>
  <member type="way" ref="164321399" role=""/>
  <member type="way" ref="1133181835" role=""/>
  <member type="way" ref="25299944" role=""/>
  <member type="way" ref="25299942" role=""/>
  <member type="way" ref="25299954" role=""/>
  <member type="way" ref="1133181834" role=""/>
  <member type="way" ref="25299940" role=""/>
  <member type="way" ref="390050796" role=""/>
  <member type="way" ref="390050795" role=""/>
  <member type="way" ref="390050794" role=""/>
  <member type="way" ref="164314905" role=""/>
  <member type="way" ref="1133181837" role=""/>
  <member type="way" ref="1133181836" role=""/>
  <member type="way" ref="164314906" role=""/>
  <member type="way" ref="1133181840" role=""/>
  <member type="way" ref="128660901" role=""/>
  <member type="way" ref="128660912" role=""/>
  <member type="way" ref="25299943" role=""/>
  <member type="way" ref="1133181839" role=""/>
  <member type="way" ref="1133181838" role=""/>
  <member type="way" ref="25299941" role=""/>
  <member type="way" ref="1133181823" role=""/>
  <member type="way" ref="88539595" role=""/>
  <member type="way" ref="1133181842" role=""/>
  <member type="way" ref="88539590" role=""/>
  <member type="way" ref="1133181841" role=""/>
  <member type="way" ref="88539576" role=""/>
  <member type="way" ref="28155580" role=""/>
  <member type="way" ref="61556778" role=""/>
  <member type="way" ref="252002461" role=""/>
  <member type="way" ref="252002462" role=""/>
  <member type="way" ref="252002468" role=""/>
  <member type="way" ref="1476933466" role=""/>
  <member type="way" ref="1476933467" role=""/>
  <member type="way" ref="1476933464" role=""/>
  <member type="way" ref="1476933465" role=""/>
  <member type="way" ref="252002466" role=""/>
  <member type="way" ref="274485716" role=""/>
  <member type="way" ref="1133181844" role=""/>
  <member type="way" ref="1133181843" role=""/>
  <member type="way" ref="274485717" role=""/>
  <member type="way" ref="276472266" role=""/>
  <member type="way" ref="276472268" role=""/>
  <member type="way" ref="321065898" role=""/>
  <member type="way" ref="321065899" role=""/>
  <member type="way" ref="819973792" role=""/>
  <member type="way" ref="158621856" role=""/>
  <member type="way" ref="819973800" role=""/>
  <member type="way" ref="819973799" role=""/>
  <member type="way" ref="158621857" role=""/>
  <member type="way" ref="49527965" role=""/>
  <member type="way" ref="1133181845" role=""/>
  <member type="way" ref="1133181846" role=""/>
  <member type="way" ref="160065558" role=""/>
  <member type="way" ref="160065557" role=""/>
  <member type="way" ref="345401913" role=""/>
  <member type="way" ref="345401912" role=""/>
  <member type="way" ref="830326192" role=""/>
  <member type="way" ref="585982082" role=""/>
  <member type="way" ref="317605402" role=""/>
  <member type="way" ref="830326194" role=""/>
  <member type="way" ref="1302859936" role=""/>
  <member type="way" ref="1133181847" role=""/>
  <member type="way" ref="1133181848" role=""/>
  <member type="way" ref="317605404" role=""/>
  <member type="way" ref="317605401" role=""/>
  <member type="way" ref="317605399" role=""/>
  <member type="way" ref="317605400" role=""/>
  <member type="way" ref="1133181849" role=""/>
  <member type="way" ref="1133181850" role=""/>
  <member type="way" ref="250475113" role=""/>
  <member type="way" ref="404164196" role=""/>
  <member type="way" ref="404164197" role=""/>
  <member type="way" ref="1133181824" role=""/>
  <member type="way" ref="250475111" role=""/>
  <member type="way" ref="250475112" role=""/>
  <member type="way" ref="250475110" role=""/>
  <member type="way" ref="1266884215" role=""/>
  <member type="way" ref="1266884216" role=""/>
  <member type="way" ref="49187299" role=""/>
  <member type="way" ref="49187300" role=""/>
  <member type="way" ref="49187297" role=""/>
  <member type="way" ref="1266905952" role=""/>
  <member type="way" ref="1266905951" role=""/>
  <member type="way" ref="49187298" role=""/>
  <member type="way" ref="49187295" role=""/>
  <member type="way" ref="49187296" role=""/>
  <member type="way" ref="640959559" role=""/>
  <member type="way" ref="331408188" role=""/>
  <member type="way" ref="49182914" role=""/>
  <member type="way" ref="1019530953" role=""/>
  <member type="way" ref="1019530941" role=""/>
  <member type="way" ref="1019530946" role=""/>
  <member type="way" ref="415884281" role=""/>
  <member type="way" ref="415884280" role=""/>
  <member type="way" ref="304725030" role=""/>
  <member type="way" ref="304725031" role=""/>
  <member type="way" ref="83900892" role=""/>
  <member type="way" ref="800649265" role=""/>
  <member type="way" ref="800649264" role=""/>
  <member type="way" ref="648824207" role=""/>
  <member type="way" ref="54202017" role=""/>
  <member type="way" ref="934552831" role=""/>
  <member type="way" ref="1133181852" role=""/>
  <member type="way" ref="1133181851" role=""/>
  <member type="way" ref="444028219" role=""/>
  <member type="way" ref="54373255" role=""/>
  <member type="way" ref="440017883" role=""/>
  <member type="way" ref="54202902" role=""/>
  <member type="way" ref="546663908" role=""/>
  <member type="way" ref="149320844" role=""/>
  <member type="way" ref="54202903" role=""/>
  <member type="way" ref="1106078735" role=""/>
  <member type="way" ref="1106078736" role=""/>
  <member type="way" ref="1106078738" role=""/>
  <member type="way" ref="1072069426" role=""/>
  <member type="way" ref="1072069427" role=""/>
  <member type="way" ref="1072069424" role=""/>
  <member type="way" ref="1072069425" role=""/>
  <member type="way" ref="1106078740" role=""/>
  <member type="way" ref="54202956" role=""/>
  <member type="way" ref="1106078739" role=""/>
  <member type="way" ref="54202958" role=""/>
  <member type="way" ref="648821398" role=""/>
  <member type="way" ref="54202904" role=""/>
  <member type="way" ref="54180524" role=""/>
  <member type="way" ref="648821393" role=""/>
  <member type="way" ref="648821395" role=""/>
  <member type="way" ref="444134309" role=""/>
  <member type="way" ref="444134303" role=""/>
  <member type="way" ref="54180523" role=""/>
  <member type="way" ref="1244084206" role=""/>
  <member type="way" ref="1244084207" role=""/>
  <member type="way" ref="444134315" role=""/>
  <member type="way" ref="648821400" role=""/>
  <member type="way" ref="648821403" role=""/>
  <member type="way" ref="444134305" role=""/>
  <member type="way" ref="54179777" role=""/>
  <member type="way" ref="648821405" role=""/>
  <member type="way" ref="648821407" role=""/>
  <member type="way" ref="544231712" role=""/>
  <member type="way" ref="648821408" role=""/>
  <member type="way" ref="370581913" role=""/>
  <member type="way" ref="648821409" role=""/>
  <member type="way" ref="648821410" role=""/>
  <member type="way" ref="648821411" role=""/>
  <member type="way" ref="648807397" role=""/>
  <member type="way" ref="490729372" role=""/>
  <member type="way" ref="648807398" role=""/>
  <member type="way" ref="648807400" role=""/>
  <member type="way" ref="648807402" role=""/>
  <member type="way" ref="648807404" role=""/>
  <member type="way" ref="648807406" role=""/>
  <member type="way" ref="370581908" role=""/>
  <member type="way" ref="648807408" role=""/>
  <member type="way" ref="54177991" role=""/>
  <member type="way" ref="54177998" role=""/>
  <member type="way" ref="490737658" role=""/>
  <member type="way" ref="54178000" role=""/>
  <member type="way" ref="648807410" role=""/>
  <member type="way" ref="370582826" role=""/>
  <member type="way" ref="648807412" role=""/>
  <member type="way" ref="648807415" role=""/>
  <member type="way" ref="648807417" role=""/>
  <member type="way" ref="54174860" role=""/>
  <member type="way" ref="128515596" role=""/>
  <member type="way" ref="648807419" role=""/>
  <member type="way" ref="668424570" role=""/>
  <member type="way" ref="54173960" role=""/>
  <member type="way" ref="489794661" role=""/>
  <member type="way" ref="467622496" role=""/>
  <member type="way" ref="467619209" role=""/>
  <member type="way" ref="161870396" role=""/>
  <tag k="colour" v="orange"/>
  <tag k="from" v="Asunción-Universidad"/>
  <tag k="name" v="R4 León =&gt; Bilbao"/>
  <tag k="network" v="ES:ADIF"/>
  <tag k="public_transport:version" v="2"/>
  <tag k="ref" v="R4"/>
  <tag k="route" v="train"/>
  <tag k="service" v="regional"/>
  <tag k="to" v="Bilbao-Concordia"/>
  <tag k="type" v="route"/>
 </relation>
 <relation id="8394574" visible="true" version="9" changeset="178076609" timestamp="2026-02-04T04:31:48Z" user="UnniMan" uid="22771198">
  <member type="relation" ref="8377012" role=""/>
  <member type="relation" ref="8394573" role=""/>
  <tag k="colour" v="orange"/>
  <tag k="name" v="Tren León-Bilbao"/>
  <tag k="network" v="Renfe Media Distancia"/>
  <tag k="network:wikidata" v="Q3109506"/>
  <tag k="operator" v="Renfe"/>
  <tag k="operator:wikidata" v="Q2476154"/>
  <tag k="ref" v="R4"/>
  <tag k="route" v="train"/>
  <tag k="route_master" v="train"/>
  <tag k="type" v="route"/>
  <tag k="wikidata" v="Q915600"/>
  <tag k="wikimedia_commons" v="Category:Ferrocarril de La Robla"/>
  <tag k="wikipedia" v="es:Ferrocarril de La Robla"/>
 </relation>
 <relation id="8394665" visible="true" version="58" changeset="176148888" timestamp="2025-12-19T16:50:21Z" user="Franamberes" uid="14545705">
  <member type="node" ref="5451385120" role="stop"/>
  <member type="way" ref="967947197" role="platform"/>
  <member type="node" ref="5299959450" role="stop"/>
  <member type="node" ref="4944868144" role="stop"/>
  <member type="way" ref="504316339" role="platform"/>
  <member type="node" ref="683366782" role="stop"/>
  <member type="way" ref="468510035" role="platform"/>
  <member type="node" ref="683387749" role="stop"/>
  <member type="way" ref="445051838" role="platform"/>
  <member type="node" ref="683390230" role="stop"/>
  <member type="way" ref="444134316" role="platform"/>
  <member type="node" ref="683405101" role="stop"/>
  <member type="way" ref="444134310" role="platform"/>
  <member type="node" ref="683414804" role="stop"/>
  <member type="way" ref="444028228" role="platform"/>
  <member type="node" ref="6283434906" role="stop"/>
  <member type="way" ref="251111883" role="platform"/>
  <member type="node" ref="1623240023" role="stop"/>
  <member type="way" ref="445178780" role="platform"/>
  <member type="node" ref="1604259976" role="stop"/>
  <member type="way" ref="440346626" role="platform"/>
  <member type="node" ref="1623240030" role="stop"/>
  <member type="way" ref="445178779" role="platform"/>
  <member type="node" ref="1623239984" role="stop"/>
  <member type="way" ref="473054665" role="platform"/>
  <member type="node" ref="1623240000" role="stop"/>
  <member type="node" ref="1623240026" role="stop"/>
  <member type="way" ref="569405805" role="platform"/>
  <member type="node" ref="4972778468" role="stop"/>
  <member type="way" ref="507853151" role="platform"/>
  <member type="node" ref="1623240011" role="stop"/>
  <member type="way" ref="507853156" role="platform"/>
  <member type="node" ref="1382884675" role="stop"/>
  <member type="way" ref="507362029" role="platform"/>
  <member type="node" ref="1623239995" role="stop"/>
  <member type="way" ref="525121952" role="platform"/>
  <member type="node" ref="762565220" role="stop"/>
  <member type="way" ref="507362824" role="platform"/>
  <member type="node" ref="1504960001" role="stop"/>
  <member type="node" ref="1504979213" role="stop"/>
  <member type="node" ref="266131591" role="stop"/>
  <member type="way" ref="670982372" role="platform"/>
  <member type="node" ref="34669003" role="stop"/>
  <member type="node" ref="1607358404" role="stop"/>
  <member type="way" ref="671142280" role="platform"/>
  <member type="node" ref="33751754" role="stop"/>
  <member type="node" ref="33751327" role="stop"/>
  <member type="node" ref="33727847" role="stop"/>
  <member type="way" ref="670980135" role="platform"/>
  <member type="node" ref="6283393196" role="stop"/>
  <member type="way" ref="670979740" role="platform"/>
  <member type="node" ref="33803696" role="stop"/>
  <member type="way" ref="373530764" role="platform"/>
  <member type="node" ref="6285101626" role="stop"/>
  <member type="way" ref="671163279" role="platform"/>
  <member type="node" ref="1015718858" role="stop"/>
  <member type="way" ref="624111139" role="platform"/>
  <member type="node" ref="6285935849" role="stop"/>
  <member type="way" ref="671242649" role="platform"/>
  <member type="way" ref="1104904605" role="platform"/>
  <member type="way" ref="161870396" role=""/>
  <member type="way" ref="467619209" role=""/>
  <member type="way" ref="467622496" role=""/>
  <member type="way" ref="489794661" role=""/>
  <member type="way" ref="54173960" role=""/>
  <member type="way" ref="668424570" role=""/>
  <member type="way" ref="648807419" role=""/>
  <member type="way" ref="128515596" role=""/>
  <member type="way" ref="54174860" role=""/>
  <member type="way" ref="648807417" role=""/>
  <member type="way" ref="648807415" role=""/>
  <member type="way" ref="648807412" role=""/>
  <member type="way" ref="370582826" role=""/>
  <member type="way" ref="648807410" role=""/>
  <member type="way" ref="54178000" role=""/>
  <member type="way" ref="490737658" role=""/>
  <member type="way" ref="54177998" role=""/>
  <member type="way" ref="54177991" role=""/>
  <member type="way" ref="648807408" role=""/>
  <member type="way" ref="370581908" role=""/>
  <member type="way" ref="648807406" role=""/>
  <member type="way" ref="648807404" role=""/>
  <member type="way" ref="648807402" role=""/>
  <member type="way" ref="648807400" role=""/>
  <member type="way" ref="648807398" role=""/>
  <member type="way" ref="490729372" role=""/>
  <member type="way" ref="648807397" role=""/>
  <member type="way" ref="648821411" role=""/>
  <member type="way" ref="648821410" role=""/>
  <member type="way" ref="648821409" role=""/>
  <member type="way" ref="370581913" role=""/>
  <member type="way" ref="648821408" role=""/>
  <member type="way" ref="544231712" role=""/>
  <member type="way" ref="648821407" role=""/>
  <member type="way" ref="648821405" role=""/>
  <member type="way" ref="54179777" role=""/>
  <member type="way" ref="444134305" role=""/>
  <member type="way" ref="648821403" role=""/>
  <member type="way" ref="648821400" role=""/>
  <member type="way" ref="444134315" role=""/>
  <member type="way" ref="1244084207" role=""/>
  <member type="way" ref="1244084206" role=""/>
  <member type="way" ref="54180523" role=""/>
  <member type="way" ref="444134303" role=""/>
  <member type="way" ref="444134309" role=""/>
  <member type="way" ref="648821395" role=""/>
  <member type="way" ref="648821393" role=""/>
  <member type="way" ref="54180524" role=""/>
  <member type="way" ref="147216233" role=""/>
  <member type="way" ref="54234919" role=""/>
  <member type="way" ref="648821390" role=""/>
  <member type="way" ref="648821387" role=""/>
  <member type="way" ref="54234920" role=""/>
  <member type="way" ref="271786679" role=""/>
  <member type="way" ref="481869326" role=""/>
  <member type="way" ref="481869325" role=""/>
  <member type="way" ref="445178776" role=""/>
  <member type="way" ref="445178773" role=""/>
  <member type="way" ref="445178774" role=""/>
  <member type="way" ref="445178770" role=""/>
  <member type="way" ref="648821385" role=""/>
  <member type="way" ref="271786678" role=""/>
  <member type="way" ref="648821382" role=""/>
  <member type="way" ref="481864627" role=""/>
  <member type="way" ref="481864628" role=""/>
  <member type="way" ref="648821380" role=""/>
  <member type="way" ref="481864633" role=""/>
  <member type="way" ref="481864630" role=""/>
  <member type="way" ref="481864629" role=""/>
  <member type="way" ref="481860865" role=""/>
  <member type="way" ref="1282130421" role=""/>
  <member type="way" ref="1282130420" role=""/>
  <member type="way" ref="440346627" role=""/>
  <member type="way" ref="440346628" role=""/>
  <member type="way" ref="440346629" role=""/>
  <member type="way" ref="648821378" role=""/>
  <member type="way" ref="648821375" role=""/>
  <member type="way" ref="648821372" role=""/>
  <member type="way" ref="440346630" role=""/>
  <member type="way" ref="37948729" role=""/>
  <member type="way" ref="481857764" role=""/>
  <member type="way" ref="481857763" role=""/>
  <member type="way" ref="648821370" role=""/>
  <member type="way" ref="648821365" role=""/>
  <member type="way" ref="648821368" role=""/>
  <member type="way" ref="26568349" role=""/>
  <member type="way" ref="26601907" role=""/>
  <member type="way" ref="481854470" role=""/>
  <member type="way" ref="648821362" role=""/>
  <member type="way" ref="481854468" role=""/>
  <member type="way" ref="648821359" role=""/>
  <member type="way" ref="481854471" role=""/>
  <member type="way" ref="648821354" role=""/>
  <member type="way" ref="648821356" role=""/>
  <member type="way" ref="26601765" role=""/>
  <member type="way" ref="26601768" role=""/>
  <member type="way" ref="26601767" role=""/>
  <member type="way" ref="598021065" role=""/>
  <member type="way" ref="473054682" role=""/>
  <member type="way" ref="473054672" role=""/>
  <member type="way" ref="26601763" role=""/>
  <member type="way" ref="598916363" role=""/>
  <member type="way" ref="598916362" role=""/>
  <member type="way" ref="26601720" role=""/>
  <member type="way" ref="26601722" role=""/>
  <member type="way" ref="26601706" role=""/>
  <member type="way" ref="26601707" role=""/>
  <member type="way" ref="26601705" role=""/>
  <member type="way" ref="26601704" role=""/>
  <member type="way" ref="473054708" role=""/>
  <member type="way" ref="648824208" role=""/>
  <member type="way" ref="1453896469" role=""/>
  <member type="way" ref="160665438" role=""/>
  <member type="way" ref="1453896468" role=""/>
  <member type="way" ref="1453896467" role=""/>
  <member type="way" ref="160665442" role=""/>
  <member type="way" ref="160665444" role=""/>
  <member type="way" ref="160665441" role=""/>
  <member type="way" ref="160665439" role=""/>
  <member type="way" ref="160665440" role=""/>
  <member type="way" ref="158492580" role=""/>
  <member type="way" ref="158492581" role=""/>
  <member type="way" ref="1453896466" role=""/>
  <member type="way" ref="674534885" role=""/>
  <member type="way" ref="674534882" role=""/>
  <member type="way" ref="42715150" role=""/>
  <member type="way" ref="42715152" role=""/>
  <member type="way" ref="210622073" role=""/>
  <member type="way" ref="1453896465" role=""/>
  <member type="way" ref="210622072" role=""/>
  <member type="way" ref="1453896463" role=""/>
  <member type="way" ref="467745486" role=""/>
  <member type="way" ref="1453896464" role=""/>
  <member type="way" ref="467745487" role=""/>
  <member type="way" ref="670982374" role=""/>
  <member type="way" ref="507853153" role=""/>
  <member type="way" ref="670982373" role=""/>
  <member type="way" ref="210624401" role=""/>
  <member type="way" ref="210624400" role=""/>
  <member type="way" ref="507853155" role=""/>
  <member type="way" ref="1453896453" role=""/>
  <member type="way" ref="124186035" role=""/>
  <member type="way" ref="1453896455" role=""/>
  <member type="way" ref="1453896454" role=""/>
  <member type="way" ref="1453896456" role=""/>
  <member type="way" ref="671143268" role=""/>
  <member type="way" ref="671143269" role=""/>
  <member type="way" ref="507362111" role=""/>
  <member type="way" ref="1026753558" role=""/>
  <member type="way" ref="1026753559" role=""/>
  <member type="way" ref="507362112" role=""/>
  <member type="way" ref="124186037" role=""/>
  <member type="way" ref="546772065" role=""/>
  <member type="way" ref="546772066" role=""/>
  <member type="way" ref="26568352" role=""/>
  <member type="way" ref="1453896457" role=""/>
  <member type="way" ref="1453896458" role=""/>
  <member type="way" ref="1453896459" role=""/>
  <member type="way" ref="24989365" role=""/>
  <member type="way" ref="24989366" role=""/>
  <member type="way" ref="24989363" role=""/>
  <member type="way" ref="24989362" role=""/>
  <member type="way" ref="1453896460" role=""/>
  <member type="way" ref="507362829" role=""/>
  <member type="way" ref="507362828" role=""/>
  <member type="way" ref="1453896461" role=""/>
  <member type="way" ref="1453896462" role=""/>
  <member type="way" ref="25454808" role=""/>
  <member type="way" ref="24989361" role=""/>
  <member type="way" ref="24989353" role=""/>
  <member type="way" ref="24989352" role=""/>
  <member type="way" ref="24477703" role=""/>
  <member type="way" ref="24988810" role=""/>
  <member type="way" ref="1459865221" role=""/>
  <member type="way" ref="301586886" role=""/>
  <member type="way" ref="301586885" role=""/>
  <member type="way" ref="24988809" role=""/>
  <member type="way" ref="24988807" role=""/>
  <member type="way" ref="24477705" role=""/>
  <member type="way" ref="24477704" role=""/>
  <member type="way" ref="99248283" role=""/>
  <member type="way" ref="99248281" role=""/>
  <member type="way" ref="24477702" role=""/>
  <member type="way" ref="889320085" role=""/>
  <member type="way" ref="889320086" role=""/>
  <member type="way" ref="24477701" role=""/>
  <member type="way" ref="24477690" role=""/>
  <member type="way" ref="24477685" role=""/>
  <member type="way" ref="24477698" role=""/>
  <member type="way" ref="24477697" role=""/>
  <member type="way" ref="24477677" role=""/>
  <member type="way" ref="24477676" role=""/>
  <member type="way" ref="45482013" role=""/>
  <member type="way" ref="45482014" role=""/>
  <member type="way" ref="24477680" role=""/>
  <member type="way" ref="1409441963" role=""/>
  <member type="way" ref="24477678" role=""/>
  <member type="way" ref="45482012" role=""/>
  <member type="way" ref="1409441964" role=""/>
  <member type="way" ref="301764942" role=""/>
  <member type="way" ref="541963825" role=""/>
  <member type="way" ref="301764941" role=""/>
  <member type="way" ref="5047615" role=""/>
  <member type="way" ref="5047612" role=""/>
  <member type="way" ref="1106413700" role=""/>
  <member type="way" ref="1106413699" role=""/>
  <member type="way" ref="31762321" role=""/>
  <member type="way" ref="147521554" role=""/>
  <member type="way" ref="147521553" role=""/>
  <member type="way" ref="31762320" role=""/>
  <member type="way" ref="1115165902" role=""/>
  <member type="way" ref="1115165903" role=""/>
  <member type="way" ref="63105605" role=""/>
  <member type="way" ref="63105600" role=""/>
  <member type="way" ref="247916132" role=""/>
  <member type="way" ref="247916130" role=""/>
  <member type="way" ref="5043407" role=""/>
  <member type="way" ref="5043408" role=""/>
  <member type="way" ref="5042431" role=""/>
  <member type="way" ref="1101679936" role=""/>
  <member type="way" ref="670978705" role=""/>
  <member type="way" ref="5042432" role=""/>
  <member type="way" ref="1101679937" role=""/>
  <member type="way" ref="1101679940" role=""/>
  <member type="way" ref="5042426" role=""/>
  <member type="way" ref="5042424" role=""/>
  <member type="way" ref="362759832" role=""/>
  <member type="way" ref="670978715" role=""/>
  <member type="way" ref="670978714" role=""/>
  <member type="way" ref="362759833" role=""/>
  <member type="way" ref="1098768070" role=""/>
  <member type="way" ref="1212466894" role=""/>
  <member type="way" ref="1098768071" role=""/>
  <member type="way" ref="1098770151" role=""/>
  <member type="way" ref="670978713" role=""/>
  <member type="way" ref="1098772494" role=""/>
  <member type="way" ref="1098813449" role=""/>
  <member type="way" ref="1098813450" role=""/>
  <member type="way" ref="670978712" role=""/>
  <member type="way" ref="23085738" role=""/>
  <member type="way" ref="672269080" role=""/>
  <member type="way" ref="671163285" role=""/>
  <member type="way" ref="671163284" role=""/>
  <member type="way" ref="1141790285" role=""/>
  <member type="way" ref="301764947" role=""/>
  <member type="way" ref="1435998835" role=""/>
  <member type="way" ref="1141790279" role=""/>
  <member type="way" ref="1141790280" role=""/>
  <member type="way" ref="1141790282" role=""/>
  <member type="way" ref="1057833925" role=""/>
  <member type="way" ref="301764946" role=""/>
  <member type="way" ref="672269079" role=""/>
  <member type="way" ref="87346451" role=""/>
  <member type="way" ref="446480352" role=""/>
  <member type="way" ref="66334285" role=""/>
  <member type="way" ref="245076475" role=""/>
  <member type="way" ref="1435849448" role=""/>
  <member type="way" ref="672270540" role=""/>
  <tag k="colour" v="#028d38"/>
  <tag k="from" v="Bilbao Concordia"/>
  <tag k="name" v="R3: Bilbao → Santander"/>
  <tag k="network" v="ES:ADIF"/>
  <tag k="operator" v="Renfe Feve"/>
  <tag k="public_transport:version" v="2"/>
  <tag k="ref" v="R3"/>
  <tag k="route" v="train"/>
  <tag k="service" v="regional"/>
  <tag k="to" v="Santander"/>
  <tag k="type" v="route"/>
 </relation>
 <relation id="8394666" visible="true" version="5" changeset="143502724" timestamp="2023-11-02T00:13:27Z" user="Davileci" uid="8123953">
  <member type="relation" ref="8394665" role=""/>
  <member type="relation" ref="6634816" role=""/>
  <tag k="colour" v="#028d38"/>
  <tag k="name" v="Tren R3"/>
  <tag k="network" v="ES:ADIF"/>
  <tag k="operator" v="Renfe Feve"/>
  <tag k="ref" v="R3"/>
  <tag k="route_master" v="train"/>
  <tag k="source" v="https://www.renfe.com/content/dam/renfe/es/Viajeros/Secciones/Cercanias/Mapas/feve/map_santander_bilbao.png"/>
  <tag k="type" v="route_master"/>
  <tag k="wikidata" v="Q26912032"/>
  <tag k="wikipedia" v="es:Ferrocarril de Santander a Bilbao"/>
 </relation>
 <relation id="8671676" visible="true" version="9" changeset="149260625" timestamp="2024-03-28T10:11:33Z" user="Davileci" uid="8123953">
  <member type="node" ref="5871604139" role="label"/>
  <member type="way" ref="624276887" role="outer"/>
  <member type="way" ref="624462756" role="outer"/>
  <member type="way" ref="624276888" role="outer"/>
  <member type="way" ref="624462755" role="outer"/>
  <member type="way" ref="624277137" role="outer"/>
  <member type="way" ref="624469698" role="outer"/>
  <member type="way" ref="624276889" role="outer"/>
  <member type="way" ref="624469713" role="outer"/>
  <member type="way" ref="624276892" role="outer"/>
  <tag k="admin_level" v="9"/>
  <tag k="boundary" v="administrative"/>
  <tag k="name" v="Abando"/>
  <tag k="place" v="borough"/>
  <tag k="type" v="boundary"/>
  <tag k="wikidata" v="Q1750189"/>
  <tag k="wikimedia_commons" v="Category:Abando"/>
  <tag k="wikipedia" v="eu:Abando (barrutia)"/>
 </relation>
 <relation id="8671677" visible="true" version="16" changeset="143309554" timestamp="2023-10-29T12:17:58Z" user="Txitxarra" uid="14986792">
  <member type="node" ref="1236483687" role="admin_centre"/>
  <member type="relation" ref="8675057" role="subarea"/>
  <member type="relation" ref="8675051" role="subarea"/>
  <member type="relation" ref="8675056" role="subarea"/>
  <member type="relation" ref="8675048" role="subarea"/>
  <member type="relation" ref="8675049" role="subarea"/>
  <member type="relation" ref="8675050" role="subarea"/>
  <member type="relation" ref="8675054" role="subarea"/>
  <member type="relation" ref="8675055" role="subarea"/>
  <member type="relation" ref="8675052" role="subarea"/>
  <member type="relation" ref="8675053" role="subarea"/>
  <member type="way" ref="624469698" role="outer"/>
  <member type="way" ref="624469699" role="outer"/>
  <member type="way" ref="624469692" role="outer"/>
  <member type="way" ref="624276891" role="outer"/>
  <member type="way" ref="624276890" role="outer"/>
  <member type="way" ref="45315437" role="outer"/>
  <member type="way" ref="624469687" role="outer"/>
  <member type="way" ref="624465714" role="outer"/>
  <member type="way" ref="624469707" role="outer"/>
  <member type="way" ref="624276894" role="outer"/>
  <member type="way" ref="624469712" role="outer"/>
  <member type="way" ref="624469706" role="outer"/>
  <member type="way" ref="624465719" role="outer"/>
  <member type="way" ref="624469715" role="outer"/>
  <member type="way" ref="624465043" role="outer"/>
  <member type="way" ref="624275776" role="outer"/>
  <member type="way" ref="624465045" role="outer"/>
  <member type="way" ref="624465044" role="outer"/>
  <member type="way" ref="624469713" role="outer"/>
  <member type="way" ref="624276889" role="outer"/>
  <tag k="admin_level" v="9"/>
  <tag k="boundary" v="administrative"/>
  <tag k="name" v="Ibaiondo"/>
  <tag k="place" v="borough"/>
  <tag k="ref" v="5"/>
  <tag k="type" v="boundary"/>
  <tag k="wikidata" v="Q2720223"/>
  <tag k="wikimedia_commons" v="Category:Ibaiondo"/>
  <tag k="wikipedia" v="eu:Ibaiondo (Bilbo)"/>
 </relation>
 <relation id="8674907" visible="true" version="5" changeset="149260860" timestamp="2024-03-28T10:15:18Z" user="Davileci" uid="8123953">
  <member type="node" ref="5871604141" role="label"/>
  <member type="way" ref="624277137" role="outer"/>
  <member type="way" ref="624469698" role="outer"/>
  <member type="way" ref="624276889" role="outer"/>
  <member type="way" ref="624469713" role="outer"/>
  <member type="way" ref="624276892" role="outer"/>
  <member type="way" ref="624276887" role="outer"/>
  <member type="way" ref="624462757" role="outer"/>
  <tag k="admin_level" v="10"/>
  <tag k="boundary" v="administrative"/>
  <tag k="name" v="Abando"/>
  <tag k="place" v="neighbourhood"/>
  <tag k="type" v="boundary"/>
  <tag k="wikidata" v="Q13568338"/>
  <tag k="wikipedia" v="eu:Abando (auzoa)"/>
 </relation>
 <relation id="8675051" visible="true" version="4" changeset="139265312" timestamp="2023-07-31T17:48:42Z" user="Davileci" uid="8123953">
  <member type="way" ref="624469697" role="outer"/>
  <member type="way" ref="624276889" role="outer"/>
  <member type="way" ref="624469710" role="outer"/>
  <member type="way" ref="624469701" role="outer"/>
  <member type="way" ref="624469696" role="outer"/>
  <tag k="admin_level" v="10"/>
  <tag k="boundary" v="administrative"/>
  <tag k="name" v="San Francisco"/>
  <tag k="name:es" v="San Francisco"/>
  <tag k="name:eu" v="San Frantzisko"/>
  <tag k="place" v="neighbourhood"/>
  <tag k="type" v="boundary"/>
  <tag k="wikidata" v="Q3752500"/>
  <tag k="wikipedia" v="eu:San Frantzisko (Bilbo)"/>
 </relation>
 <relation id="12235134" visible="true" version="33" changeset="188932695" timestamp="2026-09-12T19:57:32Z" user="Iboli" uid="23728162">
  <member type="node" ref="8362780655" role="platform"/>
  <member type="node" ref="2419381843" role="stop"/>
  <member type="node" ref="8362717915" role="platform"/>
  <member type="node" ref="2419381721" role="stop"/>
  <member type="node" ref="8362752529" role="platform"/>
  <member type="node" ref="8362752527" role="stop"/>
  <member type="node" ref="8362738705" role="platform"/>
  <member type="node" ref="8362738704" role="stop"/>
  <member type="node" ref="8362739756" role="platform"/>
  <member type="node" ref="2419381325" role="stop"/>
  <member type="node" ref="8362717736" role="platform"/>
  <member type="node" ref="2422329855" role="stop"/>
  <member type="node" ref="5763687440" role="platform"/>
  <member type="node" ref="5779293149" role="stop"/>
  <member type="node" ref="5763688194" role="platform"/>
  <member type="node" ref="3664061674" role="stop"/>
  <member type="node" ref="5955612310" role="platform"/>
  <member type="node" ref="269023512" role="stop"/>
  <member type="node" ref="8362690904" role="platform"/>
  <member type="node" ref="8362690902" role="stop"/>
  <member type="node" ref="8362638390" role="platform"/>
  <member type="node" ref="8362638388" role="stop"/>
  <member type="node" ref="8362652142" role="platform"/>
  <member type="node" ref="5779293333" role="stop"/>
  <member type="node" ref="8362634302" role="platform"/>
  <member type="node" ref="243086168" role="stop"/>
  <member type="node" ref="8360657774" role="platform"/>
  <member type="node" ref="8360657773" role="stop"/>
  <member type="node" ref="8360649400" role="platform"/>
  <member type="node" ref="8360649399" role="stop"/>
  <member type="node" ref="5950101911" role="platform"/>
  <member type="node" ref="504927969" role="stop"/>
  <member type="node" ref="5950101916" role="platform"/>
  <member type="node" ref="5950101915" role="stop"/>
  <member type="node" ref="5950051622" role="platform"/>
  <member type="node" ref="5566519229" role="stop"/>
  <member type="node" ref="2483244334" role="platform"/>
  <member type="node" ref="5950051624" role="stop"/>
  <member type="node" ref="1707467254" role="platform"/>
  <member type="node" ref="5950051625" role="stop"/>
  <member type="node" ref="1707467252" role="platform"/>
  <member type="node" ref="8360495991" role="stop"/>
  <member type="node" ref="8360479379" role="platform"/>
  <member type="node" ref="8360479377" role="stop"/>
  <member type="node" ref="8360471818" role="platform"/>
  <member type="node" ref="8360423316" role="stop"/>
  <member type="node" ref="8360443244" role="platform"/>
  <member type="node" ref="8360443242" role="stop"/>
  <member type="node" ref="8360433702" role="platform"/>
  <member type="node" ref="8360433701" role="stop"/>
  <member type="node" ref="8360413291" role="platform"/>
  <member type="node" ref="8360413289" role="stop"/>
  <member type="node" ref="703790667" role="platform"/>
  <member type="node" ref="3051464987" role="stop"/>
  <member type="node" ref="7125059577" role="platform"/>
  <member type="node" ref="3051465441" role="stop"/>
  <member type="node" ref="4385352207" role="platform"/>
  <member type="node" ref="8356192893" role="stop"/>
  <member type="node" ref="1892943179" role="platform"/>
  <member type="node" ref="3050705753" role="stop"/>
  <member type="node" ref="3797029133" role="platform"/>
  <member type="node" ref="5885817271" role="stop"/>
  <member type="node" ref="1854432617" role="platform"/>
  <member type="node" ref="5863634750" role="stop"/>
  <member type="node" ref="4144995547" role="platform"/>
  <member type="node" ref="5863635191" role="stop"/>
  <member type="node" ref="1736332339" role="platform"/>
  <member type="node" ref="5937384629" role="stop"/>
  <member type="node" ref="3918933043" role="platform"/>
  <member type="node" ref="8360401643" role="stop"/>
  <member type="way" ref="996953004" role=""/>
  <member type="way" ref="996953003" role=""/>
  <member type="way" ref="1558374896" role=""/>
  <member type="way" ref="900172392" role=""/>
  <member type="way" ref="233573346" role=""/>
  <member type="way" ref="993719348" role=""/>
  <member type="way" ref="1375832075" role=""/>
  <member type="way" ref="1375832074" role=""/>
  <member type="way" ref="233918730" role=""/>
  <member type="way" ref="233918723" role=""/>
  <member type="way" ref="1466354493" role=""/>
  <member type="way" ref="233918735" role=""/>
  <member type="way" ref="1375832073" role=""/>
  <member type="way" ref="1466354492" role=""/>
  <member type="way" ref="995022787" role=""/>
  <member type="way" ref="993719350" role=""/>
  <member type="way" ref="993719349" role=""/>
  <member type="way" ref="233918729" role=""/>
  <member type="way" ref="233918719" role=""/>
  <member type="way" ref="233918808" role=""/>
  <member type="way" ref="233918797" role=""/>
  <member type="way" ref="233918768" role=""/>
  <member type="way" ref="1228694095" role=""/>
  <member type="way" ref="345923991" role=""/>
  <member type="way" ref="394041232" role=""/>
  <member type="way" ref="362011825" role=""/>
  <member type="way" ref="203668291" role=""/>
  <member type="way" ref="24755361" role=""/>
  <member type="way" ref="24798131" role=""/>
  <member type="way" ref="243224388" role=""/>
  <member type="way" ref="593045164" role=""/>
  <member type="way" ref="593045165" role=""/>
  <member type="way" ref="243224386" role=""/>
  <member type="way" ref="24755358" role=""/>
  <member type="way" ref="589752476" role=""/>
  <member type="way" ref="53627612" role=""/>
  <member type="way" ref="589752480" role=""/>
  <member type="way" ref="42353304" role=""/>
  <member type="way" ref="53627617" role=""/>
  <member type="way" ref="590653597" role=""/>
  <member type="way" ref="900177536" role=""/>
  <member type="way" ref="226007043" role=""/>
  <member type="way" ref="243275188" role=""/>
  <member type="way" ref="243275189" role=""/>
  <member type="way" ref="589621699" role=""/>
  <member type="way" ref="589621701" role=""/>
  <member type="way" ref="589621706" role=""/>
  <member type="way" ref="589621700" role=""/>
  <member type="way" ref="47203428" role=""/>
  <member type="way" ref="900172399" role=""/>
  <member type="way" ref="22663860" role=""/>
  <member type="way" ref="900181998" role=""/>
  <member type="way" ref="630058067" role=""/>
  <member type="way" ref="1013564179" role=""/>
  <member type="way" ref="975479647" role=""/>
  <member type="way" ref="42278104" role=""/>
  <member type="way" ref="975479645" role=""/>
  <member type="way" ref="159247773" role=""/>
  <member type="way" ref="581883190" role=""/>
  <member type="way" ref="581883191" role=""/>
  <member type="way" ref="900183049" role=""/>
  <member type="way" ref="42278106" role=""/>
  <member type="way" ref="630051560" role=""/>
  <member type="way" ref="1168365030" role=""/>
  <member type="way" ref="630051558" role=""/>
  <member type="way" ref="42278086" role=""/>
  <member type="way" ref="900184554" role=""/>
  <member type="way" ref="900184556" role=""/>
  <member type="way" ref="1016965864" role=""/>
  <member type="way" ref="630058072" role=""/>
  <member type="way" ref="630051567" role=""/>
  <member type="way" ref="900922243" role=""/>
  <member type="way" ref="42278329" role=""/>
  <member type="way" ref="900177535" role=""/>
  <member type="way" ref="677671251" role=""/>
  <member type="way" ref="677671253" role=""/>
  <member type="way" ref="28467651" role=""/>
  <member type="way" ref="677671252" role=""/>
  <member type="way" ref="81253668" role=""/>
  <member type="way" ref="975479664" role=""/>
  <member type="way" ref="1196071980" role=""/>
  <member type="way" ref="1196071979" role=""/>
  <member type="way" ref="1496521129" role=""/>
  <member type="way" ref="159752720" role=""/>
  <member type="way" ref="1496521128" role=""/>
  <member type="way" ref="316565092" role=""/>
  <member type="way" ref="316565090" role=""/>
  <member type="way" ref="853354113" role=""/>
  <member type="way" ref="316565091" role=""/>
  <member type="way" ref="853354112" role=""/>
  <member type="way" ref="320765829" role=""/>
  <member type="way" ref="320765828" role=""/>
  <member type="way" ref="320738978" role=""/>
  <member type="way" ref="115891360" role=""/>
  <member type="way" ref="115891353" role=""/>
  <member type="way" ref="95588250" role=""/>
  <member type="way" ref="301034941" role=""/>
  <member type="way" ref="900177534" role=""/>
  <member type="way" ref="349707795" role=""/>
  <member type="way" ref="349707796" role=""/>
  <member type="way" ref="594719290" role=""/>
  <member type="way" ref="301034935" role=""/>
  <member type="way" ref="301034937" role=""/>
  <member type="way" ref="676019334" role=""/>
  <member type="way" ref="301035574" role=""/>
  <member type="way" ref="765386272" role=""/>
  <member type="way" ref="972189177" role=""/>
  <member type="way" ref="322954948" role=""/>
  <member type="way" ref="322954947" role=""/>
  <member type="way" ref="301006464" role=""/>
  <member type="way" ref="353853579" role=""/>
  <member type="way" ref="353853580" role=""/>
  <member type="way" ref="301006463" role=""/>
  <member type="way" ref="301006462" role=""/>
  <member type="way" ref="128178968" role=""/>
  <member type="way" ref="259020910" role=""/>
  <member type="way" ref="259187115" role=""/>
  <member type="way" ref="28508069" role=""/>
  <member type="way" ref="301006460" role=""/>
  <member type="way" ref="300933536" role=""/>
  <member type="way" ref="901167929" role=""/>
  <member type="way" ref="300941548" role=""/>
  <member type="way" ref="899446300" role=""/>
  <member type="way" ref="623205927" role=""/>
  <member type="way" ref="300962058" role=""/>
  <member type="way" ref="28463859" role=""/>
  <member type="way" ref="28463860" role=""/>
  <member type="way" ref="501488244" role=""/>
  <member type="way" ref="41699012" role=""/>
  <member type="way" ref="501488249" role=""/>
  <member type="way" ref="41699009" role=""/>
  <member type="way" ref="232716794" role=""/>
  <member type="way" ref="41699016" role=""/>
  <member type="way" ref="1512651966" role=""/>
  <member type="way" ref="1512651965" role=""/>
  <member type="way" ref="1512651967" role=""/>
  <member type="way" ref="620645590" role=""/>
  <member type="way" ref="1512651968" role=""/>
  <member type="way" ref="1512670590" role=""/>
  <member type="way" ref="620645594" role=""/>
  <member type="way" ref="59465226" role=""/>
  <member type="way" ref="1512670597" role=""/>
  <member type="way" ref="1512670598" role=""/>
  <member type="way" ref="28463412" role=""/>
  <member type="way" ref="628383721" role=""/>
  <member type="way" ref="308541555" role=""/>
  <member type="way" ref="628383717" role=""/>
  <member type="way" ref="623373022" role=""/>
  <member type="way" ref="844639237" role=""/>
  <member type="way" ref="620836848" role=""/>
  <member type="way" ref="629270028" role=""/>
  <member type="way" ref="914263281" role=""/>
  <member type="way" ref="441644829" role=""/>
  <member type="way" ref="223766347" role=""/>
  <member type="way" ref="1026505459" role=""/>
  <member type="way" ref="412840937" role=""/>
  <member type="way" ref="623205914" role=""/>
  <member type="way" ref="412840939" role=""/>
  <member type="way" ref="65498445" role=""/>
  <member type="way" ref="41789689" role=""/>
  <member type="way" ref="97894990" role=""/>
  <member type="way" ref="97894989" role=""/>
  <member type="way" ref="1534230149" role=""/>
  <member type="way" ref="41524768" role=""/>
  <member type="way" ref="190359114" role=""/>
  <member type="way" ref="41524793" role=""/>
  <member type="way" ref="41524801" role=""/>
  <member type="way" ref="1208744668" role=""/>
  <tag k="fee" v="yes"/>
  <tag k="from" v="Morga"/>
  <tag k="name" v="A3631 Morga → Larrabetzu → Galdakao → Bilbao"/>
  <tag k="network" v="Bizkaibus"/>
  <tag k="network:wikidata" v="Q879270"/>
  <tag k="network:wikipedia" v="es:Bizkaibus"/>
  <tag k="operator" v="PESA Lur S.A."/>
  <tag k="public_transport:version" v="2"/>
  <tag k="ref" v="A3631"/>
  <tag k="route" v="bus"/>
  <tag k="to" v="Bilbao"/>
  <tag k="type" v="route"/>
  <tag k="wheelchair" v="yes"/>
 </relation>
 <relation id="12235145" visible="true" version="6" changeset="112540095" timestamp="2021-10-15T12:05:42Z" user="jhuanjho" uid="1008854">
  <member type="relation" ref="12235093" role=""/>
  <member type="relation" ref="12235134" role=""/>
  <member type="relation" ref="12235182" role=""/>
  <member type="relation" ref="12235181" role=""/>
  <member type="relation" ref="12235180" role=""/>
  <member type="relation" ref="12235179" role=""/>
  <member type="relation" ref="12235197" role=""/>
  <member type="relation" ref="12235196" role=""/>
  <member type="relation" ref="12235211" role=""/>
  <member type="relation" ref="12235210" role=""/>
  <tag k="fee" v="yes"/>
  <tag k="name" v="A3631 Bilbao - Galdakao - Larrabetzu"/>
  <tag k="network" v="Bizkaibus"/>
  <tag k="network:wikidata" v="Q879270"/>
  <tag k="network:wikipedia" v="es:Bizkaibus"/>
  <tag k="operator" v="PESA Lur S.A."/>
  <tag k="ref" v="A3631"/>
  <tag k="route_master" v="bus"/>
  <tag k="type" v="route_master"/>
 </relation>
 <relation id="12235179" visible="true" version="33" changeset="184905714" timestamp="2026-07-01T10:19:24Z" user="tx94" uid="11156042">
  <member type="node" ref="5763687439" role="platform"/>
  <member type="node" ref="2255862704" role="stop"/>
  <member type="node" ref="5763688194" role="platform"/>
  <member type="node" ref="3664061674" role="stop"/>
  <member type="node" ref="5955612310" role="platform"/>
  <member type="node" ref="269023512" role="stop"/>
  <member type="node" ref="8362690904" role="platform"/>
  <member type="node" ref="8362690902" role="stop"/>
  <member type="node" ref="8362638390" role="platform"/>
  <member type="node" ref="8362638388" role="stop"/>
  <member type="node" ref="8362652142" role="platform"/>
  <member type="node" ref="5779293333" role="stop"/>
  <member type="node" ref="8362634302" role="platform"/>
  <member type="node" ref="243086168" role="stop"/>
  <member type="node" ref="8360657774" role="platform"/>
  <member type="node" ref="8360657773" role="stop"/>
  <member type="node" ref="8360649400" role="platform"/>
  <member type="node" ref="8360649399" role="stop"/>
  <member type="node" ref="5950101904" role="platform"/>
  <member type="node" ref="5950101903" role="stop"/>
  <member type="node" ref="570731767" role="platform"/>
  <member type="node" ref="1261910234" role="stop"/>
  <member type="node" ref="5950101897" role="platform"/>
  <member type="node" ref="1261910300" role="stop"/>
  <member type="node" ref="570731939" role="platform"/>
  <member type="node" ref="5950101901" role="stop"/>
  <member type="node" ref="5950101905" role="platform"/>
  <member type="node" ref="8356106873" role="stop"/>
  <member type="node" ref="5950101911" role="platform"/>
  <member type="node" ref="504927969" role="stop"/>
  <member type="node" ref="5950101916" role="platform"/>
  <member type="node" ref="5950101915" role="stop"/>
  <member type="node" ref="5950051622" role="platform"/>
  <member type="node" ref="5566519229" role="stop"/>
  <member type="node" ref="2483244334" role="platform"/>
  <member type="node" ref="5950051624" role="stop"/>
  <member type="node" ref="1707467254" role="platform"/>
  <member type="node" ref="5950051625" role="stop"/>
  <member type="node" ref="1707467252" role="platform"/>
  <member type="node" ref="8360495991" role="stop"/>
  <member type="node" ref="8360479379" role="platform"/>
  <member type="node" ref="8360479377" role="stop"/>
  <member type="node" ref="8360471818" role="platform"/>
  <member type="node" ref="8360423316" role="stop"/>
  <member type="node" ref="8360443244" role="platform"/>
  <member type="node" ref="8360443242" role="stop"/>
  <member type="node" ref="8360433702" role="platform"/>
  <member type="node" ref="8360433701" role="stop"/>
  <member type="node" ref="8360413291" role="platform"/>
  <member type="node" ref="8360413289" role="stop"/>
  <member type="node" ref="703790667" role="platform"/>
  <member type="node" ref="3051464987" role="stop"/>
  <member type="node" ref="7125059577" role="platform"/>
  <member type="node" ref="3051465441" role="stop"/>
  <member type="node" ref="4385352207" role="platform"/>
  <member type="node" ref="8356192893" role="stop"/>
  <member type="node" ref="1892943179" role="platform"/>
  <member type="node" ref="3050705753" role="stop"/>
  <member type="node" ref="3797029133" role="platform"/>
  <member type="node" ref="5885817271" role="stop"/>
  <member type="node" ref="1854432617" role="platform"/>
  <member type="node" ref="5863634750" role="stop"/>
  <member type="node" ref="4144995547" role="platform"/>
  <member type="node" ref="5863635191" role="stop"/>
  <member type="node" ref="1736332339" role="platform"/>
  <member type="node" ref="5937384629" role="stop"/>
  <member type="node" ref="3918933043" role="platform"/>
  <member type="node" ref="8360401643" role="stop"/>
  <member type="way" ref="630775393" role=""/>
  <member type="way" ref="1466354492" role=""/>
  <member type="way" ref="995022787" role=""/>
  <member type="way" ref="993719350" role=""/>
  <member type="way" ref="993719349" role=""/>
  <member type="way" ref="233918729" role=""/>
  <member type="way" ref="233918719" role=""/>
  <member type="way" ref="233918808" role=""/>
  <member type="way" ref="233918797" role=""/>
  <member type="way" ref="233918768" role=""/>
  <member type="way" ref="1228694095" role=""/>
  <member type="way" ref="345923991" role=""/>
  <member type="way" ref="394041232" role=""/>
  <member type="way" ref="362011825" role=""/>
  <member type="way" ref="203668291" role=""/>
  <member type="way" ref="24755361" role=""/>
  <member type="way" ref="24798131" role=""/>
  <member type="way" ref="243224388" role=""/>
  <member type="way" ref="593045164" role=""/>
  <member type="way" ref="593045165" role=""/>
  <member type="way" ref="243224386" role=""/>
  <member type="way" ref="24755358" role=""/>
  <member type="way" ref="589752476" role=""/>
  <member type="way" ref="53627612" role=""/>
  <member type="way" ref="589752480" role=""/>
  <member type="way" ref="42353304" role=""/>
  <member type="way" ref="53627617" role=""/>
  <member type="way" ref="590653597" role=""/>
  <member type="way" ref="900177536" role=""/>
  <member type="way" ref="226007043" role=""/>
  <member type="way" ref="243275188" role=""/>
  <member type="way" ref="243275189" role=""/>
  <member type="way" ref="589621699" role=""/>
  <member type="way" ref="589621701" role=""/>
  <member type="way" ref="589621706" role=""/>
  <member type="way" ref="589621700" role=""/>
  <member type="way" ref="47203428" role=""/>
  <member type="way" ref="900172399" role=""/>
  <member type="way" ref="22663860" role=""/>
  <member type="way" ref="41292929" role=""/>
  <member type="way" ref="28599108" role=""/>
  <member type="way" ref="28599109" role=""/>
  <member type="way" ref="110519716" role=""/>
  <member type="way" ref="900181997" role=""/>
  <member type="way" ref="28599271" role=""/>
  <member type="way" ref="28599041" role=""/>
  <member type="way" ref="340958991" role=""/>
  <member type="way" ref="218438844" role=""/>
  <member type="way" ref="561271970" role=""/>
  <member type="way" ref="899662338" role=""/>
  <member type="way" ref="630058065" role=""/>
  <member type="way" ref="899660841" role=""/>
  <member type="way" ref="218436730" role=""/>
  <member type="way" ref="218436737" role=""/>
  <member type="way" ref="589743198" role=""/>
  <member type="way" ref="110518308" role=""/>
  <member type="way" ref="1067739443" role=""/>
  <member type="way" ref="129109285" role=""/>
  <member type="way" ref="129109287" role=""/>
  <member type="way" ref="1068051326" role=""/>
  <member type="way" ref="630058054" role=""/>
  <member type="way" ref="1071839553" role=""/>
  <member type="way" ref="1067739442" role=""/>
  <member type="way" ref="110518307" role=""/>
  <member type="way" ref="1068051324" role=""/>
  <member type="way" ref="1067739440" role=""/>
  <member type="way" ref="110518310" role=""/>
  <member type="way" ref="45061624" role=""/>
  <member type="way" ref="630058063" role=""/>
  <member type="way" ref="899433719" role=""/>
  <member type="way" ref="218438845" role=""/>
  <member type="way" ref="218438844" role=""/>
  <member type="way" ref="340958991" role=""/>
  <member type="way" ref="28599041" role=""/>
  <member type="way" ref="28599271" role=""/>
  <member type="way" ref="28599111" role=""/>
  <member type="way" ref="28599109" role=""/>
  <member type="way" ref="28599108" role=""/>
  <member type="way" ref="28599106" role=""/>
  <member type="way" ref="630058067" role=""/>
  <member type="way" ref="1013564179" role=""/>
  <member type="way" ref="975479647" role=""/>
  <member type="way" ref="42278104" role=""/>
  <member type="way" ref="975479645" role=""/>
  <member type="way" ref="159247773" role=""/>
  <member type="way" ref="581883190" role=""/>
  <member type="way" ref="581883191" role=""/>
  <member type="way" ref="900183049" role=""/>
  <member type="way" ref="42278106" role=""/>
  <member type="way" ref="630051560" role=""/>
  <member type="way" ref="1168365030" role=""/>
  <member type="way" ref="630051558" role=""/>
  <member type="way" ref="42278086" role=""/>
  <member type="way" ref="900184554" role=""/>
  <member type="way" ref="900184556" role=""/>
  <member type="way" ref="1016965864" role=""/>
  <member type="way" ref="630058072" role=""/>
  <member type="way" ref="630051567" role=""/>
  <member type="way" ref="900922243" role=""/>
  <member type="way" ref="42278329" role=""/>
  <member type="way" ref="900177535" role=""/>
  <member type="way" ref="677671251" role=""/>
  <member type="way" ref="677671253" role=""/>
  <member type="way" ref="28467651" role=""/>
  <member type="way" ref="677671252" role=""/>
  <member type="way" ref="81253668" role=""/>
  <member type="way" ref="975479664" role=""/>
  <member type="way" ref="1196071980" role=""/>
  <member type="way" ref="1196071979" role=""/>
  <member type="way" ref="1496521129" role=""/>
  <member type="way" ref="159752720" role=""/>
  <member type="way" ref="1496521128" role=""/>
  <member type="way" ref="316565092" role=""/>
  <member type="way" ref="316565090" role=""/>
  <member type="way" ref="853354113" role=""/>
  <member type="way" ref="316565091" role=""/>
  <member type="way" ref="853354112" role=""/>
  <member type="way" ref="320765829" role=""/>
  <member type="way" ref="320765828" role=""/>
  <member type="way" ref="320738978" role=""/>
  <member type="way" ref="115891360" role=""/>
  <member type="way" ref="115891353" role=""/>
  <member type="way" ref="95588250" role=""/>
  <member type="way" ref="301034941" role=""/>
  <member type="way" ref="900177534" role=""/>
  <member type="way" ref="349707795" role=""/>
  <member type="way" ref="349707796" role=""/>
  <member type="way" ref="594719290" role=""/>
  <member type="way" ref="301034935" role=""/>
  <member type="way" ref="301034937" role=""/>
  <member type="way" ref="676019334" role=""/>
  <member type="way" ref="301035574" role=""/>
  <member type="way" ref="765386272" role=""/>
  <member type="way" ref="972189177" role=""/>
  <member type="way" ref="322954948" role=""/>
  <member type="way" ref="322954947" role=""/>
  <member type="way" ref="301006464" role=""/>
  <member type="way" ref="353853579" role=""/>
  <member type="way" ref="353853580" role=""/>
  <member type="way" ref="301006463" role=""/>
  <member type="way" ref="301006462" role=""/>
  <member type="way" ref="128178968" role=""/>
  <member type="way" ref="259020910" role=""/>
  <member type="way" ref="259187115" role=""/>
  <member type="way" ref="28508069" role=""/>
  <member type="way" ref="301006460" role=""/>
  <member type="way" ref="300933536" role=""/>
  <member type="way" ref="901167929" role=""/>
  <member type="way" ref="300941548" role=""/>
  <member type="way" ref="899446300" role=""/>
  <member type="way" ref="623205927" role=""/>
  <member type="way" ref="300962058" role=""/>
  <member type="way" ref="28463859" role=""/>
  <member type="way" ref="28463860" role=""/>
  <member type="way" ref="501488244" role=""/>
  <member type="way" ref="41699012" role=""/>
  <member type="way" ref="501488249" role=""/>
  <member type="way" ref="41699009" role=""/>
  <member type="way" ref="232716794" role=""/>
  <member type="way" ref="41699016" role=""/>
  <member type="way" ref="1512651966" role=""/>
  <member type="way" ref="1512651965" role=""/>
  <member type="way" ref="1512651967" role=""/>
  <member type="way" ref="620645590" role=""/>
  <member type="way" ref="1512651968" role=""/>
  <member type="way" ref="1512670590" role=""/>
  <member type="way" ref="620645594" role=""/>
  <member type="way" ref="59465226" role=""/>
  <member type="way" ref="1512670597" role=""/>
  <member type="way" ref="1512670598" role=""/>
  <member type="way" ref="28463412" role=""/>
  <member type="way" ref="628383721" role=""/>
  <member type="way" ref="308541555" role=""/>
  <member type="way" ref="628383717" role=""/>
  <member type="way" ref="623373022" role=""/>
  <member type="way" ref="844639237" role=""/>
  <member type="way" ref="620836848" role=""/>
  <member type="way" ref="629270028" role=""/>
  <member type="way" ref="914263281" role=""/>
  <member type="way" ref="441644829" role=""/>
  <member type="way" ref="223766347" role=""/>
  <member type="way" ref="1026505459" role=""/>
  <member type="way" ref="412840937" role=""/>
  <member type="way" ref="623205914" role=""/>
  <member type="way" ref="412840939" role=""/>
  <member type="way" ref="65498445" role=""/>
  <member type="way" ref="41789689" role=""/>
  <member type="way" ref="97894990" role=""/>
  <member type="way" ref="97894989" role=""/>
  <member type="way" ref="1534230149" role=""/>
  <member type="way" ref="41524768" role=""/>
  <member type="way" ref="190359114" role=""/>
  <member type="way" ref="41524793" role=""/>
  <member type="way" ref="41524801" role=""/>
  <member type="way" ref="1208744668" role=""/>
  <tag k="fee" v="yes"/>
  <tag k="from" v="Larrabetzu"/>
  <tag k="name" v="A3631 Larrabetzu → Hospital Galdakao / Ospitalea → Bilbao"/>
  <tag k="network" v="Bizkaibus"/>
  <tag k="network:wikidata" v="Q879270"/>
  <tag k="network:wikipedia" v="es:Bizkaibus"/>
  <tag k="operator" v="PESA Lur S.A."/>
  <tag k="public_transport:version" v="2"/>
  <tag k="ref" v="A3631"/>
  <tag k="route" v="bus"/>
  <tag k="to" v="Bilbao"/>
  <tag k="type" v="route"/>
  <tag k="via" v="Hospital Galdakao/Ospitalea"/>
  <tag k="wheelchair" v="yes"/>
 </relation>
 <relation id="12235181" visible="true" version="28" changeset="184905714" timestamp="2026-07-01T10:19:24Z" user="tx94" uid="11156042">
  <member type="node" ref="5763687439" role="platform"/>
  <member type="node" ref="2255862704" role="stop"/>
  <member type="node" ref="5763688194" role="platform"/>
  <member type="node" ref="3664061674" role="stop"/>
  <member type="node" ref="5955612310" role="platform"/>
  <member type="node" ref="269023512" role="stop"/>
  <member type="node" ref="8362690904" role="platform"/>
  <member type="node" ref="8362690902" role="stop"/>
  <member type="node" ref="8362638390" role="platform"/>
  <member type="node" ref="8362638388" role="stop"/>
  <member type="node" ref="8362652142" role="platform"/>
  <member type="node" ref="5779293333" role="stop"/>
  <member type="node" ref="8362634302" role="platform"/>
  <member type="node" ref="243086168" role="stop"/>
  <member type="node" ref="8360657774" role="platform"/>
  <member type="node" ref="8360657773" role="stop"/>
  <member type="node" ref="8360649400" role="platform"/>
  <member type="node" ref="8360649399" role="stop"/>
  <member type="node" ref="5950101911" role="platform"/>
  <member type="node" ref="504927969" role="stop"/>
  <member type="node" ref="5950101916" role="platform"/>
  <member type="node" ref="5950101915" role="stop"/>
  <member type="node" ref="5950051622" role="platform"/>
  <member type="node" ref="5566519229" role="stop"/>
  <member type="node" ref="2483244334" role="platform"/>
  <member type="node" ref="5950051624" role="stop"/>
  <member type="node" ref="1707467254" role="platform"/>
  <member type="node" ref="5950051625" role="stop"/>
  <member type="node" ref="1707467252" role="platform"/>
  <member type="node" ref="8360495991" role="stop"/>
  <member type="node" ref="8360479379" role="platform"/>
  <member type="node" ref="8360479377" role="stop"/>
  <member type="node" ref="8360471818" role="platform"/>
  <member type="node" ref="8360423316" role="stop"/>
  <member type="node" ref="8360443244" role="platform"/>
  <member type="node" ref="8360443242" role="stop"/>
  <member type="node" ref="8360433702" role="platform"/>
  <member type="node" ref="8360433701" role="stop"/>
  <member type="node" ref="8360413291" role="platform"/>
  <member type="node" ref="8360413289" role="stop"/>
  <member type="node" ref="703790667" role="platform"/>
  <member type="node" ref="3051464987" role="stop"/>
  <member type="node" ref="7125059577" role="platform"/>
  <member type="node" ref="3051465441" role="stop"/>
  <member type="node" ref="4385352207" role="platform"/>
  <member type="node" ref="8356192893" role="stop"/>
  <member type="node" ref="1892943179" role="platform"/>
  <member type="node" ref="3050705753" role="stop"/>
  <member type="node" ref="3797029133" role="platform"/>
  <member type="node" ref="5885817271" role="stop"/>
  <member type="node" ref="1854432617" role="platform"/>
  <member type="node" ref="5863634750" role="stop"/>
  <member type="node" ref="4144995547" role="platform"/>
  <member type="node" ref="5863635191" role="stop"/>
  <member type="node" ref="1736332339" role="platform"/>
  <member type="node" ref="5937384629" role="stop"/>
  <member type="node" ref="3918933043" role="platform"/>
  <member type="node" ref="8360401643" role="stop"/>
  <member type="way" ref="630775393" role=""/>
  <member type="way" ref="1466354492" role=""/>
  <member type="way" ref="995022787" role=""/>
  <member type="way" ref="993719350" role=""/>
  <member type="way" ref="993719349" role=""/>
  <member type="way" ref="233918729" role=""/>
  <member type="way" ref="233918719" role=""/>
  <member type="way" ref="233918808" role=""/>
  <member type="way" ref="233918797" role=""/>
  <member type="way" ref="233918768" role=""/>
  <member type="way" ref="1228694095" role=""/>
  <member type="way" ref="345923991" role=""/>
  <member type="way" ref="394041232" role=""/>
  <member type="way" ref="362011825" role=""/>
  <member type="way" ref="203668291" role=""/>
  <member type="way" ref="24755361" role=""/>
  <member type="way" ref="24798131" role=""/>
  <member type="way" ref="243224388" role=""/>
  <member type="way" ref="593045164" role=""/>
  <member type="way" ref="593045165" role=""/>
  <member type="way" ref="243224386" role=""/>
  <member type="way" ref="24755358" role=""/>
  <member type="way" ref="589752476" role=""/>
  <member type="way" ref="53627612" role=""/>
  <member type="way" ref="589752480" role=""/>
  <member type="way" ref="42353304" role=""/>
  <member type="way" ref="53627617" role=""/>
  <member type="way" ref="590653597" role=""/>
  <member type="way" ref="900177536" role=""/>
  <member type="way" ref="226007043" role=""/>
  <member type="way" ref="243275188" role=""/>
  <member type="way" ref="243275189" role=""/>
  <member type="way" ref="589621699" role=""/>
  <member type="way" ref="589621701" role=""/>
  <member type="way" ref="589621706" role=""/>
  <member type="way" ref="589621700" role=""/>
  <member type="way" ref="47203428" role=""/>
  <member type="way" ref="900172399" role=""/>
  <member type="way" ref="22663860" role=""/>
  <member type="way" ref="900181998" role=""/>
  <member type="way" ref="630058067" role=""/>
  <member type="way" ref="1013564179" role=""/>
  <member type="way" ref="975479647" role=""/>
  <member type="way" ref="42278104" role=""/>
  <member type="way" ref="975479645" role=""/>
  <member type="way" ref="159247773" role=""/>
  <member type="way" ref="581883190" role=""/>
  <member type="way" ref="581883191" role=""/>
  <member type="way" ref="900183049" role=""/>
  <member type="way" ref="42278106" role=""/>
  <member type="way" ref="630051560" role=""/>
  <member type="way" ref="1168365030" role=""/>
  <member type="way" ref="630051558" role=""/>
  <member type="way" ref="42278086" role=""/>
  <member type="way" ref="900184554" role=""/>
  <member type="way" ref="900184556" role=""/>
  <member type="way" ref="1016965864" role=""/>
  <member type="way" ref="630058072" role=""/>
  <member type="way" ref="630051567" role=""/>
  <member type="way" ref="900922243" role=""/>
  <member type="way" ref="42278329" role=""/>
  <member type="way" ref="900177535" role=""/>
  <member type="way" ref="677671251" role=""/>
  <member type="way" ref="677671253" role=""/>
  <member type="way" ref="28467651" role=""/>
  <member type="way" ref="677671252" role=""/>
  <member type="way" ref="81253668" role=""/>
  <member type="way" ref="975479664" role=""/>
  <member type="way" ref="1196071980" role=""/>
  <member type="way" ref="1196071979" role=""/>
  <member type="way" ref="1496521129" role=""/>
  <member type="way" ref="159752720" role=""/>
  <member type="way" ref="1496521128" role=""/>
  <member type="way" ref="316565092" role=""/>
  <member type="way" ref="316565090" role=""/>
  <member type="way" ref="853354113" role=""/>
  <member type="way" ref="316565091" role=""/>
  <member type="way" ref="853354112" role=""/>
  <member type="way" ref="320765829" role=""/>
  <member type="way" ref="320765828" role=""/>
  <member type="way" ref="320738978" role=""/>
  <member type="way" ref="115891360" role=""/>
  <member type="way" ref="115891353" role=""/>
  <member type="way" ref="95588250" role=""/>
  <member type="way" ref="301034941" role=""/>
  <member type="way" ref="900177534" role=""/>
  <member type="way" ref="349707795" role=""/>
  <member type="way" ref="349707796" role=""/>
  <member type="way" ref="594719290" role=""/>
  <member type="way" ref="301034935" role=""/>
  <member type="way" ref="301034937" role=""/>
  <member type="way" ref="676019334" role=""/>
  <member type="way" ref="301035574" role=""/>
  <member type="way" ref="765386272" role=""/>
  <member type="way" ref="972189177" role=""/>
  <member type="way" ref="322954948" role=""/>
  <member type="way" ref="322954947" role=""/>
  <member type="way" ref="301006464" role=""/>
  <member type="way" ref="353853579" role=""/>
  <member type="way" ref="353853580" role=""/>
  <member type="way" ref="301006463" role=""/>
  <member type="way" ref="301006462" role=""/>
  <member type="way" ref="128178968" role=""/>
  <member type="way" ref="259020910" role=""/>
  <member type="way" ref="259187115" role=""/>
  <member type="way" ref="28508069" role=""/>
  <member type="way" ref="301006460" role=""/>
  <member type="way" ref="300933536" role=""/>
  <member type="way" ref="901167929" role=""/>
  <member type="way" ref="300941548" role=""/>
  <member type="way" ref="899446300" role=""/>
  <member type="way" ref="623205927" role=""/>
  <member type="way" ref="300962058" role=""/>
  <member type="way" ref="28463859" role=""/>
  <member type="way" ref="28463860" role=""/>
  <member type="way" ref="501488244" role=""/>
  <member type="way" ref="41699012" role=""/>
  <member type="way" ref="501488249" role=""/>
  <member type="way" ref="41699009" role=""/>
  <member type="way" ref="232716794" role=""/>
  <member type="way" ref="41699016" role=""/>
  <member type="way" ref="1512651966" role=""/>
  <member type="way" ref="1512651965" role=""/>
  <member type="way" ref="1512651967" role=""/>
  <member type="way" ref="620645590" role=""/>
  <member type="way" ref="1512651968" role=""/>
  <member type="way" ref="1512670590" role=""/>
  <member type="way" ref="620645594" role=""/>
  <member type="way" ref="59465226" role=""/>
  <member type="way" ref="1512670597" role=""/>
  <member type="way" ref="1512670598" role=""/>
  <member type="way" ref="28463412" role=""/>
  <member type="way" ref="628383721" role=""/>
  <member type="way" ref="308541555" role=""/>
  <member type="way" ref="628383717" role=""/>
  <member type="way" ref="623373022" role=""/>
  <member type="way" ref="844639237" role=""/>
  <member type="way" ref="620836848" role=""/>
  <member type="way" ref="629270028" role=""/>
  <member type="way" ref="914263281" role=""/>
  <member type="way" ref="441644829" role=""/>
  <member type="way" ref="223766347" role=""/>
  <member type="way" ref="1026505459" role=""/>
  <member type="way" ref="412840937" role=""/>
  <member type="way" ref="623205914" role=""/>
  <member type="way" ref="412840939" role=""/>
  <member type="way" ref="65498445" role=""/>
  <member type="way" ref="41789689" role=""/>
  <member type="way" ref="97894990" role=""/>
  <member type="way" ref="97894989" role=""/>
  <member type="way" ref="1534230149" role=""/>
  <member type="way" ref="41524768" role=""/>
  <member type="way" ref="190359114" role=""/>
  <member type="way" ref="41524793" role=""/>
  <member type="way" ref="41524801" role=""/>
  <member type="way" ref="1208744668" role=""/>
  <tag k="fee" v="yes"/>
  <tag k="from" v="Larrabetzu"/>
  <tag k="name" v="A3631 Larrabetzu → Galdakao → Bilbao"/>
  <tag k="network" v="Bizkaibus"/>
  <tag k="network:wikidata" v="Q879270"/>
  <tag k="network:wikipedia" v="es:Bizkaibus"/>
  <tag k="operator" v="PESA Lur S.A."/>
  <tag k="public_transport:version" v="2"/>
  <tag k="ref" v="A3631"/>
  <tag k="route" v="bus"/>
  <tag k="to" v="Bilbao"/>
  <tag k="type" v="route"/>
  <tag k="wheelchair" v="yes"/>
 </relation>
 <relation id="12235196" visible="true" version="22" changeset="184905714" timestamp="2026-07-01T10:19:24Z" user="tx94" uid="11156042">
  <member type="node" ref="8360568052" role="platform"/>
  <member type="node" ref="2340504989" role="stop"/>
  <member type="node" ref="8360545671" role="platform"/>
  <member type="node" ref="1369452128" role="stop"/>
  <member type="node" ref="5950051622" role="platform"/>
  <member type="node" ref="5566519229" role="stop"/>
  <member type="node" ref="2483244334" role="platform"/>
  <member type="node" ref="5950051624" role="stop"/>
  <member type="node" ref="1707467254" role="platform"/>
  <member type="node" ref="5950051625" role="stop"/>
  <member type="node" ref="1707467252" role="platform"/>
  <member type="node" ref="8360495991" role="stop"/>
  <member type="node" ref="8360479379" role="platform"/>
  <member type="node" ref="8360479377" role="stop"/>
  <member type="node" ref="8360471818" role="platform"/>
  <member type="node" ref="8360423316" role="stop"/>
  <member type="node" ref="8360443244" role="platform"/>
  <member type="node" ref="8360443242" role="stop"/>
  <member type="node" ref="8360433702" role="platform"/>
  <member type="node" ref="8360433701" role="stop"/>
  <member type="node" ref="8360413291" role="platform"/>
  <member type="node" ref="8360413289" role="stop"/>
  <member type="node" ref="703790667" role="platform"/>
  <member type="node" ref="3051464987" role="stop"/>
  <member type="node" ref="7125059577" role="platform"/>
  <member type="node" ref="3051465441" role="stop"/>
  <member type="node" ref="4385352207" role="platform"/>
  <member type="node" ref="8356192893" role="stop"/>
  <member type="node" ref="1892943179" role="platform"/>
  <member type="node" ref="3050705753" role="stop"/>
  <member type="node" ref="3797029133" role="platform"/>
  <member type="node" ref="5885817271" role="stop"/>
  <member type="node" ref="1854432617" role="platform"/>
  <member type="node" ref="5863634750" role="stop"/>
  <member type="node" ref="4144995547" role="platform"/>
  <member type="node" ref="5863635191" role="stop"/>
  <member type="node" ref="1736332339" role="platform"/>
  <member type="node" ref="5937384629" role="stop"/>
  <member type="node" ref="3918933043" role="platform"/>
  <member type="node" ref="8360401643" role="stop"/>
  <member type="way" ref="900183047" role=""/>
  <member type="way" ref="129109280" role=""/>
  <member type="way" ref="129109281" role=""/>
  <member type="way" ref="122593507" role=""/>
  <member type="way" ref="42278106" role=""/>
  <member type="way" ref="630051560" role=""/>
  <member type="way" ref="1168365030" role=""/>
  <member type="way" ref="630051558" role=""/>
  <member type="way" ref="42278086" role=""/>
  <member type="way" ref="900184554" role=""/>
  <member type="way" ref="900184556" role=""/>
  <member type="way" ref="1016965864" role=""/>
  <member type="way" ref="630058072" role=""/>
  <member type="way" ref="630051567" role=""/>
  <member type="way" ref="900922243" role=""/>
  <member type="way" ref="42278329" role=""/>
  <member type="way" ref="900177535" role=""/>
  <member type="way" ref="677671251" role=""/>
  <member type="way" ref="677671253" role=""/>
  <member type="way" ref="28467651" role=""/>
  <member type="way" ref="677671252" role=""/>
  <member type="way" ref="81253668" role=""/>
  <member type="way" ref="975479664" role=""/>
  <member type="way" ref="1196071980" role=""/>
  <member type="way" ref="1196071979" role=""/>
  <member type="way" ref="1496521129" role=""/>
  <member type="way" ref="159752720" role=""/>
  <member type="way" ref="1496521128" role=""/>
  <member type="way" ref="316565092" role=""/>
  <member type="way" ref="316565090" role=""/>
  <member type="way" ref="853354113" role=""/>
  <member type="way" ref="316565091" role=""/>
  <member type="way" ref="853354112" role=""/>
  <member type="way" ref="320765829" role=""/>
  <member type="way" ref="320765828" role=""/>
  <member type="way" ref="320738978" role=""/>
  <member type="way" ref="115891360" role=""/>
  <member type="way" ref="115891353" role=""/>
  <member type="way" ref="95588250" role=""/>
  <member type="way" ref="301034941" role=""/>
  <member type="way" ref="900177534" role=""/>
  <member type="way" ref="349707795" role=""/>
  <member type="way" ref="349707796" role=""/>
  <member type="way" ref="594719290" role=""/>
  <member type="way" ref="301034935" role=""/>
  <member type="way" ref="301034937" role=""/>
  <member type="way" ref="676019334" role=""/>
  <member type="way" ref="301035574" role=""/>
  <member type="way" ref="765386272" role=""/>
  <member type="way" ref="972189177" role=""/>
  <member type="way" ref="322954948" role=""/>
  <member type="way" ref="322954947" role=""/>
  <member type="way" ref="301006464" role=""/>
  <member type="way" ref="353853579" role=""/>
  <member type="way" ref="353853580" role=""/>
  <member type="way" ref="301006463" role=""/>
  <member type="way" ref="301006462" role=""/>
  <member type="way" ref="128178968" role=""/>
  <member type="way" ref="259020910" role=""/>
  <member type="way" ref="259187115" role=""/>
  <member type="way" ref="28508069" role=""/>
  <member type="way" ref="301006460" role=""/>
  <member type="way" ref="300933536" role=""/>
  <member type="way" ref="901167929" role=""/>
  <member type="way" ref="300941548" role=""/>
  <member type="way" ref="899446300" role=""/>
  <member type="way" ref="623205927" role=""/>
  <member type="way" ref="300962058" role=""/>
  <member type="way" ref="28463859" role=""/>
  <member type="way" ref="28463860" role=""/>
  <member type="way" ref="501488244" role=""/>
  <member type="way" ref="41699012" role=""/>
  <member type="way" ref="501488249" role=""/>
  <member type="way" ref="41699009" role=""/>
  <member type="way" ref="232716794" role=""/>
  <member type="way" ref="41699016" role=""/>
  <member type="way" ref="1512651966" role=""/>
  <member type="way" ref="1512651965" role=""/>
  <member type="way" ref="1512651967" role=""/>
  <member type="way" ref="620645590" role=""/>
  <member type="way" ref="1512651968" role=""/>
  <member type="way" ref="1512670590" role=""/>
  <member type="way" ref="620645594" role=""/>
  <member type="way" ref="59465226" role=""/>
  <member type="way" ref="1512670597" role=""/>
  <member type="way" ref="1512670598" role=""/>
  <member type="way" ref="28463412" role=""/>
  <member type="way" ref="628383721" role=""/>
  <member type="way" ref="308541555" role=""/>
  <member type="way" ref="628383717" role=""/>
  <member type="way" ref="623373022" role=""/>
  <member type="way" ref="844639237" role=""/>
  <member type="way" ref="620836848" role=""/>
  <member type="way" ref="629270028" role=""/>
  <member type="way" ref="914263281" role=""/>
  <member type="way" ref="441644829" role=""/>
  <member type="way" ref="223766347" role=""/>
  <member type="way" ref="1026505459" role=""/>
  <member type="way" ref="412840937" role=""/>
  <member type="way" ref="623205914" role=""/>
  <member type="way" ref="412840939" role=""/>
  <member type="way" ref="65498445" role=""/>
  <member type="way" ref="41789689" role=""/>
  <member type="way" ref="97894990" role=""/>
  <member type="way" ref="97894989" role=""/>
  <member type="way" ref="1534230149" role=""/>
  <member type="way" ref="41524768" role=""/>
  <member type="way" ref="190359114" role=""/>
  <member type="way" ref="41524793" role=""/>
  <member type="way" ref="41524801" role=""/>
  <member type="way" ref="1208744668" role=""/>
  <tag k="fee" v="yes"/>
  <tag k="from" v="Elexalde"/>
  <tag k="name" v="A3631 Elexalde → Galdakao → Bilbao"/>
  <tag k="network" v="Bizkaibus"/>
  <tag k="network:wikidata" v="Q879270"/>
  <tag k="network:wikipedia" v="es:Bizkaibus"/>
  <tag k="operator" v="PESA Lur S.A."/>
  <tag k="public_transport:version" v="2"/>
  <tag k="ref" v="A3631"/>
  <tag k="route" v="bus"/>
  <tag k="to" v="Bilbao"/>
  <tag k="type" v="route"/>
  <tag k="wheelchair" v="yes"/>
 </relation>
 <relation id="12235210" visible="true" version="20" changeset="184905714" timestamp="2026-07-01T10:19:24Z" user="tx94" uid="11156042">
  <member type="node" ref="5343471921" role="platform"/>
  <member type="node" ref="5950101922" role="stop"/>
  <member type="node" ref="5950101918" role="platform"/>
  <member type="node" ref="5950101917" role="stop"/>
  <member type="node" ref="8360605379" role="platform"/>
  <member type="node" ref="1712033663" role="stop"/>
  <member type="node" ref="2483244334" role="platform"/>
  <member type="node" ref="5950051624" role="stop"/>
  <member type="node" ref="1707467254" role="platform"/>
  <member type="node" ref="5950051625" role="stop"/>
  <member type="node" ref="1707467252" role="platform"/>
  <member type="node" ref="8360495991" role="stop"/>
  <member type="node" ref="8360479379" role="platform"/>
  <member type="node" ref="8360479377" role="stop"/>
  <member type="node" ref="8360471818" role="platform"/>
  <member type="node" ref="8360423316" role="stop"/>
  <member type="node" ref="8360443244" role="platform"/>
  <member type="node" ref="8360443242" role="stop"/>
  <member type="node" ref="8360433702" role="platform"/>
  <member type="node" ref="8360433701" role="stop"/>
  <member type="node" ref="8360413291" role="platform"/>
  <member type="node" ref="8360413289" role="stop"/>
  <member type="node" ref="703790667" role="platform"/>
  <member type="node" ref="3051464987" role="stop"/>
  <member type="node" ref="7125059577" role="platform"/>
  <member type="node" ref="3051465441" role="stop"/>
  <member type="node" ref="4385352207" role="platform"/>
  <member type="node" ref="8356192893" role="stop"/>
  <member type="node" ref="1892943179" role="platform"/>
  <member type="node" ref="3050705753" role="stop"/>
  <member type="node" ref="3797029133" role="platform"/>
  <member type="node" ref="5885817271" role="stop"/>
  <member type="node" ref="1854432617" role="platform"/>
  <member type="node" ref="5863634750" role="stop"/>
  <member type="node" ref="4144995547" role="platform"/>
  <member type="node" ref="5863635191" role="stop"/>
  <member type="node" ref="1736332339" role="platform"/>
  <member type="node" ref="5937384629" role="stop"/>
  <member type="node" ref="3918933043" role="platform"/>
  <member type="node" ref="8360401643" role="stop"/>
  <member type="way" ref="42278101" role=""/>
  <member type="way" ref="642121654" role=""/>
  <member type="way" ref="664825220" role=""/>
  <member type="way" ref="95304757" role=""/>
  <member type="way" ref="664825225" role=""/>
  <member type="way" ref="630051543" role=""/>
  <member type="way" ref="664825218" role=""/>
  <member type="way" ref="879999087" role=""/>
  <member type="way" ref="900177531" role=""/>
  <member type="way" ref="879999092" role=""/>
  <member type="way" ref="879999093" role=""/>
  <member type="way" ref="879999090" role=""/>
  <member type="way" ref="42278085" role=""/>
  <member type="way" ref="144475927" role=""/>
  <member type="way" ref="900184556" role=""/>
  <member type="way" ref="1016965864" role=""/>
  <member type="way" ref="630058072" role=""/>
  <member type="way" ref="630051567" role=""/>
  <member type="way" ref="900922243" role=""/>
  <member type="way" ref="42278329" role=""/>
  <member type="way" ref="900177535" role=""/>
  <member type="way" ref="677671251" role=""/>
  <member type="way" ref="677671253" role=""/>
  <member type="way" ref="28467651" role=""/>
  <member type="way" ref="677671252" role=""/>
  <member type="way" ref="81253668" role=""/>
  <member type="way" ref="975479664" role=""/>
  <member type="way" ref="1196071980" role=""/>
  <member type="way" ref="1196071979" role=""/>
  <member type="way" ref="1496521129" role=""/>
  <member type="way" ref="159752720" role=""/>
  <member type="way" ref="1496521128" role=""/>
  <member type="way" ref="316565092" role=""/>
  <member type="way" ref="316565090" role=""/>
  <member type="way" ref="853354113" role=""/>
  <member type="way" ref="316565091" role=""/>
  <member type="way" ref="853354112" role=""/>
  <member type="way" ref="320765829" role=""/>
  <member type="way" ref="320765828" role=""/>
  <member type="way" ref="320738978" role=""/>
  <member type="way" ref="115891360" role=""/>
  <member type="way" ref="115891353" role=""/>
  <member type="way" ref="95588250" role=""/>
  <member type="way" ref="301034941" role=""/>
  <member type="way" ref="900177534" role=""/>
  <member type="way" ref="349707795" role=""/>
  <member type="way" ref="349707796" role=""/>
  <member type="way" ref="594719290" role=""/>
  <member type="way" ref="301034935" role=""/>
  <member type="way" ref="301034937" role=""/>
  <member type="way" ref="676019334" role=""/>
  <member type="way" ref="301035574" role=""/>
  <member type="way" ref="765386272" role=""/>
  <member type="way" ref="972189177" role=""/>
  <member type="way" ref="322954948" role=""/>
  <member type="way" ref="322954947" role=""/>
  <member type="way" ref="301006464" role=""/>
  <member type="way" ref="353853579" role=""/>
  <member type="way" ref="353853580" role=""/>
  <member type="way" ref="301006463" role=""/>
  <member type="way" ref="301006462" role=""/>
  <member type="way" ref="128178968" role=""/>
  <member type="way" ref="259020910" role=""/>
  <member type="way" ref="259187115" role=""/>
  <member type="way" ref="28508069" role=""/>
  <member type="way" ref="301006460" role=""/>
  <member type="way" ref="300933536" role=""/>
  <member type="way" ref="901167929" role=""/>
  <member type="way" ref="300941548" role=""/>
  <member type="way" ref="899446300" role=""/>
  <member type="way" ref="623205927" role=""/>
  <member type="way" ref="300962058" role=""/>
  <member type="way" ref="28463859" role=""/>
  <member type="way" ref="28463860" role=""/>
  <member type="way" ref="501488244" role=""/>
  <member type="way" ref="41699012" role=""/>
  <member type="way" ref="501488249" role=""/>
  <member type="way" ref="41699009" role=""/>
  <member type="way" ref="232716794" role=""/>
  <member type="way" ref="41699016" role=""/>
  <member type="way" ref="1512651966" role=""/>
  <member type="way" ref="1512651965" role=""/>
  <member type="way" ref="1512651967" role=""/>
  <member type="way" ref="620645590" role=""/>
  <member type="way" ref="1512651968" role=""/>
  <member type="way" ref="1512670590" role=""/>
  <member type="way" ref="620645594" role=""/>
  <member type="way" ref="59465226" role=""/>
  <member type="way" ref="1512670597" role=""/>
  <member type="way" ref="1512670598" role=""/>
  <member type="way" ref="28463412" role=""/>
  <member type="way" ref="628383721" role=""/>
  <member type="way" ref="308541555" role=""/>
  <member type="way" ref="628383717" role=""/>
  <member type="way" ref="623373022" role=""/>
  <member type="way" ref="844639237" role=""/>
  <member type="way" ref="620836848" role=""/>
  <member type="way" ref="629270028" role=""/>
  <member type="way" ref="914263281" role=""/>
  <member type="way" ref="441644829" role=""/>
  <member type="way" ref="223766347" role=""/>
  <member type="way" ref="1026505459" role=""/>
  <member type="way" ref="412840937" role=""/>
  <member type="way" ref="623205914" role=""/>
  <member type="way" ref="412840939" role=""/>
  <member type="way" ref="65498445" role=""/>
  <member type="way" ref="41789689" role=""/>
  <member type="way" ref="97894990" role=""/>
  <member type="way" ref="97894989" role=""/>
  <member type="way" ref="1534230149" role=""/>
  <member type="way" ref="41524768" role=""/>
  <member type="way" ref="190359114" role=""/>
  <member type="way" ref="41524793" role=""/>
  <member type="way" ref="41524801" role=""/>
  <member type="way" ref="1208744668" role=""/>
  <tag k="fee" v="yes"/>
  <tag k="from" v="Urreta"/>
  <tag k="name" v="A3631 Urreta → Galdakao → Bilbao"/>
  <tag k="network" v="Bizkaibus"/>
  <tag k="network:wikidata" v="Q879270"/>
  <tag k="network:wikipedia" v="es:Bizkaibus"/>
  <tag k="operator" v="PESA Lur S.A."/>
  <tag k="public_transport:version" v="2"/>
  <tag k="ref" v="A3631"/>
  <tag k="route" v="bus"/>
  <tag k="to" v="Bilbao"/>
  <tag k="type" v="route"/>
  <tag k="wheelchair" v="yes"/>
 </relation>
 <relation id="12236629" visible="true" version="20" changeset="184905714" timestamp="2026-07-01T10:19:24Z" user="tx94" uid="11156042">
  <member type="node" ref="8364099637" role="platform"/>
  <member type="node" ref="8364099638" role="stop"/>
  <member type="node" ref="8364080511" role="platform"/>
  <member type="node" ref="8364080507" role="stop"/>
  <member type="node" ref="8364130508" role="platform"/>
  <member type="node" ref="8364130507" role="stop"/>
  <member type="node" ref="8363962761" role="platform"/>
  <member type="node" ref="8363962759" role="stop"/>
  <member type="node" ref="3185096672" role="platform"/>
  <member type="node" ref="5145277753" role="stop"/>
  <member type="node" ref="3185096673" role="platform"/>
  <member type="node" ref="8363852997" role="stop"/>
  <member type="node" ref="5736389717" role="platform"/>
  <member type="node" ref="981681058" role="stop"/>
  <member type="node" ref="8363874338" role="platform"/>
  <member type="node" ref="704383120" role="stop"/>
  <member type="node" ref="8363807904" role="platform"/>
  <member type="node" ref="8363807902" role="stop"/>
  <member type="node" ref="703790661" role="platform"/>
  <member type="node" ref="8363775538" role="stop"/>
  <member type="node" ref="703790667" role="platform"/>
  <member type="node" ref="3051464987" role="stop"/>
  <member type="node" ref="7125059577" role="platform"/>
  <member type="node" ref="3051465441" role="stop"/>
  <member type="node" ref="4385352207" role="platform"/>
  <member type="node" ref="8356192893" role="stop"/>
  <member type="node" ref="1892943179" role="platform"/>
  <member type="node" ref="3050705753" role="stop"/>
  <member type="node" ref="3797029133" role="platform"/>
  <member type="node" ref="5885817271" role="stop"/>
  <member type="node" ref="1854432617" role="platform"/>
  <member type="node" ref="5863634750" role="stop"/>
  <member type="node" ref="4144995547" role="platform"/>
  <member type="node" ref="5863635191" role="stop"/>
  <member type="node" ref="1736332339" role="platform"/>
  <member type="node" ref="5937384629" role="stop"/>
  <member type="node" ref="3918933043" role="platform"/>
  <member type="node" ref="8360401643" role="stop"/>
  <member type="way" ref="900357176" role=""/>
  <member type="way" ref="1496521135" role=""/>
  <member type="way" ref="900348579" role=""/>
  <member type="way" ref="900347126" role=""/>
  <member type="way" ref="900357178" role=""/>
  <member type="way" ref="900347123" role=""/>
  <member type="way" ref="83500202" role=""/>
  <member type="way" ref="544487435" role=""/>
  <member type="way" ref="544487440" role=""/>
  <member type="way" ref="544487439" role=""/>
  <member type="way" ref="226252994" role=""/>
  <member type="way" ref="83500200" role=""/>
  <member type="way" ref="544487443" role=""/>
  <member type="way" ref="157022881" role=""/>
  <member type="way" ref="544487444" role=""/>
  <member type="way" ref="115849855" role=""/>
  <member type="way" ref="115849854" role=""/>
  <member type="way" ref="22926664" role=""/>
  <member type="way" ref="22877446" role=""/>
  <member type="way" ref="1265080935" role=""/>
  <member type="way" ref="321271996" role=""/>
  <member type="way" ref="84391978" role=""/>
  <member type="way" ref="765105804" role=""/>
  <member type="way" ref="22870522" role=""/>
  <member type="way" ref="1192503303" role=""/>
  <member type="way" ref="1192503304" role=""/>
  <member type="way" ref="1192503305" role=""/>
  <member type="way" ref="266289128" role=""/>
  <member type="way" ref="674373646" role=""/>
  <member type="way" ref="900357182" role=""/>
  <member type="way" ref="900321994" role=""/>
  <member type="way" ref="529705618" role=""/>
  <member type="way" ref="765105802" role=""/>
  <member type="way" ref="84391991" role=""/>
  <member type="way" ref="1496977248" role=""/>
  <member type="way" ref="900357183" role=""/>
  <member type="way" ref="45728403" role=""/>
  <member type="way" ref="765105801" role=""/>
  <member type="way" ref="1496977251" role=""/>
  <member type="way" ref="765105800" role=""/>
  <member type="way" ref="134078950" role=""/>
  <member type="way" ref="152411405" role=""/>
  <member type="way" ref="127657342" role=""/>
  <member type="way" ref="127657341" role=""/>
  <member type="way" ref="56128900" role=""/>
  <member type="way" ref="56700574" role=""/>
  <member type="way" ref="56700573" role=""/>
  <member type="way" ref="320738973" role=""/>
  <member type="way" ref="129101809" role=""/>
  <member type="way" ref="129101823" role=""/>
  <member type="way" ref="320738976" role=""/>
  <member type="way" ref="320738977" role=""/>
  <member type="way" ref="129101830" role=""/>
  <member type="way" ref="129101831" role=""/>
  <member type="way" ref="320738984" role=""/>
  <member type="way" ref="320738971" role=""/>
  <member type="way" ref="320738979" role=""/>
  <member type="way" ref="129101821" role=""/>
  <member type="way" ref="687744950" role=""/>
  <member type="way" ref="687744948" role=""/>
  <member type="way" ref="900172403" role=""/>
  <member type="way" ref="320738978" role=""/>
  <member type="way" ref="115891360" role=""/>
  <member type="way" ref="115891353" role=""/>
  <member type="way" ref="95588250" role=""/>
  <member type="way" ref="301034941" role=""/>
  <member type="way" ref="900177534" role=""/>
  <member type="way" ref="349707795" role=""/>
  <member type="way" ref="349707796" role=""/>
  <member type="way" ref="594719290" role=""/>
  <member type="way" ref="301034935" role=""/>
  <member type="way" ref="301034937" role=""/>
  <member type="way" ref="676019334" role=""/>
  <member type="way" ref="301035574" role=""/>
  <member type="way" ref="765386272" role=""/>
  <member type="way" ref="972189177" role=""/>
  <member type="way" ref="322954948" role=""/>
  <member type="way" ref="322954947" role=""/>
  <member type="way" ref="301006464" role=""/>
  <member type="way" ref="353853579" role=""/>
  <member type="way" ref="353853580" role=""/>
  <member type="way" ref="301006463" role=""/>
  <member type="way" ref="301006462" role=""/>
  <member type="way" ref="128178968" role=""/>
  <member type="way" ref="259020910" role=""/>
  <member type="way" ref="259187115" role=""/>
  <member type="way" ref="28508069" role=""/>
  <member type="way" ref="301006460" role=""/>
  <member type="way" ref="300933536" role=""/>
  <member type="way" ref="901167929" role=""/>
  <member type="way" ref="300941548" role=""/>
  <member type="way" ref="899446300" role=""/>
  <member type="way" ref="623205927" role=""/>
  <member type="way" ref="300962058" role=""/>
  <member type="way" ref="28463859" role=""/>
  <member type="way" ref="28463860" role=""/>
  <member type="way" ref="501488244" role=""/>
  <member type="way" ref="41699012" role=""/>
  <member type="way" ref="501488249" role=""/>
  <member type="way" ref="41699009" role=""/>
  <member type="way" ref="232716794" role=""/>
  <member type="way" ref="41699016" role=""/>
  <member type="way" ref="1512651966" role=""/>
  <member type="way" ref="1512651965" role=""/>
  <member type="way" ref="1512651967" role=""/>
  <member type="way" ref="620645590" role=""/>
  <member type="way" ref="1512651968" role=""/>
  <member type="way" ref="1512670590" role=""/>
  <member type="way" ref="620645594" role=""/>
  <member type="way" ref="59465226" role=""/>
  <member type="way" ref="1512670597" role=""/>
  <member type="way" ref="1512670598" role=""/>
  <member type="way" ref="28463412" role=""/>
  <member type="way" ref="628383721" role=""/>
  <member type="way" ref="308541555" role=""/>
  <member type="way" ref="628383717" role=""/>
  <member type="way" ref="623373022" role=""/>
  <member type="way" ref="844639237" role=""/>
  <member type="way" ref="620836848" role=""/>
  <member type="way" ref="629270028" role=""/>
  <member type="way" ref="914263281" role=""/>
  <member type="way" ref="441644829" role=""/>
  <member type="way" ref="223766347" role=""/>
  <member type="way" ref="1026505459" role=""/>
  <member type="way" ref="412840937" role=""/>
  <member type="way" ref="623205914" role=""/>
  <member type="way" ref="412840939" role=""/>
  <member type="way" ref="65498445" role=""/>
  <member type="way" ref="41789689" role=""/>
  <member type="way" ref="97894990" role=""/>
  <member type="way" ref="97894989" role=""/>
  <member type="way" ref="1534230149" role=""/>
  <member type="way" ref="41524768" role=""/>
  <member type="way" ref="190359114" role=""/>
  <member type="way" ref="41524793" role=""/>
  <member type="way" ref="41524801" role=""/>
  <member type="way" ref="1208744668" role=""/>
  <tag k="fee" v="yes"/>
  <tag k="from" v="Zaratamo"/>
  <tag k="name" v="A3632 Zaratamo → Arrigorriaga → San Miguel (Begoña) → Basauri → Bilbao"/>
  <tag k="network" v="Bizkaibus"/>
  <tag k="network:wikidata" v="Q879270"/>
  <tag k="network:wikipedia" v="es:Bizkaibus"/>
  <tag k="operator" v="PESA Lur S.A."/>
  <tag k="public_transport:version" v="2"/>
  <tag k="ref" v="A3632"/>
  <tag k="route" v="bus"/>
  <tag k="to" v="Bilbao"/>
  <tag k="type" v="route"/>
  <tag k="wheelchair" v="yes"/>
 </relation>
 <relation id="12236637" visible="true" version="3" changeset="112540095" timestamp="2021-10-15T12:05:42Z" user="jhuanjho" uid="1008854">
  <member type="relation" ref="12236650" role=""/>
  <member type="relation" ref="12236649" role=""/>
  <member type="relation" ref="12236602" role=""/>
  <member type="relation" ref="12236629" role=""/>
  <tag k="fee" v="yes"/>
  <tag k="name" v="A3632 Bilbao - Etxebarri - Basauri - San Miguel (Begoña)"/>
  <tag k="network" v="Bizkaibus"/>
  <tag k="network:wikidata" v="Q879270"/>
  <tag k="network:wikipedia" v="es:Bizkaibus"/>
  <tag k="operator" v="PESA Lur S.A."/>
  <tag k="ref" v="A3632"/>
  <tag k="route_master" v="bus"/>
  <tag k="type" v="route_master"/>
 </relation>
 <relation id="12236649" visible="true" version="19" changeset="184905714" timestamp="2026-07-01T10:19:24Z" user="tx94" uid="11156042">
  <member type="node" ref="8363971576" role="platform"/>
  <member type="node" ref="1307707389" role="stop"/>
  <member type="node" ref="8363980273" role="platform"/>
  <member type="node" ref="1307707341" role="stop"/>
  <member type="node" ref="3185096672" role="platform"/>
  <member type="node" ref="5145277753" role="stop"/>
  <member type="node" ref="3185096673" role="platform"/>
  <member type="node" ref="8363852997" role="stop"/>
  <member type="node" ref="5736389717" role="platform"/>
  <member type="node" ref="981681058" role="stop"/>
  <member type="node" ref="8363874338" role="platform"/>
  <member type="node" ref="704383120" role="stop"/>
  <member type="node" ref="8363807904" role="platform"/>
  <member type="node" ref="8363807902" role="stop"/>
  <member type="node" ref="703790661" role="platform"/>
  <member type="node" ref="8363775538" role="stop"/>
  <member type="node" ref="703790667" role="platform"/>
  <member type="node" ref="3051464987" role="stop"/>
  <member type="node" ref="7125059577" role="platform"/>
  <member type="node" ref="3051465441" role="stop"/>
  <member type="node" ref="4385352207" role="platform"/>
  <member type="node" ref="8356192893" role="stop"/>
  <member type="node" ref="1892943179" role="platform"/>
  <member type="node" ref="3050705753" role="stop"/>
  <member type="node" ref="3797029133" role="platform"/>
  <member type="node" ref="5885817271" role="stop"/>
  <member type="node" ref="1854432617" role="platform"/>
  <member type="node" ref="5863634750" role="stop"/>
  <member type="node" ref="4144995547" role="platform"/>
  <member type="node" ref="5863635191" role="stop"/>
  <member type="node" ref="1736332339" role="platform"/>
  <member type="node" ref="5937384629" role="stop"/>
  <member type="node" ref="3918933043" role="platform"/>
  <member type="node" ref="8360401643" role="stop"/>
  <member type="way" ref="115850766" role=""/>
  <member type="way" ref="1072756816" role=""/>
  <member type="way" ref="1072756714" role=""/>
  <member type="way" ref="1134062605" role=""/>
  <member type="way" ref="1134062608" role=""/>
  <member type="way" ref="115850768" role=""/>
  <member type="way" ref="900357181" role=""/>
  <member type="way" ref="900357182" role=""/>
  <member type="way" ref="900321994" role=""/>
  <member type="way" ref="529705618" role=""/>
  <member type="way" ref="765105802" role=""/>
  <member type="way" ref="84391991" role=""/>
  <member type="way" ref="1496977248" role=""/>
  <member type="way" ref="900357183" role=""/>
  <member type="way" ref="45728403" role=""/>
  <member type="way" ref="765105801" role=""/>
  <member type="way" ref="1496977251" role=""/>
  <member type="way" ref="765105800" role=""/>
  <member type="way" ref="134078950" role=""/>
  <member type="way" ref="152411405" role=""/>
  <member type="way" ref="127657342" role=""/>
  <member type="way" ref="127657341" role=""/>
  <member type="way" ref="56128900" role=""/>
  <member type="way" ref="56700574" role=""/>
  <member type="way" ref="56700573" role=""/>
  <member type="way" ref="320738973" role=""/>
  <member type="way" ref="129101809" role=""/>
  <member type="way" ref="129101823" role=""/>
  <member type="way" ref="320738976" role=""/>
  <member type="way" ref="320738977" role=""/>
  <member type="way" ref="129101830" role=""/>
  <member type="way" ref="129101831" role=""/>
  <member type="way" ref="320738984" role=""/>
  <member type="way" ref="320738971" role=""/>
  <member type="way" ref="320738979" role=""/>
  <member type="way" ref="129101821" role=""/>
  <member type="way" ref="687744950" role=""/>
  <member type="way" ref="687744948" role=""/>
  <member type="way" ref="900172403" role=""/>
  <member type="way" ref="320738978" role=""/>
  <member type="way" ref="115891360" role=""/>
  <member type="way" ref="115891353" role=""/>
  <member type="way" ref="95588250" role=""/>
  <member type="way" ref="301034941" role=""/>
  <member type="way" ref="900177534" role=""/>
  <member type="way" ref="349707795" role=""/>
  <member type="way" ref="349707796" role=""/>
  <member type="way" ref="594719290" role=""/>
  <member type="way" ref="301034935" role=""/>
  <member type="way" ref="301034937" role=""/>
  <member type="way" ref="676019334" role=""/>
  <member type="way" ref="301035574" role=""/>
  <member type="way" ref="765386272" role=""/>
  <member type="way" ref="972189177" role=""/>
  <member type="way" ref="322954948" role=""/>
  <member type="way" ref="322954947" role=""/>
  <member type="way" ref="301006464" role=""/>
  <member type="way" ref="353853579" role=""/>
  <member type="way" ref="353853580" role=""/>
  <member type="way" ref="301006463" role=""/>
  <member type="way" ref="301006462" role=""/>
  <member type="way" ref="128178968" role=""/>
  <member type="way" ref="259020910" role=""/>
  <member type="way" ref="259187115" role=""/>
  <member type="way" ref="28508069" role=""/>
  <member type="way" ref="301006460" role=""/>
  <member type="way" ref="300933536" role=""/>
  <member type="way" ref="901167929" role=""/>
  <member type="way" ref="300941548" role=""/>
  <member type="way" ref="899446300" role=""/>
  <member type="way" ref="623205927" role=""/>
  <member type="way" ref="300962058" role=""/>
  <member type="way" ref="28463859" role=""/>
  <member type="way" ref="28463860" role=""/>
  <member type="way" ref="501488244" role=""/>
  <member type="way" ref="41699012" role=""/>
  <member type="way" ref="501488249" role=""/>
  <member type="way" ref="41699009" role=""/>
  <member type="way" ref="232716794" role=""/>
  <member type="way" ref="41699016" role=""/>
  <member type="way" ref="1512651966" role=""/>
  <member type="way" ref="1512651965" role=""/>
  <member type="way" ref="1512651967" role=""/>
  <member type="way" ref="620645590" role=""/>
  <member type="way" ref="1512651968" role=""/>
  <member type="way" ref="1512670590" role=""/>
  <member type="way" ref="620645594" role=""/>
  <member type="way" ref="59465226" role=""/>
  <member type="way" ref="1512670597" role=""/>
  <member type="way" ref="1512670598" role=""/>
  <member type="way" ref="28463412" role=""/>
  <member type="way" ref="628383721" role=""/>
  <member type="way" ref="308541555" role=""/>
  <member type="way" ref="628383717" role=""/>
  <member type="way" ref="623373022" role=""/>
  <member type="way" ref="844639237" role=""/>
  <member type="way" ref="620836848" role=""/>
  <member type="way" ref="629270028" role=""/>
  <member type="way" ref="914263281" role=""/>
  <member type="way" ref="441644829" role=""/>
  <member type="way" ref="223766347" role=""/>
  <member type="way" ref="1026505459" role=""/>
  <member type="way" ref="412840937" role=""/>
  <member type="way" ref="623205914" role=""/>
  <member type="way" ref="412840939" role=""/>
  <member type="way" ref="65498445" role=""/>
  <member type="way" ref="41789689" role=""/>
  <member type="way" ref="97894990" role=""/>
  <member type="way" ref="97894989" role=""/>
  <member type="way" ref="1534230149" role=""/>
  <member type="way" ref="41524768" role=""/>
  <member type="way" ref="190359114" role=""/>
  <member type="way" ref="41524793" role=""/>
  <member type="way" ref="41524801" role=""/>
  <member type="way" ref="1208744668" role=""/>
  <tag k="fee" v="yes"/>
  <tag k="from" v="San Miguel (Begoña)"/>
  <tag k="name" v="A3632 San Miguel (Begoña) → Basauri → Etxebarri → Bilbao"/>
  <tag k="network" v="Bizkaibus"/>
  <tag k="network:wikidata" v="Q879270"/>
  <tag k="network:wikipedia" v="es:Bizkaibus"/>
  <tag k="operator" v="PESA Lur S.A."/>
  <tag k="public_transport:version" v="2"/>
  <tag k="ref" v="A3632"/>
  <tag k="route" v="bus"/>
  <tag k="to" v="Bilbao"/>
  <tag k="type" v="route"/>
  <tag k="wheelchair" v="yes"/>
 </relation>
 <relation id="18396903" visible="true" version="3" changeset="174974297" timestamp="2025-11-22T04:38:52Z" user="UnniMan" uid="22771198">
  <member type="way" ref="370581911" role=""/>
  <member type="way" ref="648807399" role=""/>
  <member type="way" ref="648807401" role=""/>
  <member type="way" ref="648807403" role=""/>
  <member type="way" ref="648807405" role=""/>
  <member type="way" ref="648807407" role=""/>
  <member type="way" ref="370581906" role=""/>
  <member type="way" ref="648807409" role=""/>
  <member type="way" ref="370581909" role=""/>
  <member type="way" ref="370581910" role=""/>
  <member type="way" ref="490737659" role=""/>
  <member type="way" ref="370581904" role=""/>
  <member type="way" ref="648807411" role=""/>
  <member type="way" ref="490739061" role=""/>
  <member type="way" ref="648807413" role=""/>
  <member type="way" ref="648807414" role=""/>
  <member type="way" ref="648807418" role=""/>
  <member type="way" ref="370709981" role=""/>
  <member type="way" ref="370709982" role=""/>
  <member type="way" ref="648807420" role=""/>
  <member type="way" ref="458063171" role=""/>
  <member type="way" ref="489794662" role=""/>
  <member type="way" ref="467629505" role=""/>
  <member type="way" ref="467619211" role=""/>
  <member type="way" ref="467619216" role=""/>
  <tag k="name" v="Línea Santander-Bilbao"/>
  <tag k="name:es" v="Línea Santander-Bilbao"/>
  <tag k="name:eu" v="Santander-Bilbo trenbidea"/>
  <tag k="operator" v="Adif"/>
  <tag k="operator:wikidata" v="Q358752"/>
  <tag k="ref" v="780"/>
  <tag k="route" v="railway"/>
  <tag k="type" v="route"/>
  <tag k="wikidata" v="Q26912032"/>
  <tag k="wikipedia" v="es:Ferrocarril de Santander a Bilbao"/>
 </relation>
 <relation id="20167084" visible="true" version="1" changeset="178029283" timestamp="2026-02-03T00:45:06Z" user="UnniMan" uid="22771198">
  <member type="relation" ref="7833427" role=""/>
  <member type="relation" ref="8073782" role=""/>
  <member type="relation" ref="8112120" role=""/>
  <member type="relation" ref="7563396" role=""/>
  <tag k="name" v="Abando"/>
  <tag k="public_transport" v="stop_area_group"/>
  <tag k="type" v="public_transport"/>
 </relation>
</osm>
