<?xml version="1.0" encoding="UTF-8"?>
<osm version="0.6" generator="openstreetmap-cgimap 2.1.0 (3498748 spike-06.openstreetmap.org)" copyright="OpenStreetMap and contributors" attribution="http://www.openstreetmap.org/copyright" license="http://opendatacommons.org/licenses/odbl/1-0/">
 <bounds minlat="42.1573136" minlon="-8.6756424" maxlat="42.1593136" maxlon="-8.6736424"/>
 <node id="428198753" visible="true" version="3" changeset="46747466" timestamp="2017-03-10T19:40:23Z" user="Roi González Villa" uid="1294998" lat="42.1606227" lon="-8.6768804"/>
 <node id="428199106" visible="true" version="3" changeset="55654348" timestamp="2018-01-22T13:10:14Z" user="Juan C Balboa" uid="1768719" lat="42.1603935" lon="-8.6764770"/>
 <node id="428199110" visible="true" version="2" changeset="55654348" timestamp="2018-01-22T13:10:14Z" user="Juan C Balboa" uid="1768719" lat="42.1600347" lon="-8.6756808"/>
 <node id="428199114" visible="true" version="2" changeset="55654348" timestamp="2018-01-22T13:10:14Z" user="Juan C Balboa" uid="1768719" lat="42.1596903" lon="-8.6751560"/>
 <node id="428199118" visible="true" version="2" changeset="55654348" timestamp="2018-01-22T13:10:14Z" user="Juan C Balboa" uid="1768719" lat="42.1592506" lon="-8.6747736"/>
 <node id="428199127" visible="true" version="1" changeset="1597993" timestamp="2009-06-22T22:45:06Z" user="Trasno" uid="127435" lat="42.1589941" lon="-8.6746502"/>
 <node id="428199128" visible="true" version="2" changeset="55654348" timestamp="2018-01-22T13:10:14Z" user="Juan C Balboa" uid="1768719" lat="42.1581900" lon="-8.6743944"/>
 <node id="1094062205" visible="true" version="1" changeset="6914807" timestamp="2011-01-09T13:12:13Z" user="oscarorbe" uid="86541" lat="42.1912034" lon="-8.6993464"/>
 <node id="1094065705" visible="true" version="1" changeset="6914807" timestamp="2011-01-09T13:14:00Z" user="oscarorbe" uid="86541" lat="42.1605956" lon="-8.7079106"/>
 <node id="1094067450" visible="true" version="1" changeset="6914807" timestamp="2011-01-09T13:15:02Z" user="oscarorbe" uid="86541" lat="42.2013822" lon="-8.6717555"/>
 <node id="1094070005" visible="true" version="2" changeset="81362179" timestamp="2020-02-23T09:40:50Z" user="Penidos" uid="10731170" lat="42.1630281" lon="-8.6688166"/>
 <node id="1094071964" visible="true" version="2" changeset="81615070" timestamp="2020-02-29T08:45:13Z" user="Penidos" uid="10731170" lat="42.1797909" lon="-8.6479586"/>
 <node id="1094075601" visible="true" version="1" changeset="6914807" timestamp="2011-01-09T13:17:24Z" user="oscarorbe" uid="86541" lat="42.1921644" lon="-8.6810748"/>
 <node id="1094077272" visible="true" version="1" changeset="6914807" timestamp="2011-01-09T13:18:24Z" user="oscarorbe" uid="86541" lat="42.1860046" lon="-8.6983534"/>
 <node id="1094077976" visible="true" version="2" changeset="81363904" timestamp="2020-02-23T11:07:14Z" user="Penidos" uid="10731170" lat="42.1748241" lon="-8.6538161"/>
 <node id="1094078702" visible="true" version="1" changeset="6914807" timestamp="2011-01-09T13:19:24Z" user="oscarorbe" uid="86541" lat="42.2017297" lon="-8.6691939"/>
 <node id="1094079467" visible="true" version="1" changeset="6914807" timestamp="2011-01-09T13:20:07Z" user="oscarorbe" uid="86541" lat="42.1910148" lon="-8.6837629"/>
 <node id="1094080654" visible="true" version="1" changeset="6914807" timestamp="2011-01-09T13:20:56Z" user="oscarorbe" uid="86541" lat="42.1929104" lon="-8.6975464"/>
 <node id="1094082482" visible="true" version="1" changeset="6914807" timestamp="2011-01-09T13:22:12Z" user="oscarorbe" uid="86541" lat="42.2018238" lon="-8.6800236"/>
 <node id="1094084529" visible="true" version="2" changeset="40637588" timestamp="2016-07-10T20:20:24Z" user="wycbtma" uid="1020680" lat="42.1628277" lon="-8.7073126"/>
 <node id="1094088884" visible="true" version="2" changeset="81918044" timestamp="2020-03-08T09:20:24Z" user="Penidos" uid="10731170" lat="42.1894706" lon="-8.6590652"/>
 <node id="1094090116" visible="true" version="1" changeset="6914807" timestamp="2011-01-09T13:27:29Z" user="oscarorbe" uid="86541" lat="42.2039274" lon="-8.6689153"/>
 <node id="1094095208" visible="true" version="3" changeset="81362179" timestamp="2020-02-23T09:40:50Z" user="Penidos" uid="10731170" lat="42.1595518" lon="-8.6700957"/>
 <node id="1094096691" visible="true" version="1" changeset="6914807" timestamp="2011-01-09T13:31:36Z" user="oscarorbe" uid="86541" lat="42.1691251" lon="-8.7078092"/>
 <node id="1094097622" visible="true" version="2" changeset="81615070" timestamp="2020-02-29T08:45:13Z" user="Penidos" uid="10731170" lat="42.1798081" lon="-8.6400889"/>
 <node id="1094106521" visible="true" version="1" changeset="6914807" timestamp="2011-01-09T13:40:05Z" user="oscarorbe" uid="86541" lat="42.1828625" lon="-8.6969754"/>
 <node id="1094109136" visible="true" version="1" changeset="6914807" timestamp="2011-01-09T13:41:34Z" user="oscarorbe" uid="86541" lat="42.1772741" lon="-8.6597872"/>
 <node id="1094109815" visible="true" version="1" changeset="6914807" timestamp="2011-01-09T13:42:08Z" user="oscarorbe" uid="86541" lat="42.1900085" lon="-8.6706479"/>
 <node id="1094112354" visible="true" version="1" changeset="6914807" timestamp="2011-01-09T13:43:47Z" user="oscarorbe" uid="86541" lat="42.1883694" lon="-8.6818193"/>
 <node id="1094115354" visible="true" version="1" changeset="6914807" timestamp="2011-01-09T13:45:57Z" user="oscarorbe" uid="86541" lat="42.1958122" lon="-8.6915129"/>
 <node id="1094119280" visible="true" version="2" changeset="81615070" timestamp="2020-02-29T08:45:13Z" user="Penidos" uid="10731170" lat="42.1775503" lon="-8.6461799"/>
 <node id="1094126088" visible="true" version="1" changeset="6914807" timestamp="2011-01-09T13:52:39Z" user="oscarorbe" uid="86541" lat="42.1987488" lon="-8.6752310"/>
 <node id="1094130919" visible="true" version="2" changeset="40637588" timestamp="2016-07-10T20:20:23Z" user="wycbtma" uid="1020680" lat="42.1651613" lon="-8.7067093"/>
 <node id="1094131333" visible="true" version="1" changeset="6914807" timestamp="2011-01-09T13:58:23Z" user="oscarorbe" uid="86541" lat="42.1835938" lon="-8.6925496"/>
 <node id="1094136708" visible="true" version="2" changeset="81918044" timestamp="2020-03-08T09:20:24Z" user="Penidos" uid="10731170" lat="42.1896704" lon="-8.6551089"/>
 <node id="1094147867" visible="true" version="1" changeset="6914807" timestamp="2011-01-09T14:06:58Z" user="oscarorbe" uid="86541" lat="42.1739739" lon="-8.7024065"/>
 <node id="1094148985" visible="true" version="2" changeset="81609317" timestamp="2020-02-28T22:45:46Z" user="Penidos" uid="10731170" lat="42.1767059" lon="-8.6385417"/>
 <node id="1094149784" visible="true" version="1" changeset="6914807" timestamp="2011-01-09T14:07:36Z" user="oscarorbe" uid="86541" lat="42.1998216" lon="-8.6737017"/>
 <node id="1094155796" visible="true" version="1" changeset="6914807" timestamp="2011-01-09T14:09:46Z" user="oscarorbe" uid="86541" lat="42.1802860" lon="-8.6967182"/>
 <node id="1094160139" visible="true" version="2" changeset="81615635" timestamp="2020-02-29T09:17:02Z" user="Penidos" uid="10731170" lat="42.1846225" lon="-8.6472315"/>
 <node id="1094161655" visible="true" version="1" changeset="6914807" timestamp="2011-01-09T14:12:39Z" user="oscarorbe" uid="86541" lat="42.1937754" lon="-8.6651691"/>
 <node id="1094164605" visible="true" version="1" changeset="6914807" timestamp="2011-01-09T14:14:14Z" user="oscarorbe" uid="86541" lat="42.1897859" lon="-8.6776987"/>
 <node id="1094168401" visible="true" version="1" changeset="6914807" timestamp="2011-01-09T14:15:47Z" user="oscarorbe" uid="86541" lat="42.1791858" lon="-8.6980838"/>
 <node id="1094169513" visible="true" version="2" changeset="81609317" timestamp="2020-02-28T22:45:46Z" user="Penidos" uid="10731170" lat="42.1764936" lon="-8.6489505"/>
 <node id="1094176970" visible="true" version="1" changeset="6914807" timestamp="2011-01-09T14:19:03Z" user="oscarorbe" uid="86541" lat="42.1853963" lon="-8.6932707"/>
 <node id="1094179789" visible="true" version="2" changeset="81615635" timestamp="2020-02-29T09:17:02Z" user="Penidos" uid="10731170" lat="42.1874668" lon="-8.6509834"/>
 <node id="1094187042" visible="true" version="1" changeset="6914807" timestamp="2011-01-09T14:21:42Z" user="oscarorbe" uid="86541" lat="42.1773363" lon="-8.7003337"/>
 <node id="1094189083" visible="true" version="1" changeset="6914807" timestamp="2011-01-09T14:22:15Z" user="oscarorbe" uid="86541" lat="42.2006272" lon="-8.6720362"/>
 <node id="1094192264" visible="true" version="2" changeset="81362179" timestamp="2020-02-23T09:40:50Z" user="Penidos" uid="10731170" lat="42.1658119" lon="-8.6692671"/>
 <node id="1094193580" visible="true" version="2" changeset="81615635" timestamp="2020-02-29T09:17:02Z" user="Penidos" uid="10731170" lat="42.1819693" lon="-8.6506645"/>
 <node id="1094194198" visible="true" version="1" changeset="6914807" timestamp="2011-01-09T14:23:16Z" user="oscarorbe" uid="86541" lat="42.1930098" lon="-8.6636327"/>
 <node id="1094195765" visible="true" version="1" changeset="6914807" timestamp="2011-01-09T14:23:31Z" user="oscarorbe" uid="86541" lat="42.1919351" lon="-8.6799174"/>
 <node id="1094197437" visible="true" version="1" changeset="6914807" timestamp="2011-01-09T14:23:51Z" user="oscarorbe" uid="86541" lat="42.1818826" lon="-8.6993451"/>
 <node id="1094198326" visible="true" version="2" changeset="81363904" timestamp="2020-02-23T11:07:14Z" user="Penidos" uid="10731170" lat="42.1741087" lon="-8.6529430"/>
 <node id="1094204120" visible="true" version="1" changeset="6914807" timestamp="2011-01-09T14:24:53Z" user="oscarorbe" uid="86541" lat="42.1908660" lon="-8.6971999"/>
 <node id="1094207539" visible="true" version="1" changeset="6914807" timestamp="2011-01-09T14:25:31Z" user="oscarorbe" uid="86541" lat="42.2003614" lon="-8.6804261"/>
 <node id="1094214096" visible="true" version="1" changeset="6914807" timestamp="2011-01-09T14:26:28Z" user="oscarorbe" uid="86541" lat="42.2056635" lon="-8.6715984"/>
 <node id="1094218331" visible="true" version="2" changeset="40636519" timestamp="2016-07-10T19:12:30Z" user="wycbtma" uid="1020680" lat="42.1598008" lon="-8.6710515"/>
 <node id="1094218999" visible="true" version="1" changeset="6914807" timestamp="2011-01-09T14:27:34Z" user="oscarorbe" uid="86541" lat="42.1688884" lon="-8.7088640"/>
 <node id="1094220138" visible="true" version="1" changeset="6914807" timestamp="2011-01-09T14:27:53Z" user="oscarorbe" uid="86541" lat="42.1813983" lon="-8.6461503"/>
 <node id="1094222927" visible="true" version="1" changeset="6914807" timestamp="2011-01-09T14:28:32Z" user="oscarorbe" uid="86541" lat="42.1982292" lon="-8.6826699"/>
 <node id="1094225365" visible="true" version="1" changeset="6914807" timestamp="2011-01-09T14:29:17Z" user="oscarorbe" uid="86541" lat="42.1855478" lon="-8.6994456"/>
 <node id="1094226266" visible="true" version="2" changeset="81363904" timestamp="2020-02-23T11:07:14Z" user="Penidos" uid="10731170" lat="42.1772603" lon="-8.6594951"/>
 <node id="1094227119" visible="true" version="1" changeset="6914807" timestamp="2011-01-09T14:29:41Z" user="oscarorbe" uid="86541" lat="42.1900852" lon="-8.6722386"/>
 <node id="1094229024" visible="true" version="1" changeset="6914807" timestamp="2011-01-09T14:30:06Z" user="oscarorbe" uid="86541" lat="42.1917075" lon="-8.6858039"/>
 <node id="1094231278" visible="true" version="1" changeset="6914807" timestamp="2011-01-09T14:30:41Z" user="oscarorbe" uid="86541" lat="42.1948154" lon="-8.6927163"/>
 <node id="1094235290" visible="true" version="1" changeset="6914807" timestamp="2011-01-09T14:31:39Z" user="oscarorbe" uid="86541" lat="42.1965359" lon="-8.6793960"/>
 <node id="1094237182" visible="true" version="2" changeset="40637588" timestamp="2016-07-10T20:20:24Z" user="wycbtma" uid="1020680" lat="42.1646258" lon="-8.7067198"/>
 <node id="1094242180" visible="true" version="1" changeset="6914807" timestamp="2011-01-09T14:33:47Z" user="oscarorbe" uid="86541" lat="42.1923974" lon="-8.6533358"/>
 <node id="1094243139" visible="true" version="1" changeset="6914807" timestamp="2011-01-09T14:34:11Z" user="oscarorbe" uid="86541" lat="42.2043258" lon="-8.6698394"/>
 <node id="1094245301" visible="true" version="1" changeset="6914807" timestamp="2011-01-09T14:34:58Z" user="oscarorbe" uid="86541" lat="42.1931409" lon="-8.6862930"/>
 <node id="1094247453" visible="true" version="1" changeset="6914807" timestamp="2011-01-09T14:35:38Z" user="oscarorbe" uid="86541" lat="42.1729342" lon="-8.7060906"/>
 <node id="1094248319" visible="true" version="2" changeset="81615070" timestamp="2020-02-29T08:45:13Z" user="Penidos" uid="10731170" lat="42.1818254" lon="-8.6423919"/>
 <node id="1094252005" visible="true" version="1" changeset="6914807" timestamp="2011-01-09T14:36:43Z" user="oscarorbe" uid="86541" lat="42.1835515" lon="-8.6969721"/>
 <node id="1094252803" visible="true" version="2" changeset="81363904" timestamp="2020-02-23T11:07:14Z" user="Penidos" uid="10731170" lat="42.1748393" lon="-8.6627618"/>
 <node id="1094253543" visible="true" version="1" changeset="6914807" timestamp="2011-01-09T14:37:07Z" user="oscarorbe" uid="86541" lat="42.1877854" lon="-8.6724162"/>
 <node id="1094254798" visible="true" version="1" changeset="6914807" timestamp="2011-01-09T14:37:31Z" user="oscarorbe" uid="86541" lat="42.1888473" lon="-8.6787741"/>
 <node id="1094256700" visible="true" version="1" changeset="6914807" timestamp="2011-01-09T14:38:11Z" user="oscarorbe" uid="86541" lat="42.1935659" lon="-8.6870212"/>
 <node id="1094257661" visible="true" version="2" changeset="81615070" timestamp="2020-02-29T08:45:13Z" user="Penidos" uid="10731170" lat="42.1790814" lon="-8.6451701"/>
 <node id="1094259605" visible="true" version="1" changeset="6914807" timestamp="2011-01-09T14:38:54Z" user="oscarorbe" uid="86541" lat="42.1970915" lon="-8.6752877"/>
 <node id="1094261033" visible="true" version="2" changeset="40637588" timestamp="2016-07-10T20:20:23Z" user="wycbtma" uid="1020680" lat="42.1650182" lon="-8.7101206"/>
 <node id="1094261661" visible="true" version="1" changeset="6914807" timestamp="2011-01-09T14:39:14Z" user="oscarorbe" uid="86541" lat="42.1829962" lon="-8.6930520"/>
 <node id="1094263320" visible="true" version="2" changeset="81918044" timestamp="2020-03-08T09:20:24Z" user="Penidos" uid="10731170" lat="42.1902628" lon="-8.6542095"/>
 <node id="1094267563" visible="true" version="1" changeset="6914807" timestamp="2011-01-09T14:40:25Z" user="oscarorbe" uid="86541" lat="42.1736237" lon="-8.7047317"/>
 <node id="1094268471" visible="true" version="2" changeset="81615070" timestamp="2020-02-29T08:45:13Z" user="Penidos" uid="10731170" lat="42.1795941" lon="-8.6436076"/>
 <node id="1094269227" visible="true" version="1" changeset="6914807" timestamp="2011-01-09T14:40:43Z" user="oscarorbe" uid="86541" lat="42.1968517" lon="-8.6719934"/>
 <node id="1094272032" visible="true" version="2" changeset="81362179" timestamp="2020-02-23T09:40:50Z" user="Penidos" uid="10731170" lat="42.1660349" lon="-8.6691896"/>
 <node id="1094272631" visible="true" version="1" changeset="6914807" timestamp="2011-01-09T14:41:21Z" user="oscarorbe" uid="86541" lat="42.1824828" lon="-8.6930545"/>
 <node id="1094273481" visible="true" version="2" changeset="81615635" timestamp="2020-02-29T09:17:02Z" user="Penidos" uid="10731170" lat="42.1859655" lon="-8.6486530"/>
 <node id="1094274281" visible="true" version="1" changeset="6914807" timestamp="2011-01-09T14:41:40Z" user="oscarorbe" uid="86541" lat="42.1938452" lon="-8.6659424"/>
 <node id="1094275800" visible="true" version="1" changeset="6914807" timestamp="2011-01-09T14:41:56Z" user="oscarorbe" uid="86541" lat="42.1899735" lon="-8.6805313"/>
 <node id="1094278178" visible="true" version="1" changeset="6914807" timestamp="2011-01-09T14:42:21Z" user="oscarorbe" uid="86541" lat="42.1781987" lon="-8.6992873"/>
 <node id="1094278983" visible="true" version="1" changeset="6914807" timestamp="2011-01-09T14:42:30Z" user="oscarorbe" uid="86541" lat="42.1764441" lon="-8.6518203"/>
 <node id="1094281992" visible="true" version="1" changeset="6914807" timestamp="2011-01-09T14:43:01Z" user="oscarorbe" uid="86541" lat="42.1999645" lon="-8.6752972"/>
 <node id="1094283475" visible="true" version="2" changeset="40637588" timestamp="2016-07-10T20:20:23Z" user="wycbtma" uid="1020680" lat="42.1671014" lon="-8.7109359"/>
 <node id="1094284360" visible="true" version="1" changeset="6914807" timestamp="2011-01-09T14:43:25Z" user="oscarorbe" uid="86541" lat="42.1898191" lon="-8.6969246"/>
 <node id="1094286642" visible="true" version="2" changeset="81615635" timestamp="2020-02-29T09:17:02Z" user="Penidos" uid="10731170" lat="42.1865953" lon="-8.6553707"/>
 <node id="1094291632" visible="true" version="1" changeset="6914807" timestamp="2011-01-09T14:44:37Z" user="oscarorbe" uid="86541" lat="42.1758645" lon="-8.7003695"/>
 <node id="1094293494" visible="true" version="1" changeset="6914807" timestamp="2011-01-09T14:45:01Z" user="oscarorbe" uid="86541" lat="42.1989433" lon="-8.6707984"/>
 <node id="1094297180" visible="true" version="2" changeset="81362179" timestamp="2020-02-23T09:40:50Z" user="Penidos" uid="10731170" lat="42.1610686" lon="-8.6671840"/>
 <node id="1094298887" visible="true" version="2" changeset="81615635" timestamp="2020-02-29T09:17:02Z" user="Penidos" uid="10731170" lat="42.1832616" lon="-8.6494033"/>
 <node id="1094302273" visible="true" version="1" changeset="6914807" timestamp="2011-01-09T14:46:33Z" user="oscarorbe" uid="86541" lat="42.1940005" lon="-8.6774719"/>
 <node id="1094305568" visible="true" version="1" changeset="6914807" timestamp="2011-01-09T14:47:05Z" user="oscarorbe" uid="86541" lat="42.1807680" lon="-8.7002139"/>
 <node id="1094307151" visible="true" version="2" changeset="81363904" timestamp="2020-02-23T11:07:14Z" user="Penidos" uid="10731170" lat="42.1751387" lon="-8.6542572"/>
 <node id="1094313575" visible="true" version="1" changeset="6914807" timestamp="2011-01-09T14:48:27Z" user="oscarorbe" uid="86541" lat="42.1929196" lon="-8.6960925"/>
 <node id="1094318559" visible="true" version="1" changeset="6914807" timestamp="2011-01-09T14:49:37Z" user="oscarorbe" uid="86541" lat="42.1991258" lon="-8.6812240"/>
 <node id="1094320148" visible="true" version="2" changeset="40637588" timestamp="2016-07-10T20:20:24Z" user="wycbtma" uid="1020680" lat="42.1633955" lon="-8.7074767"/>
 <node id="1094323597" visible="true" version="1" changeset="6914807" timestamp="2011-01-09T14:50:48Z" user="oscarorbe" uid="86541" lat="42.2047116" lon="-8.6720153"/>
 <node id="1094326768" visible="true" version="1" changeset="6914807" timestamp="2011-01-09T14:51:39Z" user="oscarorbe" uid="86541" lat="42.1610213" lon="-8.6705607"/>
 <node id="1094327234" visible="true" version="2" changeset="40637588" timestamp="2016-07-10T20:20:24Z" user="wycbtma" uid="1020680" lat="42.1675923" lon="-8.7093509"/>
 <node id="1094328706" visible="true" version="2" changeset="81615070" timestamp="2020-02-29T08:45:13Z" user="Penidos" uid="10731170" lat="42.1820149" lon="-8.6429630"/>
 <node id="1094331778" visible="true" version="1" changeset="6914807" timestamp="2011-01-09T14:52:50Z" user="oscarorbe" uid="86541" lat="42.1967107" lon="-8.6807275"/>
 <node id="1094333797" visible="true" version="1" changeset="6914807" timestamp="2011-01-09T14:53:21Z" user="oscarorbe" uid="86541" lat="42.1840660" lon="-8.6973927"/>
 <node id="1094334941" visible="true" version="1" changeset="6914807" timestamp="2011-01-09T14:53:41Z" user="oscarorbe" uid="86541" lat="42.1772783" lon="-8.6581045"/>
 <node id="1094335689" visible="true" version="1" changeset="6914807" timestamp="2011-01-09T14:53:50Z" user="oscarorbe" uid="86541" lat="42.1931483" lon="-8.6694379"/>
 <node id="1094337583" visible="true" version="1" changeset="6914807" timestamp="2011-01-09T14:54:13Z" user="oscarorbe" uid="86541" lat="42.1870821" lon="-8.6806988"/>
 <node id="1094339152" visible="true" version="1" changeset="6914807" timestamp="2011-01-09T14:54:39Z" user="oscarorbe" uid="86541" lat="42.1926670" lon="-8.6939741"/>
 <node id="1094341951" visible="true" version="1" changeset="6914807" timestamp="2011-01-09T14:55:16Z" user="oscarorbe" uid="86541" lat="42.1993179" lon="-8.6792850"/>
 <node id="1094343220" visible="true" version="2" changeset="40637588" timestamp="2016-07-10T20:20:23Z" user="wycbtma" uid="1020680" lat="42.1638255" lon="-8.7081039"/>
 <node id="1094344433" visible="true" version="1" changeset="6914807" timestamp="2011-01-09T14:55:47Z" user="oscarorbe" uid="86541" lat="42.1703521" lon="-8.6641104"/>
 <node id="1094345014" visible="true" version="2" changeset="81918044" timestamp="2020-03-08T09:20:24Z" user="Penidos" uid="10731170" lat="42.1921727" lon="-8.6546967"/>
 <node id="1094348842" visible="true" version="1" changeset="6914807" timestamp="2011-01-09T14:56:51Z" user="oscarorbe" uid="86541" lat="42.1714272" lon="-8.7064819"/>
 <node id="1094349533" visible="true" version="2" changeset="81609317" timestamp="2020-02-28T22:45:46Z" user="Penidos" uid="10731170" lat="42.1769030" lon="-8.6400090"/>
 <node id="1094353225" visible="true" version="1" changeset="6914807" timestamp="2011-01-09T14:57:59Z" user="oscarorbe" uid="86541" lat="42.1800266" lon="-8.6956811"/>
 <node id="1094354214" visible="true" version="2" changeset="81363904" timestamp="2020-02-23T11:07:14Z" user="Penidos" uid="10731170" lat="42.1735660" lon="-8.6621185"/>
 <node id="1094354836" visible="true" version="1" changeset="6914807" timestamp="2011-01-09T14:58:21Z" user="oscarorbe" uid="86541" lat="42.1936845" lon="-8.6664284"/>
 <node id="1094356215" visible="true" version="1" changeset="6914807" timestamp="2011-01-09T14:58:41Z" user="oscarorbe" uid="86541" lat="42.1865667" lon="-8.6763597"/>
 <node id="1094358123" visible="true" version="1" changeset="6914807" timestamp="2011-01-09T14:59:09Z" user="oscarorbe" uid="86541" lat="42.1943073" lon="-8.6893979"/>
 <node id="1094358984" visible="true" version="1" changeset="6914807" timestamp="2011-01-09T14:59:23Z" user="oscarorbe" uid="86541" lat="42.1764560" lon="-8.6498835"/>
 <node id="1094360848" visible="true" version="1" changeset="6914807" timestamp="2011-01-09T14:59:52Z" user="oscarorbe" uid="86541" lat="42.1935075" lon="-8.6869211"/>
 <node id="1094360901" visible="true" version="1" changeset="6914807" timestamp="2011-01-09T14:59:52Z" user="oscarorbe" uid="86541" lat="42.1994172" lon="-8.6761475"/>
 <node id="1094362032" visible="true" version="2" changeset="40637588" timestamp="2016-07-10T20:20:25Z" user="wycbtma" uid="1020680" lat="42.1675384" lon="-8.7092262"/>
 <node id="1094362727" visible="true" version="1" changeset="6914807" timestamp="2011-01-09T15:00:18Z" user="oscarorbe" uid="86541" lat="42.1858392" lon="-8.6937645"/>
 <node id="1094364007" visible="true" version="2" changeset="81918044" timestamp="2020-03-08T09:20:24Z" user="Penidos" uid="10731170" lat="42.1877270" lon="-8.6572632"/>
 <node id="1094368954" visible="true" version="1" changeset="6914807" timestamp="2011-01-09T15:02:02Z" user="oscarorbe" uid="86541" lat="42.1752392" lon="-8.7006084"/>
 <node id="1094370206" visible="true" version="1" changeset="6914807" timestamp="2011-01-09T15:02:24Z" user="oscarorbe" uid="86541" lat="42.1777398" lon="-8.6426352"/>
 <node id="1094371020" visible="true" version="1" changeset="6914807" timestamp="2011-01-09T15:02:45Z" user="oscarorbe" uid="86541" lat="42.1973329" lon="-8.6716846"/>
 <node id="1094373860" visible="true" version="2" changeset="81362179" timestamp="2020-02-23T09:40:50Z" user="Penidos" uid="10731170" lat="42.1687556" lon="-8.6680766"/>
 <node id="1094374289" visible="true" version="1" changeset="6914807" timestamp="2011-01-09T15:03:35Z" user="oscarorbe" uid="86541" lat="42.1810533" lon="-8.6939847"/>
 <node id="1094374875" visible="true" version="1" changeset="6914807" timestamp="2011-01-09T15:03:47Z" user="oscarorbe" uid="86541" lat="42.1836890" lon="-8.6477110"/>
 <node id="1094375388" visible="true" version="1" changeset="6914807" timestamp="2011-01-09T15:04:00Z" user="oscarorbe" uid="86541" lat="42.1924910" lon="-8.6632926"/>
 <node id="1094376445" visible="true" version="1" changeset="6914807" timestamp="2011-01-09T15:04:18Z" user="oscarorbe" uid="86541" lat="42.1894397" lon="-8.6796862"/>
 <node id="1094377886" visible="true" version="1" changeset="6914807" timestamp="2011-01-09T15:04:48Z" user="oscarorbe" uid="86541" lat="42.1801874" lon="-8.7003067"/>
 <node id="1094378459" visible="true" version="2" changeset="81363904" timestamp="2020-02-23T11:07:14Z" user="Penidos" uid="10731170" lat="42.1759106" lon="-8.6503583"/>
 <node id="1094381024" visible="true" version="1" changeset="6914807" timestamp="2011-01-09T15:06:05Z" user="oscarorbe" uid="86541" lat="42.1876225" lon="-8.6972803"/>
 <node id="1094385274" visible="true" version="1" changeset="6914807" timestamp="2011-01-09T15:08:14Z" user="oscarorbe" uid="86541" lat="42.2034763" lon="-8.6717908"/>
 <node id="1094386793" visible="true" version="2" changeset="81362179" timestamp="2020-02-23T09:40:50Z" user="Penidos" uid="10731170" lat="42.1636774" lon="-8.6690123"/>
 <node id="1094387683" visible="true" version="2" changeset="81615070" timestamp="2020-02-29T08:45:13Z" user="Penidos" uid="10731170" lat="42.1810742" lon="-8.6464664"/>
 <node id="1094388843" visible="true" version="1" changeset="6914807" timestamp="2011-01-09T15:10:04Z" user="oscarorbe" uid="86541" lat="42.1962538" lon="-8.6815776"/>
 <node id="1094389992" visible="true" version="1" changeset="6914807" timestamp="2011-01-09T15:10:34Z" user="oscarorbe" uid="86541" lat="42.1859075" lon="-8.6992023"/>
 <node id="1094390438" visible="true" version="2" changeset="81602207" timestamp="2020-02-28T17:59:25Z" user="Penidos" uid="10731170" lat="42.1734899" lon="-8.6535362"/>
 <node id="1094390723" visible="true" version="1" changeset="6914807" timestamp="2011-01-09T15:10:55Z" user="oscarorbe" uid="86541" lat="42.1945867" lon="-8.6682858"/>
 <node id="1094392088" visible="true" version="1" changeset="6914807" timestamp="2011-01-09T15:11:38Z" user="oscarorbe" uid="86541" lat="42.1923738" lon="-8.6991112"/>
 <node id="1094393230" visible="true" version="1" changeset="6914807" timestamp="2011-01-09T15:12:21Z" user="oscarorbe" uid="86541" lat="42.2005772" lon="-8.6786854"/>
 <node id="1094393764" visible="true" version="1" changeset="6914807" timestamp="2011-01-09T15:12:34Z" user="oscarorbe" uid="86541" lat="42.1622543" lon="-8.7073110"/>
 <node id="1094394711" visible="true" version="2" changeset="81918044" timestamp="2020-03-08T09:20:24Z" user="Penidos" uid="10731170" lat="42.1907620" lon="-8.6559151"/>
 <node id="1094395010" visible="true" version="1" changeset="6914807" timestamp="2011-01-09T15:13:12Z" user="oscarorbe" uid="86541" lat="42.2041550" lon="-8.6696399"/>
 <node id="1094396386" visible="true" version="2" changeset="40637588" timestamp="2016-07-10T20:20:26Z" user="wycbtma" uid="1020680" lat="42.1707589" lon="-8.7078777"/>
 <node id="1094396701" visible="true" version="2" changeset="81615070" timestamp="2020-02-29T08:45:13Z" user="Penidos" uid="10731170" lat="42.1788973" lon="-8.6459386"/>
 <node id="1094399044" visible="true" version="1" changeset="6914807" timestamp="2011-01-09T15:15:14Z" user="oscarorbe" uid="86541" lat="42.1850397" lon="-8.6977725"/>
 <node id="1094399576" visible="true" version="2" changeset="81363904" timestamp="2020-02-23T11:07:14Z" user="Penidos" uid="10731170" lat="42.1741705" lon="-8.6610835"/>
 <node id="1094399991" visible="true" version="1" changeset="6914807" timestamp="2011-01-09T15:15:34Z" user="oscarorbe" uid="86541" lat="42.1877543" lon="-8.6713060"/>
 <node id="1094400602" visible="true" version="1" changeset="6914807" timestamp="2011-01-09T15:15:50Z" user="oscarorbe" uid="86541" lat="42.1893023" lon="-8.6822912"/>
 <node id="1094401712" visible="true" version="1" changeset="6914807" timestamp="2011-01-09T15:16:13Z" user="oscarorbe" uid="86541" lat="42.1952775" lon="-8.6903033"/>
 <node id="1094403755" visible="true" version="1" changeset="6914807" timestamp="2011-01-09T15:16:47Z" user="oscarorbe" uid="86541" lat="42.1977206" lon="-8.6749330"/>
 <node id="1094404630" visible="true" version="2" changeset="40637588" timestamp="2016-07-10T20:20:23Z" user="wycbtma" uid="1020680" lat="42.1682146" lon="-8.7085115"/>
 <node id="1094406311" visible="true" version="2" changeset="81918044" timestamp="2020-03-08T09:20:24Z" user="Penidos" uid="10731170" lat="42.1898429" lon="-8.6545602"/>
 <node id="1094409315" visible="true" version="1" changeset="6914807" timestamp="2011-01-09T15:18:18Z" user="oscarorbe" uid="86541" lat="42.1739522" lon="-8.7040397"/>
 <node id="1094409842" visible="true" version="2" changeset="81609317" timestamp="2020-02-28T22:45:46Z" user="Penidos" uid="10731170" lat="42.1774499" lon="-8.6400829"/>
 <node id="1094410294" visible="true" version="1" changeset="6914807" timestamp="2011-01-09T15:18:40Z" user="oscarorbe" uid="86541" lat="42.1983984" lon="-8.6723713"/>
 <node id="1094412720" visible="true" version="1" changeset="6914807" timestamp="2011-01-09T15:19:28Z" user="oscarorbe" uid="86541" lat="42.1812042" lon="-8.6965602"/>
 <node id="1094413345" visible="true" version="2" changeset="81615635" timestamp="2020-02-29T09:17:02Z" user="Penidos" uid="10731170" lat="42.1859172" lon="-8.6474281"/>
 <node id="1094413843" visible="true" version="1" changeset="6914807" timestamp="2011-01-09T15:19:59Z" user="oscarorbe" uid="86541" lat="42.1913674" lon="-8.6671589"/>
 <node id="1094415025" visible="true" version="1" changeset="6914807" timestamp="2011-01-09T15:20:32Z" user="oscarorbe" uid="86541" lat="42.1919387" lon="-8.6777125"/>
 <node id="1094416685" visible="true" version="1" changeset="6914807" timestamp="2011-01-09T15:21:25Z" user="oscarorbe" uid="86541" lat="42.1783859" lon="-8.6985599"/>
 <node id="1094417193" visible="true" version="2" changeset="81615070" timestamp="2020-02-29T08:45:13Z" user="Penidos" uid="10731170" lat="42.1766468" lon="-8.6472662"/>
 <node id="1094418345" visible="true" version="1" changeset="6914807" timestamp="2011-01-09T15:22:30Z" user="oscarorbe" uid="86541" lat="42.1992246" lon="-8.6780740"/>
 <node id="1094419525" visible="true" version="2" changeset="40637588" timestamp="2016-07-10T20:20:23Z" user="wycbtma" uid="1020680" lat="42.1681669" lon="-8.7100348"/>
 <node id="1094420027" visible="true" version="1" changeset="6914807" timestamp="2011-01-09T15:23:17Z" user="oscarorbe" uid="86541" lat="42.1848562" lon="-8.6933941"/>
 <node id="1094421093" visible="true" version="2" changeset="81918044" timestamp="2020-03-08T09:20:24Z" user="Penidos" uid="10731170" lat="42.1886411" lon="-8.6563212"/>
 <node id="1094427360" visible="true" version="1" changeset="6914807" timestamp="2011-01-09T15:28:04Z" user="oscarorbe" uid="86541" lat="42.1744328" lon="-8.6990264"/>
 <node id="1094430135" visible="true" version="1" changeset="6914807" timestamp="2011-01-09T15:29:30Z" user="oscarorbe" uid="86541" lat="42.1995656" lon="-8.6713389"/>
 <node id="1094432252" visible="true" version="2" changeset="81362179" timestamp="2020-02-23T09:40:50Z" user="Penidos" uid="10731170" lat="42.1646165" lon="-8.6691737"/>
 <node id="1094433467" visible="true" version="2" changeset="81615635" timestamp="2020-02-29T09:17:02Z" user="Penidos" uid="10731170" lat="42.1838498" lon="-8.6466601"/>
 <node id="1094434068" visible="true" version="1" changeset="6914807" timestamp="2011-01-09T15:31:19Z" user="oscarorbe" uid="86541" lat="42.1934249" lon="-8.6639053"/>
 <node id="1094435501" visible="true" version="1" changeset="6914807" timestamp="2011-01-09T15:31:52Z" user="oscarorbe" uid="86541" lat="42.1940849" lon="-8.6786826"/>
 <node id="1094437075" visible="true" version="1" changeset="6914807" timestamp="2011-01-09T15:32:37Z" user="oscarorbe" uid="86541" lat="42.1796943" lon="-8.6994736"/>
 <node id="1094437726" visible="true" version="1" changeset="6914807" timestamp="2011-01-09T15:32:53Z" user="oscarorbe" uid="86541" lat="42.1725011" lon="-8.6525200"/>
 <node id="1094440652" visible="true" version="1" changeset="6914807" timestamp="2011-01-09T15:34:27Z" user="oscarorbe" uid="86541" lat="42.1918256" lon="-8.6995975"/>
 <node id="1094444967" visible="true" version="1" changeset="6914807" timestamp="2011-01-09T15:36:45Z" user="oscarorbe" uid="86541" lat="42.1992236" lon="-8.6807391"/>
 <node id="1094446689" visible="true" version="1" changeset="6914807" timestamp="2011-01-09T15:37:32Z" user="oscarorbe" uid="86541" lat="42.1615247" lon="-8.7078864"/>
 <node id="1094451255" visible="true" version="1" changeset="6914807" timestamp="2011-01-09T15:39:58Z" user="oscarorbe" uid="86541" lat="42.2023440" lon="-8.6723507"/>
 <node id="1094454319" visible="true" version="2" changeset="81362179" timestamp="2020-02-23T09:40:50Z" user="Penidos" uid="10731170" lat="42.1606883" lon="-8.6714096"/>
 <node id="1094454735" visible="true" version="2" changeset="40637588" timestamp="2016-07-10T20:20:24Z" user="wycbtma" uid="1020680" lat="42.1686626" lon="-8.7092937"/>
 <node id="1094455316" visible="true" version="1" changeset="6914807" timestamp="2011-01-09T15:42:05Z" user="oscarorbe" uid="86541" lat="42.1815912" lon="-8.6473240"/>
 <node id="1094457259" visible="true" version="1" changeset="6914807" timestamp="2011-01-09T15:42:51Z" user="oscarorbe" uid="86541" lat="42.1944404" lon="-8.6803771"/>
 <node id="1094460761" visible="true" version="1" changeset="6914807" timestamp="2011-01-09T15:44:38Z" user="oscarorbe" uid="86541" lat="42.1842045" lon="-8.6989556"/>
 <node id="1094462091" visible="true" version="2" changeset="81363904" timestamp="2020-02-23T11:07:14Z" user="Penidos" uid="10731170" lat="42.1772195" lon="-8.6592377"/>
 <node id="1094462939" visible="true" version="1" changeset="6914807" timestamp="2011-01-09T15:45:59Z" user="oscarorbe" uid="86541" lat="42.1991758" lon="-8.6686600"/>
 <node id="1094464405" visible="true" version="1" changeset="6914807" timestamp="2011-01-09T15:47:00Z" user="oscarorbe" uid="86541" lat="42.1897438" lon="-8.6824102"/>
 <node id="1094466116" visible="true" version="1" changeset="6914807" timestamp="2011-01-09T15:47:47Z" user="oscarorbe" uid="86541" lat="42.1928436" lon="-8.6929439"/>
 <node id="1094468989" visible="true" version="1" changeset="6914807" timestamp="2011-01-09T15:49:10Z" user="oscarorbe" uid="86541" lat="42.2017317" lon="-8.6792971"/>
 <node id="1094470254" visible="true" version="2" changeset="40637588" timestamp="2016-07-10T20:20:24Z" user="wycbtma" uid="1020680" lat="42.1644297" lon="-8.7071028"/>
 <node id="1094475359" visible="true" version="2" changeset="81918044" timestamp="2020-03-08T09:20:24Z" user="Penidos" uid="10731170" lat="42.1894767" lon="-8.6577669"/>
 <node id="1094476863" visible="true" version="1" changeset="6914807" timestamp="2011-01-09T15:52:39Z" user="oscarorbe" uid="86541" lat="42.2045116" lon="-8.6700638"/>
 <node id="1094480879" visible="true" version="2" changeset="40637588" timestamp="2016-07-10T20:20:26Z" user="wycbtma" uid="1020680" lat="42.1694124" lon="-8.7066519"/>
 <node id="1094481359" visible="true" version="1" changeset="6914807" timestamp="2011-01-09T15:54:23Z" user="oscarorbe" uid="86541" lat="42.1793620" lon="-8.6401073"/>
 <node id="1094485101" visible="true" version="1" changeset="6914807" timestamp="2011-01-09T15:56:23Z" user="oscarorbe" uid="86541" lat="42.1823484" lon="-8.6967084"/>
 <node id="1094489632" visible="true" version="2" changeset="81363904" timestamp="2020-02-23T11:07:14Z" user="Penidos" uid="10731170" lat="42.1758434" lon="-8.6603807"/>
 <node id="1094493803" visible="true" version="1" changeset="6914807" timestamp="2011-01-09T16:02:23Z" user="oscarorbe" uid="86541" lat="42.1886079" lon="-8.6723961"/>
 <node id="1094494990" visible="true" version="1" changeset="6914807" timestamp="2011-01-09T16:03:00Z" user="oscarorbe" uid="86541" lat="42.1877113" lon="-8.6783530"/>
 <node id="1094496955" visible="true" version="1" changeset="6914807" timestamp="2011-01-09T16:04:09Z" user="oscarorbe" uid="86541" lat="42.1959057" lon="-8.6895740"/>
 <node id="1094497733" visible="true" version="2" changeset="81615070" timestamp="2020-02-29T08:45:13Z" user="Penidos" uid="10731170" lat="42.1772985" lon="-8.6463438"/>
 <node id="1094500681" visible="true" version="1" changeset="6914807" timestamp="2011-01-09T16:06:29Z" user="oscarorbe" uid="86541" lat="42.1964866" lon="-8.6762585"/>
 <node id="1094502568" visible="true" version="2" changeset="40637588" timestamp="2016-07-10T20:20:23Z" user="wycbtma" uid="1020680" lat="42.1663699" lon="-8.7069024"/>
 <node id="1094503770" visible="true" version="1" changeset="6914807" timestamp="2011-01-09T16:07:33Z" user="oscarorbe" uid="86541" lat="42.1843749" lon="-8.6933345"/>
 <node id="1094506357" visible="true" version="2" changeset="81918044" timestamp="2020-03-08T09:20:24Z" user="Penidos" uid="10731170" lat="42.1926930" lon="-8.6526206"/>
 <node id="1094511340" visible="true" version="1" changeset="6914807" timestamp="2011-01-09T16:10:13Z" user="oscarorbe" uid="86541" lat="42.1733546" lon="-8.7052985"/>
 <node id="1094512195" visible="true" version="1" changeset="6914807" timestamp="2011-01-09T16:10:34Z" user="oscarorbe" uid="86541" lat="42.1788119" lon="-8.6427622"/>
 <node id="1094512899" visible="true" version="1" changeset="6914807" timestamp="2011-01-09T16:10:50Z" user="oscarorbe" uid="86541" lat="42.1995809" lon="-8.6733031"/>
 <node id="1094515863" visible="true" version="1" changeset="6914807" timestamp="2011-01-09T16:12:26Z" user="oscarorbe" uid="86541" lat="42.1685405" lon="-8.6682622"/>
 <node id="1094516913" visible="true" version="1" changeset="6914807" timestamp="2011-01-09T16:13:01Z" user="oscarorbe" uid="86541" lat="42.1817089" lon="-8.6932891"/>
 <node id="1094519680" visible="true" version="2" changeset="81615635" timestamp="2020-02-29T09:17:02Z" user="Penidos" uid="10731170" lat="42.1863324" lon="-8.6489193"/>
 <node id="1094520832" visible="true" version="1" changeset="6916942" timestamp="2011-01-09T16:15:28Z" user="oscarorbe" uid="86541" lat="42.1936565" lon="-8.6645528"/>
 <node id="1094525770" visible="true" version="1" changeset="6916942" timestamp="2011-01-09T16:18:20Z" user="oscarorbe" uid="86541" lat="42.1908735" lon="-8.6768579"/>
 <node id="1094528504" visible="true" version="1" changeset="6916942" timestamp="2011-01-09T16:20:06Z" user="oscarorbe" uid="86541" lat="42.1780110" lon="-8.7000147"/>
 <node id="1094529064" visible="true" version="2" changeset="81363904" timestamp="2020-02-23T11:07:14Z" user="Penidos" uid="10731170" lat="42.1757338" lon="-8.6514780"/>
 <node id="1094535182" visible="true" version="2" changeset="40637588" timestamp="2016-07-10T20:20:23Z" user="wycbtma" uid="1020680" lat="42.1664494" lon="-8.7099061"/>
 <node id="1094535997" visible="true" version="1" changeset="6916942" timestamp="2011-01-09T16:24:15Z" user="oscarorbe" uid="86541" lat="42.1888818" lon="-8.6966812"/>
 <node id="1094538254" visible="true" version="2" changeset="81615635" timestamp="2020-02-29T09:17:02Z" user="Penidos" uid="10731170" lat="42.1874303" lon="-8.6504935"/>
 <node id="1094546127" visible="true" version="1" changeset="6916942" timestamp="2011-01-09T16:29:12Z" user="oscarorbe" uid="86541" lat="42.1774805" lon="-8.7003678"/>
 <node id="1094547763" visible="true" version="1" changeset="6916942" timestamp="2011-01-09T16:29:39Z" user="oscarorbe" uid="86541" lat="42.1981172" lon="-8.6701107"/>
 <node id="1094550880" visible="true" version="2" changeset="81362179" timestamp="2020-02-23T09:40:50Z" user="Penidos" uid="10731170" lat="42.1650115" lon="-8.6695517"/>
 <node id="1094552580" visible="true" version="1" changeset="6916942" timestamp="2011-01-09T16:31:08Z" user="oscarorbe" uid="86541" lat="42.1818098" lon="-8.6486540"/>
 <node id="1094555069" visible="true" version="1" changeset="6916942" timestamp="2011-01-09T16:31:46Z" user="oscarorbe" uid="86541" lat="42.1928383" lon="-8.6773445"/>
 <node id="1094557098" visible="true" version="1" changeset="6916942" timestamp="2011-01-09T16:32:21Z" user="oscarorbe" uid="86541" lat="42.1831644" lon="-8.6987381"/>
 <node id="1094558175" visible="true" version="2" changeset="81363904" timestamp="2020-02-23T11:07:14Z" user="Penidos" uid="10731170" lat="42.1738184" lon="-8.6519150"/>
 <node id="1094561875" visible="true" version="1" changeset="6916942" timestamp="2011-01-09T16:33:35Z" user="oscarorbe" uid="86541" lat="42.1910410" lon="-8.6983131"/>
 <node id="1094564837" visible="true" version="1" changeset="6916942" timestamp="2011-01-09T16:34:23Z" user="oscarorbe" uid="86541" lat="42.1996686" lon="-8.6820692"/>
 <node id="1094565851" visible="true" version="1" changeset="6916942" timestamp="2011-01-09T16:34:45Z" user="oscarorbe" uid="86541" lat="42.1601558" lon="-8.7066351"/>
 <node id="1094568055" visible="true" version="1" changeset="6916942" timestamp="2011-01-09T16:35:40Z" user="oscarorbe" uid="86541" lat="42.2053271" lon="-8.6705345"/>
 <node id="1094570631" visible="true" version="2" changeset="81362179" timestamp="2020-02-23T09:40:50Z" user="Penidos" uid="10731170" lat="42.1616108" lon="-8.6689559"/>
 <node id="1094571588" visible="true" version="1" changeset="6916942" timestamp="2011-01-09T16:37:10Z" user="oscarorbe" uid="86541" lat="42.1804144" lon="-8.6455499"/>
 <node id="1094575316" visible="true" version="1" changeset="6916942" timestamp="2011-01-09T16:38:26Z" user="oscarorbe" uid="86541" lat="42.1994811" lon="-8.6826758"/>
 <node id="1094580098" visible="true" version="1" changeset="6916942" timestamp="2011-01-09T16:40:29Z" user="oscarorbe" uid="86541" lat="42.1842651" lon="-8.6977762"/>
 <node id="1094583851" visible="true" version="2" changeset="81363904" timestamp="2020-02-23T11:07:14Z" user="Penidos" uid="10731170" lat="42.1764303" lon="-8.6571000"/>
 <node id="1094586598" visible="true" version="1" changeset="6916942" timestamp="2011-01-09T16:45:47Z" user="oscarorbe" uid="86541" lat="42.1887935" lon="-8.6724943"/>
 <node id="1094597492" visible="true" version="1" changeset="6916942" timestamp="2011-01-09T16:50:02Z" user="oscarorbe" uid="86541" lat="42.1914146" lon="-8.6849408"/>
 <node id="1094601166" visible="true" version="3" changeset="148166909" timestamp="2024-03-03T13:58:30Z" user="Cuenqui" uid="3649461" lat="42.1932655" lon="-8.6944623"/>
 <node id="1094605298" visible="true" version="1" changeset="6916942" timestamp="2011-01-09T16:53:31Z" user="oscarorbe" uid="86541" lat="42.1960452" lon="-8.6778300"/>
 <node id="1094607469" visible="true" version="2" changeset="40637588" timestamp="2016-07-10T20:20:24Z" user="wycbtma" uid="1020680" lat="42.1634428" lon="-8.7082245"/>
 <node id="1094610602" visible="true" version="1" changeset="6916942" timestamp="2011-01-09T16:55:35Z" user="oscarorbe" uid="86541" lat="42.1721517" lon="-8.6635200"/>
 <node id="1094611761" visible="true" version="2" changeset="81918044" timestamp="2020-03-08T09:20:24Z" user="Penidos" uid="10731170" lat="42.1924527" lon="-8.6531188"/>
 <node id="1094618713" visible="true" version="1" changeset="6916942" timestamp="2011-01-09T16:58:15Z" user="oscarorbe" uid="86541" lat="42.1731448" lon="-8.7056946"/>
 <node id="1094619774" visible="true" version="2" changeset="81615070" timestamp="2020-02-29T08:45:13Z" user="Penidos" uid="10731170" lat="42.1809638" lon="-8.6415571"/>
 <node id="1094623895" visible="true" version="1" changeset="6916942" timestamp="2011-01-09T17:00:19Z" user="oscarorbe" uid="86541" lat="42.1831782" lon="-8.6971661"/>
 <node id="1094624743" visible="true" version="1" changeset="6916942" timestamp="2011-01-09T17:00:37Z" user="oscarorbe" uid="86541" lat="42.1740340" lon="-8.6635220"/>
 <node id="1094625464" visible="true" version="1" changeset="6916942" timestamp="2011-01-09T17:00:51Z" user="oscarorbe" uid="86541" lat="42.1924373" lon="-8.6665069"/>
 <node id="1094626819" visible="true" version="1" changeset="6916942" timestamp="2011-01-09T17:01:16Z" user="oscarorbe" uid="86541" lat="42.1855757" lon="-8.6759891"/>
 <node id="1094629336" visible="true" version="2" changeset="81615070" timestamp="2020-02-29T08:45:13Z" user="Penidos" uid="10731170" lat="42.1779945" lon="-8.6457814"/>
 <node id="1094631310" visible="true" version="1" changeset="6916942" timestamp="2011-01-09T17:02:43Z" user="oscarorbe" uid="86541" lat="42.1995924" lon="-8.6774794"/>
 <node id="1094632673" visible="true" version="2" changeset="40637588" timestamp="2016-07-10T20:20:23Z" user="wycbtma" uid="1020680" lat="42.1653839" lon="-8.7096486"/>
 <node id="1094633342" visible="true" version="1" changeset="6916942" timestamp="2011-01-09T17:03:24Z" user="oscarorbe" uid="86541" lat="42.1832263" lon="-8.6932053"/>
 <node id="1094635151" visible="true" version="2" changeset="81918044" timestamp="2020-03-08T09:20:24Z" user="Penidos" uid="10731170" lat="42.1885566" lon="-8.6576227"/>
 <node id="1094649788" visible="true" version="1" changeset="6916942" timestamp="2011-01-09T17:11:17Z" user="oscarorbe" uid="86541" lat="42.1752430" lon="-8.6987926"/>
 <node id="1094651236" visible="true" version="2" changeset="81615070" timestamp="2020-02-29T08:45:13Z" user="Penidos" uid="10731170" lat="42.1774480" lon="-8.6418012"/>
 <node id="1094651951" visible="true" version="1" changeset="6916942" timestamp="2011-01-09T17:12:23Z" user="oscarorbe" uid="86541" lat="42.1967915" lon="-8.6713173"/>
 <node id="1094658163" visible="true" version="2" changeset="40636171" timestamp="2016-07-10T18:50:01Z" user="wycbtma" uid="1020680" lat="42.1689840" lon="-8.6666598"/>
 <node id="1094658910" visible="true" version="1" changeset="6916942" timestamp="2011-01-09T17:15:31Z" user="oscarorbe" uid="86541" lat="42.1806543" lon="-8.6946405"/>
 <node id="1094660318" visible="true" version="2" changeset="81615635" timestamp="2020-02-29T09:17:02Z" user="Penidos" uid="10731170" lat="42.1835249" lon="-8.6471294"/>
 <node id="1094661790" visible="true" version="1" changeset="6916942" timestamp="2011-01-09T17:17:06Z" user="oscarorbe" uid="86541" lat="42.1939561" lon="-8.6653862"/>
 <node id="1094663950" visible="true" version="1" changeset="6916942" timestamp="2011-01-09T17:18:23Z" user="oscarorbe" uid="86541" lat="42.1908734" lon="-8.6802966"/>
 <node id="1094667225" visible="true" version="2" changeset="54812852" timestamp="2017-12-21T12:03:37Z" user="Juan C Balboa" uid="1768719" lat="42.1797229" lon="-8.6997594"/>
 <node id="1094668207" visible="true" version="2" changeset="81363904" timestamp="2020-02-23T11:07:14Z" user="Penidos" uid="10731170" lat="42.1763153" lon="-8.6502615"/>
 <node id="1094671122" visible="true" version="1" changeset="6916942" timestamp="2011-01-09T17:22:16Z" user="oscarorbe" uid="86541" lat="42.2000603" lon="-8.6740967"/>
 <node id="1094673918" visible="true" version="1" changeset="6916942" timestamp="2011-01-09T17:23:27Z" user="oscarorbe" uid="86541" lat="42.1873474" lon="-8.6955641"/>
 <node id="1094678658" visible="true" version="2" changeset="81615635" timestamp="2020-02-29T09:17:02Z" user="Penidos" uid="10731170" lat="42.1876828" lon="-8.6519170"/>
 <node id="1094696782" visible="true" version="1" changeset="6916942" timestamp="2011-01-09T17:36:16Z" user="oscarorbe" uid="86541" lat="42.1764892" lon="-8.7001307"/>
 <node id="1094699452" visible="true" version="1" changeset="6916942" timestamp="2011-01-09T17:37:27Z" user="oscarorbe" uid="86541" lat="42.2029634" lon="-8.6722554"/>
 <node id="1094704237" visible="true" version="1" changeset="6916942" timestamp="2011-01-09T17:39:36Z" user="oscarorbe" uid="86541" lat="42.1621514" lon="-8.6689312"/>
 <node id="1094712768" visible="true" version="2" changeset="81615635" timestamp="2020-02-29T09:17:02Z" user="Penidos" uid="10731170" lat="42.1826461" lon="-8.6502762"/>
 <node id="1094718366" visible="true" version="1" changeset="6916942" timestamp="2011-01-09T17:44:48Z" user="oscarorbe" uid="86541" lat="42.1949128" lon="-8.6819235"/>
 <node id="1094723344" visible="true" version="1" changeset="6916942" timestamp="2011-01-09T17:46:01Z" user="oscarorbe" uid="86541" lat="42.1813654" lon="-8.6996291"/>
 <node id="1094725712" visible="true" version="2" changeset="81363904" timestamp="2020-02-23T11:07:14Z" user="Penidos" uid="10731170" lat="42.1763629" lon="-8.6557998"/>
 <node id="1094727350" visible="true" version="1" changeset="6916942" timestamp="2011-01-09T17:47:06Z" user="oscarorbe" uid="86541" lat="42.1963246" lon="-8.6681278"/>
 <node id="1094737198" visible="true" version="1" changeset="6916942" timestamp="2011-01-09T17:50:33Z" user="oscarorbe" uid="86541" lat="42.1928281" lon="-8.6953290"/>
 <node id="1094738962" visible="true" version="1" changeset="6916942" timestamp="2011-01-09T17:51:42Z" user="oscarorbe" uid="86541" lat="42.2008405" lon="-8.6793013"/>
 <node id="1094740317" visible="true" version="2" changeset="40637588" timestamp="2016-07-10T20:20:24Z" user="wycbtma" uid="1020680" lat="42.1634699" lon="-8.7077229"/>
 <node id="1094744496" visible="true" version="2" changeset="81918044" timestamp="2020-03-08T09:20:24Z" user="Penidos" uid="10731170" lat="42.1902396" lon="-8.6560074"/>
 <node id="1094745064" visible="true" version="1" changeset="6916942" timestamp="2011-01-09T17:55:13Z" user="oscarorbe" uid="86541" lat="42.2054315" lon="-8.6719186"/>
 <node id="1094749225" visible="true" version="2" changeset="40637588" timestamp="2016-07-10T20:20:26Z" user="wycbtma" uid="1020680" lat="42.1698991" lon="-8.7074180"/>
 <node id="1094750249" visible="true" version="1" changeset="6916942" timestamp="2011-01-09T17:56:57Z" user="oscarorbe" uid="86541" lat="42.1794206" lon="-8.6473603"/>
 <node id="1094754747" visible="true" version="1" changeset="6916942" timestamp="2011-01-09T17:58:37Z" user="oscarorbe" uid="86541" lat="42.1974309" lon="-8.6806148"/>
 <node id="1094758651" visible="true" version="1" changeset="6916942" timestamp="2011-01-09T18:00:18Z" user="oscarorbe" uid="86541" lat="42.1849373" lon="-8.6965424"/>
 <node id="1094760003" visible="true" version="2" changeset="81363904" timestamp="2020-02-23T11:07:14Z" user="Penidos" uid="10731170" lat="42.1761438" lon="-8.6611653"/>
 <node id="1094761471" visible="true" version="1" changeset="6916942" timestamp="2011-01-09T18:01:03Z" user="oscarorbe" uid="86541" lat="42.1918576" lon="-8.6704392"/>
 <node id="1094763519" visible="true" version="1" changeset="6916942" timestamp="2011-01-09T18:01:41Z" user="oscarorbe" uid="86541" lat="42.1847766" lon="-8.6788674"/>
 <node id="1094765940" visible="true" version="1" changeset="6916942" timestamp="2011-01-09T18:03:07Z" user="oscarorbe" uid="86541" lat="42.1954554" lon="-8.6895764"/>
 <node id="1094778208" visible="true" version="1" changeset="6916942" timestamp="2011-01-09T18:11:11Z" user="oscarorbe" uid="86541" lat="42.1976967" lon="-8.6790389"/>
 <node id="1094780321" visible="true" version="2" changeset="40637588" timestamp="2016-07-10T20:20:23Z" user="wycbtma" uid="1020680" lat="42.1672445" lon="-8.7066664"/>
 <node id="1094793078" visible="true" version="2" changeset="81918044" timestamp="2020-03-08T09:20:24Z" user="Penidos" uid="10731170" lat="42.1920083" lon="-8.6535291"/>
 <node id="1094816912" visible="true" version="1" changeset="6916942" timestamp="2011-01-09T18:33:04Z" user="oscarorbe" uid="86541" lat="42.1720155" lon="-8.7060948"/>
 <node id="1094820394" visible="true" version="2" changeset="81609317" timestamp="2020-02-28T22:45:46Z" user="Penidos" uid="10731170" lat="42.1772544" lon="-8.6410243"/>
 <node id="1094821933" visible="true" version="1" changeset="6916942" timestamp="2011-01-09T18:35:18Z" user="oscarorbe" uid="86541" lat="42.1992545" lon="-8.6727565"/>
 <node id="1094828465" visible="true" version="3" changeset="81362179" timestamp="2020-02-23T09:40:50Z" user="Penidos" uid="10731170" lat="42.1689763" lon="-8.6662634"/>
 <node id="1094829110" visible="true" version="1" changeset="6916942" timestamp="2011-01-09T18:37:54Z" user="oscarorbe" uid="86541" lat="42.1803991" lon="-8.6952185"/>
 <node id="1094829986" visible="true" version="2" changeset="81363904" timestamp="2020-02-23T11:07:14Z" user="Penidos" uid="10731170" lat="42.1736798" lon="-8.6624697"/>
 <node id="1094831291" visible="true" version="1" changeset="6916942" timestamp="2011-01-09T18:38:46Z" user="oscarorbe" uid="86541" lat="42.1905590" lon="-8.6694514"/>
 <node id="1094833854" visible="true" version="1" changeset="6916942" timestamp="2011-01-09T18:39:54Z" user="oscarorbe" uid="86541" lat="42.1919453" lon="-8.6768647"/>
 <node id="1094837272" visible="true" version="1" changeset="6916942" timestamp="2011-01-09T18:41:19Z" user="oscarorbe" uid="86541" lat="42.1941470" lon="-8.6880163"/>
 <node id="1094838570" visible="true" version="2" changeset="81363904" timestamp="2020-02-23T11:07:14Z" user="Penidos" uid="10731170" lat="42.1764740" lon="-8.6501655"/>
 <node id="1094843352" visible="true" version="1" changeset="6916942" timestamp="2011-01-09T18:43:09Z" user="oscarorbe" uid="86541" lat="42.1984222" lon="-8.6775939"/>
 <node id="1094845176" visible="true" version="2" changeset="40637588" timestamp="2016-07-10T20:20:23Z" user="wycbtma" uid="1020680" lat="42.1652408" lon="-8.7077606"/>
 <node id="1094845771" visible="true" version="1" changeset="6916942" timestamp="2011-01-09T18:43:54Z" user="oscarorbe" uid="86541" lat="42.1861043" lon="-8.6953380"/>
 <node id="1094847604" visible="true" version="2" changeset="81918044" timestamp="2020-03-08T09:20:24Z" user="Penidos" uid="10731170" lat="42.1893907" lon="-8.6552801"/>
 <node id="1094853425" visible="true" version="1" changeset="6916942" timestamp="2011-01-09T18:48:28Z" user="oscarorbe" uid="86541" lat="42.1745106" lon="-8.7009632"/>
 <node id="1094855117" visible="true" version="1" changeset="6916942" timestamp="2011-01-09T18:50:08Z" user="oscarorbe" uid="86541" lat="42.1972040" lon="-8.6717654"/>
 <node id="1094857224" visible="true" version="2" changeset="81362179" timestamp="2020-02-23T09:40:50Z" user="Penidos" uid="10731170" lat="42.1647982" lon="-8.6691187"/>
 <node id="1094858814" visible="true" version="2" changeset="81615635" timestamp="2020-02-29T09:17:02Z" user="Penidos" uid="10731170" lat="42.1843182" lon="-8.6474003"/>
 <node id="1094861373" visible="true" version="1" changeset="6916942" timestamp="2011-01-09T18:52:37Z" user="oscarorbe" uid="86541" lat="42.1894414" lon="-8.6802917"/>
 <node id="1094863119" visible="true" version="1" changeset="6916942" timestamp="2011-01-09T18:53:12Z" user="oscarorbe" uid="86541" lat="42.1796300" lon="-8.6990497"/>
 <node id="1094863954" visible="true" version="2" changeset="81363904" timestamp="2020-02-23T11:07:14Z" user="Penidos" uid="10731170" lat="42.1731177" lon="-8.6516068"/>
 <node id="1237310844" visible="true" version="1" changeset="7805023" timestamp="2011-04-08T15:23:56Z" user="obreiro" uid="392527" lat="42.1928966" lon="-8.6862096"/>
 <node id="1237310872" visible="true" version="1" changeset="7805023" timestamp="2011-04-08T15:23:57Z" user="obreiro" uid="392527" lat="42.1914280" lon="-8.6849802"/>
 <node id="2106914491" visible="true" version="2" changeset="65675820" timestamp="2018-12-21T17:54:07Z" user="Juan C Balboa" uid="1768719" lat="42.1605826" lon="-8.6716629"/>
 <node id="2106914492" visible="true" version="2" changeset="65675820" timestamp="2018-12-21T17:54:07Z" user="Juan C Balboa" uid="1768719" lat="42.1611552" lon="-8.6697774"/>
 <node id="2106914495" visible="true" version="2" changeset="65675820" timestamp="2018-12-21T17:54:07Z" user="Juan C Balboa" uid="1768719" lat="42.1609829" lon="-8.6701058"/>
 <node id="2106914499" visible="true" version="2" changeset="65675820" timestamp="2018-12-21T17:54:07Z" user="Juan C Balboa" uid="1768719" lat="42.1595546" lon="-8.6733346"/>
 <node id="2106914501" visible="true" version="2" changeset="65675820" timestamp="2018-12-21T17:54:07Z" user="Juan C Balboa" uid="1768719" lat="42.1604536" lon="-8.6722731"/>
 <node id="2106914502" visible="true" version="2" changeset="65675820" timestamp="2018-12-21T17:54:07Z" user="Juan C Balboa" uid="1768719" lat="42.1604656" lon="-8.6731271"/>
 <node id="2106914506" visible="true" version="3" changeset="65675820" timestamp="2018-12-21T17:54:07Z" user="Juan C Balboa" uid="1768719" lat="42.1581822" lon="-8.6739057"/>
 <node id="2106914508" visible="true" version="2" changeset="65675820" timestamp="2018-12-21T17:54:07Z" user="Juan C Balboa" uid="1768719" lat="42.1604219" lon="-8.6733045"/>
 <node id="2106914509" visible="true" version="2" changeset="65675820" timestamp="2018-12-21T17:54:07Z" user="Juan C Balboa" uid="1768719" lat="42.1616125" lon="-8.6688332"/>
 <node id="2106914511" visible="true" version="6" changeset="65675820" timestamp="2018-12-21T17:54:07Z" user="Juan C Balboa" uid="1768719" lat="42.1573288" lon="-8.6741862"/>
 <node id="2106914512" visible="true" version="1" changeset="14620473" timestamp="2013-01-12T11:39:13Z" user="ocodar" uid="1194885" lat="42.1588652" lon="-8.6736426"/>
 <node id="2106914513" visible="true" version="2" changeset="65675820" timestamp="2018-12-21T17:54:07Z" user="Juan C Balboa" uid="1768719" lat="42.1594609" lon="-8.6733550"/>
 <node id="2106914514" visible="true" version="3" changeset="65675820" timestamp="2018-12-21T17:54:07Z" user="Juan C Balboa" uid="1768719" lat="42.1614572" lon="-8.6690486"/>
 <node id="2106914515" visible="true" version="3" changeset="65675820" timestamp="2018-12-21T17:54:07Z" user="Juan C Balboa" uid="1768719" lat="42.1584534" lon="-8.6738570"/>
 <node id="2106914521" visible="true" version="2" changeset="65675820" timestamp="2018-12-21T17:54:08Z" user="Juan C Balboa" uid="1768719" lat="42.1607476" lon="-8.6708074"/>
 <node id="2106914522" visible="true" version="2" changeset="55654348" timestamp="2018-01-22T13:10:14Z" user="Juan C Balboa" uid="1768719" lat="42.1576619" lon="-8.6740151"/>
 <node id="2106914524" visible="true" version="2" changeset="65675820" timestamp="2018-12-21T17:54:08Z" user="Juan C Balboa" uid="1768719" lat="42.1604161" lon="-8.6728361"/>
 <node id="2302470408" visible="true" version="1" changeset="16109616" timestamp="2013-05-13T14:31:19Z" user="FahRadler" uid="344561" lat="42.1383395" lon="-8.6246069">
  <tag k="power" v="tower"/>
 </node>
 <node id="2302470420" visible="true" version="1" changeset="16109616" timestamp="2013-05-13T14:31:19Z" user="FahRadler" uid="344561" lat="42.1405932" lon="-8.6250624">
  <tag k="power" v="tower"/>
 </node>
 <node id="2302470424" visible="true" version="1" changeset="16109616" timestamp="2013-05-13T14:31:19Z" user="FahRadler" uid="344561" lat="42.1427706" lon="-8.6254795">
  <tag k="power" v="tower"/>
 </node>
 <node id="2302470429" visible="true" version="1" changeset="16109616" timestamp="2013-05-13T14:31:20Z" user="FahRadler" uid="344561" lat="42.1465471" lon="-8.6243201">
  <tag k="power" v="tower"/>
 </node>
 <node id="2302470432" visible="true" version="1" changeset="16109616" timestamp="2013-05-13T14:31:20Z" user="FahRadler" uid="344561" lat="42.1491120" lon="-8.6238415">
  <tag k="power" v="tower"/>
 </node>
 <node id="2302470433" visible="true" version="1" changeset="16109616" timestamp="2013-05-13T14:31:20Z" user="FahRadler" uid="344561" lat="42.1519480" lon="-8.6233082">
  <tag k="power" v="tower"/>
 </node>
 <node id="2302470434" visible="true" version="1" changeset="16109616" timestamp="2013-05-13T14:31:20Z" user="FahRadler" uid="344561" lat="42.1532957" lon="-8.6236349">
  <tag k="power" v="tower"/>
 </node>
 <node id="2302470435" visible="true" version="1" changeset="16109616" timestamp="2013-05-13T14:31:20Z" user="FahRadler" uid="344561" lat="42.1534426" lon="-8.6328567">
  <tag k="power" v="tower"/>
 </node>
 <node id="2302470436" visible="true" version="1" changeset="16109616" timestamp="2013-05-13T14:31:20Z" user="FahRadler" uid="344561" lat="42.1534677" lon="-8.6356946">
  <tag k="power" v="tower"/>
 </node>
 <node id="2302470437" visible="true" version="1" changeset="16109616" timestamp="2013-05-13T14:31:20Z" user="FahRadler" uid="344561" lat="42.1534677" lon="-8.6385705">
  <tag k="power" v="tower"/>
 </node>
 <node id="2302470438" visible="true" version="1" changeset="16109616" timestamp="2013-05-13T14:31:21Z" user="FahRadler" uid="344561" lat="42.1535184" lon="-8.6411208">
  <tag k="power" v="tower"/>
 </node>
 <node id="2302470439" visible="true" version="1" changeset="16109616" timestamp="2013-05-13T14:31:21Z" user="FahRadler" uid="344561" lat="42.1535412" lon="-8.6451546">
  <tag k="power" v="tower"/>
 </node>
 <node id="2302470440" visible="true" version="1" changeset="16109616" timestamp="2013-05-13T14:31:21Z" user="FahRadler" uid="344561" lat="42.1535564" lon="-8.6480808">
  <tag k="power" v="tower"/>
 </node>
 <node id="2302470441" visible="true" version="1" changeset="16109616" timestamp="2013-05-13T14:31:21Z" user="FahRadler" uid="344561" lat="42.1535970" lon="-8.6527539">
  <tag k="power" v="tower"/>
 </node>
 <node id="2302470442" visible="true" version="1" changeset="16109616" timestamp="2013-05-13T14:31:21Z" user="FahRadler" uid="344561" lat="42.1536198" lon="-8.6558032">
  <tag k="power" v="tower"/>
 </node>
 <node id="2302470443" visible="true" version="1" changeset="16109616" timestamp="2013-05-13T14:31:21Z" user="FahRadler" uid="344561" lat="42.1536299" lon="-8.6602849">
  <tag k="power" v="tower"/>
 </node>
 <node id="2302470444" visible="true" version="1" changeset="16109616" timestamp="2013-05-13T14:31:21Z" user="FahRadler" uid="344561" lat="42.1536344" lon="-8.6315224">
  <tag k="power" v="tower"/>
 </node>
 <node id="2302470445" visible="true" version="1" changeset="16109616" timestamp="2013-05-13T14:31:21Z" user="FahRadler" uid="344561" lat="42.1536817" lon="-8.6628382">
  <tag k="power" v="tower"/>
 </node>
 <node id="2302470446" visible="true" version="1" changeset="16109616" timestamp="2013-05-13T14:31:21Z" user="FahRadler" uid="344561" lat="42.1537222" lon="-8.6299875">
  <tag k="power" v="tower"/>
 </node>
 <node id="2302470447" visible="true" version="1" changeset="16109616" timestamp="2013-05-13T14:31:21Z" user="FahRadler" uid="344561" lat="42.1537283" lon="-8.6654585">
  <tag k="power" v="tower"/>
 </node>
 <node id="2302470448" visible="true" version="1" changeset="16109616" timestamp="2013-05-13T14:31:21Z" user="FahRadler" uid="344561" lat="42.1538046" lon="-8.6276862">
  <tag k="power" v="tower"/>
 </node>
 <node id="2302470449" visible="true" version="1" changeset="16109616" timestamp="2013-05-13T14:31:21Z" user="FahRadler" uid="344561" lat="42.1539910" lon="-8.6249257">
  <tag k="power" v="tower"/>
 </node>
 <node id="2302470450" visible="true" version="1" changeset="16109616" timestamp="2013-05-13T14:31:21Z" user="FahRadler" uid="344561" lat="42.1541057" lon="-8.6308867">
  <tag k="power" v="tower"/>
 </node>
 <node id="2302470451" visible="true" version="1" changeset="16109616" timestamp="2013-05-13T14:31:21Z" user="FahRadler" uid="344561" lat="42.1548250" lon="-8.6695630">
  <tag k="power" v="tower"/>
 </node>
 <node id="2302470453" visible="true" version="1" changeset="16109616" timestamp="2013-05-13T14:31:21Z" user="FahRadler" uid="344561" lat="42.1556637" lon="-8.6727731">
  <tag k="power" v="tower"/>
 </node>
 <node id="2302470455" visible="true" version="1" changeset="16109616" timestamp="2013-05-13T14:31:21Z" user="FahRadler" uid="344561" lat="42.1574986" lon="-8.6756158">
  <tag k="power" v="tower"/>
 </node>
 <node id="2302470460" visible="true" version="1" changeset="16109616" timestamp="2013-05-13T14:31:21Z" user="FahRadler" uid="344561" lat="42.1600753" lon="-8.6796332">
  <tag k="power" v="tower"/>
 </node>
 <node id="2302470462" visible="true" version="1" changeset="16109616" timestamp="2013-05-13T14:31:21Z" user="FahRadler" uid="344561" lat="42.1620356" lon="-8.6827370">
  <tag k="power" v="tower"/>
 </node>
 <node id="2302470466" visible="true" version="1" changeset="16109616" timestamp="2013-05-13T14:31:21Z" user="FahRadler" uid="344561" lat="42.1636267" lon="-8.6851978">
  <tag k="power" v="tower"/>
 </node>
 <node id="2302470473" visible="true" version="1" changeset="16109616" timestamp="2013-05-13T14:31:21Z" user="FahRadler" uid="344561" lat="42.1653073" lon="-8.6878616">
  <tag k="power" v="tower"/>
 </node>
 <node id="2302470475" visible="true" version="1" changeset="16109616" timestamp="2013-05-13T14:31:21Z" user="FahRadler" uid="344561" lat="42.1661924" lon="-8.6892297">
  <tag k="power" v="tower"/>
 </node>
 <node id="2302470478" visible="true" version="1" changeset="16109616" timestamp="2013-05-13T14:31:21Z" user="FahRadler" uid="344561" lat="42.1672674" lon="-8.6917437">
  <tag k="power" v="tower"/>
 </node>
 <node id="2302470489" visible="true" version="1" changeset="16109616" timestamp="2013-05-13T14:31:22Z" user="FahRadler" uid="344561" lat="42.1687258" lon="-8.6951327">
  <tag k="power" v="tower"/>
 </node>
 <node id="2302470491" visible="true" version="1" changeset="16109616" timestamp="2013-05-13T14:31:22Z" user="FahRadler" uid="344561" lat="42.1697362" lon="-8.6990583">
  <tag k="power" v="tower"/>
 </node>
 <node id="2302470494" visible="true" version="1" changeset="16109616" timestamp="2013-05-13T14:31:22Z" user="FahRadler" uid="344561" lat="42.1702522" lon="-8.7010162">
  <tag k="power" v="tower"/>
 </node>
 <node id="2302470496" visible="true" version="1" changeset="16109616" timestamp="2013-05-13T14:31:22Z" user="FahRadler" uid="344561" lat="42.1708362" lon="-8.7032933">
  <tag k="power" v="tower"/>
 </node>
 <node id="2302470508" visible="true" version="1" changeset="16109616" timestamp="2013-05-13T14:31:22Z" user="FahRadler" uid="344561" lat="42.1713773" lon="-8.7053334">
  <tag k="power" v="tower"/>
 </node>
 <node id="2302470518" visible="true" version="1" changeset="16109616" timestamp="2013-05-13T14:31:22Z" user="FahRadler" uid="344561" lat="42.1740394" lon="-8.7084082">
  <tag k="power" v="tower"/>
 </node>
 <node id="2302470521" visible="true" version="1" changeset="16109616" timestamp="2013-05-13T14:31:22Z" user="FahRadler" uid="344561" lat="42.1748026" lon="-8.7089593">
  <tag k="power" v="tower"/>
 </node>
 <node id="2302470532" visible="true" version="1" changeset="16109616" timestamp="2013-05-13T14:31:22Z" user="FahRadler" uid="344561" lat="42.1787507" lon="-8.7117005">
  <tag k="power" v="tower"/>
 </node>
 <node id="2302470543" visible="true" version="1" changeset="16109616" timestamp="2013-05-13T14:31:22Z" user="FahRadler" uid="344561" lat="42.1801482" lon="-8.7126507">
  <tag k="power" v="tower"/>
 </node>
 <node id="2302470552" visible="true" version="1" changeset="16109616" timestamp="2013-05-13T14:31:22Z" user="FahRadler" uid="344561" lat="42.1832630" lon="-8.7148489">
  <tag k="power" v="tower"/>
 </node>
 <node id="2302470557" visible="true" version="2" changeset="171950681" timestamp="2025-09-15T07:53:45Z" user="Xostre" uid="22546202" lat="42.1846225" lon="-8.7157505">
  <tag k="line_attachment" v="suspension"/>
  <tag k="power" v="tower"/>
 </node>
 <node id="2302470563" visible="true" version="1" changeset="16109616" timestamp="2013-05-13T14:31:23Z" user="FahRadler" uid="344561" lat="42.1888208" lon="-8.7186319">
  <tag k="power" v="tower"/>
 </node>
 <node id="2302470570" visible="true" version="1" changeset="16109616" timestamp="2013-05-13T14:31:23Z" user="FahRadler" uid="344561" lat="42.1911348" lon="-8.7201934">
  <tag k="power" v="tower"/>
 </node>
 <node id="2302470578" visible="true" version="1" changeset="16109616" timestamp="2013-05-13T14:31:23Z" user="FahRadler" uid="344561" lat="42.1935096" lon="-8.7232246">
  <tag k="power" v="tower"/>
 </node>
 <node id="2302470584" visible="true" version="1" changeset="16109616" timestamp="2013-05-13T14:31:23Z" user="FahRadler" uid="344561" lat="42.1956049" lon="-8.7263381">
  <tag k="power" v="tower"/>
 </node>
 <node id="2302470588" visible="true" version="1" changeset="16109616" timestamp="2013-05-13T14:31:23Z" user="FahRadler" uid="344561" lat="42.1960526" lon="-8.7269714">
  <tag k="power" v="tower"/>
 </node>
 <node id="2302470591" visible="true" version="1" changeset="16109616" timestamp="2013-05-13T14:31:23Z" user="FahRadler" uid="344561" lat="42.1965577" lon="-8.7276869">
  <tag k="power" v="tower"/>
 </node>
 <node id="2302470597" visible="true" version="1" changeset="16109616" timestamp="2013-05-13T14:31:23Z" user="FahRadler" uid="344561" lat="42.1989985" lon="-8.7304021">
  <tag k="power" v="tower"/>
 </node>
 <node id="2302470603" visible="true" version="1" changeset="16109616" timestamp="2013-05-13T14:31:23Z" user="FahRadler" uid="344561" lat="42.2007231" lon="-8.7322891">
  <tag k="power" v="tower"/>
 </node>
 <node id="2302470614" visible="true" version="1" changeset="16109616" timestamp="2013-05-13T14:31:23Z" user="FahRadler" uid="344561" lat="42.2029769" lon="-8.7334787">
  <tag k="power" v="tower"/>
 </node>
 <node id="2302470632" visible="true" version="1" changeset="16109616" timestamp="2013-05-13T14:31:23Z" user="FahRadler" uid="344561" lat="42.2043064" lon="-8.7339812">
  <tag k="power" v="tower"/>
 </node>
 <node id="2302470641" visible="true" version="1" changeset="16109616" timestamp="2013-05-13T14:31:24Z" user="FahRadler" uid="344561" lat="42.2059194" lon="-8.7342240">
  <tag k="power" v="tower"/>
 </node>
 <node id="2302470645" visible="true" version="2" changeset="37589039" timestamp="2016-03-03T15:11:03Z" user="42429" uid="42429" lat="42.2095638" lon="-8.7358071">
  <tag k="power" v="tower"/>
 </node>
 <node id="2337439803" visible="true" version="3" changeset="96125529" timestamp="2020-12-19T23:58:35Z" user="AntonioLago" uid="11626760" lat="42.1608169" lon="-8.6706069"/>
 <node id="2484981184" visible="true" version="1" changeset="18212005" timestamp="2013-10-06T12:58:20Z" user="user_579271" uid="579271" lat="42.1570812" lon="-8.6748799"/>
 <node id="2484981185" visible="true" version="1" changeset="18212005" timestamp="2013-10-06T12:58:20Z" user="user_579271" uid="579271" lat="42.1572585" lon="-8.6742868"/>
 <node id="2484981186" visible="true" version="1" changeset="18212005" timestamp="2013-10-06T12:58:20Z" user="user_579271" uid="579271" lat="42.1579140" lon="-8.6753341"/>
 <node id="2484981187" visible="true" version="1" changeset="18212005" timestamp="2013-10-06T12:58:21Z" user="user_579271" uid="579271" lat="42.1581014" lon="-8.6747499"/>
 <node id="3504042511" visible="true" version="1" changeset="30887997" timestamp="2015-05-07T23:21:47Z" user="Juan C Balboa" uid="1768719" lat="42.1812784" lon="-8.6937104"/>
 <node id="3615420259" visible="true" version="1" changeset="32185974" timestamp="2015-06-24T15:29:57Z" user="Juan C Balboa" uid="1768719" lat="42.1928928" lon="-8.6958686"/>
 <node id="3752663962" visible="true" version="2" changeset="72130516" timestamp="2019-07-11T11:19:00Z" user="Axel Afonso" uid="10020427" lat="42.1860679" lon="-8.7167425"/>
 <node id="3978620166" visible="true" version="2" changeset="138096826" timestamp="2023-07-04T08:59:54Z" user="AntonioLago" uid="11626760" lat="42.1556986" lon="-8.6735665"/>
 <node id="4038526547" visible="true" version="1" changeset="37589039" timestamp="2016-03-03T15:09:59Z" user="42429" uid="42429" lat="42.2079185" lon="-8.7350923">
  <tag k="power" v="tower"/>
 </node>
 <node id="4294943249" visible="true" version="2" changeset="81362179" timestamp="2020-02-23T09:40:50Z" user="Penidos" uid="10731170" lat="42.1692304" lon="-8.6663464"/>
 <node id="4294943250" visible="true" version="2" changeset="81362179" timestamp="2020-02-23T09:40:50Z" user="Penidos" uid="10731170" lat="42.1696312" lon="-8.6654143"/>
 <node id="4294943251" visible="true" version="2" changeset="81363904" timestamp="2020-02-23T11:07:14Z" user="Penidos" uid="10731170" lat="42.1693836" lon="-8.6649226"/>
 <node id="4294943252" visible="true" version="2" changeset="81363904" timestamp="2020-02-23T11:07:14Z" user="Penidos" uid="10731170" lat="42.1692029" lon="-8.6645579"/>
 <node id="4294943253" visible="true" version="2" changeset="81363904" timestamp="2020-02-23T11:07:14Z" user="Penidos" uid="10731170" lat="42.1691109" lon="-8.6642670"/>
 <node id="4294943254" visible="true" version="2" changeset="81363904" timestamp="2020-02-23T11:07:14Z" user="Penidos" uid="10731170" lat="42.1701641" lon="-8.6638970"/>
 <node id="4294978111" visible="true" version="2" changeset="40637588" timestamp="2016-07-10T20:20:23Z" user="wycbtma" uid="1020680" lat="42.1580587" lon="-8.6763136"/>
 <node id="4294978112" visible="true" version="1" changeset="40636519" timestamp="2016-07-10T19:12:28Z" user="wycbtma" uid="1020680" lat="42.1574728" lon="-8.6753209"/>
 <node id="4294978113" visible="true" version="1" changeset="40636519" timestamp="2016-07-10T19:12:28Z" user="wycbtma" uid="1020680" lat="42.1580108" lon="-8.6756273"/>
 <node id="4294978114" visible="true" version="1" changeset="40636519" timestamp="2016-07-10T19:12:28Z" user="wycbtma" uid="1020680" lat="42.1583934" lon="-8.6746757"/>
 <node id="4294978115" visible="true" version="2" changeset="81346897" timestamp="2020-02-22T14:15:22Z" user="Penidos" uid="10731170" lat="42.1574685" lon="-8.6741574"/>
 <node id="4294978117" visible="true" version="2" changeset="81346897" timestamp="2020-02-22T14:15:22Z" user="Penidos" uid="10731170" lat="42.1578015" lon="-8.6740253"/>
 <node id="4294978118" visible="true" version="1" changeset="40636519" timestamp="2016-07-10T19:12:28Z" user="wycbtma" uid="1020680" lat="42.1579510" lon="-8.6739983"/>
 <node id="4294978119" visible="true" version="1" changeset="40636519" timestamp="2016-07-10T19:12:28Z" user="wycbtma" uid="1020680" lat="42.1581065" lon="-8.6726758"/>
 <node id="4294978120" visible="true" version="1" changeset="40636519" timestamp="2016-07-10T19:12:28Z" user="wycbtma" uid="1020680" lat="42.1585967" lon="-8.6726112"/>
 <node id="4294978121" visible="true" version="1" changeset="40636519" timestamp="2016-07-10T19:12:28Z" user="wycbtma" uid="1020680" lat="42.1584891" lon="-8.6740790"/>
 <node id="4294978122" visible="true" version="2" changeset="96125585" timestamp="2020-12-20T00:01:46Z" user="AntonioLago" uid="11626760" lat="42.1604059" lon="-8.6746867"/>
 <node id="4294978123" visible="true" version="1" changeset="40636519" timestamp="2016-07-10T19:12:28Z" user="wycbtma" uid="1020680" lat="42.1607009" lon="-8.6736273"/>
 <node id="4294978124" visible="true" version="1" changeset="40636519" timestamp="2016-07-10T19:12:28Z" user="wycbtma" uid="1020680" lat="42.1603183" lon="-8.6719016"/>
 <node id="4294978125" visible="true" version="1" changeset="40636519" timestamp="2016-07-10T19:12:28Z" user="wycbtma" uid="1020680" lat="42.1599357" lon="-8.6719822"/>
 <node id="4294978126" visible="true" version="1" changeset="40636519" timestamp="2016-07-10T19:12:28Z" user="wycbtma" uid="1020680" lat="42.1601031" lon="-8.6725790"/>
 <node id="4294978127" visible="true" version="1" changeset="40636519" timestamp="2016-07-10T19:12:28Z" user="wycbtma" uid="1020680" lat="42.1597564" lon="-8.6724661"/>
 <node id="4294978128" visible="true" version="1" changeset="40636519" timestamp="2016-07-10T19:12:28Z" user="wycbtma" uid="1020680" lat="42.1594575" lon="-8.6717564"/>
 <node id="4294978129" visible="true" version="1" changeset="40636519" timestamp="2016-07-10T19:12:28Z" user="wycbtma" uid="1020680" lat="42.1590390" lon="-8.6723693"/>
 <node id="4294978130" visible="true" version="1" changeset="40636519" timestamp="2016-07-10T19:12:28Z" user="wycbtma" uid="1020680" lat="42.1583217" lon="-8.6719500"/>
 <node id="4294978131" visible="true" version="2" changeset="81362179" timestamp="2020-02-23T09:40:50Z" user="Penidos" uid="10731170" lat="42.1580551" lon="-8.6718072"/>
 <node id="4294978132" visible="true" version="1" changeset="40636519" timestamp="2016-07-10T19:12:28Z" user="wycbtma" uid="1020680" lat="42.1577597" lon="-8.6716596"/>
 <node id="4294978133" visible="true" version="1" changeset="40636519" timestamp="2016-07-10T19:12:28Z" user="wycbtma" uid="1020680" lat="42.1577956" lon="-8.6709822"/>
 <node id="4294978134" visible="true" version="1" changeset="40636519" timestamp="2016-07-10T19:12:28Z" user="wycbtma" uid="1020680" lat="42.1580029" lon="-8.6708145"/>
 <node id="4294978135" visible="true" version="1" changeset="40636519" timestamp="2016-07-10T19:12:28Z" user="wycbtma" uid="1020680" lat="42.1584963" lon="-8.6708418"/>
 <node id="4294978136" visible="true" version="2" changeset="81362179" timestamp="2020-02-23T09:40:50Z" user="Penidos" uid="10731170" lat="42.1585718" lon="-8.6708220"/>
 <node id="4294978137" visible="true" version="2" changeset="81362179" timestamp="2020-02-23T09:40:50Z" user="Penidos" uid="10731170" lat="42.1592793" lon="-8.6698594"/>
 <node id="4294978138" visible="true" version="1" changeset="40636519" timestamp="2016-07-10T19:12:28Z" user="wycbtma" uid="1020680" lat="42.1590032" lon="-8.6704042"/>
 <node id="4294978139" visible="true" version="2" changeset="81362179" timestamp="2020-02-23T09:40:50Z" user="Penidos" uid="10731170" lat="42.1596193" lon="-8.6709603"/>
 <node id="4294978140" visible="true" version="1" changeset="40636519" timestamp="2016-07-10T19:12:28Z" user="wycbtma" uid="1020680" lat="42.1594425" lon="-8.6710971"/>
 <node id="4295019958" visible="true" version="1" changeset="40637246" timestamp="2016-07-10T20:02:16Z" user="wycbtma" uid="1020680" lat="42.1594110" lon="-8.6782853"/>
 <node id="4295019959" visible="true" version="1" changeset="40637246" timestamp="2016-07-10T20:02:16Z" user="wycbtma" uid="1020680" lat="42.1594860" lon="-8.6766530"/>
 <node id="4295019960" visible="true" version="1" changeset="40637246" timestamp="2016-07-10T20:02:16Z" user="wycbtma" uid="1020680" lat="42.1604146" lon="-8.6770959"/>
 <node id="4295019961" visible="true" version="1" changeset="40637246" timestamp="2016-07-10T20:02:16Z" user="wycbtma" uid="1020680" lat="42.1601051" lon="-8.6783233"/>
 <node id="4295019962" visible="true" version="1" changeset="40637246" timestamp="2016-07-10T20:02:16Z" user="wycbtma" uid="1020680" lat="42.1597018" lon="-8.6781968"/>
 <node id="4295019963" visible="true" version="1" changeset="40637246" timestamp="2016-07-10T20:02:16Z" user="wycbtma" uid="1020680" lat="42.1597299" lon="-8.6787029"/>
 <node id="4295019964" visible="true" version="1" changeset="40637246" timestamp="2016-07-10T20:02:16Z" user="wycbtma" uid="1020680" lat="42.1601895" lon="-8.6795001"/>
 <node id="4295019965" visible="true" version="1" changeset="40637246" timestamp="2016-07-10T20:02:16Z" user="wycbtma" uid="1020680" lat="42.1617278" lon="-8.6816597"/>
 <node id="4295019966" visible="true" version="1" changeset="40637246" timestamp="2016-07-10T20:02:16Z" user="wycbtma" uid="1020680" lat="42.1619905" lon="-8.6814573"/>
 <node id="4295019967" visible="true" version="1" changeset="40637246" timestamp="2016-07-10T20:02:16Z" user="wycbtma" uid="1020680" lat="42.1622406" lon="-8.6814742"/>
 <node id="4295019968" visible="true" version="1" changeset="40637246" timestamp="2016-07-10T20:02:16Z" user="wycbtma" uid="1020680" lat="42.1621030" lon="-8.6819803"/>
 <node id="4295019969" visible="true" version="1" changeset="40637246" timestamp="2016-07-10T20:02:16Z" user="wycbtma" uid="1020680" lat="42.1619154" lon="-8.6821828"/>
 <node id="4295019970" visible="true" version="1" changeset="40637246" timestamp="2016-07-10T20:02:16Z" user="wycbtma" uid="1020680" lat="42.1629159" lon="-8.6838025"/>
 <node id="4295019971" visible="true" version="1" changeset="40637246" timestamp="2016-07-10T20:02:16Z" user="wycbtma" uid="1020680" lat="42.1639790" lon="-8.6842580"/>
 <node id="4295019972" visible="true" version="1" changeset="40637246" timestamp="2016-07-10T20:02:16Z" user="wycbtma" uid="1020680" lat="42.1635412" lon="-8.6823178"/>
 <node id="4295019973" visible="true" version="1" changeset="40637246" timestamp="2016-07-10T20:02:16Z" user="wycbtma" uid="1020680" lat="42.1641415" lon="-8.6791121"/>
 <node id="4295019974" visible="true" version="1" changeset="40637246" timestamp="2016-07-10T20:02:16Z" user="wycbtma" uid="1020680" lat="42.1646168" lon="-8.6798376"/>
 <node id="4295019975" visible="true" version="1" changeset="40637246" timestamp="2016-07-10T20:02:16Z" user="wycbtma" uid="1020680" lat="42.1664051" lon="-8.6776611"/>
 <node id="4295019976" visible="true" version="1" changeset="40637246" timestamp="2016-07-10T20:02:16Z" user="wycbtma" uid="1020680" lat="42.1668428" lon="-8.6776779"/>
 <node id="4295019977" visible="true" version="1" changeset="40637246" timestamp="2016-07-10T20:02:16Z" user="wycbtma" uid="1020680" lat="42.1663926" lon="-8.6785047"/>
 <node id="4295019978" visible="true" version="1" changeset="40637246" timestamp="2016-07-10T20:02:16Z" user="wycbtma" uid="1020680" lat="42.1665426" lon="-8.6788421"/>
 <node id="4295019979" visible="true" version="1" changeset="40637246" timestamp="2016-07-10T20:02:16Z" user="wycbtma" uid="1020680" lat="42.1669303" lon="-8.6784372"/>
 <node id="4295019995" visible="true" version="1" changeset="40637246" timestamp="2016-07-10T20:02:17Z" user="wycbtma" uid="1020680" lat="42.1671179" lon="-8.6781504"/>
 <node id="4295019996" visible="true" version="1" changeset="40637246" timestamp="2016-07-10T20:02:17Z" user="wycbtma" uid="1020680" lat="42.1675806" lon="-8.6776105"/>
 <node id="4295019997" visible="true" version="1" changeset="40637246" timestamp="2016-07-10T20:02:17Z" user="wycbtma" uid="1020680" lat="42.1676931" lon="-8.6788590"/>
 <node id="4295019998" visible="true" version="1" changeset="40637246" timestamp="2016-07-10T20:02:17Z" user="wycbtma" uid="1020680" lat="42.1690187" lon="-8.6759064"/>
 <node id="4295019999" visible="true" version="1" changeset="40637246" timestamp="2016-07-10T20:02:17Z" user="wycbtma" uid="1020680" lat="42.1696439" lon="-8.6736455"/>
 <node id="4295020000" visible="true" version="1" changeset="40637246" timestamp="2016-07-10T20:02:17Z" user="wycbtma" uid="1020680" lat="42.1708194" lon="-8.6737299"/>
 <node id="4295020001" visible="true" version="1" changeset="40637246" timestamp="2016-07-10T20:02:17Z" user="wycbtma" uid="1020680" lat="42.1714821" lon="-8.6755015"/>
 <node id="4295020002" visible="true" version="1" changeset="40637246" timestamp="2016-07-10T20:02:17Z" user="wycbtma" uid="1020680" lat="42.1707193" lon="-8.6761257"/>
 <node id="4295020003" visible="true" version="1" changeset="40637246" timestamp="2016-07-10T20:02:17Z" user="wycbtma" uid="1020680" lat="42.1718822" lon="-8.6760245"/>
 <node id="4295020004" visible="true" version="1" changeset="40637246" timestamp="2016-07-10T20:02:17Z" user="wycbtma" uid="1020680" lat="42.1725575" lon="-8.6771043"/>
 <node id="4295020005" visible="true" version="1" changeset="40637246" timestamp="2016-07-10T20:02:17Z" user="wycbtma" uid="1020680" lat="42.1726624" lon="-8.6785606"/>
 <node id="4295020006" visible="true" version="1" changeset="40637246" timestamp="2016-07-10T20:02:17Z" user="wycbtma" uid="1020680" lat="42.1732453" lon="-8.6806665"/>
 <node id="4295020007" visible="true" version="1" changeset="40637246" timestamp="2016-07-10T20:02:17Z" user="wycbtma" uid="1020680" lat="42.1733393" lon="-8.6818970"/>
 <node id="4295020008" visible="true" version="1" changeset="40637246" timestamp="2016-07-10T20:02:17Z" user="wycbtma" uid="1020680" lat="42.1736402" lon="-8.6826201"/>
 <node id="4295020009" visible="true" version="1" changeset="40637246" timestamp="2016-07-10T20:02:17Z" user="wycbtma" uid="1020680" lat="42.1735462" lon="-8.6841677"/>
 <node id="4295020010" visible="true" version="1" changeset="40637246" timestamp="2016-07-10T20:02:17Z" user="wycbtma" uid="1020680" lat="42.1739128" lon="-8.6858042"/>
 <node id="4295020018" visible="true" version="1" changeset="40637246" timestamp="2016-07-10T20:02:17Z" user="wycbtma" uid="1020680" lat="42.1737718" lon="-8.6868063"/>
 <node id="4295020019" visible="true" version="1" changeset="40637246" timestamp="2016-07-10T20:02:17Z" user="wycbtma" uid="1020680" lat="42.1731137" lon="-8.6877197"/>
 <node id="4295020020" visible="true" version="1" changeset="40637246" timestamp="2016-07-10T20:02:17Z" user="wycbtma" uid="1020680" lat="42.1721829" lon="-8.6887092"/>
 <node id="4295020021" visible="true" version="1" changeset="40637246" timestamp="2016-07-10T20:02:17Z" user="wycbtma" uid="1020680" lat="42.1717222" lon="-8.6900412"/>
 <node id="4295020022" visible="true" version="1" changeset="40637246" timestamp="2016-07-10T20:02:17Z" user="wycbtma" uid="1020680" lat="42.1709983" lon="-8.6907389"/>
 <node id="4295020023" visible="true" version="1" changeset="40637246" timestamp="2016-07-10T20:02:17Z" user="wycbtma" uid="1020680" lat="42.1695786" lon="-8.6907770"/>
 <node id="4295020024" visible="true" version="1" changeset="40637246" timestamp="2016-07-10T20:02:17Z" user="wycbtma" uid="1020680" lat="42.1684879" lon="-8.6912844"/>
 <node id="4295020025" visible="true" version="1" changeset="40637246" timestamp="2016-07-10T20:02:17Z" user="wycbtma" uid="1020680" lat="42.1693059" lon="-8.6912337"/>
 <node id="4295020026" visible="true" version="1" changeset="40637246" timestamp="2016-07-10T20:02:17Z" user="wycbtma" uid="1020680" lat="42.1693905" lon="-8.6928447"/>
 <node id="4295020027" visible="true" version="1" changeset="40637246" timestamp="2016-07-10T20:02:17Z" user="wycbtma" uid="1020680" lat="42.1685349" lon="-8.6925910"/>
 <node id="4295020028" visible="true" version="1" changeset="40637246" timestamp="2016-07-10T20:02:17Z" user="wycbtma" uid="1020680" lat="42.1682622" lon="-8.6915254"/>
 <node id="4295020029" visible="true" version="1" changeset="40637246" timestamp="2016-07-10T20:02:17Z" user="wycbtma" uid="1020680" lat="42.1679269" lon="-8.6920878"/>
 <node id="4295020030" visible="true" version="1" changeset="40637246" timestamp="2016-07-10T20:02:17Z" user="wycbtma" uid="1020680" lat="42.1688546" lon="-8.6933395"/>
 <node id="4295020031" visible="true" version="1" changeset="40637246" timestamp="2016-07-10T20:02:17Z" user="wycbtma" uid="1020680" lat="42.1696318" lon="-8.6960627"/>
 <node id="4295020032" visible="true" version="1" changeset="40637246" timestamp="2016-07-10T20:02:17Z" user="wycbtma" uid="1020680" lat="42.1705303" lon="-8.6943092"/>
 <node id="4295020033" visible="true" version="1" changeset="40637246" timestamp="2016-07-10T20:02:17Z" user="wycbtma" uid="1020680" lat="42.1720346" lon="-8.6966998"/>
 <node id="4295020034" visible="true" version="1" changeset="40637246" timestamp="2016-07-10T20:02:17Z" user="wycbtma" uid="1020680" lat="42.1721850" lon="-8.6991129"/>
 <node id="4295020035" visible="true" version="1" changeset="40637246" timestamp="2016-07-10T20:02:17Z" user="wycbtma" uid="1020680" lat="42.1695775" lon="-8.6964743"/>
 <node id="4295020036" visible="true" version="1" changeset="40637246" timestamp="2016-07-10T20:02:17Z" user="wycbtma" uid="1020680" lat="42.1686916" lon="-8.6935800"/>
 <node id="4295020037" visible="true" version="1" changeset="40637246" timestamp="2016-07-10T20:02:17Z" user="wycbtma" uid="1020680" lat="42.1676887" lon="-8.6933696"/>
 <node id="4295020038" visible="true" version="1" changeset="40637246" timestamp="2016-07-10T20:02:17Z" user="wycbtma" uid="1020680" lat="42.1670201" lon="-8.6921367"/>
 <node id="4295020039" visible="true" version="1" changeset="40637246" timestamp="2016-07-10T20:02:17Z" user="wycbtma" uid="1020680" lat="42.1660171" lon="-8.6935500"/>
 <node id="4295020040" visible="true" version="1" changeset="40637246" timestamp="2016-07-10T20:02:17Z" user="wycbtma" uid="1020680" lat="42.1653485" lon="-8.6933996"/>
 <node id="4295020041" visible="true" version="1" changeset="40637246" timestamp="2016-07-10T20:02:17Z" user="wycbtma" uid="1020680" lat="42.1655045" lon="-8.6939710"/>
 <node id="4295020042" visible="true" version="1" changeset="40637246" timestamp="2016-07-10T20:02:17Z" user="wycbtma" uid="1020680" lat="42.1641003" lon="-8.6945724"/>
 <node id="4295020043" visible="true" version="1" changeset="40637246" timestamp="2016-07-10T20:02:17Z" user="wycbtma" uid="1020680" lat="42.1641845" lon="-8.6962350"/>
 <node id="4295020044" visible="true" version="1" changeset="40637246" timestamp="2016-07-10T20:02:17Z" user="wycbtma" uid="1020680" lat="42.1643357" lon="-8.6957251"/>
 <node id="4295020045" visible="true" version="1" changeset="40637246" timestamp="2016-07-10T20:02:17Z" user="wycbtma" uid="1020680" lat="42.1646759" lon="-8.6959461"/>
 <node id="4295020046" visible="true" version="1" changeset="40637246" timestamp="2016-07-10T20:02:17Z" user="wycbtma" uid="1020680" lat="42.1643735" lon="-8.6967620"/>
 <node id="4295020047" visible="true" version="1" changeset="40637246" timestamp="2016-07-10T20:02:17Z" user="wycbtma" uid="1020680" lat="42.1632395" lon="-8.6957761"/>
 <node id="4295020048" visible="true" version="1" changeset="40637246" timestamp="2016-07-10T20:02:17Z" user="wycbtma" uid="1020680" lat="42.1626599" lon="-8.6956741"/>
 <node id="4295020049" visible="true" version="1" changeset="40637246" timestamp="2016-07-10T20:02:17Z" user="wycbtma" uid="1020680" lat="42.1625717" lon="-8.6960821"/>
 <node id="4295020050" visible="true" version="1" changeset="40637246" timestamp="2016-07-10T20:02:17Z" user="wycbtma" uid="1020680" lat="42.1623575" lon="-8.6958781"/>
 <node id="4295020051" visible="true" version="1" changeset="40637246" timestamp="2016-07-10T20:02:17Z" user="wycbtma" uid="1020680" lat="42.1625843" lon="-8.6972210"/>
 <node id="4295020052" visible="true" version="1" changeset="40637246" timestamp="2016-07-10T20:02:17Z" user="wycbtma" uid="1020680" lat="42.1620046" lon="-8.6975610"/>
 <node id="4295020053" visible="true" version="1" changeset="40637246" timestamp="2016-07-10T20:02:17Z" user="wycbtma" uid="1020680" lat="42.1625213" lon="-8.6978330"/>
 <node id="4295020054" visible="true" version="1" changeset="40637246" timestamp="2016-07-10T20:02:17Z" user="wycbtma" uid="1020680" lat="42.1625213" lon="-8.6984959"/>
 <node id="4295020055" visible="true" version="1" changeset="40637246" timestamp="2016-07-10T20:02:17Z" user="wycbtma" uid="1020680" lat="42.1619542" lon="-8.6988189"/>
 <node id="4295020056" visible="true" version="1" changeset="40637246" timestamp="2016-07-10T20:02:17Z" user="wycbtma" uid="1020680" lat="42.1623071" lon="-8.6992099"/>
 <node id="4295020057" visible="true" version="1" changeset="40637246" timestamp="2016-07-10T20:02:17Z" user="wycbtma" uid="1020680" lat="42.1629371" lon="-8.6994989"/>
 <node id="4295020058" visible="true" version="1" changeset="40637246" timestamp="2016-07-10T20:02:17Z" user="wycbtma" uid="1020680" lat="42.1620929" lon="-8.6999579"/>
 <node id="4295020059" visible="true" version="1" changeset="40637246" timestamp="2016-07-10T20:02:17Z" user="wycbtma" uid="1020680" lat="42.1617022" lon="-8.7006208"/>
 <node id="4295020060" visible="true" version="1" changeset="40637246" timestamp="2016-07-10T20:02:17Z" user="wycbtma" uid="1020680" lat="42.1606564" lon="-8.7000089"/>
 <node id="4295020061" visible="true" version="1" changeset="40637246" timestamp="2016-07-10T20:02:17Z" user="wycbtma" uid="1020680" lat="42.1607446" lon="-8.7016748"/>
 <node id="4295020062" visible="true" version="1" changeset="40637246" timestamp="2016-07-10T20:02:17Z" user="wycbtma" uid="1020680" lat="42.1603413" lon="-8.7022188"/>
 <node id="4295020063" visible="true" version="1" changeset="40637246" timestamp="2016-07-10T20:02:17Z" user="wycbtma" uid="1020680" lat="42.1590434" lon="-8.7031197"/>
 <node id="4295020064" visible="true" version="1" changeset="40637246" timestamp="2016-07-10T20:02:17Z" user="wycbtma" uid="1020680" lat="42.1587914" lon="-8.7038847"/>
 <node id="4295020065" visible="true" version="1" changeset="40637246" timestamp="2016-07-10T20:02:18Z" user="wycbtma" uid="1020680" lat="42.1586246" lon="-8.7044631"/>
 <node id="4295020066" visible="true" version="1" changeset="40637246" timestamp="2016-07-10T20:02:18Z" user="wycbtma" uid="1020680" lat="42.1590362" lon="-8.7056249"/>
 <node id="4295020067" visible="true" version="1" changeset="40637246" timestamp="2016-07-10T20:02:18Z" user="wycbtma" uid="1020680" lat="42.1593585" lon="-8.7048196"/>
 <node id="4295020068" visible="true" version="1" changeset="40637246" timestamp="2016-07-10T20:02:18Z" user="wycbtma" uid="1020680" lat="42.1603035" lon="-8.7046836"/>
 <node id="4295020069" visible="true" version="1" changeset="40637246" timestamp="2016-07-10T20:02:18Z" user="wycbtma" uid="1020680" lat="42.1602279" lon="-8.7057206"/>
 <node id="4295020072" visible="true" version="1" changeset="40637246" timestamp="2016-07-10T20:02:18Z" user="wycbtma" uid="1020680" lat="42.1599356" lon="-8.7060362"/>
 <node id="4295020073" visible="true" version="1" changeset="40637246" timestamp="2016-07-10T20:02:18Z" user="wycbtma" uid="1020680" lat="42.1588760" lon="-8.7051726"/>
 <node id="4295020074" visible="true" version="1" changeset="40637246" timestamp="2016-07-10T20:02:18Z" user="wycbtma" uid="1020680" lat="42.1593370" lon="-8.7040347"/>
 <node id="4295038503" visible="true" version="1" changeset="40637588" timestamp="2016-07-10T20:20:24Z" user="wycbtma" uid="1020680" lat="42.1648214" lon="-8.7099883"/>
 <node id="4295038504" visible="true" version="1" changeset="40637588" timestamp="2016-07-10T20:20:24Z" user="wycbtma" uid="1020680" lat="42.1652476" lon="-8.7094557"/>
 <node id="4295038505" visible="true" version="1" changeset="40637588" timestamp="2016-07-10T20:20:24Z" user="wycbtma" uid="1020680" lat="42.1651057" lon="-8.7085984"/>
 <node id="4295038506" visible="true" version="1" changeset="40637588" timestamp="2016-07-10T20:20:24Z" user="wycbtma" uid="1020680" lat="42.1654031" lon="-8.7083795"/>
 <node id="4295038507" visible="true" version="1" changeset="40637588" timestamp="2016-07-10T20:20:24Z" user="wycbtma" uid="1020680" lat="42.1649908" lon="-8.7082519"/>
 <node id="4295038508" visible="true" version="1" changeset="40637588" timestamp="2016-07-10T20:20:24Z" user="wycbtma" uid="1020680" lat="42.1657478" lon="-8.7102217"/>
 <node id="4295038509" visible="true" version="1" changeset="40637588" timestamp="2016-07-10T20:20:24Z" user="wycbtma" uid="1020680" lat="42.1680532" lon="-8.7090601"/>
 <node id="4596846434" visible="true" version="1" changeset="45009254" timestamp="2017-01-08T19:04:16Z" user="edvac" uid="121415" lat="42.1451422" lon="-8.6248675">
  <tag k="power" v="tower"/>
 </node>
 <node id="5296024032" visible="true" version="1" changeset="54792195" timestamp="2017-12-20T16:55:57Z" user="Juan C Balboa" uid="1768719" lat="42.1734467" lon="-8.7051071"/>
 <node id="5297437784" visible="true" version="1" changeset="54812852" timestamp="2017-12-21T12:02:58Z" user="Juan C Balboa" uid="1768719" lat="42.1798720" lon="-8.6999531"/>
 <node id="5354565991" visible="true" version="1" changeset="55654348" timestamp="2018-01-22T13:10:07Z" user="Juan C Balboa" uid="1768719" lat="42.1602289" lon="-8.6761327"/>
 <node id="5354565992" visible="true" version="1" changeset="55654348" timestamp="2018-01-22T13:10:07Z" user="Juan C Balboa" uid="1768719" lat="42.1598594" lon="-8.6753791"/>
 <node id="5354565993" visible="true" version="1" changeset="55654348" timestamp="2018-01-22T13:10:07Z" user="Juan C Balboa" uid="1768719" lat="42.1595150" lon="-8.6749736"/>
 <node id="5354565994" visible="true" version="1" changeset="55654348" timestamp="2018-01-22T13:10:07Z" user="Juan C Balboa" uid="1768719" lat="42.1586345" lon="-8.6745174"/>
 <node id="5354565995" visible="true" version="1" changeset="55654348" timestamp="2018-01-22T13:10:07Z" user="Juan C Balboa" uid="1768719" lat="42.1565201" lon="-8.6739142"/>
 <node id="6152229529" visible="true" version="1" changeset="65675820" timestamp="2018-12-21T17:54:06Z" user="Juan C Balboa" uid="1768719" lat="42.1615317" lon="-8.6689168"/>
 <node id="6152229534" visible="true" version="1" changeset="65675820" timestamp="2018-12-21T17:54:06Z" user="Juan C Balboa" uid="1768719" lat="42.1574644" lon="-8.6740826"/>
 <node id="6152229535" visible="true" version="1" changeset="65675820" timestamp="2018-12-21T17:54:06Z" user="Juan C Balboa" uid="1768719" lat="42.1596495" lon="-8.6733312"/>
 <node id="6152229536" visible="true" version="1" changeset="65675820" timestamp="2018-12-21T17:54:06Z" user="Juan C Balboa" uid="1768719" lat="42.1597651" lon="-8.6733417"/>
 <node id="6152229537" visible="true" version="1" changeset="65675820" timestamp="2018-12-21T17:54:06Z" user="Juan C Balboa" uid="1768719" lat="42.1599605" lon="-8.6733944"/>
 <node id="6152229538" visible="true" version="1" changeset="65675820" timestamp="2018-12-21T17:54:06Z" user="Juan C Balboa" uid="1768719" lat="42.1601014" lon="-8.6734075"/>
 <node id="6152229539" visible="true" version="1" changeset="65675820" timestamp="2018-12-21T17:54:06Z" user="Juan C Balboa" uid="1768719" lat="42.1603145" lon="-8.6733778"/>
 <node id="6152229540" visible="true" version="1" changeset="65675820" timestamp="2018-12-21T17:54:06Z" user="Juan C Balboa" uid="1768719" lat="42.1603706" lon="-8.6733467"/>
 <node id="6152229541" visible="true" version="1" changeset="65675820" timestamp="2018-12-21T17:54:06Z" user="Juan C Balboa" uid="1768719" lat="42.1602331" lon="-8.6734006"/>
 <node id="6152229542" visible="true" version="1" changeset="65675820" timestamp="2018-12-21T17:54:06Z" user="Juan C Balboa" uid="1768719" lat="42.1604471" lon="-8.6732558"/>
 <node id="6152229543" visible="true" version="1" changeset="65675820" timestamp="2018-12-21T17:54:06Z" user="Juan C Balboa" uid="1768719" lat="42.1604596" lon="-8.6732075"/>
 <node id="6152229544" visible="true" version="1" changeset="65675820" timestamp="2018-12-21T17:54:06Z" user="Juan C Balboa" uid="1768719" lat="42.1604567" lon="-8.6730482"/>
 <node id="6152229545" visible="true" version="1" changeset="65675820" timestamp="2018-12-21T17:54:06Z" user="Juan C Balboa" uid="1768719" lat="42.1604287" lon="-8.6729529"/>
 <node id="6152229546" visible="true" version="1" changeset="65675820" timestamp="2018-12-21T17:54:06Z" user="Juan C Balboa" uid="1768719" lat="42.1604171" lon="-8.6725639"/>
 <node id="6152229547" visible="true" version="1" changeset="65675820" timestamp="2018-12-21T17:54:06Z" user="Juan C Balboa" uid="1768719" lat="42.1604364" lon="-8.6724099"/>
 <node id="6152229548" visible="true" version="1" changeset="65675820" timestamp="2018-12-21T17:54:06Z" user="Juan C Balboa" uid="1768719" lat="42.1604925" lon="-8.6720797"/>
 <node id="6152229549" visible="true" version="1" changeset="65675820" timestamp="2018-12-21T17:54:06Z" user="Juan C Balboa" uid="1768719" lat="42.1605516" lon="-8.6718303"/>
 <node id="6152229550" visible="true" version="1" changeset="65675820" timestamp="2018-12-21T17:54:06Z" user="Juan C Balboa" uid="1768719" lat="42.1606222" lon="-8.6713970"/>
 <node id="6152229551" visible="true" version="1" changeset="65675820" timestamp="2018-12-21T17:54:06Z" user="Juan C Balboa" uid="1768719" lat="42.1606851" lon="-8.6710732"/>
 <node id="7236444410" visible="true" version="1" changeset="81362179" timestamp="2020-02-23T09:40:50Z" user="Penidos" uid="10731170" lat="42.1611640" lon="-8.6699216"/>
 <node id="7236444411" visible="true" version="1" changeset="81362179" timestamp="2020-02-23T09:40:50Z" user="Penidos" uid="10731170" lat="42.1613705" lon="-8.6694122"/>
 <node id="7236444412" visible="true" version="1" changeset="81362179" timestamp="2020-02-23T09:40:50Z" user="Penidos" uid="10731170" lat="42.1615009" lon="-8.6700816"/>
 <node id="7236444413" visible="true" version="1" changeset="81362179" timestamp="2020-02-23T09:40:50Z" user="Penidos" uid="10731170" lat="42.1613484" lon="-8.6706554"/>
 <node id="7236444414" visible="true" version="1" changeset="81362179" timestamp="2020-02-23T09:40:50Z" user="Penidos" uid="10731170" lat="42.1608689" lon="-8.6707003"/>
 <node id="7236444415" visible="true" version="1" changeset="81362179" timestamp="2020-02-23T09:40:50Z" user="Penidos" uid="10731170" lat="42.1595468" lon="-8.6707445"/>
 <node id="7236444416" visible="true" version="1" changeset="81362179" timestamp="2020-02-23T09:40:50Z" user="Penidos" uid="10731170" lat="42.1594661" lon="-8.6707202"/>
 <node id="7236444417" visible="true" version="1" changeset="81362179" timestamp="2020-02-23T09:40:50Z" user="Penidos" uid="10731170" lat="42.1594817" lon="-8.6704011"/>
 <node id="7236444418" visible="true" version="1" changeset="81362179" timestamp="2020-02-23T09:40:50Z" user="Penidos" uid="10731170" lat="42.1588410" lon="-8.6709824"/>
 <node id="7236444419" visible="true" version="1" changeset="81362179" timestamp="2020-02-23T09:40:50Z" user="Penidos" uid="10731170" lat="42.1590854" lon="-8.6709752"/>
 <node id="7236444421" visible="true" version="1" changeset="81362179" timestamp="2020-02-23T09:40:50Z" user="Penidos" uid="10731170" lat="42.1616579" lon="-8.6681222"/>
 <node id="7236444422" visible="true" version="1" changeset="81362179" timestamp="2020-02-23T09:40:50Z" user="Penidos" uid="10731170" lat="42.1625184" lon="-8.6687033"/>
 <node id="7236444423" visible="true" version="1" changeset="81362179" timestamp="2020-02-23T09:40:50Z" user="Penidos" uid="10731170" lat="42.1625218" lon="-8.6685210"/>
 <node id="7236444424" visible="true" version="1" changeset="81362179" timestamp="2020-02-23T09:40:50Z" user="Penidos" uid="10731170" lat="42.1623123" lon="-8.6682399"/>
 <node id="7236444425" visible="true" version="1" changeset="81362179" timestamp="2020-02-23T09:40:50Z" user="Penidos" uid="10731170" lat="42.1618954" lon="-8.6679475"/>
 <node id="7236444426" visible="true" version="1" changeset="81362179" timestamp="2020-02-23T09:40:50Z" user="Penidos" uid="10731170" lat="42.1619907" lon="-8.6681013"/>
 <node id="7236444427" visible="true" version="1" changeset="81362179" timestamp="2020-02-23T09:40:50Z" user="Penidos" uid="10731170" lat="42.1615289" lon="-8.6666005"/>
 <node id="7236444428" visible="true" version="1" changeset="81362179" timestamp="2020-02-23T09:40:50Z" user="Penidos" uid="10731170" lat="42.1617337" lon="-8.6672850"/>
 <node id="7236444429" visible="true" version="1" changeset="81362179" timestamp="2020-02-23T09:40:50Z" user="Penidos" uid="10731170" lat="42.1616088" lon="-8.6667225"/>
 <node id="7236444430" visible="true" version="1" changeset="81362179" timestamp="2020-02-23T09:40:50Z" user="Penidos" uid="10731170" lat="42.1615924" lon="-8.6670114"/>
 <node id="7236444431" visible="true" version="1" changeset="81362179" timestamp="2020-02-23T09:40:50Z" user="Penidos" uid="10731170" lat="42.1612807" lon="-8.6673967"/>
 <node id="7236444432" visible="true" version="1" changeset="81362179" timestamp="2020-02-23T09:40:50Z" user="Penidos" uid="10731170" lat="42.1614881" lon="-8.6673511"/>
 <node id="7236444433" visible="true" version="1" changeset="81362179" timestamp="2020-02-23T09:40:50Z" user="Penidos" uid="10731170" lat="42.1614013" lon="-8.6674119"/>
 <node id="7236444434" visible="true" version="1" changeset="81362179" timestamp="2020-02-23T09:40:50Z" user="Penidos" uid="10731170" lat="42.1615862" lon="-8.6673587"/>
 <node id="7236444435" visible="true" version="1" changeset="81362179" timestamp="2020-02-23T09:40:50Z" user="Penidos" uid="10731170" lat="42.1617816" lon="-8.6675258"/>
 <node id="7236444436" visible="true" version="1" changeset="81362179" timestamp="2020-02-23T09:40:50Z" user="Penidos" uid="10731170" lat="42.1619033" lon="-8.6678392"/>
 <node id="7236444437" visible="true" version="1" changeset="81362179" timestamp="2020-02-23T09:40:50Z" user="Penidos" uid="10731170" lat="42.1617006" lon="-8.6680310"/>
 <node id="7236444438" visible="true" version="1" changeset="81362179" timestamp="2020-02-23T09:40:50Z" user="Penidos" uid="10731170" lat="42.1618215" lon="-8.6680813"/>
 <node id="7236444439" visible="true" version="1" changeset="81362179" timestamp="2020-02-23T09:40:50Z" user="Penidos" uid="10731170" lat="42.1630510" lon="-8.6680660"/>
 <node id="7236444440" visible="true" version="1" changeset="81362179" timestamp="2020-02-23T09:40:50Z" user="Penidos" uid="10731170" lat="42.1628284" lon="-8.6687983"/>
 <node id="7236444441" visible="true" version="1" changeset="81362179" timestamp="2020-02-23T09:40:50Z" user="Penidos" uid="10731170" lat="42.1631472" lon="-8.6692943"/>
 <node id="7236444442" visible="true" version="1" changeset="81362179" timestamp="2020-02-23T09:40:50Z" user="Penidos" uid="10731170" lat="42.1624937" lon="-8.6678654"/>
 <node id="7236444443" visible="true" version="1" changeset="81362179" timestamp="2020-02-23T09:40:50Z" user="Penidos" uid="10731170" lat="42.1622657" lon="-8.6675904"/>
 <node id="7236444444" visible="true" version="1" changeset="81362179" timestamp="2020-02-23T09:40:50Z" user="Penidos" uid="10731170" lat="42.1623487" lon="-8.6677659"/>
 <node id="7236444445" visible="true" version="1" changeset="81362179" timestamp="2020-02-23T09:40:50Z" user="Penidos" uid="10731170" lat="42.1619744" lon="-8.6675023"/>
 <node id="7236444446" visible="true" version="1" changeset="81362179" timestamp="2020-02-23T09:40:50Z" user="Penidos" uid="10731170" lat="42.1621651" lon="-8.6674666"/>
 <node id="7236444447" visible="true" version="1" changeset="81362179" timestamp="2020-02-23T09:40:50Z" user="Penidos" uid="10731170" lat="42.1634856" lon="-8.6691685"/>
 <node id="7236444448" visible="true" version="1" changeset="81362179" timestamp="2020-02-23T09:40:50Z" user="Penidos" uid="10731170" lat="42.1642202" lon="-8.6690626"/>
 <node id="7236444449" visible="true" version="1" changeset="81362179" timestamp="2020-02-23T09:40:50Z" user="Penidos" uid="10731170" lat="42.1650343" lon="-8.6692478"/>
 <node id="7236444450" visible="true" version="1" changeset="81362179" timestamp="2020-02-23T09:40:50Z" user="Penidos" uid="10731170" lat="42.1652329" lon="-8.6696259"/>
 <node id="7236444451" visible="true" version="1" changeset="81362179" timestamp="2020-02-23T09:40:50Z" user="Penidos" uid="10731170" lat="42.1653999" lon="-8.6693554"/>
 <node id="7236444452" visible="true" version="1" changeset="81362179" timestamp="2020-02-23T09:40:50Z" user="Penidos" uid="10731170" lat="42.1657143" lon="-8.6689124"/>
 <node id="7236444453" visible="true" version="1" changeset="81362179" timestamp="2020-02-23T09:40:50Z" user="Penidos" uid="10731170" lat="42.1656191" lon="-8.6691605"/>
 <node id="7236444454" visible="true" version="1" changeset="81362179" timestamp="2020-02-23T09:40:50Z" user="Penidos" uid="10731170" lat="42.1661756" lon="-8.6695578"/>
 <node id="7236444455" visible="true" version="1" changeset="81362179" timestamp="2020-02-23T09:40:50Z" user="Penidos" uid="10731170" lat="42.1668062" lon="-8.6688492"/>
 <node id="7236444456" visible="true" version="1" changeset="81362179" timestamp="2020-02-23T09:40:50Z" user="Penidos" uid="10731170" lat="42.1664656" lon="-8.6694960"/>
 <node id="7236444457" visible="true" version="1" changeset="81362179" timestamp="2020-02-23T09:40:50Z" user="Penidos" uid="10731170" lat="42.1665430" lon="-8.6689941"/>
 <node id="7236444458" visible="true" version="1" changeset="81362179" timestamp="2020-02-23T09:40:50Z" user="Penidos" uid="10731170" lat="42.1666577" lon="-8.6688457"/>
 <node id="7236444459" visible="true" version="1" changeset="81362179" timestamp="2020-02-23T09:40:50Z" user="Penidos" uid="10731170" lat="42.1665381" lon="-8.6693058"/>
 <node id="7236444460" visible="true" version="1" changeset="81362179" timestamp="2020-02-23T09:40:50Z" user="Penidos" uid="10731170" lat="42.1671131" lon="-8.6687912"/>
 <node id="7236444461" visible="true" version="1" changeset="81362179" timestamp="2020-02-23T09:40:50Z" user="Penidos" uid="10731170" lat="42.1682210" lon="-8.6687584"/>
 <node id="7236444462" visible="true" version="1" changeset="81362179" timestamp="2020-02-23T09:40:50Z" user="Penidos" uid="10731170" lat="42.1676558" lon="-8.6688128"/>
 <node id="7236444463" visible="true" version="1" changeset="81362179" timestamp="2020-02-23T09:40:50Z" user="Penidos" uid="10731170" lat="42.1691753" lon="-8.6673058"/>
 <node id="7236444464" visible="true" version="1" changeset="81362179" timestamp="2020-02-23T09:40:50Z" user="Penidos" uid="10731170" lat="42.1687803" lon="-8.6677224"/>
 <node id="7236444465" visible="true" version="1" changeset="81362179" timestamp="2020-02-23T09:40:50Z" user="Penidos" uid="10731170" lat="42.1687957" lon="-8.6679557"/>
 <node id="7236444466" visible="true" version="1" changeset="81362179" timestamp="2020-02-23T09:40:50Z" user="Penidos" uid="10731170" lat="42.1695309" lon="-8.6658914"/>
 <node id="7236444467" visible="true" version="1" changeset="81362179" timestamp="2020-02-23T09:40:50Z" user="Penidos" uid="10731170" lat="42.1693889" lon="-8.6661409"/>
 <node id="7236444543" visible="true" version="1" changeset="81362179" timestamp="2020-02-23T09:40:50Z" user="Penidos" uid="10731170" lat="42.1582379" lon="-8.6708275"/>
 <node id="7236444551" visible="true" version="1" changeset="81362179" timestamp="2020-02-23T09:40:50Z" user="Penidos" uid="10731170" lat="42.1606070" lon="-8.6714987"/>
 <node id="7236444586" visible="true" version="1" changeset="81362179" timestamp="2020-02-23T09:40:50Z" user="Penidos" uid="10731170" lat="42.1610765" lon="-8.6699274"/>
 <node id="7236444589" visible="true" version="1" changeset="81362179" timestamp="2020-02-23T09:40:50Z" user="Penidos" uid="10731170" lat="42.1608511" lon="-8.6704818"/>
 <node id="7236444590" visible="true" version="1" changeset="81362179" timestamp="2020-02-23T09:40:50Z" user="Penidos" uid="10731170" lat="42.1606298" lon="-8.6713580"/>
 <node id="7236553587" visible="true" version="1" changeset="81363904" timestamp="2020-02-23T11:07:14Z" user="Penidos" uid="10731170" lat="42.1693648" lon="-8.6647671"/>
 <node id="7236553588" visible="true" version="1" changeset="81363904" timestamp="2020-02-23T11:07:14Z" user="Penidos" uid="10731170" lat="42.1696390" lon="-8.6640767"/>
 <node id="7236553589" visible="true" version="1" changeset="81363904" timestamp="2020-02-23T11:07:14Z" user="Penidos" uid="10731170" lat="42.1694803" lon="-8.6640833"/>
 <node id="7236553590" visible="true" version="1" changeset="81363904" timestamp="2020-02-23T11:07:14Z" user="Penidos" uid="10731170" lat="42.1688294" lon="-8.6639311"/>
 <node id="7236553591" visible="true" version="1" changeset="81363904" timestamp="2020-02-23T11:07:14Z" user="Penidos" uid="10731170" lat="42.1690497" lon="-8.6641044"/>
 <node id="7236553592" visible="true" version="1" changeset="81363904" timestamp="2020-02-23T11:07:14Z" user="Penidos" uid="10731170" lat="42.1689889" lon="-8.6634600"/>
 <node id="7236553593" visible="true" version="1" changeset="81363904" timestamp="2020-02-23T11:07:14Z" user="Penidos" uid="10731170" lat="42.1689052" lon="-8.6636258"/>
 <node id="7236553594" visible="true" version="1" changeset="81363904" timestamp="2020-02-23T11:07:14Z" user="Penidos" uid="10731170" lat="42.1694374" lon="-8.6639192"/>
 <node id="7236553595" visible="true" version="1" changeset="81363904" timestamp="2020-02-23T11:07:14Z" user="Penidos" uid="10731170" lat="42.1692211" lon="-8.6637191"/>
 <node id="7236553596" visible="true" version="1" changeset="81363904" timestamp="2020-02-23T11:07:14Z" user="Penidos" uid="10731170" lat="42.1695338" lon="-8.6641471"/>
 <node id="7236553628" visible="true" version="1" changeset="81363904" timestamp="2020-02-23T11:07:14Z" user="Penidos" uid="10731170" lat="42.1713284" lon="-8.6637423"/>
 <node id="7236553629" visible="true" version="1" changeset="81363904" timestamp="2020-02-23T11:07:14Z" user="Penidos" uid="10731170" lat="42.1714165" lon="-8.6639932"/>
 <node id="7236553630" visible="true" version="1" changeset="81363904" timestamp="2020-02-23T11:07:14Z" user="Penidos" uid="10731170" lat="42.1710509" lon="-8.6642522"/>
 <node id="7236553631" visible="true" version="1" changeset="81363904" timestamp="2020-02-23T11:07:14Z" user="Penidos" uid="10731170" lat="42.1707960" lon="-8.6642755"/>
 <node id="7236553632" visible="true" version="1" changeset="81363904" timestamp="2020-02-23T11:07:14Z" user="Penidos" uid="10731170" lat="42.1699450" lon="-8.6640356"/>
 <node id="7236553634" visible="true" version="1" changeset="81363904" timestamp="2020-02-23T11:07:14Z" user="Penidos" uid="10731170" lat="42.1701064" lon="-8.6639551"/>
 <node id="7236553646" visible="true" version="1" changeset="81363904" timestamp="2020-02-23T11:07:14Z" user="Penidos" uid="10731170" lat="42.1743134" lon="-8.6635467"/>
 <node id="7236553647" visible="true" version="1" changeset="81363904" timestamp="2020-02-23T11:07:14Z" user="Penidos" uid="10731170" lat="42.1741819" lon="-8.6634512"/>
 <node id="7236553648" visible="true" version="1" changeset="81363904" timestamp="2020-02-23T11:07:14Z" user="Penidos" uid="10731170" lat="42.1745681" lon="-8.6630323"/>
 <node id="7236553649" visible="true" version="1" changeset="81363904" timestamp="2020-02-23T11:07:14Z" user="Penidos" uid="10731170" lat="42.1745229" lon="-8.6629359"/>
 <node id="7236553650" visible="true" version="1" changeset="81363904" timestamp="2020-02-23T11:07:14Z" user="Penidos" uid="10731170" lat="42.1751225" lon="-8.6624661"/>
 <node id="7236553651" visible="true" version="1" changeset="81363904" timestamp="2020-02-23T11:07:14Z" user="Penidos" uid="10731170" lat="42.1752271" lon="-8.6622627"/>
 <node id="7236553652" visible="true" version="1" changeset="81363904" timestamp="2020-02-23T11:07:14Z" user="Penidos" uid="10731170" lat="42.1750491" lon="-8.6621500"/>
 <node id="7236553653" visible="true" version="1" changeset="81363904" timestamp="2020-02-23T11:07:14Z" user="Penidos" uid="10731170" lat="42.1748369" lon="-8.6618609"/>
 <node id="7236553654" visible="true" version="1" changeset="81363904" timestamp="2020-02-23T11:07:14Z" user="Penidos" uid="10731170" lat="42.1746281" lon="-8.6617773"/>
 <node id="7236553655" visible="true" version="1" changeset="81363904" timestamp="2020-02-23T11:07:14Z" user="Penidos" uid="10731170" lat="42.1743223" lon="-8.6617743"/>
 <node id="7236553656" visible="true" version="1" changeset="81363904" timestamp="2020-02-23T11:07:14Z" user="Penidos" uid="10731170" lat="42.1741120" lon="-8.6622051"/>
 <node id="7236553657" visible="true" version="1" changeset="81363904" timestamp="2020-02-23T11:07:14Z" user="Penidos" uid="10731170" lat="42.1738260" lon="-8.6622598"/>
 <node id="7236553658" visible="true" version="1" changeset="81363904" timestamp="2020-02-23T11:07:14Z" user="Penidos" uid="10731170" lat="42.1740675" lon="-8.6616536"/>
 <node id="7236553659" visible="true" version="1" changeset="81363904" timestamp="2020-02-23T11:07:14Z" user="Penidos" uid="10731170" lat="42.1738578" lon="-8.6617641"/>
 <node id="7236553660" visible="true" version="1" changeset="81363904" timestamp="2020-02-23T11:07:14Z" user="Penidos" uid="10731170" lat="42.1742382" lon="-8.6614295"/>
 <node id="7236553661" visible="true" version="1" changeset="81363904" timestamp="2020-02-23T11:07:14Z" user="Penidos" uid="10731170" lat="42.1749949" lon="-8.6614099"/>
 <node id="7236553662" visible="true" version="1" changeset="81363904" timestamp="2020-02-23T11:07:14Z" user="Penidos" uid="10731170" lat="42.1745540" lon="-8.6613243"/>
 <node id="7236553663" visible="true" version="1" changeset="81363904" timestamp="2020-02-23T11:07:14Z" user="Penidos" uid="10731170" lat="42.1754934" lon="-8.6615066"/>
 <node id="7236553664" visible="true" version="1" changeset="81363904" timestamp="2020-02-23T11:07:14Z" user="Penidos" uid="10731170" lat="42.1758659" lon="-8.6613332"/>
 <node id="7236553665" visible="true" version="1" changeset="81363904" timestamp="2020-02-23T11:07:14Z" user="Penidos" uid="10731170" lat="42.1761251" lon="-8.6606622"/>
 <node id="7236553666" visible="true" version="1" changeset="81363904" timestamp="2020-02-23T11:07:14Z" user="Penidos" uid="10731170" lat="42.1761879" lon="-8.6609304"/>
 <node id="7236553667" visible="true" version="1" changeset="81363904" timestamp="2020-02-23T11:07:14Z" user="Penidos" uid="10731170" lat="42.1762260" lon="-8.6602226"/>
 <node id="7236553668" visible="true" version="1" changeset="81363904" timestamp="2020-02-23T11:07:14Z" user="Penidos" uid="10731170" lat="42.1764707" lon="-8.6601601"/>
 <node id="7236553669" visible="true" version="1" changeset="81363904" timestamp="2020-02-23T11:07:14Z" user="Penidos" uid="10731170" lat="42.1767533" lon="-8.6600235"/>
 <node id="7236553670" visible="true" version="1" changeset="81363904" timestamp="2020-02-23T11:07:14Z" user="Penidos" uid="10731170" lat="42.1770096" lon="-8.6598555"/>
 <node id="7236553671" visible="true" version="1" changeset="81363904" timestamp="2020-02-23T11:07:14Z" user="Penidos" uid="10731170" lat="42.1773434" lon="-8.6589649"/>
 <node id="7236553672" visible="true" version="1" changeset="81363904" timestamp="2020-02-23T11:07:14Z" user="Penidos" uid="10731170" lat="42.1773437" lon="-8.6586677"/>
 <node id="7236553673" visible="true" version="1" changeset="81363904" timestamp="2020-02-23T11:07:14Z" user="Penidos" uid="10731170" lat="42.1774301" lon="-8.6582254"/>
 <node id="7236553674" visible="true" version="1" changeset="81363904" timestamp="2020-02-23T11:07:14Z" user="Penidos" uid="10731170" lat="42.1773706" lon="-8.6581095"/>
 <node id="7236553675" visible="true" version="1" changeset="81363904" timestamp="2020-02-23T11:07:14Z" user="Penidos" uid="10731170" lat="42.1769180" lon="-8.6581123"/>
 <node id="7236553676" visible="true" version="1" changeset="81363904" timestamp="2020-02-23T11:07:14Z" user="Penidos" uid="10731170" lat="42.1766700" lon="-8.6576394"/>
 <node id="7236553677" visible="true" version="1" changeset="81363904" timestamp="2020-02-23T11:07:14Z" user="Penidos" uid="10731170" lat="42.1766734" lon="-8.6572977"/>
 <node id="7236553678" visible="true" version="1" changeset="81363904" timestamp="2020-02-23T11:07:14Z" user="Penidos" uid="10731170" lat="42.1765280" lon="-8.6565109"/>
 <node id="7236553679" visible="true" version="1" changeset="81363904" timestamp="2020-02-23T11:07:14Z" user="Penidos" uid="10731170" lat="42.1764093" lon="-8.6567556"/>
 <node id="7236553680" visible="true" version="1" changeset="81363904" timestamp="2020-02-23T11:07:14Z" user="Penidos" uid="10731170" lat="42.1763674" lon="-8.6562884"/>
 <node id="7236553681" visible="true" version="1" changeset="81363904" timestamp="2020-02-23T11:07:14Z" user="Penidos" uid="10731170" lat="42.1763830" lon="-8.6555736"/>
 <node id="7236553682" visible="true" version="1" changeset="81363904" timestamp="2020-02-23T11:07:14Z" user="Penidos" uid="10731170" lat="42.1763005" lon="-8.6553297"/>
 <node id="7236553683" visible="true" version="1" changeset="81363904" timestamp="2020-02-23T11:07:14Z" user="Penidos" uid="10731170" lat="42.1737827" lon="-8.6526764"/>
 <node id="7236553684" visible="true" version="1" changeset="81363904" timestamp="2020-02-23T11:07:14Z" user="Penidos" uid="10731170" lat="42.1738613" lon="-8.6523048"/>
 <node id="7236553685" visible="true" version="1" changeset="81363904" timestamp="2020-02-23T11:07:14Z" user="Penidos" uid="10731170" lat="42.1736661" lon="-8.6534826"/>
 <node id="7236553686" visible="true" version="1" changeset="81363904" timestamp="2020-02-23T11:07:14Z" user="Penidos" uid="10731170" lat="42.1745261" lon="-8.6537214"/>
 <node id="7236553687" visible="true" version="1" changeset="81363904" timestamp="2020-02-23T11:07:14Z" user="Penidos" uid="10731170" lat="42.1754373" lon="-8.6510366"/>
 <node id="7236553688" visible="true" version="1" changeset="81363904" timestamp="2020-02-23T11:07:14Z" user="Penidos" uid="10731170" lat="42.1754781" lon="-8.6506519"/>
 <node id="7236553689" visible="true" version="1" changeset="81363904" timestamp="2020-02-23T11:07:14Z" user="Penidos" uid="10731170" lat="42.1754850" lon="-8.6503229"/>
 <node id="7236553690" visible="true" version="1" changeset="81363904" timestamp="2020-02-23T11:07:14Z" user="Penidos" uid="10731170" lat="42.1748659" lon="-8.6533763"/>
 <node id="7236553691" visible="true" version="1" changeset="81363904" timestamp="2020-02-23T11:07:14Z" user="Penidos" uid="10731170" lat="42.1761336" lon="-8.6551230"/>
 <node id="7236553692" visible="true" version="1" changeset="81363904" timestamp="2020-02-23T11:07:14Z" user="Penidos" uid="10731170" lat="42.1760222" lon="-8.6547623"/>
 <node id="7236553693" visible="true" version="1" changeset="81363904" timestamp="2020-02-23T11:07:14Z" user="Penidos" uid="10731170" lat="42.1759433" lon="-8.6545129"/>
 <node id="7236553694" visible="true" version="1" changeset="81363904" timestamp="2020-02-23T11:07:14Z" user="Penidos" uid="10731170" lat="42.1755875" lon="-8.6541309"/>
 <node id="7236553695" visible="true" version="1" changeset="81363904" timestamp="2020-02-23T11:07:14Z" user="Penidos" uid="10731170" lat="42.1757236" lon="-8.6543909"/>
 <node id="7236553696" visible="true" version="1" changeset="81363904" timestamp="2020-02-23T11:07:14Z" user="Penidos" uid="10731170" lat="42.1754422" lon="-8.6540371"/>
 <node id="7236553697" visible="true" version="1" changeset="81363904" timestamp="2020-02-23T11:07:14Z" user="Penidos" uid="10731170" lat="42.1752114" lon="-8.6540656"/>
 <node id="7236553698" visible="true" version="1" changeset="81363904" timestamp="2020-02-23T11:07:14Z" user="Penidos" uid="10731170" lat="42.1752942" lon="-8.6539446"/>
 <node id="7236553699" visible="true" version="1" changeset="81363904" timestamp="2020-02-23T11:07:14Z" user="Penidos" uid="10731170" lat="42.1750326" lon="-8.6542438"/>
 <node id="7236553700" visible="true" version="1" changeset="81363904" timestamp="2020-02-23T11:07:14Z" user="Penidos" uid="10731170" lat="42.1749423" lon="-8.6539672"/>
 <node id="7236553701" visible="true" version="1" changeset="81363904" timestamp="2020-02-23T11:07:14Z" user="Penidos" uid="10731170" lat="42.1747123" lon="-8.6537499"/>
 <node id="7236553702" visible="true" version="1" changeset="81363904" timestamp="2020-02-23T11:07:14Z" user="Penidos" uid="10731170" lat="42.1743054" lon="-8.6537087"/>
 <node id="7236553703" visible="true" version="1" changeset="81363904" timestamp="2020-02-23T11:07:14Z" user="Penidos" uid="10731170" lat="42.1739020" lon="-8.6534450"/>
 <node id="7236553704" visible="true" version="1" changeset="81363904" timestamp="2020-02-23T11:07:14Z" user="Penidos" uid="10731170" lat="42.1744827" lon="-8.6527987"/>
 <node id="7236553705" visible="true" version="1" changeset="81363904" timestamp="2020-02-23T11:07:14Z" user="Penidos" uid="10731170" lat="42.1744696" lon="-8.6534013"/>
 <node id="7236553706" visible="true" version="1" changeset="81363904" timestamp="2020-02-23T11:07:14Z" user="Penidos" uid="10731170" lat="42.1746492" lon="-8.6533574"/>
 <node id="7236553707" visible="true" version="1" changeset="81363904" timestamp="2020-02-23T11:07:14Z" user="Penidos" uid="10731170" lat="42.1747250" lon="-8.6534798"/>
 <node id="7236553708" visible="true" version="1" changeset="81363904" timestamp="2020-02-23T11:07:14Z" user="Penidos" uid="10731170" lat="42.1745320" lon="-8.6531440"/>
 <node id="7236553709" visible="true" version="1" changeset="81363904" timestamp="2020-02-23T11:07:14Z" user="Penidos" uid="10731170" lat="42.1751201" lon="-8.6532699"/>
 <node id="7236553710" visible="true" version="1" changeset="81363904" timestamp="2020-02-23T11:07:14Z" user="Penidos" uid="10731170" lat="42.1752518" lon="-8.6526141"/>
 <node id="7236553711" visible="true" version="1" changeset="81363904" timestamp="2020-02-23T11:07:14Z" user="Penidos" uid="10731170" lat="42.1763131" lon="-8.6531023"/>
 <node id="7236553712" visible="true" version="1" changeset="81363904" timestamp="2020-02-23T11:07:14Z" user="Penidos" uid="10731170" lat="42.1764484" lon="-8.6527939"/>
 <node id="7236553713" visible="true" version="1" changeset="81363904" timestamp="2020-02-23T11:07:14Z" user="Penidos" uid="10731170" lat="42.1762276" lon="-8.6522067"/>
 <node id="7236553714" visible="true" version="1" changeset="81363904" timestamp="2020-02-23T11:07:14Z" user="Penidos" uid="10731170" lat="42.1762754" lon="-8.6519884"/>
 <node id="7236553715" visible="true" version="1" changeset="81363904" timestamp="2020-02-23T11:07:14Z" user="Penidos" uid="10731170" lat="42.1764496" lon="-8.6524564"/>
 <node id="7236553716" visible="true" version="1" changeset="81363904" timestamp="2020-02-23T11:07:14Z" user="Penidos" uid="10731170" lat="42.1757080" lon="-8.6531532"/>
 <node id="7236553717" visible="true" version="1" changeset="81363904" timestamp="2020-02-23T11:07:14Z" user="Penidos" uid="10731170" lat="42.1759175" lon="-8.6532282"/>
 <node id="7236553718" visible="true" version="1" changeset="81363904" timestamp="2020-02-23T11:07:14Z" user="Penidos" uid="10731170" lat="42.1760223" lon="-8.6530899"/>
 <node id="7236553719" visible="true" version="1" changeset="81363904" timestamp="2020-02-23T11:07:14Z" user="Penidos" uid="10731170" lat="42.1756334" lon="-8.6527142"/>
 <node id="7236553720" visible="true" version="1" changeset="81363904" timestamp="2020-02-23T11:07:14Z" user="Penidos" uid="10731170" lat="42.1757033" lon="-8.6529149"/>
 <node id="7236553721" visible="true" version="1" changeset="81363904" timestamp="2020-02-23T11:07:14Z" user="Penidos" uid="10731170" lat="42.1754333" lon="-8.6526014"/>
 <node id="7236553722" visible="true" version="1" changeset="81363904" timestamp="2020-02-23T11:07:14Z" user="Penidos" uid="10731170" lat="42.1755520" lon="-8.6526139"/>
 <node id="7236553723" visible="true" version="1" changeset="81363904" timestamp="2020-02-23T11:07:14Z" user="Penidos" uid="10731170" lat="42.1737596" lon="-8.6530922"/>
 <node id="7236553724" visible="true" version="1" changeset="81363904" timestamp="2020-02-23T11:07:14Z" user="Penidos" uid="10731170" lat="42.1736176" lon="-8.6528403"/>
 <node id="7251356364" visible="true" version="1" changeset="81602207" timestamp="2020-02-28T17:59:25Z" user="Penidos" uid="10731170" lat="42.1733117" lon="-8.6528494"/>
 <node id="7251356365" visible="true" version="1" changeset="81602207" timestamp="2020-02-28T17:59:25Z" user="Penidos" uid="10731170" lat="42.1727039" lon="-8.6526408"/>
 <node id="7251356366" visible="true" version="1" changeset="81602207" timestamp="2020-02-28T17:59:25Z" user="Penidos" uid="10731170" lat="42.1734108" lon="-8.6534424"/>
 <node id="7251781364" visible="true" version="1" changeset="81609317" timestamp="2020-02-28T22:45:46Z" user="Penidos" uid="10731170" lat="42.1761694" lon="-8.6496305"/>
 <node id="7251836147" visible="true" version="1" changeset="81609317" timestamp="2020-02-28T22:45:46Z" user="Penidos" uid="10731170" lat="42.1778257" lon="-8.6400250"/>
 <node id="7251836148" visible="true" version="1" changeset="81609317" timestamp="2020-02-28T22:45:46Z" user="Penidos" uid="10731170" lat="42.1767135" lon="-8.6394536"/>
 <node id="7251836149" visible="true" version="1" changeset="81609317" timestamp="2020-02-28T22:45:46Z" user="Penidos" uid="10731170" lat="42.1768559" lon="-8.6395268"/>
 <node id="7251836150" visible="true" version="1" changeset="81609317" timestamp="2020-02-28T22:45:46Z" user="Penidos" uid="10731170" lat="42.1769098" lon="-8.6396978"/>
 <node id="7251836151" visible="true" version="1" changeset="81609317" timestamp="2020-02-28T22:45:46Z" user="Penidos" uid="10731170" lat="42.1772511" lon="-8.6398119"/>
 <node id="7251836152" visible="true" version="1" changeset="81609317" timestamp="2020-02-28T22:45:46Z" user="Penidos" uid="10731170" lat="42.1772426" lon="-8.6386363"/>
 <node id="7251836153" visible="true" version="1" changeset="81609317" timestamp="2020-02-28T22:45:46Z" user="Penidos" uid="10731170" lat="42.1770695" lon="-8.6384342"/>
 <node id="7251836154" visible="true" version="1" changeset="81609317" timestamp="2020-02-28T22:45:46Z" user="Penidos" uid="10731170" lat="42.1772254" lon="-8.6385002"/>
 <node id="7251836155" visible="true" version="1" changeset="81609317" timestamp="2020-02-28T22:45:46Z" user="Penidos" uid="10731170" lat="42.1768054" lon="-8.6383740"/>
 <node id="7251836156" visible="true" version="1" changeset="81609317" timestamp="2020-02-28T22:45:46Z" user="Penidos" uid="10731170" lat="42.1768526" lon="-8.6392022"/>
 <node id="7251836157" visible="true" version="1" changeset="81609317" timestamp="2020-02-28T22:45:46Z" user="Penidos" uid="10731170" lat="42.1768355" lon="-8.6386850"/>
 <node id="7251836158" visible="true" version="1" changeset="81609317" timestamp="2020-02-28T22:45:46Z" user="Penidos" uid="10731170" lat="42.1768471" lon="-8.6403238"/>
 <node id="7251836159" visible="true" version="1" changeset="81609317" timestamp="2020-02-28T22:45:46Z" user="Penidos" uid="10731170" lat="42.1766740" lon="-8.6409546"/>
 <node id="7251836160" visible="true" version="1" changeset="81609317" timestamp="2020-02-28T22:45:46Z" user="Penidos" uid="10731170" lat="42.1766869" lon="-8.6404990"/>
 <node id="7251836161" visible="true" version="1" changeset="81609317" timestamp="2020-02-28T22:45:46Z" user="Penidos" uid="10731170" lat="42.1765419" lon="-8.6403411"/>
 <node id="7251836162" visible="true" version="1" changeset="81609317" timestamp="2020-02-28T22:45:46Z" user="Penidos" uid="10731170" lat="42.1758155" lon="-8.6402329"/>
 <node id="7251836163" visible="true" version="1" changeset="81609317" timestamp="2020-02-28T22:45:46Z" user="Penidos" uid="10731170" lat="42.1761018" lon="-8.6405528"/>
 <node id="7251836164" visible="true" version="1" changeset="81609317" timestamp="2020-02-28T22:45:46Z" user="Penidos" uid="10731170" lat="42.1765265" lon="-8.6409874"/>
 <node id="7251836165" visible="true" version="1" changeset="81609317" timestamp="2020-02-28T22:45:46Z" user="Penidos" uid="10731170" lat="42.1759145" lon="-8.6401760"/>
 <node id="7251836166" visible="true" version="1" changeset="81609317" timestamp="2020-02-28T22:45:46Z" user="Penidos" uid="10731170" lat="42.1760983" lon="-8.6402293"/>
 <node id="7251836167" visible="true" version="1" changeset="81609317" timestamp="2020-02-28T22:45:46Z" user="Penidos" uid="10731170" lat="42.1763547" lon="-8.6403378"/>
 <node id="7251836168" visible="true" version="1" changeset="81609317" timestamp="2020-02-28T22:45:46Z" user="Penidos" uid="10731170" lat="42.1762308" lon="-8.6402602"/>
 <node id="7251836169" visible="true" version="1" changeset="81609317" timestamp="2020-02-28T22:45:46Z" user="Penidos" uid="10731170" lat="42.1759717" lon="-8.6398404"/>
 <node id="7251836170" visible="true" version="1" changeset="81609317" timestamp="2020-02-28T22:45:46Z" user="Penidos" uid="10731170" lat="42.1758998" lon="-8.6399439"/>
 <node id="7251836171" visible="true" version="1" changeset="81609317" timestamp="2020-02-28T22:45:46Z" user="Penidos" uid="10731170" lat="42.1760523" lon="-8.6398829"/>
 <node id="7251836172" visible="true" version="1" changeset="81609317" timestamp="2020-02-28T22:45:46Z" user="Penidos" uid="10731170" lat="42.1760450" lon="-8.6401730"/>
 <node id="7252321333" visible="true" version="1" changeset="81615070" timestamp="2020-02-29T08:45:13Z" user="Penidos" uid="10731170" lat="42.1766831" lon="-8.6384426"/>
 <node id="7252321416" visible="true" version="1" changeset="81615070" timestamp="2020-02-29T08:45:13Z" user="Penidos" uid="10731170" lat="42.1782850" lon="-8.6400918"/>
 <node id="7252321417" visible="true" version="1" changeset="81615070" timestamp="2020-02-29T08:45:13Z" user="Penidos" uid="10731170" lat="42.1784481" lon="-8.6399200"/>
 <node id="7252321418" visible="true" version="1" changeset="81615070" timestamp="2020-02-29T08:45:13Z" user="Penidos" uid="10731170" lat="42.1788005" lon="-8.6402253"/>
 <node id="7252321419" visible="true" version="1" changeset="81615070" timestamp="2020-02-29T08:45:13Z" user="Penidos" uid="10731170" lat="42.1801174" lon="-8.6403998"/>
 <node id="7252321420" visible="true" version="1" changeset="81615070" timestamp="2020-02-29T08:45:13Z" user="Penidos" uid="10731170" lat="42.1807041" lon="-8.6389810"/>
 <node id="7252321421" visible="true" version="1" changeset="81615070" timestamp="2020-02-29T08:45:13Z" user="Penidos" uid="10731170" lat="42.1803751" lon="-8.6396904"/>
 <node id="7252321422" visible="true" version="1" changeset="81615070" timestamp="2020-02-29T08:45:13Z" user="Penidos" uid="10731170" lat="42.1799401" lon="-8.6395798"/>
 <node id="7252321423" visible="true" version="1" changeset="81615070" timestamp="2020-02-29T08:45:13Z" user="Penidos" uid="10731170" lat="42.1799264" lon="-8.6398985"/>
 <node id="7252321424" visible="true" version="1" changeset="81615070" timestamp="2020-02-29T08:45:13Z" user="Penidos" uid="10731170" lat="42.1799285" lon="-8.6397199"/>
 <node id="7252321425" visible="true" version="1" changeset="81615070" timestamp="2020-02-29T08:45:13Z" user="Penidos" uid="10731170" lat="42.1802960" lon="-8.6395626"/>
 <node id="7252321426" visible="true" version="1" changeset="81615070" timestamp="2020-02-29T08:45:13Z" user="Penidos" uid="10731170" lat="42.1800895" lon="-8.6396033"/>
 <node id="7252321427" visible="true" version="1" changeset="81615070" timestamp="2020-02-29T08:45:13Z" user="Penidos" uid="10731170" lat="42.1805658" lon="-8.6397269"/>
 <node id="7252321428" visible="true" version="1" changeset="81615070" timestamp="2020-02-29T08:45:13Z" user="Penidos" uid="10731170" lat="42.1804216" lon="-8.6395283"/>
 <node id="7252321429" visible="true" version="1" changeset="81615070" timestamp="2020-02-29T08:45:13Z" user="Penidos" uid="10731170" lat="42.1804987" lon="-8.6394086"/>
 <node id="7252321430" visible="true" version="1" changeset="81615070" timestamp="2020-02-29T08:45:13Z" user="Penidos" uid="10731170" lat="42.1804707" lon="-8.6390024"/>
 <node id="7252321431" visible="true" version="1" changeset="81615070" timestamp="2020-02-29T08:45:13Z" user="Penidos" uid="10731170" lat="42.1805827" lon="-8.6389596"/>
 <node id="7252321432" visible="true" version="1" changeset="81615070" timestamp="2020-02-29T08:45:13Z" user="Penidos" uid="10731170" lat="42.1807870" lon="-8.6392577"/>
 <node id="7252321433" visible="true" version="1" changeset="81615070" timestamp="2020-02-29T08:45:13Z" user="Penidos" uid="10731170" lat="42.1806716" lon="-8.6396270"/>
 <node id="7252321434" visible="true" version="1" changeset="81615070" timestamp="2020-02-29T08:45:13Z" user="Penidos" uid="10731170" lat="42.1802415" lon="-8.6399874"/>
 <node id="7252321435" visible="true" version="1" changeset="81615070" timestamp="2020-02-29T08:45:13Z" user="Penidos" uid="10731170" lat="42.1805572" lon="-8.6412927"/>
 <node id="7252321436" visible="true" version="1" changeset="81615070" timestamp="2020-02-29T08:45:13Z" user="Penidos" uid="10731170" lat="42.1806130" lon="-8.6408622"/>
 <node id="7252321437" visible="true" version="1" changeset="81615070" timestamp="2020-02-29T08:45:13Z" user="Penidos" uid="10731170" lat="42.1809830" lon="-8.6397653"/>
 <node id="7252321438" visible="true" version="1" changeset="81615070" timestamp="2020-02-29T08:45:13Z" user="Penidos" uid="10731170" lat="42.1803174" lon="-8.6403647"/>
 <node id="7252321439" visible="true" version="1" changeset="81615070" timestamp="2020-02-29T08:45:13Z" user="Penidos" uid="10731170" lat="42.1804696" lon="-8.6403728"/>
 <node id="7252321440" visible="true" version="1" changeset="81615070" timestamp="2020-02-29T08:45:13Z" user="Penidos" uid="10731170" lat="42.1805647" lon="-8.6400434"/>
 <node id="7252321441" visible="true" version="1" changeset="81615070" timestamp="2020-02-29T08:45:13Z" user="Penidos" uid="10731170" lat="42.1807216" lon="-8.6400069"/>
 <node id="7252321442" visible="true" version="1" changeset="81615070" timestamp="2020-02-29T08:45:13Z" user="Penidos" uid="10731170" lat="42.1808808" lon="-8.6396873"/>
 <node id="7252321443" visible="true" version="1" changeset="81615070" timestamp="2020-02-29T08:45:13Z" user="Penidos" uid="10731170" lat="42.1805651" lon="-8.6406536"/>
 <node id="7252321444" visible="true" version="1" changeset="81615070" timestamp="2020-02-29T08:45:13Z" user="Penidos" uid="10731170" lat="42.1806362" lon="-8.6404916"/>
 <node id="7252321445" visible="true" version="1" changeset="81615070" timestamp="2020-02-29T08:45:13Z" user="Penidos" uid="10731170" lat="42.1806670" lon="-8.6403401"/>
 <node id="7252321446" visible="true" version="1" changeset="81615070" timestamp="2020-02-29T08:45:13Z" user="Penidos" uid="10731170" lat="42.1808820" lon="-8.6402579"/>
 <node id="7252321447" visible="true" version="1" changeset="81615070" timestamp="2020-02-29T08:45:13Z" user="Penidos" uid="10731170" lat="42.1814742" lon="-8.6402937"/>
 <node id="7252321448" visible="true" version="1" changeset="81615070" timestamp="2020-02-29T08:45:13Z" user="Penidos" uid="10731170" lat="42.1813189" lon="-8.6401385"/>
 <node id="7252321449" visible="true" version="1" changeset="81615070" timestamp="2020-02-29T08:45:13Z" user="Penidos" uid="10731170" lat="42.1811557" lon="-8.6398878"/>
 <node id="7252321450" visible="true" version="1" changeset="81615070" timestamp="2020-02-29T08:45:13Z" user="Penidos" uid="10731170" lat="42.1808740" lon="-8.6404361"/>
 <node id="7252321451" visible="true" version="1" changeset="81615070" timestamp="2020-02-29T08:45:13Z" user="Penidos" uid="10731170" lat="42.1811931" lon="-8.6404740"/>
 <node id="7252321452" visible="true" version="1" changeset="81615070" timestamp="2020-02-29T08:45:13Z" user="Penidos" uid="10731170" lat="42.1810241" lon="-8.6404871"/>
 <node id="7252321453" visible="true" version="1" changeset="81615070" timestamp="2020-02-29T08:45:13Z" user="Penidos" uid="10731170" lat="42.1769306" lon="-8.6415154"/>
 <node id="7252321454" visible="true" version="1" changeset="81615070" timestamp="2020-02-29T08:45:13Z" user="Penidos" uid="10731170" lat="42.1772731" lon="-8.6411223"/>
 <node id="7252321455" visible="true" version="1" changeset="81615070" timestamp="2020-02-29T08:45:13Z" user="Penidos" uid="10731170" lat="42.1771323" lon="-8.6417866"/>
 <node id="7252321456" visible="true" version="1" changeset="81615070" timestamp="2020-02-29T08:45:13Z" user="Penidos" uid="10731170" lat="42.1775036" lon="-8.6421413"/>
 <node id="7252321457" visible="true" version="1" changeset="81615070" timestamp="2020-02-29T08:45:13Z" user="Penidos" uid="10731170" lat="42.1776533" lon="-8.6429296"/>
 <node id="7252321458" visible="true" version="1" changeset="81615070" timestamp="2020-02-29T08:45:13Z" user="Penidos" uid="10731170" lat="42.1778049" lon="-8.6430703"/>
 <node id="7252321459" visible="true" version="1" changeset="81615070" timestamp="2020-02-29T08:45:13Z" user="Penidos" uid="10731170" lat="42.1778902" lon="-8.6434806"/>
 <node id="7252321460" visible="true" version="1" changeset="81615070" timestamp="2020-02-29T08:45:13Z" user="Penidos" uid="10731170" lat="42.1782798" lon="-8.6434356"/>
 <node id="7252321461" visible="true" version="1" changeset="81615070" timestamp="2020-02-29T08:45:13Z" user="Penidos" uid="10731170" lat="42.1783130" lon="-8.6428681"/>
 <node id="7252321462" visible="true" version="1" changeset="81615070" timestamp="2020-02-29T08:45:13Z" user="Penidos" uid="10731170" lat="42.1783914" lon="-8.6426997"/>
 <node id="7252321463" visible="true" version="1" changeset="81615070" timestamp="2020-02-29T08:45:13Z" user="Penidos" uid="10731170" lat="42.1784733" lon="-8.6426604"/>
 <node id="7252321464" visible="true" version="1" changeset="81615070" timestamp="2020-02-29T08:45:13Z" user="Penidos" uid="10731170" lat="42.1786188" lon="-8.6429486"/>
 <node id="7252321465" visible="true" version="1" changeset="81615070" timestamp="2020-02-29T08:45:13Z" user="Penidos" uid="10731170" lat="42.1790200" lon="-8.6429508"/>
 <node id="7252321466" visible="true" version="1" changeset="81615070" timestamp="2020-02-29T08:45:13Z" user="Penidos" uid="10731170" lat="42.1791597" lon="-8.6427341"/>
 <node id="7252321467" visible="true" version="1" changeset="81615070" timestamp="2020-02-29T08:45:13Z" user="Penidos" uid="10731170" lat="42.1793151" lon="-8.6423949"/>
 <node id="7252321468" visible="true" version="1" changeset="81615070" timestamp="2020-02-29T08:45:13Z" user="Penidos" uid="10731170" lat="42.1795069" lon="-8.6422894"/>
 <node id="7252321469" visible="true" version="1" changeset="81615070" timestamp="2020-02-29T08:45:13Z" user="Penidos" uid="10731170" lat="42.1803987" lon="-8.6419705"/>
 <node id="7252321470" visible="true" version="1" changeset="81615070" timestamp="2020-02-29T08:45:13Z" user="Penidos" uid="10731170" lat="42.1797604" lon="-8.6420883"/>
 <node id="7252321471" visible="true" version="1" changeset="81615070" timestamp="2020-02-29T08:45:13Z" user="Penidos" uid="10731170" lat="42.1798752" lon="-8.6419204"/>
 <node id="7252321472" visible="true" version="1" changeset="81615070" timestamp="2020-02-29T08:45:13Z" user="Penidos" uid="10731170" lat="42.1798471" lon="-8.6416056"/>
 <node id="7252321473" visible="true" version="1" changeset="81615070" timestamp="2020-02-29T08:45:13Z" user="Penidos" uid="10731170" lat="42.1801324" lon="-8.6415059"/>
 <node id="7252321474" visible="true" version="1" changeset="81615070" timestamp="2020-02-29T08:45:13Z" user="Penidos" uid="10731170" lat="42.1803559" lon="-8.6415587"/>
 <node id="7252321475" visible="true" version="1" changeset="81615070" timestamp="2020-02-29T08:45:13Z" user="Penidos" uid="10731170" lat="42.1806465" lon="-8.6414762"/>
 <node id="7252321476" visible="true" version="1" changeset="81615070" timestamp="2020-02-29T08:45:13Z" user="Penidos" uid="10731170" lat="42.1808289" lon="-8.6414141"/>
 <node id="7252321477" visible="true" version="1" changeset="81615070" timestamp="2020-02-29T08:45:13Z" user="Penidos" uid="10731170" lat="42.1809075" lon="-8.6419649"/>
 <node id="7252321478" visible="true" version="1" changeset="81615070" timestamp="2020-02-29T08:45:13Z" user="Penidos" uid="10731170" lat="42.1814496" lon="-8.6421880"/>
 <node id="7252321479" visible="true" version="1" changeset="81615070" timestamp="2020-02-29T08:45:13Z" user="Penidos" uid="10731170" lat="42.1816494" lon="-8.6421649"/>
 <node id="7252321480" visible="true" version="1" changeset="81615070" timestamp="2020-02-29T08:45:13Z" user="Penidos" uid="10731170" lat="42.1817348" lon="-8.6426679"/>
 <node id="7252321481" visible="true" version="1" changeset="81615070" timestamp="2020-02-29T08:45:13Z" user="Penidos" uid="10731170" lat="42.1817991" lon="-8.6425620"/>
 <node id="7252321482" visible="true" version="1" changeset="81615070" timestamp="2020-02-29T08:45:13Z" user="Penidos" uid="10731170" lat="42.1818274" lon="-8.6428347"/>
 <node id="7252321483" visible="true" version="1" changeset="81615070" timestamp="2020-02-29T08:45:13Z" user="Penidos" uid="10731170" lat="42.1813857" lon="-8.6443847"/>
 <node id="7252321484" visible="true" version="1" changeset="81615070" timestamp="2020-02-29T08:45:13Z" user="Penidos" uid="10731170" lat="42.1816956" lon="-8.6434045"/>
 <node id="7252321485" visible="true" version="1" changeset="81615070" timestamp="2020-02-29T08:45:13Z" user="Penidos" uid="10731170" lat="42.1815549" lon="-8.6434586"/>
 <node id="7252321486" visible="true" version="1" changeset="81615070" timestamp="2020-02-29T08:45:13Z" user="Penidos" uid="10731170" lat="42.1811472" lon="-8.6441782"/>
 <node id="7252321487" visible="true" version="1" changeset="81615070" timestamp="2020-02-29T08:45:13Z" user="Penidos" uid="10731170" lat="42.1810089" lon="-8.6438248"/>
 <node id="7252321488" visible="true" version="1" changeset="81615070" timestamp="2020-02-29T08:45:13Z" user="Penidos" uid="10731170" lat="42.1810728" lon="-8.6434365"/>
 <node id="7252321489" visible="true" version="1" changeset="81615070" timestamp="2020-02-29T08:45:13Z" user="Penidos" uid="10731170" lat="42.1812616" lon="-8.6433064"/>
 <node id="7252321490" visible="true" version="1" changeset="81615070" timestamp="2020-02-29T08:45:13Z" user="Penidos" uid="10731170" lat="42.1796680" lon="-8.6449660"/>
 <node id="7252321491" visible="true" version="1" changeset="81615070" timestamp="2020-02-29T08:45:13Z" user="Penidos" uid="10731170" lat="42.1796358" lon="-8.6446587"/>
 <node id="7252321492" visible="true" version="1" changeset="81615070" timestamp="2020-02-29T08:45:13Z" user="Penidos" uid="10731170" lat="42.1798716" lon="-8.6445115"/>
 <node id="7252321493" visible="true" version="1" changeset="81615070" timestamp="2020-02-29T08:45:13Z" user="Penidos" uid="10731170" lat="42.1800465" lon="-8.6442070"/>
 <node id="7252321494" visible="true" version="1" changeset="81615070" timestamp="2020-02-29T08:45:13Z" user="Penidos" uid="10731170" lat="42.1798203" lon="-8.6438560"/>
 <node id="7252321495" visible="true" version="1" changeset="81615070" timestamp="2020-02-29T08:45:13Z" user="Penidos" uid="10731170" lat="42.1799191" lon="-8.6438840"/>
 <node id="7252321496" visible="true" version="1" changeset="81615070" timestamp="2020-02-29T08:45:13Z" user="Penidos" uid="10731170" lat="42.1800446" lon="-8.6440391"/>
 <node id="7252321497" visible="true" version="1" changeset="81615070" timestamp="2020-02-29T08:45:13Z" user="Penidos" uid="10731170" lat="42.1782695" lon="-8.6456874"/>
 <node id="7252321498" visible="true" version="1" changeset="81615070" timestamp="2020-02-29T08:45:13Z" user="Penidos" uid="10731170" lat="42.1786255" lon="-8.6456916"/>
 <node id="7252321499" visible="true" version="1" changeset="81615070" timestamp="2020-02-29T08:45:13Z" user="Penidos" uid="10731170" lat="42.1789224" lon="-8.6456361"/>
 <node id="7252321500" visible="true" version="1" changeset="81615070" timestamp="2020-02-29T08:45:13Z" user="Penidos" uid="10731170" lat="42.1790946" lon="-8.6453710"/>
 <node id="7252321501" visible="true" version="1" changeset="81615070" timestamp="2020-02-29T08:45:13Z" user="Penidos" uid="10731170" lat="42.1769631" lon="-8.6464908"/>
 <node id="7252321502" visible="true" version="1" changeset="81615070" timestamp="2020-02-29T08:45:13Z" user="Penidos" uid="10731170" lat="42.1767860" lon="-8.6468272"/>
 <node id="7252321503" visible="true" version="1" changeset="81615070" timestamp="2020-02-29T08:45:13Z" user="Penidos" uid="10731170" lat="42.1766938" lon="-8.6486406"/>
 <node id="7252321504" visible="true" version="1" changeset="81615070" timestamp="2020-02-29T08:45:13Z" user="Penidos" uid="10731170" lat="42.1768984" lon="-8.6482291"/>
 <node id="7252321505" visible="true" version="1" changeset="81615070" timestamp="2020-02-29T08:45:13Z" user="Penidos" uid="10731170" lat="42.1767156" lon="-8.6474078"/>
 <node id="7252321506" visible="true" version="1" changeset="81615070" timestamp="2020-02-29T08:45:13Z" user="Penidos" uid="10731170" lat="42.1771967" lon="-8.6481840"/>
 <node id="7252321507" visible="true" version="1" changeset="81615070" timestamp="2020-02-29T08:45:13Z" user="Penidos" uid="10731170" lat="42.1787002" lon="-8.6480588"/>
 <node id="7252321508" visible="true" version="1" changeset="81615070" timestamp="2020-02-29T08:45:13Z" user="Penidos" uid="10731170" lat="42.1782098" lon="-8.6481470"/>
 <node id="7252321509" visible="true" version="1" changeset="81615070" timestamp="2020-02-29T08:45:13Z" user="Penidos" uid="10731170" lat="42.1776035" lon="-8.6479667"/>
 <node id="7252321510" visible="true" version="1" changeset="81615070" timestamp="2020-02-29T08:45:13Z" user="Penidos" uid="10731170" lat="42.1779019" lon="-8.6481851"/>
 <node id="7252321511" visible="true" version="1" changeset="81615070" timestamp="2020-02-29T08:45:13Z" user="Penidos" uid="10731170" lat="42.1778029" lon="-8.6475281"/>
 <node id="7252321512" visible="true" version="1" changeset="81615070" timestamp="2020-02-29T08:45:13Z" user="Penidos" uid="10731170" lat="42.1770882" lon="-8.6474743"/>
 <node id="7252321513" visible="true" version="1" changeset="81615070" timestamp="2020-02-29T08:45:13Z" user="Penidos" uid="10731170" lat="42.1771414" lon="-8.6473217"/>
 <node id="7252321514" visible="true" version="1" changeset="81615070" timestamp="2020-02-29T08:45:13Z" user="Penidos" uid="10731170" lat="42.1771062" lon="-8.6471235"/>
 <node id="7252321515" visible="true" version="1" changeset="81615070" timestamp="2020-02-29T08:45:13Z" user="Penidos" uid="10731170" lat="42.1772312" lon="-8.6470436"/>
 <node id="7252321516" visible="true" version="1" changeset="81615070" timestamp="2020-02-29T08:45:13Z" user="Penidos" uid="10731170" lat="42.1776977" lon="-8.6471384"/>
 <node id="7252321517" visible="true" version="1" changeset="81615070" timestamp="2020-02-29T08:45:13Z" user="Penidos" uid="10731170" lat="42.1776885" lon="-8.6474230"/>
 <node id="7252321518" visible="true" version="1" changeset="81615070" timestamp="2020-02-29T08:45:13Z" user="Penidos" uid="10731170" lat="42.1773932" lon="-8.6471230"/>
 <node id="7252321519" visible="true" version="1" changeset="81615070" timestamp="2020-02-29T08:45:13Z" user="Penidos" uid="10731170" lat="42.1779094" lon="-8.6475369"/>
 <node id="7252321520" visible="true" version="1" changeset="81615070" timestamp="2020-02-29T08:45:13Z" user="Penidos" uid="10731170" lat="42.1788323" lon="-8.6478428"/>
 <node id="7252321521" visible="true" version="1" changeset="81615070" timestamp="2020-02-29T08:45:13Z" user="Penidos" uid="10731170" lat="42.1786417" lon="-8.6476834"/>
 <node id="7252321522" visible="true" version="1" changeset="81615070" timestamp="2020-02-29T08:45:13Z" user="Penidos" uid="10731170" lat="42.1783849" lon="-8.6477000"/>
 <node id="7252321523" visible="true" version="1" changeset="81615070" timestamp="2020-02-29T08:45:13Z" user="Penidos" uid="10731170" lat="42.1780093" lon="-8.6473042"/>
 <node id="7252321524" visible="true" version="1" changeset="81615070" timestamp="2020-02-29T08:45:13Z" user="Penidos" uid="10731170" lat="42.1782826" lon="-8.6473995"/>
 <node id="7252321525" visible="true" version="1" changeset="81615070" timestamp="2020-02-29T08:45:13Z" user="Penidos" uid="10731170" lat="42.1782957" lon="-8.6475754"/>
 <node id="7252321526" visible="true" version="1" changeset="81615070" timestamp="2020-02-29T08:45:13Z" user="Penidos" uid="10731170" lat="42.1795180" lon="-8.6429476"/>
 <node id="7252321527" visible="true" version="1" changeset="81615070" timestamp="2020-02-29T08:45:13Z" user="Penidos" uid="10731170" lat="42.1795015" lon="-8.6433739"/>
 <node id="7252321528" visible="true" version="1" changeset="81615070" timestamp="2020-02-29T08:45:13Z" user="Penidos" uid="10731170" lat="42.1798702" lon="-8.6425950"/>
 <node id="7252321529" visible="true" version="1" changeset="81615070" timestamp="2020-02-29T08:45:13Z" user="Penidos" uid="10731170" lat="42.1802268" lon="-8.6424810"/>
 <node id="7252321530" visible="true" version="1" changeset="81615070" timestamp="2020-02-29T08:45:13Z" user="Penidos" uid="10731170" lat="42.1802163" lon="-8.6422484"/>
 <node id="7252321531" visible="true" version="1" changeset="81615070" timestamp="2020-02-29T08:45:13Z" user="Penidos" uid="10731170" lat="42.1800317" lon="-8.6425097"/>
 <node id="7252321532" visible="true" version="1" changeset="81615070" timestamp="2020-02-29T08:45:13Z" user="Penidos" uid="10731170" lat="42.1794001" lon="-8.6479738"/>
 <node id="7252321533" visible="true" version="1" changeset="81615070" timestamp="2020-02-29T08:45:13Z" user="Penidos" uid="10731170" lat="42.1792131" lon="-8.6475934"/>
 <node id="7252321534" visible="true" version="1" changeset="81615070" timestamp="2020-02-29T08:45:13Z" user="Penidos" uid="10731170" lat="42.1798221" lon="-8.6471308"/>
 <node id="7252321535" visible="true" version="1" changeset="81615070" timestamp="2020-02-29T08:45:13Z" user="Penidos" uid="10731170" lat="42.1798549" lon="-8.6466480"/>
 <node id="7252321536" visible="true" version="1" changeset="81615070" timestamp="2020-02-29T08:45:13Z" user="Penidos" uid="10731170" lat="42.1800350" lon="-8.6465029"/>
 <node id="7252321537" visible="true" version="1" changeset="81615070" timestamp="2020-02-29T08:45:13Z" user="Penidos" uid="10731170" lat="42.1799656" lon="-8.6463453"/>
 <node id="7252321538" visible="true" version="1" changeset="81615070" timestamp="2020-02-29T08:45:13Z" user="Penidos" uid="10731170" lat="42.1793643" lon="-8.6462722"/>
 <node id="7252321539" visible="true" version="1" changeset="81615070" timestamp="2020-02-29T08:45:13Z" user="Penidos" uid="10731170" lat="42.1790091" lon="-8.6462187"/>
 <node id="7252321540" visible="true" version="1" changeset="81615070" timestamp="2020-02-29T08:45:13Z" user="Penidos" uid="10731170" lat="42.1792203" lon="-8.6461832"/>
 <node id="7252321541" visible="true" version="1" changeset="81615070" timestamp="2020-02-29T08:45:13Z" user="Penidos" uid="10731170" lat="42.1789886" lon="-8.6457216"/>
 <node id="7252321542" visible="true" version="1" changeset="81615070" timestamp="2020-02-29T08:45:13Z" user="Penidos" uid="10731170" lat="42.1801883" lon="-8.6458226"/>
 <node id="7252321543" visible="true" version="1" changeset="81615070" timestamp="2020-02-29T08:45:13Z" user="Penidos" uid="10731170" lat="42.1793996" lon="-8.6460893"/>
 <node id="7252321544" visible="true" version="1" changeset="81615070" timestamp="2020-02-29T08:45:13Z" user="Penidos" uid="10731170" lat="42.1797016" lon="-8.6459786"/>
 <node id="7252321545" visible="true" version="1" changeset="81615070" timestamp="2020-02-29T08:45:13Z" user="Penidos" uid="10731170" lat="42.1796638" lon="-8.6456401"/>
 <node id="7252321546" visible="true" version="1" changeset="81615070" timestamp="2020-02-29T08:45:13Z" user="Penidos" uid="10731170" lat="42.1798505" lon="-8.6458503"/>
 <node id="7252321547" visible="true" version="1" changeset="81615070" timestamp="2020-02-29T08:45:13Z" user="Penidos" uid="10731170" lat="42.1792696" lon="-8.6456393"/>
 <node id="7252321548" visible="true" version="1" changeset="81615070" timestamp="2020-02-29T08:45:13Z" user="Penidos" uid="10731170" lat="42.1793975" lon="-8.6458246"/>
 <node id="7252321549" visible="true" version="1" changeset="81615070" timestamp="2020-02-29T08:45:13Z" user="Penidos" uid="10731170" lat="42.1793747" lon="-8.6452039"/>
 <node id="7252321550" visible="true" version="1" changeset="81615070" timestamp="2020-02-29T08:45:13Z" user="Penidos" uid="10731170" lat="42.1796459" lon="-8.6481446"/>
 <node id="7252321551" visible="true" version="1" changeset="81615070" timestamp="2020-02-29T08:45:13Z" user="Penidos" uid="10731170" lat="42.1815997" lon="-8.6461142"/>
 <node id="7252321552" visible="true" version="1" changeset="81615070" timestamp="2020-02-29T08:45:13Z" user="Penidos" uid="10731170" lat="42.1816962" lon="-8.6465945"/>
 <node id="7252321553" visible="true" version="1" changeset="81615070" timestamp="2020-02-29T08:45:13Z" user="Penidos" uid="10731170" lat="42.1814800" lon="-8.6470272"/>
 <node id="7252321554" visible="true" version="1" changeset="81615070" timestamp="2020-02-29T08:45:13Z" user="Penidos" uid="10731170" lat="42.1806424" lon="-8.6471105"/>
 <node id="7252321555" visible="true" version="1" changeset="81615070" timestamp="2020-02-29T08:45:13Z" user="Penidos" uid="10731170" lat="42.1807114" lon="-8.6467601"/>
 <node id="7252321556" visible="true" version="1" changeset="81615070" timestamp="2020-02-29T08:45:13Z" user="Penidos" uid="10731170" lat="42.1809851" lon="-8.6466529"/>
 <node id="7252321557" visible="true" version="1" changeset="81615070" timestamp="2020-02-29T08:45:13Z" user="Penidos" uid="10731170" lat="42.1799019" lon="-8.6480952"/>
 <node id="7252321558" visible="true" version="1" changeset="81615070" timestamp="2020-02-29T08:45:13Z" user="Penidos" uid="10731170" lat="42.1802847" lon="-8.6473650"/>
 <node id="7252321559" visible="true" version="1" changeset="81615070" timestamp="2020-02-29T08:45:13Z" user="Penidos" uid="10731170" lat="42.1802234" lon="-8.6476055"/>
 <node id="7252321560" visible="true" version="1" changeset="81615070" timestamp="2020-02-29T08:45:13Z" user="Penidos" uid="10731170" lat="42.1800249" lon="-8.6477428"/>
 <node id="7252321561" visible="true" version="1" changeset="81615070" timestamp="2020-02-29T08:45:13Z" user="Penidos" uid="10731170" lat="42.1801451" lon="-8.6476968"/>
 <node id="7252321562" visible="true" version="1" changeset="81615070" timestamp="2020-02-29T08:45:13Z" user="Penidos" uid="10731170" lat="42.1800053" lon="-8.6479756"/>
 <node id="7252321563" visible="true" version="1" changeset="81615070" timestamp="2020-02-29T08:45:13Z" user="Penidos" uid="10731170" lat="42.1811139" lon="-8.6447557"/>
 <node id="7252321564" visible="true" version="1" changeset="81615070" timestamp="2020-02-29T08:45:13Z" user="Penidos" uid="10731170" lat="42.1809352" lon="-8.6448193"/>
 <node id="7252321565" visible="true" version="1" changeset="81615070" timestamp="2020-02-29T08:45:13Z" user="Penidos" uid="10731170" lat="42.1808601" lon="-8.6449986"/>
 <node id="7252321566" visible="true" version="1" changeset="81615070" timestamp="2020-02-29T08:45:13Z" user="Penidos" uid="10731170" lat="42.1805232" lon="-8.6453448"/>
 <node id="7252358730" visible="true" version="1" changeset="81615635" timestamp="2020-02-29T09:17:02Z" user="Penidos" uid="10731170" lat="42.1820810" lon="-8.6493114"/>
 <node id="7252358731" visible="true" version="1" changeset="81615635" timestamp="2020-02-29T09:17:02Z" user="Penidos" uid="10731170" lat="42.1818477" lon="-8.6489089"/>
 <node id="7252358732" visible="true" version="1" changeset="81615635" timestamp="2020-02-29T09:17:02Z" user="Penidos" uid="10731170" lat="42.1820486" lon="-8.6495452"/>
 <node id="7252358733" visible="true" version="1" changeset="81615635" timestamp="2020-02-29T09:17:02Z" user="Penidos" uid="10731170" lat="42.1819113" lon="-8.6493985"/>
 <node id="7252358734" visible="true" version="1" changeset="81615635" timestamp="2020-02-29T09:17:02Z" user="Penidos" uid="10731170" lat="42.1816825" lon="-8.6496520"/>
 <node id="7252358735" visible="true" version="1" changeset="81615635" timestamp="2020-02-29T09:17:02Z" user="Penidos" uid="10731170" lat="42.1816541" lon="-8.6499368"/>
 <node id="7252358736" visible="true" version="1" changeset="81615635" timestamp="2020-02-29T09:17:02Z" user="Penidos" uid="10731170" lat="42.1816594" lon="-8.6502480"/>
 <node id="7252358737" visible="true" version="1" changeset="81615635" timestamp="2020-02-29T09:17:02Z" user="Penidos" uid="10731170" lat="42.1818222" lon="-8.6503930"/>
 <node id="7252358738" visible="true" version="1" changeset="81615635" timestamp="2020-02-29T09:17:02Z" user="Penidos" uid="10731170" lat="42.1822299" lon="-8.6506337"/>
 <node id="7252358739" visible="true" version="1" changeset="81615635" timestamp="2020-02-29T09:17:02Z" user="Penidos" uid="10731170" lat="42.1828862" lon="-8.6499040"/>
 <node id="7252358740" visible="true" version="1" changeset="81615635" timestamp="2020-02-29T09:17:02Z" user="Penidos" uid="10731170" lat="42.1835655" lon="-8.6490573"/>
 <node id="7252358741" visible="true" version="1" changeset="81615635" timestamp="2020-02-29T09:17:02Z" user="Penidos" uid="10731170" lat="42.1838426" lon="-8.6486950"/>
 <node id="7252358742" visible="true" version="1" changeset="81615635" timestamp="2020-02-29T09:17:02Z" user="Penidos" uid="10731170" lat="42.1837708" lon="-8.6485342"/>
 <node id="7252358743" visible="true" version="1" changeset="81615635" timestamp="2020-02-29T09:17:02Z" user="Penidos" uid="10731170" lat="42.1839252" lon="-8.6480618"/>
 <node id="7252358744" visible="true" version="1" changeset="81615635" timestamp="2020-02-29T09:17:02Z" user="Penidos" uid="10731170" lat="42.1838722" lon="-8.6478391"/>
 <node id="7252358745" visible="true" version="1" changeset="81615635" timestamp="2020-02-29T09:17:02Z" user="Penidos" uid="10731170" lat="42.1839938" lon="-8.6467734"/>
 <node id="7252358746" visible="true" version="1" changeset="81615635" timestamp="2020-02-29T09:17:02Z" user="Penidos" uid="10731170" lat="42.1842411" lon="-8.6473369"/>
 <node id="7252358747" visible="true" version="1" changeset="81615635" timestamp="2020-02-29T09:17:02Z" user="Penidos" uid="10731170" lat="42.1848320" lon="-8.6474850"/>
 <node id="7252358748" visible="true" version="1" changeset="81615635" timestamp="2020-02-29T09:17:02Z" user="Penidos" uid="10731170" lat="42.1849717" lon="-8.6476118"/>
 <node id="7252358749" visible="true" version="1" changeset="81615635" timestamp="2020-02-29T09:17:02Z" user="Penidos" uid="10731170" lat="42.1851067" lon="-8.6475805"/>
 <node id="7252358750" visible="true" version="1" changeset="81615635" timestamp="2020-02-29T09:17:02Z" user="Penidos" uid="10731170" lat="42.1852393" lon="-8.6474095"/>
 <node id="7252358751" visible="true" version="1" changeset="81615635" timestamp="2020-02-29T09:17:02Z" user="Penidos" uid="10731170" lat="42.1853907" lon="-8.6472361"/>
 <node id="7252358752" visible="true" version="1" changeset="81615635" timestamp="2020-02-29T09:17:02Z" user="Penidos" uid="10731170" lat="42.1854664" lon="-8.6469061"/>
 <node id="7252358753" visible="true" version="1" changeset="81615635" timestamp="2020-02-29T09:17:02Z" user="Penidos" uid="10731170" lat="42.1856195" lon="-8.6465654"/>
 <node id="7252358754" visible="true" version="1" changeset="81615635" timestamp="2020-02-29T09:17:02Z" user="Penidos" uid="10731170" lat="42.1857010" lon="-8.6470371"/>
 <node id="7252358755" visible="true" version="1" changeset="81615635" timestamp="2020-02-29T09:17:02Z" user="Penidos" uid="10731170" lat="42.1869722" lon="-8.6468148"/>
 <node id="7252358756" visible="true" version="1" changeset="81615635" timestamp="2020-02-29T09:17:02Z" user="Penidos" uid="10731170" lat="42.1859360" lon="-8.6468381"/>
 <node id="7252358757" visible="true" version="1" changeset="81615635" timestamp="2020-02-29T09:17:02Z" user="Penidos" uid="10731170" lat="42.1859587" lon="-8.6470187"/>
 <node id="7252358758" visible="true" version="1" changeset="81615635" timestamp="2020-02-29T09:17:02Z" user="Penidos" uid="10731170" lat="42.1859103" lon="-8.6465684"/>
 <node id="7252358759" visible="true" version="1" changeset="81615635" timestamp="2020-02-29T09:17:02Z" user="Penidos" uid="10731170" lat="42.1860306" lon="-8.6465091"/>
 <node id="7252358760" visible="true" version="1" changeset="81615635" timestamp="2020-02-29T09:17:02Z" user="Penidos" uid="10731170" lat="42.1860858" lon="-8.6463646"/>
 <node id="7252358761" visible="true" version="1" changeset="81615635" timestamp="2020-02-29T09:17:02Z" user="Penidos" uid="10731170" lat="42.1862285" lon="-8.6465018"/>
 <node id="7252358762" visible="true" version="1" changeset="81615635" timestamp="2020-02-29T09:17:02Z" user="Penidos" uid="10731170" lat="42.1862949" lon="-8.6465704"/>
 <node id="7252358763" visible="true" version="1" changeset="81615635" timestamp="2020-02-29T09:17:02Z" user="Penidos" uid="10731170" lat="42.1870980" lon="-8.6467553"/>
 <node id="7252358764" visible="true" version="1" changeset="81615635" timestamp="2020-02-29T09:17:02Z" user="Penidos" uid="10731170" lat="42.1868839" lon="-8.6465364"/>
 <node id="7252358765" visible="true" version="1" changeset="81615635" timestamp="2020-02-29T09:17:02Z" user="Penidos" uid="10731170" lat="42.1867769" lon="-8.6466272"/>
 <node id="7252358766" visible="true" version="1" changeset="81615635" timestamp="2020-02-29T09:17:02Z" user="Penidos" uid="10731170" lat="42.1867744" lon="-8.6469424"/>
 <node id="7252358767" visible="true" version="1" changeset="81615635" timestamp="2020-02-29T09:17:02Z" user="Penidos" uid="10731170" lat="42.1861091" lon="-8.6469482"/>
 <node id="7252358768" visible="true" version="1" changeset="81615635" timestamp="2020-02-29T09:17:02Z" user="Penidos" uid="10731170" lat="42.1864691" lon="-8.6468557"/>
 <node id="7252358769" visible="true" version="1" changeset="81615635" timestamp="2020-02-29T09:17:02Z" user="Penidos" uid="10731170" lat="42.1863399" lon="-8.6469652"/>
 <node id="7252358770" visible="true" version="1" changeset="81615635" timestamp="2020-02-29T09:17:02Z" user="Penidos" uid="10731170" lat="42.1866217" lon="-8.6468990"/>
 <node id="7252358771" visible="true" version="1" changeset="81615635" timestamp="2020-02-29T09:17:02Z" user="Penidos" uid="10731170" lat="42.1858228" lon="-8.6472299"/>
 <node id="7252358772" visible="true" version="1" changeset="81615635" timestamp="2020-02-29T09:17:02Z" user="Penidos" uid="10731170" lat="42.1856348" lon="-8.6478692"/>
 <node id="7252358773" visible="true" version="1" changeset="81615635" timestamp="2020-02-29T09:17:02Z" user="Penidos" uid="10731170" lat="42.1856549" lon="-8.6476645"/>
 <node id="7252358774" visible="true" version="1" changeset="81615635" timestamp="2020-02-29T09:17:02Z" user="Penidos" uid="10731170" lat="42.1858368" lon="-8.6475884"/>
 <node id="7252358775" visible="true" version="1" changeset="81615635" timestamp="2020-02-29T09:17:02Z" user="Penidos" uid="10731170" lat="42.1856459" lon="-8.6488647"/>
 <node id="7252358776" visible="true" version="1" changeset="81615635" timestamp="2020-02-29T09:17:02Z" user="Penidos" uid="10731170" lat="42.1854607" lon="-8.6481772"/>
 <node id="7252358777" visible="true" version="1" changeset="81615635" timestamp="2020-02-29T09:17:02Z" user="Penidos" uid="10731170" lat="42.1852760" lon="-8.6484524"/>
 <node id="7252358778" visible="true" version="1" changeset="81615635" timestamp="2020-02-29T09:17:02Z" user="Penidos" uid="10731170" lat="42.1853945" lon="-8.6489484"/>
 <node id="7252358779" visible="true" version="1" changeset="81615635" timestamp="2020-02-29T09:17:02Z" user="Penidos" uid="10731170" lat="42.1851634" lon="-8.6487110"/>
 <node id="7252358780" visible="true" version="1" changeset="81615635" timestamp="2020-02-29T09:17:02Z" user="Penidos" uid="10731170" lat="42.1852509" lon="-8.6486133"/>
 <node id="7252358781" visible="true" version="1" changeset="81615635" timestamp="2020-02-29T09:17:02Z" user="Penidos" uid="10731170" lat="42.1852087" lon="-8.6489298"/>
 <node id="7252358782" visible="true" version="1" changeset="81615635" timestamp="2020-02-29T09:17:02Z" user="Penidos" uid="10731170" lat="42.1858311" lon="-8.6486350"/>
 <node id="7252358783" visible="true" version="1" changeset="81615635" timestamp="2020-02-29T09:17:02Z" user="Penidos" uid="10731170" lat="42.1861509" lon="-8.6487730"/>
 <node id="7252358784" visible="true" version="1" changeset="81615635" timestamp="2020-02-29T09:17:02Z" user="Penidos" uid="10731170" lat="42.1867154" lon="-8.6491766"/>
 <node id="7252359885" visible="true" version="1" changeset="81615635" timestamp="2020-02-29T09:17:02Z" user="Penidos" uid="10731170" lat="42.1869850" lon="-8.6497006"/>
 <node id="7252359886" visible="true" version="1" changeset="81615635" timestamp="2020-02-29T09:17:02Z" user="Penidos" uid="10731170" lat="42.1868814" lon="-8.6495072"/>
 <node id="7252359887" visible="true" version="1" changeset="81615635" timestamp="2020-02-29T09:17:02Z" user="Penidos" uid="10731170" lat="42.1872233" lon="-8.6501972"/>
 <node id="7252359888" visible="true" version="1" changeset="81615635" timestamp="2020-02-29T09:17:02Z" user="Penidos" uid="10731170" lat="42.1870377" lon="-8.6500438"/>
 <node id="7252359889" visible="true" version="1" changeset="81615635" timestamp="2020-02-29T09:17:02Z" user="Penidos" uid="10731170" lat="42.1869567" lon="-8.6498933"/>
 <node id="7252359890" visible="true" version="1" changeset="81615635" timestamp="2020-02-29T09:17:02Z" user="Penidos" uid="10731170" lat="42.1874915" lon="-8.6506541"/>
 <node id="7252359891" visible="true" version="1" changeset="81615635" timestamp="2020-02-29T09:17:02Z" user="Penidos" uid="10731170" lat="42.1878013" lon="-8.6517427"/>
 <node id="7252359892" visible="true" version="1" changeset="81615635" timestamp="2020-02-29T09:17:02Z" user="Penidos" uid="10731170" lat="42.1876418" lon="-8.6514579"/>
 <node id="7252359893" visible="true" version="1" changeset="81615635" timestamp="2020-02-29T09:17:02Z" user="Penidos" uid="10731170" lat="42.1874996" lon="-8.6512101"/>
 <node id="7252359894" visible="true" version="1" changeset="81615635" timestamp="2020-02-29T09:17:02Z" user="Penidos" uid="10731170" lat="42.1876741" lon="-8.6521733"/>
 <node id="7252359895" visible="true" version="1" changeset="81615635" timestamp="2020-02-29T09:17:02Z" user="Penidos" uid="10731170" lat="42.1872714" lon="-8.6531237"/>
 <node id="7252359896" visible="true" version="1" changeset="81615635" timestamp="2020-02-29T09:17:02Z" user="Penidos" uid="10731170" lat="42.1870974" lon="-8.6536041"/>
 <node id="7252359897" visible="true" version="1" changeset="81615635" timestamp="2020-02-29T09:17:02Z" user="Penidos" uid="10731170" lat="42.1868659" lon="-8.6538391"/>
 <node id="7252359898" visible="true" version="1" changeset="81615635" timestamp="2020-02-29T09:17:02Z" user="Penidos" uid="10731170" lat="42.1870207" lon="-8.6537849"/>
 <node id="7252359899" visible="true" version="1" changeset="81615635" timestamp="2020-02-29T09:17:02Z" user="Penidos" uid="10731170" lat="42.1865978" lon="-8.6539144"/>
 <node id="7252359900" visible="true" version="1" changeset="81615635" timestamp="2020-02-29T09:17:02Z" user="Penidos" uid="10731170" lat="42.1864091" lon="-8.6542420"/>
 <node id="7252359901" visible="true" version="1" changeset="81615635" timestamp="2020-02-29T09:17:02Z" user="Penidos" uid="10731170" lat="42.1861117" lon="-8.6543636"/>
 <node id="7252359902" visible="true" version="1" changeset="81615635" timestamp="2020-02-29T09:17:02Z" user="Penidos" uid="10731170" lat="42.1861231" lon="-8.6546194"/>
 <node id="7252359903" visible="true" version="1" changeset="81615635" timestamp="2020-02-29T09:17:02Z" user="Penidos" uid="10731170" lat="42.1862498" lon="-8.6546736"/>
 <node id="7252359904" visible="true" version="1" changeset="81615635" timestamp="2020-02-29T09:17:02Z" user="Penidos" uid="10731170" lat="42.1864226" lon="-8.6549009"/>
 <node id="7252359905" visible="true" version="1" changeset="81615635" timestamp="2020-02-29T09:17:02Z" user="Penidos" uid="10731170" lat="42.1869879" lon="-8.6556969"/>
 <node id="7252359906" visible="true" version="1" changeset="81615635" timestamp="2020-02-29T09:17:02Z" user="Penidos" uid="10731170" lat="42.1869498" lon="-8.6560813"/>
 <node id="7252359907" visible="true" version="1" changeset="81615635" timestamp="2020-02-29T09:17:02Z" user="Penidos" uid="10731170" lat="42.1869376" lon="-8.6557995"/>
 <node id="7252360112" visible="true" version="1" changeset="81615635" timestamp="2020-02-29T09:17:02Z" user="Penidos" uid="10731170" lat="42.1819768" lon="-8.6430157"/>
 <node id="7273866935" visible="true" version="2" changeset="81918044" timestamp="2020-03-08T09:20:24Z" user="Penidos" uid="10731170" lat="42.1837345" lon="-8.6488334"/>
 <node id="7276287927" visible="true" version="1" changeset="81918044" timestamp="2020-03-08T09:20:24Z" user="Penidos" uid="10731170" lat="42.1912687" lon="-8.6531152"/>
 <node id="7276287928" visible="true" version="1" changeset="81918044" timestamp="2020-03-08T09:20:24Z" user="Penidos" uid="10731170" lat="42.1916635" lon="-8.6532300"/>
 <node id="7276287929" visible="true" version="1" changeset="81918044" timestamp="2020-03-08T09:20:24Z" user="Penidos" uid="10731170" lat="42.1918638" lon="-8.6530071"/>
 <node id="7276287930" visible="true" version="1" changeset="81918044" timestamp="2020-03-08T09:20:24Z" user="Penidos" uid="10731170" lat="42.1921053" lon="-8.6527749"/>
 <node id="7276287931" visible="true" version="1" changeset="81918044" timestamp="2020-03-08T09:20:24Z" user="Penidos" uid="10731170" lat="42.1923357" lon="-8.6527600"/>
 <node id="7276287932" visible="true" version="1" changeset="81918044" timestamp="2020-03-08T09:20:24Z" user="Penidos" uid="10731170" lat="42.1924913" lon="-8.6525345"/>
 <node id="7276287933" visible="true" version="1" changeset="81918044" timestamp="2020-03-08T09:20:24Z" user="Penidos" uid="10731170" lat="42.1926556" lon="-8.6524529"/>
 <node id="7276287934" visible="true" version="1" changeset="81918044" timestamp="2020-03-08T09:20:24Z" user="Penidos" uid="10731170" lat="42.1924021" lon="-8.6537780"/>
 <node id="7276287935" visible="true" version="1" changeset="81918044" timestamp="2020-03-08T09:20:24Z" user="Penidos" uid="10731170" lat="42.1921287" lon="-8.6537392"/>
 <node id="7276287936" visible="true" version="1" changeset="81918044" timestamp="2020-03-08T09:20:24Z" user="Penidos" uid="10731170" lat="42.1922519" lon="-8.6534986"/>
 <node id="7276287937" visible="true" version="1" changeset="81918044" timestamp="2020-03-08T09:20:24Z" user="Penidos" uid="10731170" lat="42.1925629" lon="-8.6543775"/>
 <node id="7276287938" visible="true" version="1" changeset="81918044" timestamp="2020-03-08T09:20:24Z" user="Penidos" uid="10731170" lat="42.1923960" lon="-8.6539687"/>
 <node id="7276287939" visible="true" version="1" changeset="81918044" timestamp="2020-03-08T09:20:24Z" user="Penidos" uid="10731170" lat="42.1925227" lon="-8.6541030"/>
 <node id="7276287940" visible="true" version="1" changeset="81918044" timestamp="2020-03-08T09:20:24Z" user="Penidos" uid="10731170" lat="42.1924334" lon="-8.6540553"/>
 <node id="7276287941" visible="true" version="1" changeset="81918044" timestamp="2020-03-08T09:20:24Z" user="Penidos" uid="10731170" lat="42.1923967" lon="-8.6544320"/>
 <node id="7276287942" visible="true" version="1" changeset="81918044" timestamp="2020-03-08T09:20:24Z" user="Penidos" uid="10731170" lat="42.1896557" lon="-8.6549572"/>
 <node id="7276287943" visible="true" version="1" changeset="81918044" timestamp="2020-03-08T09:20:24Z" user="Penidos" uid="10731170" lat="42.1904051" lon="-8.6544412"/>
 <node id="7276287944" visible="true" version="1" changeset="81918044" timestamp="2020-03-08T09:20:24Z" user="Penidos" uid="10731170" lat="42.1906032" lon="-8.6538055"/>
 <node id="7276287945" visible="true" version="1" changeset="81918044" timestamp="2020-03-08T09:20:24Z" user="Penidos" uid="10731170" lat="42.1905811" lon="-8.6535966"/>
 <node id="7276287946" visible="true" version="1" changeset="81918044" timestamp="2020-03-08T09:20:24Z" user="Penidos" uid="10731170" lat="42.1904316" lon="-8.6533949"/>
 <node id="7276287947" visible="true" version="1" changeset="81918044" timestamp="2020-03-08T09:20:24Z" user="Penidos" uid="10731170" lat="42.1899182" lon="-8.6530214"/>
 <node id="7276287948" visible="true" version="1" changeset="81918044" timestamp="2020-03-08T09:20:24Z" user="Penidos" uid="10731170" lat="42.1903076" lon="-8.6532159"/>
 <node id="7276287949" visible="true" version="1" changeset="81918044" timestamp="2020-03-08T09:20:24Z" user="Penidos" uid="10731170" lat="42.1901187" lon="-8.6534964"/>
 <node id="7276287950" visible="true" version="1" changeset="81918044" timestamp="2020-03-08T09:20:24Z" user="Penidos" uid="10731170" lat="42.1902449" lon="-8.6532121"/>
 <node id="7276287951" visible="true" version="1" changeset="81918044" timestamp="2020-03-08T09:20:24Z" user="Penidos" uid="10731170" lat="42.1899435" lon="-8.6532978"/>
 <node id="7276287952" visible="true" version="1" changeset="81918044" timestamp="2020-03-08T09:20:24Z" user="Penidos" uid="10731170" lat="42.1900222" lon="-8.6527451"/>
 <node id="7276287953" visible="true" version="1" changeset="81918044" timestamp="2020-03-08T09:20:24Z" user="Penidos" uid="10731170" lat="42.1901694" lon="-8.6526109"/>
 <node id="7276287954" visible="true" version="1" changeset="81918044" timestamp="2020-03-08T09:20:24Z" user="Penidos" uid="10731170" lat="42.1904565" lon="-8.6530305"/>
 <node id="7276287955" visible="true" version="1" changeset="81918044" timestamp="2020-03-08T09:20:24Z" user="Penidos" uid="10731170" lat="42.1903678" lon="-8.6527272"/>
 <node id="7276287956" visible="true" version="1" changeset="81918044" timestamp="2020-03-08T09:20:24Z" user="Penidos" uid="10731170" lat="42.1906174" lon="-8.6531079"/>
 <node id="7276287957" visible="true" version="1" changeset="81918044" timestamp="2020-03-08T09:20:24Z" user="Penidos" uid="10731170" lat="42.1910354" lon="-8.6547587"/>
 <node id="7276287958" visible="true" version="1" changeset="81918044" timestamp="2020-03-08T09:20:24Z" user="Penidos" uid="10731170" lat="42.1910658" lon="-8.6541864"/>
 <node id="7276287959" visible="true" version="1" changeset="81918044" timestamp="2020-03-08T09:20:24Z" user="Penidos" uid="10731170" lat="42.1912761" lon="-8.6545483"/>
 <node id="7276287960" visible="true" version="1" changeset="81918044" timestamp="2020-03-08T09:20:24Z" user="Penidos" uid="10731170" lat="42.1913330" lon="-8.6542095"/>
 <node id="7276287961" visible="true" version="1" changeset="81918044" timestamp="2020-03-08T09:20:24Z" user="Penidos" uid="10731170" lat="42.1913326" lon="-8.6539077"/>
 <node id="7276287962" visible="true" version="1" changeset="81918044" timestamp="2020-03-08T09:20:24Z" user="Penidos" uid="10731170" lat="42.1912574" lon="-8.6533674"/>
 <node id="7276287963" visible="true" version="1" changeset="81918044" timestamp="2020-03-08T09:20:24Z" user="Penidos" uid="10731170" lat="42.1909859" lon="-8.6536822"/>
 <node id="7276287964" visible="true" version="1" changeset="81918044" timestamp="2020-03-08T09:20:24Z" user="Penidos" uid="10731170" lat="42.1910259" lon="-8.6539265"/>
 <node id="7276287965" visible="true" version="1" changeset="81918044" timestamp="2020-03-08T09:20:24Z" user="Penidos" uid="10731170" lat="42.1908189" lon="-8.6530874"/>
 <node id="7276287966" visible="true" version="1" changeset="81918044" timestamp="2020-03-08T09:20:24Z" user="Penidos" uid="10731170" lat="42.1909111" lon="-8.6533692"/>
 <node id="7276287967" visible="true" version="1" changeset="81918044" timestamp="2020-03-08T09:20:24Z" user="Penidos" uid="10731170" lat="42.1914385" lon="-8.6549846"/>
 <node id="7276287968" visible="true" version="1" changeset="81918044" timestamp="2020-03-08T09:20:24Z" user="Penidos" uid="10731170" lat="42.1916297" lon="-8.6548173"/>
 <node id="7276287969" visible="true" version="1" changeset="81918044" timestamp="2020-03-08T09:20:24Z" user="Penidos" uid="10731170" lat="42.1919849" lon="-8.6548699"/>
 <node id="7276287970" visible="true" version="1" changeset="81918044" timestamp="2020-03-08T09:20:24Z" user="Penidos" uid="10731170" lat="42.1910743" lon="-8.6553934"/>
 <node id="7276287971" visible="true" version="1" changeset="81918044" timestamp="2020-03-08T09:20:24Z" user="Penidos" uid="10731170" lat="42.1910567" lon="-8.6557029"/>
 <node id="7276287972" visible="true" version="1" changeset="81918044" timestamp="2020-03-08T09:20:24Z" user="Penidos" uid="10731170" lat="42.1903926" lon="-8.6560664"/>
 <node id="7276287973" visible="true" version="1" changeset="81918044" timestamp="2020-03-08T09:20:24Z" user="Penidos" uid="10731170" lat="42.1897371" lon="-8.6566347"/>
 <node id="7276287974" visible="true" version="1" changeset="81918044" timestamp="2020-03-08T09:20:24Z" user="Penidos" uid="10731170" lat="42.1901874" lon="-8.6561770"/>
 <node id="7276287975" visible="true" version="1" changeset="81918044" timestamp="2020-03-08T09:20:24Z" user="Penidos" uid="10731170" lat="42.1899363" lon="-8.6563630"/>
 <node id="7276287976" visible="true" version="1" changeset="81918044" timestamp="2020-03-08T09:20:24Z" user="Penidos" uid="10731170" lat="42.1890923" lon="-8.6559603"/>
 <node id="7276287977" visible="true" version="1" changeset="81918044" timestamp="2020-03-08T09:20:24Z" user="Penidos" uid="10731170" lat="42.1892011" lon="-8.6555306"/>
 <node id="7276287978" visible="true" version="1" changeset="81918044" timestamp="2020-03-08T09:20:24Z" user="Penidos" uid="10731170" lat="42.1893190" lon="-8.6553314"/>
 <node id="7276287979" visible="true" version="1" changeset="81918044" timestamp="2020-03-08T09:20:24Z" user="Penidos" uid="10731170" lat="42.1889129" lon="-8.6566080"/>
 <node id="7276287980" visible="true" version="1" changeset="81918044" timestamp="2020-03-08T09:20:24Z" user="Penidos" uid="10731170" lat="42.1885873" lon="-8.6565008"/>
 <node id="7276287981" visible="true" version="1" changeset="81918044" timestamp="2020-03-08T09:20:24Z" user="Penidos" uid="10731170" lat="42.1887943" lon="-8.6563945"/>
 <node id="7276287982" visible="true" version="1" changeset="81918044" timestamp="2020-03-08T09:20:24Z" user="Penidos" uid="10731170" lat="42.1882716" lon="-8.6575169"/>
 <node id="7276287983" visible="true" version="1" changeset="81918044" timestamp="2020-03-08T09:20:24Z" user="Penidos" uid="10731170" lat="42.1879214" lon="-8.6570590"/>
 <node id="7276287984" visible="true" version="1" changeset="81918044" timestamp="2020-03-08T09:20:24Z" user="Penidos" uid="10731170" lat="42.1881773" lon="-8.6569726"/>
 <node id="7276290785" visible="true" version="1" changeset="81918044" timestamp="2020-03-08T09:20:24Z" user="Penidos" uid="10731170" lat="42.1880118" lon="-8.6565836"/>
 <node id="7276290786" visible="true" version="1" changeset="81918044" timestamp="2020-03-08T09:20:24Z" user="Penidos" uid="10731170" lat="42.1881205" lon="-8.6564977"/>
 <node id="7276290787" visible="true" version="1" changeset="81918044" timestamp="2020-03-08T09:20:24Z" user="Penidos" uid="10731170" lat="42.1897640" lon="-8.6572771"/>
 <node id="7276290788" visible="true" version="1" changeset="81918044" timestamp="2020-03-08T09:20:24Z" user="Penidos" uid="10731170" lat="42.1896207" lon="-8.6568824"/>
 <node id="7276290789" visible="true" version="1" changeset="81918044" timestamp="2020-03-08T09:20:24Z" user="Penidos" uid="10731170" lat="42.1898107" lon="-8.6599755"/>
 <node id="7276290897" visible="true" version="1" changeset="81918044" timestamp="2020-03-08T09:20:24Z" user="Penidos" uid="10731170" lat="42.1904162" lon="-8.6528928"/>
 <node id="7396746723" visible="true" version="1" changeset="83450728" timestamp="2020-04-13T05:36:04Z" user="Penidos" uid="10731170" lat="42.1915620" lon="-8.6625181"/>
 <node id="7396746724" visible="true" version="1" changeset="83450728" timestamp="2020-04-13T05:36:04Z" user="Penidos" uid="10731170" lat="42.1908112" lon="-8.6617093"/>
 <node id="7396746725" visible="true" version="1" changeset="83450728" timestamp="2020-04-13T05:36:04Z" user="Penidos" uid="10731170" lat="42.1903153" lon="-8.6609934"/>
 <node id="7869148268" visible="true" version="2" changeset="125510322" timestamp="2022-08-29T08:22:07Z" user="Miike728" uid="14688874" lat="42.1683523" lon="-8.6774404"/>
 <node id="7869148269" visible="true" version="2" changeset="125510322" timestamp="2022-08-29T08:22:07Z" user="Miike728" uid="14688874" lat="42.1684802" lon="-8.6771461"/>
 <node id="7884190026" visible="true" version="1" changeset="90535431" timestamp="2020-09-07T13:53:20Z" user="ChusGS" uid="693034" lat="42.1659278" lon="-8.6888207"/>
 <node id="7884190067" visible="true" version="1" changeset="90535431" timestamp="2020-09-07T13:53:20Z" user="ChusGS" uid="693034" lat="42.1639817" lon="-8.6799653"/>
 <node id="8423198876" visible="true" version="1" changeset="99260701" timestamp="2021-02-14T17:48:37Z" user="AntonioLago" uid="11626760" lat="42.1554388" lon="-8.6736557"/>
 <node id="8423198877" visible="true" version="1" changeset="99260701" timestamp="2021-02-14T17:48:37Z" user="AntonioLago" uid="11626760" lat="42.1559842" lon="-8.6738978"/>
 <node id="8423198878" visible="true" version="1" changeset="99260701" timestamp="2021-02-14T17:48:37Z" user="AntonioLago" uid="11626760" lat="42.1561870" lon="-8.6739837"/>
 <node id="8423198879" visible="true" version="1" changeset="99260701" timestamp="2021-02-14T17:48:37Z" user="AntonioLago" uid="11626760" lat="42.1564833" lon="-8.6744182"/>
 <node id="8423198880" visible="true" version="2" changeset="107405281" timestamp="2021-07-04T20:07:12Z" user="AntonioLago" uid="11626760" lat="42.1569178" lon="-8.6748258"/>
 <node id="8423198881" visible="true" version="2" changeset="107405281" timestamp="2021-07-04T20:07:12Z" user="AntonioLago" uid="11626760" lat="42.1574586" lon="-8.6754428"/>
 <node id="8423198882" visible="true" version="3" changeset="107405281" timestamp="2021-07-04T20:07:12Z" user="AntonioLago" uid="11626760" lat="42.1577837" lon="-8.6759698"/>
 <node id="8423198885" visible="true" version="2" changeset="107405281" timestamp="2021-07-04T20:07:12Z" user="AntonioLago" uid="11626760" lat="42.1579954" lon="-8.6760382"/>
 <node id="8423198886" visible="true" version="1" changeset="99260701" timestamp="2021-02-14T17:48:37Z" user="AntonioLago" uid="11626760" lat="42.1583374" lon="-8.6761227"/>
 <node id="8423198887" visible="true" version="1" changeset="99260701" timestamp="2021-02-14T17:48:37Z" user="AntonioLago" uid="11626760" lat="42.1584587" lon="-8.6761335"/>
 <node id="8423198888" visible="true" version="1" changeset="99260701" timestamp="2021-02-14T17:48:37Z" user="AntonioLago" uid="11626760" lat="42.1586595" lon="-8.6760986"/>
 <node id="8423198889" visible="true" version="1" changeset="99260701" timestamp="2021-02-14T17:48:37Z" user="AntonioLago" uid="11626760" lat="42.1588444" lon="-8.6759698"/>
 <node id="8423198890" visible="true" version="1" changeset="99260701" timestamp="2021-02-14T17:48:37Z" user="AntonioLago" uid="11626760" lat="42.1591864" lon="-8.6759242"/>
 <node id="8423198891" visible="true" version="1" changeset="99260701" timestamp="2021-02-14T17:48:37Z" user="AntonioLago" uid="11626760" lat="42.1594091" lon="-8.6759269"/>
 <node id="8423198892" visible="true" version="1" changeset="99260701" timestamp="2021-02-14T17:48:37Z" user="AntonioLago" uid="11626760" lat="42.1595622" lon="-8.6760047"/>
 <node id="8423198893" visible="true" version="1" changeset="99260701" timestamp="2021-02-14T17:48:37Z" user="AntonioLago" uid="11626760" lat="42.1596944" lon="-8.6762649"/>
 <node id="8423198894" visible="true" version="1" changeset="99260701" timestamp="2021-02-14T17:48:37Z" user="AntonioLago" uid="11626760" lat="42.1598416" lon="-8.6764714"/>
 <node id="8423198895" visible="true" version="1" changeset="99260701" timestamp="2021-02-14T17:48:37Z" user="AntonioLago" uid="11626760" lat="42.1599514" lon="-8.6767014"/>
 <node id="8423198896" visible="true" version="1" changeset="99260701" timestamp="2021-02-14T17:48:37Z" user="AntonioLago" uid="11626760" lat="42.1601875" lon="-8.6768603"/>
 <node id="8423198897" visible="true" version="1" changeset="99260701" timestamp="2021-02-14T17:48:37Z" user="AntonioLago" uid="11626760" lat="42.1605137" lon="-8.6774605"/>
 <node id="8893218317" visible="true" version="1" changeset="107405281" timestamp="2021-07-04T20:07:12Z" user="AntonioLago" uid="11626760" lat="42.1583136" lon="-8.6746424">
  <tag k="barrier" v="toll_booth"/>
 </node>
 <node id="8893218318" visible="true" version="1" changeset="107405281" timestamp="2021-07-04T20:07:12Z" user="AntonioLago" uid="11626760" lat="42.1583061" lon="-8.6745127"/>
 <node id="8893218319" visible="true" version="1" changeset="107405281" timestamp="2021-07-04T20:07:12Z" user="AntonioLago" uid="11626760" lat="42.1583543" lon="-8.6745248"/>
 <node id="8893218320" visible="true" version="1" changeset="107405281" timestamp="2021-07-04T20:07:12Z" user="AntonioLago" uid="11626760" lat="42.1583612" lon="-8.6744418"/>
 <node id="8893218321" visible="true" version="1" changeset="107405281" timestamp="2021-07-04T20:07:12Z" user="AntonioLago" uid="11626760" lat="42.1582857" lon="-8.6747602"/>
 <node id="8893218322" visible="true" version="1" changeset="107405281" timestamp="2021-07-04T20:07:12Z" user="AntonioLago" uid="11626760" lat="42.1581048" lon="-8.6752456"/>
 <node id="8893218323" visible="true" version="1" changeset="107405281" timestamp="2021-07-04T20:07:12Z" user="AntonioLago" uid="11626760" lat="42.1579815" lon="-8.6754602"/>
 <node id="8893218324" visible="true" version="1" changeset="107405281" timestamp="2021-07-04T20:07:12Z" user="AntonioLago" uid="11626760" lat="42.1578523" lon="-8.6755031"/>
 <node id="8893218325" visible="true" version="1" changeset="107405281" timestamp="2021-07-04T20:07:12Z" user="AntonioLago" uid="11626760" lat="42.1576515" lon="-8.6755192"/>
 <node id="8895844990" visible="true" version="1" changeset="107459293" timestamp="2021-07-05T20:30:31Z" user="AntonioLago" uid="11626760" lat="42.1567507" lon="-8.6766422"/>
 <node id="8895844993" visible="true" version="1" changeset="107459293" timestamp="2021-07-05T20:30:31Z" user="AntonioLago" uid="11626760" lat="42.1573460" lon="-8.6753144"/>
 <node id="8895844994" visible="true" version="1" changeset="107459293" timestamp="2021-07-05T20:30:31Z" user="AntonioLago" uid="11626760" lat="42.1569774" lon="-8.6761308"/>
 <node id="8895844995" visible="true" version="1" changeset="107459293" timestamp="2021-07-05T20:30:31Z" user="AntonioLago" uid="11626760" lat="42.1567348" lon="-8.6766779"/>
 <node id="8895845000" visible="true" version="2" changeset="171495366" timestamp="2025-09-05T12:08:32Z" user="ydubras" uid="17421650" lat="42.1566346" lon="-8.6768107"/>
 <node id="8904028593" visible="true" version="1" changeset="107626397" timestamp="2021-07-08T10:33:07Z" user="AntonioLago" uid="11626760" lat="42.1580054" lon="-8.6760020"/>
 <node id="8904028594" visible="true" version="1" changeset="107626397" timestamp="2021-07-08T10:33:07Z" user="AntonioLago" uid="11626760" lat="42.1581068" lon="-8.6759511"/>
 <node id="8904028595" visible="true" version="1" changeset="107626397" timestamp="2021-07-08T10:33:07Z" user="AntonioLago" uid="11626760" lat="42.1582142" lon="-8.6758867"/>
 <node id="8904028596" visible="true" version="1" changeset="107626397" timestamp="2021-07-08T10:33:07Z" user="AntonioLago" uid="11626760" lat="42.1583235" lon="-8.6758250"/>
 <node id="8904028597" visible="true" version="1" changeset="107626397" timestamp="2021-07-08T10:33:07Z" user="AntonioLago" uid="11626760" lat="42.1583673" lon="-8.6757472"/>
 <node id="8904028598" visible="true" version="1" changeset="107626397" timestamp="2021-07-08T10:33:07Z" user="AntonioLago" uid="11626760" lat="42.1583692" lon="-8.6756480"/>
 <node id="8904028599" visible="true" version="1" changeset="107626397" timestamp="2021-07-08T10:33:07Z" user="AntonioLago" uid="11626760" lat="42.1582957" lon="-8.6755326"/>
 <node id="8904028600" visible="true" version="1" changeset="107626397" timestamp="2021-07-08T10:33:07Z" user="AntonioLago" uid="11626760" lat="42.1582321" lon="-8.6754093"/>
 <node id="8904028601" visible="true" version="1" changeset="107626397" timestamp="2021-07-08T10:33:07Z" user="AntonioLago" uid="11626760" lat="42.1582321" lon="-8.6752778"/>
 <node id="8904028602" visible="true" version="1" changeset="107626397" timestamp="2021-07-08T10:33:07Z" user="AntonioLago" uid="11626760" lat="42.1583295" lon="-8.6750311"/>
 <node id="8904028603" visible="true" version="1" changeset="107626397" timestamp="2021-07-08T10:33:07Z" user="AntonioLago" uid="11626760" lat="42.1584249" lon="-8.6749131"/>
 <node id="8904028604" visible="true" version="1" changeset="107626397" timestamp="2021-07-08T10:33:07Z" user="AntonioLago" uid="11626760" lat="42.1585164" lon="-8.6749426"/>
 <node id="8904028605" visible="true" version="1" changeset="107626397" timestamp="2021-07-08T10:33:07Z" user="AntonioLago" uid="11626760" lat="42.1585880" lon="-8.6750042"/>
 <node id="8904028606" visible="true" version="1" changeset="107626397" timestamp="2021-07-08T10:33:07Z" user="AntonioLago" uid="11626760" lat="42.1586158" lon="-8.6751249"/>
 <node id="8904028607" visible="true" version="1" changeset="107626397" timestamp="2021-07-08T10:33:07Z" user="AntonioLago" uid="11626760" lat="42.1586536" lon="-8.6752805"/>
 <node id="8904028608" visible="true" version="1" changeset="107626397" timestamp="2021-07-08T10:33:07Z" user="AntonioLago" uid="11626760" lat="42.1587232" lon="-8.6752966"/>
 <node id="8904028609" visible="true" version="1" changeset="107626397" timestamp="2021-07-08T10:33:07Z" user="AntonioLago" uid="11626760" lat="42.1589121" lon="-8.6752912"/>
 <node id="8904028610" visible="true" version="1" changeset="107626397" timestamp="2021-07-08T10:33:07Z" user="AntonioLago" uid="11626760" lat="42.1590612" lon="-8.6752886"/>
 <node id="8904028611" visible="true" version="1" changeset="107626397" timestamp="2021-07-08T10:33:07Z" user="AntonioLago" uid="11626760" lat="42.1591089" lon="-8.6752296"/>
 <node id="8904028612" visible="true" version="1" changeset="107626397" timestamp="2021-07-08T10:33:07Z" user="AntonioLago" uid="11626760" lat="42.1591805" lon="-8.6750740"/>
 <node id="8904028613" visible="true" version="1" changeset="107626397" timestamp="2021-07-08T10:33:07Z" user="AntonioLago" uid="11626760" lat="42.1592978" lon="-8.6750391"/>
 <node id="8904028614" visible="true" version="1" changeset="107626397" timestamp="2021-07-08T10:33:07Z" user="AntonioLago" uid="11626760" lat="42.1593972" lon="-8.6751330"/>
 <node id="8904028615" visible="true" version="1" changeset="107626397" timestamp="2021-07-08T10:33:07Z" user="AntonioLago" uid="11626760" lat="42.1594668" lon="-8.6753529"/>
 <node id="8904028616" visible="true" version="1" changeset="107626397" timestamp="2021-07-08T10:33:07Z" user="AntonioLago" uid="11626760" lat="42.1595324" lon="-8.6754844"/>
 <node id="8904034617" visible="true" version="1" changeset="107626397" timestamp="2021-07-08T10:33:07Z" user="AntonioLago" uid="11626760" lat="42.1595662" lon="-8.6755836"/>
 <node id="8904034618" visible="true" version="1" changeset="107626397" timestamp="2021-07-08T10:33:07Z" user="AntonioLago" uid="11626760" lat="42.1595225" lon="-8.6759028"/>
 <node id="10095819704" visible="true" version="1" changeset="127429697" timestamp="2022-10-12T17:46:27Z" user="AntonioLago" uid="11626760" lat="42.1567812" lon="-8.6740020"/>
 <node id="10095819707" visible="true" version="1" changeset="127429697" timestamp="2022-10-12T17:46:27Z" user="AntonioLago" uid="11626760" lat="42.1567219" lon="-8.6746140"/>
 <node id="10699323464" visible="true" version="1" changeset="133125792" timestamp="2023-02-28T12:05:38Z" user="Silleiro" uid="2531627" lat="42.1633651" lon="-8.6847932"/>
 <node id="10699323473" visible="true" version="2" changeset="177902728" timestamp="2026-01-30T19:04:48Z" user="Micovi" uid="23771022" lat="42.1635773" lon="-8.6960698"/>
 <way id="36834590" visible="true" version="10" changeset="127429697" timestamp="2022-10-12T17:46:27Z" user="AntonioLago" uid="11626760">
  <nd ref="428198753"/>
  <nd ref="428199106"/>
  <nd ref="5354565991"/>
  <nd ref="428199110"/>
  <nd ref="5354565992"/>
  <nd ref="428199114"/>
  <nd ref="5354565993"/>
  <nd ref="428199118"/>
  <nd ref="428199127"/>
  <nd ref="5354565994"/>
  <nd ref="8893218320"/>
  <nd ref="428199128"/>
  <nd ref="2106914511"/>
  <nd ref="10095819704"/>
  <nd ref="5354565995"/>
  <nd ref="3978620166"/>
  <tag k="highway" v="tertiary"/>
  <tag k="name" v="Estrada de San Cosme"/>
 </way>
 <way id="200726456" visible="true" version="6" changeset="81362179" timestamp="2020-02-23T09:40:50Z" user="Penidos" uid="10731170">
  <nd ref="2106914511"/>
  <nd ref="6152229534"/>
  <nd ref="2106914522"/>
  <nd ref="2106914506"/>
  <nd ref="2106914515"/>
  <nd ref="2106914512"/>
  <nd ref="2106914513"/>
  <nd ref="2106914499"/>
  <nd ref="6152229535"/>
  <nd ref="6152229536"/>
  <nd ref="6152229537"/>
  <nd ref="6152229538"/>
  <nd ref="6152229541"/>
  <nd ref="6152229539"/>
  <nd ref="6152229540"/>
  <nd ref="2106914508"/>
  <nd ref="6152229542"/>
  <nd ref="6152229543"/>
  <nd ref="2106914502"/>
  <nd ref="6152229544"/>
  <nd ref="6152229545"/>
  <nd ref="2106914524"/>
  <nd ref="6152229546"/>
  <nd ref="6152229547"/>
  <nd ref="2106914501"/>
  <nd ref="6152229548"/>
  <nd ref="6152229549"/>
  <nd ref="2106914491"/>
  <nd ref="7236444551"/>
  <nd ref="6152229550"/>
  <nd ref="7236444590"/>
  <nd ref="6152229551"/>
  <nd ref="2106914521"/>
  <nd ref="2337439803"/>
  <nd ref="7236444589"/>
  <nd ref="2106914495"/>
  <nd ref="7236444586"/>
  <nd ref="2106914492"/>
  <nd ref="2106914514"/>
  <nd ref="6152229529"/>
  <nd ref="2106914509"/>
  <tag k="highway" v="residential"/>
  <tag k="name" v="Camiño de San Cosme"/>
 </way>
 <way id="221191988" visible="true" version="8" changeset="133125792" timestamp="2023-02-28T12:05:38Z" user="Silleiro" uid="2531627">
  <nd ref="2302470408"/>
  <nd ref="2302470420"/>
  <nd ref="2302470424"/>
  <nd ref="4596846434"/>
  <nd ref="2302470429"/>
  <nd ref="2302470432"/>
  <nd ref="2302470433"/>
  <nd ref="2302470434"/>
  <nd ref="2302470449"/>
  <nd ref="2302470448"/>
  <nd ref="2302470446"/>
  <nd ref="2302470450"/>
  <nd ref="2302470444"/>
  <nd ref="2302470435"/>
  <nd ref="2302470436"/>
  <nd ref="2302470437"/>
  <nd ref="2302470438"/>
  <nd ref="2302470439"/>
  <nd ref="2302470440"/>
  <nd ref="2302470441"/>
  <nd ref="2302470442"/>
  <nd ref="2302470443"/>
  <nd ref="2302470445"/>
  <nd ref="2302470447"/>
  <nd ref="2302470451"/>
  <nd ref="2302470453"/>
  <nd ref="2302470455"/>
  <nd ref="2302470460"/>
  <nd ref="2302470462"/>
  <nd ref="10699323464"/>
  <nd ref="2302470466"/>
  <nd ref="2302470473"/>
  <nd ref="7884190026"/>
  <nd ref="2302470475"/>
  <nd ref="2302470478"/>
  <nd ref="2302470489"/>
  <nd ref="2302470491"/>
  <nd ref="2302470494"/>
  <nd ref="2302470496"/>
  <nd ref="2302470508"/>
  <nd ref="2302470518"/>
  <nd ref="2302470521"/>
  <nd ref="2302470532"/>
  <nd ref="2302470543"/>
  <nd ref="2302470552"/>
  <nd ref="2302470557"/>
  <nd ref="3752663962"/>
  <nd ref="2302470563"/>
  <nd ref="2302470570"/>
  <nd ref="2302470578"/>
  <nd ref="2302470584"/>
  <nd ref="2302470588"/>
  <nd ref="2302470591"/>
  <nd ref="2302470597"/>
  <nd ref="2302470603"/>
  <nd ref="2302470614"/>
  <nd ref="2302470632"/>
  <nd ref="2302470641"/>
  <nd ref="4038526547"/>
  <nd ref="2302470645"/>
  <tag k="cables" v="6"/>
  <tag k="circuits" v="2"/>
  <tag k="frequency" v="50"/>
  <tag k="power" v="line"/>
  <tag k="voltage" v="132000"/>
  <tag k="wires" v="single"/>
 </way>
 <way id="240806129" visible="true" version="1" changeset="18212005" timestamp="2013-10-06T12:58:32Z" user="user_579271" uid="579271">
  <nd ref="2484981187"/>
  <nd ref="2484981185"/>
  <nd ref="2484981184"/>
  <nd ref="2484981186"/>
  <nd ref="2484981187"/>
  <tag k="alt_name" v="Campo de fútbol de Zamáns"/>
  <tag k="leisure" v="pitch"/>
  <tag k="name" v="Campo de fútbol de San Cosme"/>
  <tag k="sport" v="soccer"/>
 </way>
 <way id="791216098" visible="true" version="6" changeset="177902728" timestamp="2026-01-30T19:04:48Z" user="Micovi" uid="23771022">
  <nd ref="7396746725"/>
  <nd ref="7276290789"/>
  <nd ref="1094088884"/>
  <nd ref="1094475359"/>
  <nd ref="7276290787"/>
  <nd ref="7276290788"/>
  <nd ref="7276287973"/>
  <nd ref="7276287975"/>
  <nd ref="7276287974"/>
  <nd ref="1094744496"/>
  <nd ref="7276287972"/>
  <nd ref="1094394711"/>
  <nd ref="7276287971"/>
  <nd ref="7276287970"/>
  <nd ref="7276287967"/>
  <nd ref="7276287968"/>
  <nd ref="7276287969"/>
  <nd ref="1094345014"/>
  <nd ref="7276287941"/>
  <nd ref="7276287937"/>
  <nd ref="7276287939"/>
  <nd ref="7276287940"/>
  <nd ref="7276287938"/>
  <nd ref="7276287934"/>
  <nd ref="7276287935"/>
  <nd ref="1094793078"/>
  <nd ref="7276287936"/>
  <nd ref="1094242180"/>
  <nd ref="1094611761"/>
  <nd ref="1094506357"/>
  <nd ref="7276287933"/>
  <nd ref="7276287932"/>
  <nd ref="7276287931"/>
  <nd ref="7276287930"/>
  <nd ref="7276287929"/>
  <nd ref="7276287928"/>
  <nd ref="7276287927"/>
  <nd ref="7276287962"/>
  <nd ref="7276287961"/>
  <nd ref="7276287960"/>
  <nd ref="7276287959"/>
  <nd ref="7276287957"/>
  <nd ref="7276287958"/>
  <nd ref="7276287964"/>
  <nd ref="7276287963"/>
  <nd ref="7276287966"/>
  <nd ref="7276287965"/>
  <nd ref="7276287956"/>
  <nd ref="7276287954"/>
  <nd ref="7276290897"/>
  <nd ref="7276287955"/>
  <nd ref="7276287953"/>
  <nd ref="7276287952"/>
  <nd ref="7276287947"/>
  <nd ref="7276287951"/>
  <nd ref="7276287949"/>
  <nd ref="7276287950"/>
  <nd ref="7276287948"/>
  <nd ref="7276287946"/>
  <nd ref="7276287945"/>
  <nd ref="7276287944"/>
  <nd ref="7276287943"/>
  <nd ref="1094263320"/>
  <nd ref="1094406311"/>
  <nd ref="7276287942"/>
  <nd ref="1094136708"/>
  <nd ref="1094847604"/>
  <nd ref="7276287978"/>
  <nd ref="7276287977"/>
  <nd ref="7276287976"/>
  <nd ref="7276287979"/>
  <nd ref="7276287981"/>
  <nd ref="1094421093"/>
  <nd ref="7276287980"/>
  <nd ref="1094635151"/>
  <nd ref="7276287982"/>
  <nd ref="7276287984"/>
  <nd ref="7276290786"/>
  <nd ref="7276290785"/>
  <nd ref="7276287983"/>
  <nd ref="1094364007"/>
  <nd ref="7252359906"/>
  <nd ref="7252359907"/>
  <nd ref="7252359905"/>
  <nd ref="1094286642"/>
  <nd ref="7252359904"/>
  <nd ref="7252359903"/>
  <nd ref="7252359902"/>
  <nd ref="7252359901"/>
  <nd ref="7252359900"/>
  <nd ref="7252359899"/>
  <nd ref="7252359897"/>
  <nd ref="7252359898"/>
  <nd ref="7252359896"/>
  <nd ref="7252359895"/>
  <nd ref="7252359894"/>
  <nd ref="1094678658"/>
  <nd ref="7252359891"/>
  <nd ref="7252359892"/>
  <nd ref="7252359893"/>
  <nd ref="1094179789"/>
  <nd ref="7252359890"/>
  <nd ref="1094538254"/>
  <nd ref="7252359887"/>
  <nd ref="7252359888"/>
  <nd ref="7252359889"/>
  <nd ref="7252359885"/>
  <nd ref="7252359886"/>
  <nd ref="7252358784"/>
  <nd ref="1094519680"/>
  <nd ref="7252358783"/>
  <nd ref="1094273481"/>
  <nd ref="7252358782"/>
  <nd ref="7252358775"/>
  <nd ref="7252358778"/>
  <nd ref="7252358781"/>
  <nd ref="7252358779"/>
  <nd ref="7252358780"/>
  <nd ref="7252358777"/>
  <nd ref="7252358776"/>
  <nd ref="7252358772"/>
  <nd ref="7252358773"/>
  <nd ref="7252358774"/>
  <nd ref="1094413345"/>
  <nd ref="7252358771"/>
  <nd ref="7252358754"/>
  <nd ref="7252358757"/>
  <nd ref="7252358756"/>
  <nd ref="7252358767"/>
  <nd ref="7252358769"/>
  <nd ref="7252358768"/>
  <nd ref="7252358770"/>
  <nd ref="7252358766"/>
  <nd ref="7252358755"/>
  <nd ref="7252358763"/>
  <nd ref="7252358764"/>
  <nd ref="7252358765"/>
  <nd ref="7252358762"/>
  <nd ref="7252358761"/>
  <nd ref="7252358760"/>
  <nd ref="7252358759"/>
  <nd ref="7252358758"/>
  <nd ref="7252358753"/>
  <nd ref="7252358752"/>
  <nd ref="7252358751"/>
  <nd ref="7252358750"/>
  <nd ref="7252358749"/>
  <nd ref="7252358748"/>
  <nd ref="7252358747"/>
  <nd ref="1094160139"/>
  <nd ref="1094858814"/>
  <nd ref="7252358746"/>
  <nd ref="7252358745"/>
  <nd ref="1094433467"/>
  <nd ref="1094660318"/>
  <nd ref="1094374875"/>
  <nd ref="7252358744"/>
  <nd ref="7252358743"/>
  <nd ref="7252358742"/>
  <nd ref="7252358741"/>
  <nd ref="7273866935"/>
  <nd ref="7252358740"/>
  <nd ref="1094298887"/>
  <nd ref="7252358739"/>
  <nd ref="1094712768"/>
  <nd ref="7252358738"/>
  <nd ref="1094193580"/>
  <nd ref="7252358737"/>
  <nd ref="7252358736"/>
  <nd ref="7252358735"/>
  <nd ref="7252358734"/>
  <nd ref="7252358733"/>
  <nd ref="7252358732"/>
  <nd ref="7252358730"/>
  <nd ref="7252358731"/>
  <nd ref="1094552580"/>
  <nd ref="1094455316"/>
  <nd ref="7252321553"/>
  <nd ref="7252321552"/>
  <nd ref="7252321551"/>
  <nd ref="1094220138"/>
  <nd ref="1094387683"/>
  <nd ref="7252321556"/>
  <nd ref="7252321555"/>
  <nd ref="7252321554"/>
  <nd ref="7252321558"/>
  <nd ref="7252321559"/>
  <nd ref="7252321561"/>
  <nd ref="7252321560"/>
  <nd ref="7252321562"/>
  <nd ref="7252321557"/>
  <nd ref="1094071964"/>
  <nd ref="7252321550"/>
  <nd ref="7252321532"/>
  <nd ref="7252321533"/>
  <nd ref="1094750249"/>
  <nd ref="7252321534"/>
  <nd ref="7252321535"/>
  <nd ref="7252321536"/>
  <nd ref="7252321537"/>
  <nd ref="7252321538"/>
  <nd ref="7252321540"/>
  <nd ref="7252321539"/>
  <nd ref="1094396701"/>
  <nd ref="7252321541"/>
  <nd ref="7252321547"/>
  <nd ref="7252321548"/>
  <nd ref="7252321543"/>
  <nd ref="7252321544"/>
  <nd ref="7252321545"/>
  <nd ref="7252321546"/>
  <nd ref="7252321542"/>
  <nd ref="1094571588"/>
  <nd ref="7252321566"/>
  <nd ref="7252321565"/>
  <nd ref="7252321564"/>
  <nd ref="7252321563"/>
  <nd ref="7252321483"/>
  <nd ref="7252321486"/>
  <nd ref="7252321487"/>
  <nd ref="7252321488"/>
  <nd ref="7252321489"/>
  <nd ref="7252321485"/>
  <nd ref="7252321484"/>
  <nd ref="7252360112"/>
  <nd ref="1094328706"/>
  <nd ref="7252321482"/>
  <nd ref="7252321480"/>
  <nd ref="7252321481"/>
  <nd ref="1094248319"/>
  <nd ref="7252321479"/>
  <nd ref="7252321478"/>
  <nd ref="7252321477"/>
  <nd ref="1094619774"/>
  <nd ref="7252321476"/>
  <nd ref="7252321475"/>
  <nd ref="7252321435"/>
  <nd ref="7252321436"/>
  <nd ref="7252321443"/>
  <nd ref="7252321444"/>
  <nd ref="7252321445"/>
  <nd ref="7252321446"/>
  <nd ref="7252321450"/>
  <nd ref="7252321452"/>
  <nd ref="7252321451"/>
  <nd ref="7252321447"/>
  <nd ref="7252321448"/>
  <nd ref="7252321449"/>
  <nd ref="7252321437"/>
  <nd ref="7252321442"/>
  <nd ref="7252321441"/>
  <nd ref="7252321440"/>
  <nd ref="7252321439"/>
  <nd ref="7252321438"/>
  <nd ref="7252321419"/>
  <nd ref="7252321434"/>
  <nd ref="7252321421"/>
  <nd ref="7252321427"/>
  <nd ref="7252321433"/>
  <nd ref="7252321432"/>
  <nd ref="7252321420"/>
  <nd ref="7252321431"/>
  <nd ref="7252321430"/>
  <nd ref="7252321429"/>
  <nd ref="7252321428"/>
  <nd ref="7252321425"/>
  <nd ref="7252321426"/>
  <nd ref="7252321422"/>
  <nd ref="7252321424"/>
  <nd ref="7252321423"/>
  <nd ref="1094097622"/>
  <nd ref="1094481359"/>
  <nd ref="7252321418"/>
  <nd ref="7252321417"/>
  <nd ref="7252321416"/>
  <nd ref="7251836147"/>
  <nd ref="1094409842"/>
  <nd ref="7251836151"/>
  <nd ref="7251836152"/>
  <nd ref="7251836154"/>
  <nd ref="7251836153"/>
  <nd ref="7251836155"/>
  <nd ref="7252321333"/>
  <nd ref="1094148985"/>
  <nd ref="7251836157"/>
  <nd ref="7251836156"/>
  <nd ref="7251836148"/>
  <nd ref="7251836149"/>
  <nd ref="7251836150"/>
  <nd ref="1094349533"/>
  <nd ref="7251836158"/>
  <nd ref="7251836160"/>
  <nd ref="7251836161"/>
  <nd ref="7251836167"/>
  <nd ref="7251836168"/>
  <nd ref="7251836166"/>
  <nd ref="7251836172"/>
  <nd ref="7251836171"/>
  <nd ref="7251836169"/>
  <nd ref="7251836170"/>
  <nd ref="7251836165"/>
  <nd ref="7251836162"/>
  <nd ref="7251836163"/>
  <nd ref="7251836164"/>
  <nd ref="7251836159"/>
  <nd ref="1094820394"/>
  <nd ref="7252321454"/>
  <nd ref="7252321453"/>
  <nd ref="7252321455"/>
  <nd ref="1094651236"/>
  <nd ref="7252321456"/>
  <nd ref="1094370206"/>
  <nd ref="7252321457"/>
  <nd ref="7252321458"/>
  <nd ref="7252321459"/>
  <nd ref="7252321460"/>
  <nd ref="7252321461"/>
  <nd ref="7252321462"/>
  <nd ref="7252321463"/>
  <nd ref="7252321464"/>
  <nd ref="1094512195"/>
  <nd ref="7252321465"/>
  <nd ref="7252321466"/>
  <nd ref="7252321467"/>
  <nd ref="7252321468"/>
  <nd ref="7252321470"/>
  <nd ref="7252321471"/>
  <nd ref="7252321472"/>
  <nd ref="7252321473"/>
  <nd ref="7252321474"/>
  <nd ref="7252321469"/>
  <nd ref="7252321530"/>
  <nd ref="7252321529"/>
  <nd ref="7252321531"/>
  <nd ref="7252321528"/>
  <nd ref="7252321526"/>
  <nd ref="7252321527"/>
  <nd ref="1094268471"/>
  <nd ref="7252321494"/>
  <nd ref="7252321495"/>
  <nd ref="7252321496"/>
  <nd ref="7252321493"/>
  <nd ref="7252321492"/>
  <nd ref="7252321491"/>
  <nd ref="7252321490"/>
  <nd ref="7252321549"/>
  <nd ref="1094257661"/>
  <nd ref="7252321500"/>
  <nd ref="7252321499"/>
  <nd ref="7252321498"/>
  <nd ref="7252321497"/>
  <nd ref="1094629336"/>
  <nd ref="1094119280"/>
  <nd ref="1094497733"/>
  <nd ref="7252321501"/>
  <nd ref="7252321502"/>
  <nd ref="1094417193"/>
  <nd ref="7252321505"/>
  <nd ref="7252321512"/>
  <nd ref="7252321513"/>
  <nd ref="7252321514"/>
  <nd ref="7252321515"/>
  <nd ref="7252321518"/>
  <nd ref="7252321516"/>
  <nd ref="7252321517"/>
  <nd ref="7252321511"/>
  <nd ref="7252321519"/>
  <nd ref="7252321523"/>
  <nd ref="7252321524"/>
  <nd ref="7252321525"/>
  <nd ref="7252321522"/>
  <nd ref="7252321521"/>
  <nd ref="7252321520"/>
  <nd ref="7252321507"/>
  <nd ref="7252321508"/>
  <nd ref="7252321510"/>
  <nd ref="7252321509"/>
  <nd ref="7252321506"/>
  <nd ref="7252321504"/>
  <nd ref="7252321503"/>
  <nd ref="1094169513"/>
  <nd ref="7251781364"/>
  <nd ref="1094358984"/>
  <nd ref="1094838570"/>
  <nd ref="1094668207"/>
  <nd ref="1094378459"/>
  <nd ref="7236553689"/>
  <nd ref="7236553688"/>
  <nd ref="7236553687"/>
  <nd ref="1094529064"/>
  <nd ref="1094278983"/>
  <nd ref="7236553714"/>
  <nd ref="7236553713"/>
  <nd ref="7236553715"/>
  <nd ref="7236553712"/>
  <nd ref="7236553711"/>
  <nd ref="7236553718"/>
  <nd ref="7236553717"/>
  <nd ref="7236553716"/>
  <nd ref="7236553720"/>
  <nd ref="7236553719"/>
  <nd ref="7236553722"/>
  <nd ref="7236553721"/>
  <nd ref="7236553710"/>
  <nd ref="7236553709"/>
  <nd ref="7236553690"/>
  <nd ref="7236553707"/>
  <nd ref="7236553706"/>
  <nd ref="7236553705"/>
  <nd ref="7236553708"/>
  <nd ref="7236553704"/>
  <nd ref="1094198326"/>
  <nd ref="7236553723"/>
  <nd ref="7236553724"/>
  <nd ref="7236553683"/>
  <nd ref="7236553684"/>
  <nd ref="1094558175"/>
  <nd ref="1094863954"/>
  <nd ref="1094437726"/>
  <nd ref="7251356365"/>
  <nd ref="7251356364"/>
  <nd ref="7251356366"/>
  <nd ref="1094390438"/>
  <nd ref="7236553685"/>
  <nd ref="7236553703"/>
  <nd ref="7236553702"/>
  <nd ref="7236553686"/>
  <nd ref="7236553701"/>
  <nd ref="1094077976"/>
  <nd ref="7236553700"/>
  <nd ref="7236553699"/>
  <nd ref="1094307151"/>
  <nd ref="7236553697"/>
  <nd ref="7236553698"/>
  <nd ref="7236553696"/>
  <nd ref="7236553694"/>
  <nd ref="7236553695"/>
  <nd ref="7236553693"/>
  <nd ref="7236553692"/>
  <nd ref="7236553691"/>
  <nd ref="7236553682"/>
  <nd ref="7236553681"/>
  <nd ref="1094725712"/>
  <nd ref="7236553680"/>
  <nd ref="7236553678"/>
  <nd ref="7236553679"/>
  <nd ref="1094583851"/>
  <nd ref="7236553677"/>
  <nd ref="7236553676"/>
  <nd ref="7236553675"/>
  <nd ref="1094334941"/>
  <nd ref="7236553674"/>
  <nd ref="7236553673"/>
  <nd ref="7236553672"/>
  <nd ref="7236553671"/>
  <nd ref="1094462091"/>
  <nd ref="1094226266"/>
  <nd ref="1094109136"/>
  <nd ref="7236553670"/>
  <nd ref="7236553669"/>
  <nd ref="7236553668"/>
  <nd ref="7236553667"/>
  <nd ref="1094489632"/>
  <nd ref="7236553665"/>
  <nd ref="7236553666"/>
  <nd ref="1094760003"/>
  <nd ref="7236553664"/>
  <nd ref="7236553663"/>
  <nd ref="7236553661"/>
  <nd ref="7236553662"/>
  <nd ref="1094399576"/>
  <nd ref="7236553660"/>
  <nd ref="7236553658"/>
  <nd ref="7236553659"/>
  <nd ref="1094354214"/>
  <nd ref="1094829986"/>
  <nd ref="7236553657"/>
  <nd ref="7236553656"/>
  <nd ref="7236553655"/>
  <nd ref="7236553654"/>
  <nd ref="7236553653"/>
  <nd ref="7236553652"/>
  <nd ref="7236553651"/>
  <nd ref="7236553650"/>
  <nd ref="1094252803"/>
  <nd ref="7236553649"/>
  <nd ref="7236553648"/>
  <nd ref="7236553646"/>
  <nd ref="7236553647"/>
  <nd ref="1094624743"/>
  <nd ref="1094610602"/>
  <nd ref="7236553628"/>
  <nd ref="7236553629"/>
  <nd ref="7236553630"/>
  <nd ref="7236553631"/>
  <nd ref="1094344433"/>
  <nd ref="4294943254"/>
  <nd ref="7236553634"/>
  <nd ref="7236553632"/>
  <nd ref="7236553588"/>
  <nd ref="7236553596"/>
  <nd ref="7236553589"/>
  <nd ref="7236553594"/>
  <nd ref="7236553595"/>
  <nd ref="7236553592"/>
  <nd ref="7236553593"/>
  <nd ref="7236553590"/>
  <nd ref="7236553591"/>
  <nd ref="4294943253"/>
  <nd ref="4294943252"/>
  <nd ref="7236553587"/>
  <nd ref="4294943251"/>
  <nd ref="4294943250"/>
  <nd ref="7236444466"/>
  <nd ref="7236444467"/>
  <nd ref="4294943249"/>
  <nd ref="1094828465"/>
  <nd ref="1094658163"/>
  <nd ref="7236444463"/>
  <nd ref="7236444464"/>
  <nd ref="7236444465"/>
  <nd ref="1094373860"/>
  <nd ref="1094515863"/>
  <nd ref="7236444461"/>
  <nd ref="7236444462"/>
  <nd ref="7236444460"/>
  <nd ref="7236444455"/>
  <nd ref="7236444458"/>
  <nd ref="7236444457"/>
  <nd ref="7236444459"/>
  <nd ref="7236444456"/>
  <nd ref="7236444454"/>
  <nd ref="1094272032"/>
  <nd ref="1094192264"/>
  <nd ref="7236444452"/>
  <nd ref="7236444453"/>
  <nd ref="7236444451"/>
  <nd ref="7236444450"/>
  <nd ref="1094550880"/>
  <nd ref="7236444449"/>
  <nd ref="1094857224"/>
  <nd ref="1094432252"/>
  <nd ref="7236444448"/>
  <nd ref="1094386793"/>
  <nd ref="7236444447"/>
  <nd ref="7236444441"/>
  <nd ref="1094070005"/>
  <nd ref="7236444440"/>
  <nd ref="7236444439"/>
  <nd ref="7236444442"/>
  <nd ref="7236444444"/>
  <nd ref="7236444443"/>
  <nd ref="7236444446"/>
  <nd ref="7236444445"/>
  <nd ref="7236444428"/>
  <nd ref="7236444430"/>
  <nd ref="7236444429"/>
  <nd ref="7236444427"/>
  <nd ref="1094297180"/>
  <nd ref="7236444431"/>
  <nd ref="7236444433"/>
  <nd ref="7236444432"/>
  <nd ref="7236444434"/>
  <nd ref="7236444435"/>
  <nd ref="7236444436"/>
  <nd ref="7236444425"/>
  <nd ref="7236444437"/>
  <nd ref="7236444421"/>
  <nd ref="7236444438"/>
  <nd ref="7236444426"/>
  <nd ref="7236444424"/>
  <nd ref="7236444423"/>
  <nd ref="7236444422"/>
  <nd ref="1094704237"/>
  <nd ref="1094570631"/>
  <nd ref="7236444411"/>
  <nd ref="7236444410"/>
  <nd ref="7236444412"/>
  <nd ref="7236444413"/>
  <nd ref="1094326768"/>
  <nd ref="7236444414"/>
  <nd ref="1094454319"/>
  <nd ref="1094218331"/>
  <nd ref="7236444415"/>
  <nd ref="7236444417"/>
  <nd ref="1094095208"/>
  <nd ref="4294978137"/>
  <nd ref="4294978138"/>
  <nd ref="7236444416"/>
  <nd ref="4294978139"/>
  <nd ref="4294978140"/>
  <nd ref="7236444419"/>
  <nd ref="7236444418"/>
  <nd ref="4294978136"/>
  <nd ref="4294978135"/>
  <nd ref="7236444543"/>
  <nd ref="4294978134"/>
  <nd ref="4294978133"/>
  <nd ref="4294978132"/>
  <nd ref="4294978131"/>
  <nd ref="4294978130"/>
  <nd ref="4294978129"/>
  <nd ref="4294978128"/>
  <nd ref="4294978127"/>
  <nd ref="4294978126"/>
  <nd ref="4294978125"/>
  <nd ref="4294978124"/>
  <nd ref="4294978123"/>
  <nd ref="4294978122"/>
  <nd ref="4294978121"/>
  <nd ref="4294978120"/>
  <nd ref="4294978119"/>
  <nd ref="4294978118"/>
  <nd ref="4294978117"/>
  <nd ref="4294978115"/>
  <nd ref="4294978114"/>
  <nd ref="4294978113"/>
  <nd ref="4294978112"/>
  <nd ref="4294978111"/>
  <nd ref="4295019958"/>
  <nd ref="4295019959"/>
  <nd ref="4295019960"/>
  <nd ref="4295019961"/>
  <nd ref="4295019962"/>
  <nd ref="4295019963"/>
  <nd ref="4295019964"/>
  <nd ref="4295019965"/>
  <nd ref="4295019966"/>
  <nd ref="4295019967"/>
  <nd ref="4295019968"/>
  <nd ref="4295019969"/>
  <nd ref="4295019970"/>
  <nd ref="4295019971"/>
  <nd ref="4295019972"/>
  <nd ref="7884190067"/>
  <nd ref="4295019973"/>
  <nd ref="4295019974"/>
  <nd ref="4295019975"/>
  <nd ref="4295019976"/>
  <nd ref="4295019977"/>
  <nd ref="4295019978"/>
  <nd ref="4295019979"/>
  <nd ref="4295019995"/>
  <nd ref="4295019996"/>
  <nd ref="4295019997"/>
  <nd ref="7869148268"/>
  <nd ref="7869148269"/>
  <nd ref="4295019998"/>
  <nd ref="4295019999"/>
  <nd ref="4295020000"/>
  <nd ref="4295020001"/>
  <nd ref="4295020002"/>
  <nd ref="4295020003"/>
  <nd ref="4295020004"/>
  <nd ref="4295020005"/>
  <nd ref="4295020006"/>
  <nd ref="4295020007"/>
  <nd ref="4295020008"/>
  <nd ref="4295020009"/>
  <nd ref="4295020010"/>
  <nd ref="4295020018"/>
  <nd ref="4295020019"/>
  <nd ref="4295020020"/>
  <nd ref="4295020021"/>
  <nd ref="4295020022"/>
  <nd ref="4295020023"/>
  <nd ref="4295020024"/>
  <nd ref="4295020025"/>
  <nd ref="4295020026"/>
  <nd ref="4295020027"/>
  <nd ref="4295020028"/>
  <nd ref="4295020029"/>
  <nd ref="4295020030"/>
  <nd ref="4295020031"/>
  <nd ref="4295020032"/>
  <nd ref="4295020033"/>
  <nd ref="4295020034"/>
  <nd ref="4295020035"/>
  <nd ref="4295020036"/>
  <nd ref="4295020037"/>
  <nd ref="4295020038"/>
  <nd ref="4295020039"/>
  <nd ref="4295020040"/>
  <nd ref="4295020041"/>
  <nd ref="4295020042"/>
  <nd ref="4295020043"/>
  <nd ref="4295020044"/>
  <nd ref="4295020045"/>
  <nd ref="4295020046"/>
  <nd ref="10699323473"/>
  <nd ref="4295020047"/>
  <nd ref="4295020048"/>
  <nd ref="4295020049"/>
  <nd ref="4295020050"/>
  <nd ref="4295020051"/>
  <nd ref="4295020052"/>
  <nd ref="4295020053"/>
  <nd ref="4295020054"/>
  <nd ref="4295020055"/>
  <nd ref="4295020056"/>
  <nd ref="4295020057"/>
  <nd ref="4295020058"/>
  <nd ref="4295020059"/>
  <nd ref="4295020060"/>
  <nd ref="4295020061"/>
  <nd ref="4295020062"/>
  <nd ref="4295020063"/>
  <nd ref="4295020064"/>
  <nd ref="4295020065"/>
  <nd ref="4295020074"/>
  <nd ref="4295020073"/>
  <nd ref="4295020066"/>
  <nd ref="4295020067"/>
  <nd ref="4295020068"/>
  <nd ref="4295020069"/>
  <nd ref="4295020072"/>
  <nd ref="1094565851"/>
  <nd ref="1094065705"/>
  <nd ref="1094446689"/>
  <nd ref="1094393764"/>
  <nd ref="1094084529"/>
  <nd ref="1094320148"/>
  <nd ref="1094740317"/>
  <nd ref="1094607469"/>
  <nd ref="1094343220"/>
  <nd ref="1094470254"/>
  <nd ref="1094237182"/>
  <nd ref="1094130919"/>
  <nd ref="1094502568"/>
  <nd ref="1094780321"/>
  <nd ref="1094404630"/>
  <nd ref="1094362032"/>
  <nd ref="1094845176"/>
  <nd ref="4295038507"/>
  <nd ref="4295038506"/>
  <nd ref="4295038505"/>
  <nd ref="4295038504"/>
  <nd ref="4295038503"/>
  <nd ref="1094261033"/>
  <nd ref="1094632673"/>
  <nd ref="4295038508"/>
  <nd ref="1094535182"/>
  <nd ref="1094283475"/>
  <nd ref="1094419525"/>
  <nd ref="1094327234"/>
  <nd ref="4295038509"/>
  <nd ref="1094454735"/>
  <nd ref="1094218999"/>
  <nd ref="1094096691"/>
  <nd ref="1094480879"/>
  <nd ref="1094749225"/>
  <nd ref="1094396386"/>
  <nd ref="1094348842"/>
  <nd ref="1094816912"/>
  <nd ref="1094247453"/>
  <nd ref="1094618713"/>
  <nd ref="1094511340"/>
  <nd ref="5296024032"/>
  <nd ref="1094267563"/>
  <nd ref="1094409315"/>
  <nd ref="1094147867"/>
  <nd ref="1094853425"/>
  <nd ref="1094427360"/>
  <nd ref="1094649788"/>
  <nd ref="1094368954"/>
  <nd ref="1094291632"/>
  <nd ref="1094696782"/>
  <nd ref="1094187042"/>
  <nd ref="1094546127"/>
  <nd ref="1094528504"/>
  <nd ref="1094278178"/>
  <nd ref="1094416685"/>
  <nd ref="1094168401"/>
  <nd ref="1094863119"/>
  <nd ref="1094437075"/>
  <nd ref="1094667225"/>
  <nd ref="5297437784"/>
  <nd ref="1094377886"/>
  <nd ref="1094305568"/>
  <nd ref="1094723344"/>
  <nd ref="1094197437"/>
  <nd ref="1094557098"/>
  <nd ref="1094460761"/>
  <nd ref="1094225365"/>
  <nd ref="1094389992"/>
  <nd ref="1094077272"/>
  <nd ref="1094758651"/>
  <nd ref="1094399044"/>
  <nd ref="1094580098"/>
  <nd ref="1094333797"/>
  <nd ref="1094252005"/>
  <nd ref="1094623895"/>
  <nd ref="1094106521"/>
  <nd ref="1094485101"/>
  <nd ref="1094412720"/>
  <nd ref="1094155796"/>
  <nd ref="1094353225"/>
  <nd ref="1094829110"/>
  <nd ref="1094658910"/>
  <nd ref="1094374289"/>
  <nd ref="3504042511"/>
  <nd ref="1094516913"/>
  <nd ref="1094272631"/>
  <nd ref="1094261661"/>
  <nd ref="1094633342"/>
  <nd ref="1094131333"/>
  <nd ref="1094503770"/>
  <nd ref="1094420027"/>
  <nd ref="1094176970"/>
  <nd ref="1094362727"/>
  <nd ref="1094845771"/>
  <nd ref="1094673918"/>
  <nd ref="1094381024"/>
  <nd ref="1094535997"/>
  <nd ref="1094284360"/>
  <nd ref="1094204120"/>
  <nd ref="1094561875"/>
  <nd ref="1094062205"/>
  <nd ref="1094440652"/>
  <nd ref="1094392088"/>
  <nd ref="1094080654"/>
  <nd ref="1094313575"/>
  <nd ref="3615420259"/>
  <nd ref="1094737198"/>
  <nd ref="1094601166"/>
  <nd ref="1094339152"/>
  <nd ref="1094466116"/>
  <nd ref="1094231278"/>
  <nd ref="1094115354"/>
  <nd ref="1094496955"/>
  <nd ref="1094765940"/>
  <nd ref="1094401712"/>
  <nd ref="1094358123"/>
  <nd ref="1094837272"/>
  <nd ref="1094256700"/>
  <nd ref="1094360848"/>
  <nd ref="1094245301"/>
  <nd ref="1237310844"/>
  <nd ref="1094229024"/>
  <nd ref="1237310872"/>
  <nd ref="1094597492"/>
  <nd ref="1094079467"/>
  <nd ref="1094464405"/>
  <nd ref="1094400602"/>
  <nd ref="1094112354"/>
  <nd ref="1094337583"/>
  <nd ref="1094763519"/>
  <nd ref="1094626819"/>
  <nd ref="1094356215"/>
  <nd ref="1094494990"/>
  <nd ref="1094254798"/>
  <nd ref="1094164605"/>
  <nd ref="1094525770"/>
  <nd ref="1094833854"/>
  <nd ref="1094415025"/>
  <nd ref="1094376445"/>
  <nd ref="1094861373"/>
  <nd ref="1094275800"/>
  <nd ref="1094663950"/>
  <nd ref="1094555069"/>
  <nd ref="1094302273"/>
  <nd ref="1094435501"/>
  <nd ref="1094195765"/>
  <nd ref="1094075601"/>
  <nd ref="1094457259"/>
  <nd ref="1094718366"/>
  <nd ref="1094388843"/>
  <nd ref="1094331778"/>
  <nd ref="1094754747"/>
  <nd ref="1094222927"/>
  <nd ref="1094575316"/>
  <nd ref="1094564837"/>
  <nd ref="1094318559"/>
  <nd ref="1094444967"/>
  <nd ref="1094207539"/>
  <nd ref="1094082482"/>
  <nd ref="1094468989"/>
  <nd ref="1094738962"/>
  <nd ref="1094393230"/>
  <nd ref="1094341951"/>
  <nd ref="1094778208"/>
  <nd ref="1094235290"/>
  <nd ref="1094605298"/>
  <nd ref="1094500681"/>
  <nd ref="1094259605"/>
  <nd ref="1094403755"/>
  <nd ref="1094126088"/>
  <nd ref="1094843352"/>
  <nd ref="1094418345"/>
  <nd ref="1094631310"/>
  <nd ref="1094360901"/>
  <nd ref="1094281992"/>
  <nd ref="1094671122"/>
  <nd ref="1094149784"/>
  <nd ref="1094512899"/>
  <nd ref="1094821933"/>
  <nd ref="1094410294"/>
  <nd ref="1094371020"/>
  <nd ref="1094855117"/>
  <nd ref="1094269227"/>
  <nd ref="1094651951"/>
  <nd ref="1094547763"/>
  <nd ref="1094293494"/>
  <nd ref="1094430135"/>
  <nd ref="1094189083"/>
  <nd ref="1094067450"/>
  <nd ref="1094451255"/>
  <nd ref="1094699452"/>
  <nd ref="1094385274"/>
  <nd ref="1094323597"/>
  <nd ref="1094745064"/>
  <nd ref="1094214096"/>
  <nd ref="1094568055"/>
  <nd ref="1094476863"/>
  <nd ref="1094243139"/>
  <nd ref="1094395010"/>
  <nd ref="1094090116"/>
  <nd ref="1094078702"/>
  <nd ref="1094462939"/>
  <nd ref="1094727350"/>
  <nd ref="1094390723"/>
  <nd ref="1094335689"/>
  <nd ref="1094761471"/>
  <nd ref="1094227119"/>
  <nd ref="1094586598"/>
  <nd ref="1094493803"/>
  <nd ref="1094253543"/>
  <nd ref="1094399991"/>
  <nd ref="1094109815"/>
  <nd ref="1094831291"/>
  <nd ref="1094413843"/>
  <nd ref="1094625464"/>
  <nd ref="1094354836"/>
  <nd ref="1094274281"/>
  <nd ref="1094661790"/>
  <nd ref="1094161655"/>
  <nd ref="1094520832"/>
  <nd ref="1094434068"/>
  <nd ref="1094194198"/>
  <nd ref="1094375388"/>
  <nd ref="7396746723"/>
  <nd ref="7396746724"/>
  <nd ref="7396746725"/>
 </way>
 <way id="907096561" visible="true" version="5" changeset="127429697" timestamp="2022-10-12T17:46:27Z" user="AntonioLago" uid="11626760">
  <nd ref="8423198897"/>
  <nd ref="8423198896"/>
  <nd ref="8423198895"/>
  <nd ref="8423198894"/>
  <nd ref="8423198893"/>
  <nd ref="8423198892"/>
  <nd ref="8423198891"/>
  <nd ref="8423198890"/>
  <nd ref="8423198889"/>
  <nd ref="8423198888"/>
  <nd ref="8423198887"/>
  <nd ref="8423198886"/>
  <nd ref="8423198885"/>
  <nd ref="8423198882"/>
  <nd ref="8423198881"/>
  <nd ref="8895844993"/>
  <nd ref="8423198880"/>
  <nd ref="10095819707"/>
  <nd ref="8423198879"/>
  <nd ref="8423198878"/>
  <nd ref="8423198877"/>
  <nd ref="8423198876"/>
  <tag k="highway" v="track"/>
 </way>
 <way id="961400410" visible="true" version="1" changeset="107405281" timestamp="2021-07-04T20:07:12Z" user="AntonioLago" uid="11626760">
  <nd ref="8893218319"/>
  <nd ref="8893218318"/>
  <tag k="barrier" v="chain"/>
  <tag k="maxwidth" v="8"/>
 </way>
 <way id="961400411" visible="true" version="1" changeset="107405281" timestamp="2021-07-04T20:07:12Z" user="AntonioLago" uid="11626760">
  <nd ref="8423198881"/>
  <nd ref="8893218325"/>
  <nd ref="8893218324"/>
  <nd ref="8893218323"/>
  <nd ref="8893218322"/>
  <nd ref="8893218321"/>
  <nd ref="8893218317"/>
  <nd ref="8893218320"/>
  <tag k="highway" v="track"/>
 </way>
 <way id="961711263" visible="true" version="1" changeset="107459293" timestamp="2021-07-05T20:30:31Z" user="AntonioLago" uid="11626760">
  <nd ref="8895844993"/>
  <nd ref="8895844994"/>
  <nd ref="8895844990"/>
  <nd ref="8895844995"/>
  <nd ref="8895845000"/>
  <tag k="highway" v="track"/>
 </way>
 <way id="962568996" visible="true" version="1" changeset="107626397" timestamp="2021-07-08T10:33:07Z" user="AntonioLago" uid="11626760">
  <nd ref="8423198892"/>
  <nd ref="8904034618"/>
  <nd ref="8904034617"/>
  <nd ref="8904028616"/>
  <nd ref="8904028615"/>
  <nd ref="8904028614"/>
  <nd ref="8904028613"/>
  <nd ref="8904028612"/>
  <nd ref="8904028611"/>
  <nd ref="8904028610"/>
  <nd ref="8904028609"/>
  <nd ref="8904028608"/>
  <nd ref="8904028607"/>
  <nd ref="8904028606"/>
  <nd ref="8904028605"/>
  <nd ref="8904028604"/>
  <nd ref="8904028603"/>
  <nd ref="8904028602"/>
  <nd ref="8904028601"/>
  <nd ref="8904028600"/>
  <nd ref="8904028599"/>
  <nd ref="8904028598"/>
  <nd ref="8904028597"/>
  <nd ref="8904028596"/>
  <nd ref="8904028595"/>
  <nd ref="8904028594"/>
  <nd ref="8904028593"/>
  <nd ref="8423198882"/>
  <tag k="highway" v="track"/>
 </way>
 <relation id="10744013" visible="true" version="3" changeset="147485177" timestamp="2024-02-15T10:45:06Z" user="Manudebroco" uid="21018555">
  <member type="way" ref="384545692" role="outer"/>
  <member type="way" ref="791216098" role="outer"/>
  <member type="way" ref="775696567" role="inner"/>
  <tag k="landuse" v="forest"/>
  <tag k="leaf_type" v="mixed"/>
  <tag k="name" v="Parque forestal de Tameiga"/>
  <tag k="produce" v="timber"/>
  <tag k="source" v="EU CORINE land cover 2006"/>
  <tag k="type" v="multipolygon"/>
 </relation>
</osm>
