<?xml version="1.0" encoding="UTF-8"?>
<osm version="0.6" generator="openstreetmap-cgimap 2.1.0 (3498737 spike-06.openstreetmap.org)" copyright="OpenStreetMap and contributors" attribution="http://www.openstreetmap.org/copyright" license="http://opendatacommons.org/licenses/odbl/1-0/">
 <bounds minlat="43.3420000" minlon="-8.4420000" maxlat="43.3470000" maxlon="-8.4300000"/>
 <node id="267036765" visible="true" version="7" changeset="62283363" timestamp="2018-09-04T15:24:06Z" user="abczyx" uid="2129377" lat="43.3452482" lon="-8.4314874"/>
 <node id="267036766" visible="true" version="7" changeset="62283363" timestamp="2018-09-04T15:24:06Z" user="abczyx" uid="2129377" lat="43.3448093" lon="-8.4330380"/>
 <node id="267036767" visible="true" version="6" changeset="62283363" timestamp="2018-09-04T15:24:06Z" user="abczyx" uid="2129377" lat="43.3446385" lon="-8.4341428"/>
 <node id="267036768" visible="true" version="6" changeset="12095631" timestamp="2012-07-03T01:20:42Z" user="Nemigo" uid="650671" lat="43.3446350" lon="-8.4354996"/>
 <node id="267036771" visible="true" version="7" changeset="20102749" timestamp="2014-01-20T12:53:48Z" user="franciscosmcastro" uid="1893846" lat="43.3446313" lon="-8.4382469"/>
 <node id="267036772" visible="true" version="6" changeset="66239047" timestamp="2019-01-11T21:04:06Z" user="MapMakerGal" uid="7579660" lat="43.3445227" lon="-8.4390042"/>
 <node id="267036773" visible="true" version="5" changeset="66239047" timestamp="2019-01-11T21:04:06Z" user="MapMakerGal" uid="7579660" lat="43.3443372" lon="-8.4397901"/>
 <node id="267036774" visible="true" version="5" changeset="66239047" timestamp="2019-01-11T21:04:06Z" user="MapMakerGal" uid="7579660" lat="43.3441407" lon="-8.4404623"/>
 <node id="267036775" visible="true" version="5" changeset="66239047" timestamp="2019-01-11T21:04:06Z" user="MapMakerGal" uid="7579660" lat="43.3439444" lon="-8.4409841"/>
 <node id="267036776" visible="true" version="5" changeset="66239047" timestamp="2019-01-11T21:04:06Z" user="MapMakerGal" uid="7579660" lat="43.3436261" lon="-8.4416790"/>
 <node id="267036789" visible="true" version="4" changeset="66844125" timestamp="2019-02-01T20:53:16Z" user="MapMakerGal" uid="7579660" lat="43.3420171" lon="-8.4436511"/>
 <node id="267040010" visible="true" version="3" changeset="66844125" timestamp="2019-02-01T20:53:16Z" user="MapMakerGal" uid="7579660" lat="43.3421892" lon="-8.4434419"/>
 <node id="267040011" visible="true" version="3" changeset="66844125" timestamp="2019-02-01T20:53:16Z" user="MapMakerGal" uid="7579660" lat="43.3423542" lon="-8.4430810"/>
 <node id="267040012" visible="true" version="4" changeset="66844125" timestamp="2019-02-01T20:53:16Z" user="MapMakerGal" uid="7579660" lat="43.3426029" lon="-8.4424659"/>
 <node id="267040013" visible="true" version="4" changeset="66844125" timestamp="2019-02-01T20:53:16Z" user="MapMakerGal" uid="7579660" lat="43.3429550" lon="-8.4417224"/>
 <node id="267040014" visible="true" version="3" changeset="66844125" timestamp="2019-02-01T20:53:16Z" user="MapMakerGal" uid="7579660" lat="43.3433277" lon="-8.4411823"/>
 <node id="267040015" visible="true" version="3" changeset="7118495" timestamp="2011-01-29T00:06:35Z" user="jasonez" uid="229489" lat="43.3438327" lon="-8.4405030"/>
 <node id="267040016" visible="true" version="4" changeset="7304836" timestamp="2011-02-16T15:30:50Z" user="riptide" uid="34041" lat="43.3441427" lon="-8.4397671"/>
 <node id="267040020" visible="true" version="5" changeset="12095631" timestamp="2012-07-03T01:20:42Z" user="Nemigo" uid="650671" lat="43.3445712" lon="-8.4362336"/>
 <node id="267040861" visible="true" version="5" changeset="62283363" timestamp="2018-09-04T15:24:06Z" user="abczyx" uid="2129377" lat="43.3446395" lon="-8.4334535"/>
 <node id="267040866" visible="true" version="5" changeset="11940791" timestamp="2012-06-18T19:34:28Z" user="Nemigo" uid="650671" lat="43.3451824" lon="-8.4314262"/>
 <node id="284748249" visible="true" version="3" changeset="66239047" timestamp="2019-01-11T21:04:06Z" user="MapMakerGal" uid="7579660" lat="43.3442008" lon="-8.4399711"/>
 <node id="284748258" visible="true" version="1" changeset="95962" timestamp="2008-08-06T12:44:16Z" user="opaco" uid="32490" lat="43.3436476" lon="-8.4410950"/>
 <node id="284748264" visible="true" version="2" changeset="7118495" timestamp="2011-01-29T00:06:18Z" user="jasonez" uid="229489" lat="43.3430858" lon="-8.4420512"/>
 <node id="284748271" visible="true" version="1" changeset="95962" timestamp="2008-08-06T12:44:17Z" user="opaco" uid="32490" lat="43.3428174" lon="-8.4427429"/>
 <node id="284748279" visible="true" version="3" changeset="84070863" timestamp="2020-04-24T16:21:08Z" user="abczyx" uid="2129377" lat="43.3426614" lon="-8.4435716"/>
 <node id="284748286" visible="true" version="2" changeset="7118495" timestamp="2011-01-29T00:06:28Z" user="jasonez" uid="229489" lat="43.3425873" lon="-8.4447580"/>
 <node id="284748294" visible="true" version="2" changeset="7118495" timestamp="2011-01-29T00:06:25Z" user="jasonez" uid="229489" lat="43.3425648" lon="-8.4457642"/>
 <node id="284748300" visible="true" version="2" changeset="7118495" timestamp="2011-01-29T00:06:23Z" user="jasonez" uid="229489" lat="43.3424424" lon="-8.4466814"/>
 <node id="284748307" visible="true" version="1" changeset="95962" timestamp="2008-08-06T12:44:18Z" user="opaco" uid="32490" lat="43.3420871" lon="-8.4478928"/>
 <node id="284748315" visible="true" version="2" changeset="7118495" timestamp="2011-01-29T00:06:35Z" user="jasonez" uid="229489" lat="43.3416693" lon="-8.4486630"/>
 <node id="284748325" visible="true" version="2" changeset="7118495" timestamp="2011-01-29T00:06:21Z" user="jasonez" uid="229489" lat="43.3411223" lon="-8.4493717"/>
 <node id="284748333" visible="true" version="1" changeset="95962" timestamp="2008-08-06T12:44:19Z" user="opaco" uid="32490" lat="43.3404891" lon="-8.4499956"/>
 <node id="284748339" visible="true" version="2" changeset="84070863" timestamp="2020-04-24T16:21:08Z" user="abczyx" uid="2129377" lat="43.3398942" lon="-8.4506891"/>
 <node id="284748345" visible="true" version="3" changeset="84070863" timestamp="2020-04-24T16:21:08Z" user="abczyx" uid="2129377" lat="43.3395595" lon="-8.4512767"/>
 <node id="284748354" visible="true" version="3" changeset="84070863" timestamp="2020-04-24T16:21:08Z" user="abczyx" uid="2129377" lat="43.3392570" lon="-8.4521125"/>
 <node id="284748362" visible="true" version="2" changeset="7118495" timestamp="2011-01-29T00:06:36Z" user="jasonez" uid="229489" lat="43.3391207" lon="-8.4526552"/>
 <node id="284748370" visible="true" version="2" changeset="7118495" timestamp="2011-01-29T00:07:02Z" user="jasonez" uid="229489" lat="43.3389255" lon="-8.4534572"/>
 <node id="284748378" visible="true" version="2" changeset="7118495" timestamp="2011-01-29T00:06:33Z" user="jasonez" uid="229489" lat="43.3387534" lon="-8.4539379"/>
 <node id="284748386" visible="true" version="2" changeset="7118495" timestamp="2011-01-29T00:06:59Z" user="jasonez" uid="229489" lat="43.3385775" lon="-8.4542828"/>
 <node id="284748394" visible="true" version="3" changeset="58424526" timestamp="2018-04-25T22:17:06Z" user="j1scad" uid="5853411" lat="43.3383540" lon="-8.4546348"/>
 <node id="284748410" visible="true" version="7" changeset="97607290" timestamp="2021-01-16T14:48:09Z" user="MapMakerGal" uid="7579660" lat="43.3382056" lon="-8.4548179">
  <tag k="highway" v="motorway_junction"/>
  <tag k="ref" v="5"/>
 </node>
 <node id="285173083" visible="true" version="8" changeset="171014917" timestamp="2025-08-26T08:32:10Z" user="MarinoBM" uid="11454828" lat="43.3422635" lon="-8.4469353">
  <tag k="highway" v="motorway_junction"/>
  <tag k="ref" v="3"/>
 </node>
 <node id="285173103" visible="true" version="4" changeset="84070863" timestamp="2020-04-24T16:21:08Z" user="abczyx" uid="2129377" lat="43.3423327" lon="-8.4466738"/>
 <node id="285173108" visible="true" version="3" changeset="94159069" timestamp="2020-11-15T18:13:40Z" user="MapMakerGal_import" uid="10907973" lat="43.3424562" lon="-8.4456693"/>
 <node id="285173114" visible="true" version="3" changeset="7118495" timestamp="2011-01-29T00:06:29Z" user="jasonez" uid="229489" lat="43.3424701" lon="-8.4447205"/>
 <node id="285173120" visible="true" version="4" changeset="84070863" timestamp="2020-04-24T16:21:08Z" user="abczyx" uid="2129377" lat="43.3425453" lon="-8.4435784"/>
 <node id="285173126" visible="true" version="3" changeset="84070863" timestamp="2020-04-24T16:21:08Z" user="abczyx" uid="2129377" lat="43.3427312" lon="-8.4426461"/>
 <node id="285173133" visible="true" version="3" changeset="7118495" timestamp="2011-01-29T00:06:41Z" user="jasonez" uid="229489" lat="43.3429912" lon="-8.4419455"/>
 <node id="285173139" visible="true" version="3" changeset="84070863" timestamp="2020-04-24T16:21:08Z" user="abczyx" uid="2129377" lat="43.3435600" lon="-8.4409904"/>
 <node id="470539039" visible="true" version="3" changeset="59692206" timestamp="2018-06-09T14:24:32Z" user="MapMakerGal" uid="7579660" lat="43.3567427" lon="-8.4187365"/>
 <node id="470539058" visible="true" version="3" changeset="59692206" timestamp="2018-06-09T14:24:32Z" user="MapMakerGal" uid="7579660" lat="43.3571583" lon="-8.4201739"/>
 <node id="470539064" visible="true" version="3" changeset="59692206" timestamp="2018-06-09T14:24:32Z" user="MapMakerGal" uid="7579660" lat="43.3572482" lon="-8.4203341"/>
 <node id="470539068" visible="true" version="3" changeset="59692206" timestamp="2018-06-09T14:24:32Z" user="MapMakerGal" uid="7579660" lat="43.3573615" lon="-8.4204766"/>
 <node id="470539070" visible="true" version="3" changeset="59692206" timestamp="2018-06-09T14:24:32Z" user="MapMakerGal" uid="7579660" lat="43.3575444" lon="-8.4206448"/>
 <node id="470539088" visible="true" version="5" changeset="112553963" timestamp="2021-10-15T18:20:00Z" user="MapMakerGal" uid="7579660" lat="43.3582049" lon="-8.4211697"/>
 <node id="470595922" visible="true" version="3" changeset="84070863" timestamp="2020-04-24T16:21:08Z" user="abczyx" uid="2129377" lat="43.3423910" lon="-8.4463588"/>
 <node id="471530466" visible="true" version="1" changeset="2213276" timestamp="2009-08-20T16:03:12Z" user="qgadrian" uid="159905" lat="43.3426272" lon="-8.4303087"/>
 <node id="471530467" visible="true" version="1" changeset="2213276" timestamp="2009-08-20T16:03:12Z" user="qgadrian" uid="159905" lat="43.3428082" lon="-8.4305833"/>
 <node id="471530468" visible="true" version="1" changeset="2213276" timestamp="2009-08-20T16:03:12Z" user="qgadrian" uid="159905" lat="43.3429768" lon="-8.4306692"/>
 <node id="471530469" visible="true" version="2" changeset="30485124" timestamp="2015-04-25T21:10:55Z" user="abczyx" uid="2129377" lat="43.3430624" lon="-8.4306461"/>
 <node id="471530471" visible="true" version="5" changeset="144025900" timestamp="2023-11-14T20:36:22Z" user="yopaseopor" uid="500572" lat="43.3433834" lon="-8.4306027">
  <tag k="direction" v="forward"/>
  <tag k="highway" v="give_way"/>
  <tag k="side" v="right"/>
  <tag k="traffic_sign" v="ES:R1"/>
 </node>
 <node id="471530472" visible="true" version="3" changeset="61934511" timestamp="2018-08-23T22:00:52Z" user="abczyx" uid="2129377" lat="43.3434175" lon="-8.4307184"/>
 <node id="471530473" visible="true" version="8" changeset="175726495" timestamp="2025-12-09T18:18:55Z" user="kapazao_import" uid="8770019" lat="43.3435743" lon="-8.4309767">
  <tag k="crossing" v="uncontrolled"/>
  <tag k="crossing:markings" v="zebra"/>
  <tag k="highway" v="crossing"/>
 </node>
 <node id="471530484" visible="true" version="6" changeset="62283363" timestamp="2018-09-04T15:24:06Z" user="abczyx" uid="2129377" lat="43.3448856" lon="-8.4323886"/>
 <node id="576507026" visible="true" version="3" changeset="66844125" timestamp="2019-02-01T20:53:16Z" user="MapMakerGal" uid="7579660" lat="43.3420555" lon="-8.4434251"/>
 <node id="695412548" visible="true" version="5" changeset="105920079" timestamp="2021-06-06T14:47:37Z" user="iagocity" uid="12096117" lat="43.3469335" lon="-8.4270005"/>
 <node id="911846077" visible="true" version="1" changeset="5777700" timestamp="2010-09-14T11:39:42Z" user="Jacques_N" uid="46145" lat="43.3450461" lon="-8.4426148"/>
 <node id="911846089" visible="true" version="2" changeset="7118495" timestamp="2011-01-29T00:06:25Z" user="jasonez" uid="229489" lat="43.3446766" lon="-8.4368647"/>
 <node id="911846098" visible="true" version="2" changeset="7118495" timestamp="2011-01-29T00:06:33Z" user="jasonez" uid="229489" lat="43.3441628" lon="-8.4423577"/>
 <node id="911846116" visible="true" version="6" changeset="62283363" timestamp="2018-09-04T15:24:06Z" user="abczyx" uid="2129377" lat="43.3465492" lon="-8.4275171"/>
 <node id="911846122" visible="true" version="2" changeset="7118495" timestamp="2011-01-29T00:07:01Z" user="jasonez" uid="229489" lat="43.3438600" lon="-8.4415079"/>
 <node id="911846129" visible="true" version="2" changeset="10678985" timestamp="2012-02-13T23:32:57Z" user="riptide" uid="34041" lat="43.3466983" lon="-8.4307409"/>
 <node id="911846134" visible="true" version="2" changeset="7365666" timestamp="2011-02-22T17:54:22Z" user="riptide" uid="34041" lat="43.3453714" lon="-8.4404598"/>
 <node id="911846145" visible="true" version="2" changeset="7118495" timestamp="2011-01-29T00:06:58Z" user="jasonez" uid="229489" lat="43.3443453" lon="-8.4402708"/>
 <node id="911846168" visible="true" version="3" changeset="12429567" timestamp="2012-07-22T10:27:05Z" user="Nemigo" uid="650671" lat="43.3469760" lon="-8.4415714"/>
 <node id="911846186" visible="true" version="3" changeset="25489122" timestamp="2014-09-16T21:21:04Z" user="abczyx" uid="2129377" lat="43.3471990" lon="-8.4294328"/>
 <node id="911846203" visible="true" version="2" changeset="7118495" timestamp="2011-01-29T00:06:52Z" user="jasonez" uid="229489" lat="43.3438626" lon="-8.4419110"/>
 <node id="911846214" visible="true" version="4" changeset="77518065" timestamp="2019-11-25T11:42:56Z" user="abczyx" uid="2129377" lat="43.3481636" lon="-8.4314124"/>
 <node id="911846231" visible="true" version="3" changeset="12429567" timestamp="2012-07-22T10:27:05Z" user="Nemigo" uid="650671" lat="43.3500838" lon="-8.4356562"/>
 <node id="911846249" visible="true" version="2" changeset="7365666" timestamp="2011-02-22T17:54:16Z" user="riptide" uid="34041" lat="43.3460111" lon="-8.4379313"/>
 <node id="911846260" visible="true" version="2" changeset="7118495" timestamp="2011-01-29T00:06:26Z" user="jasonez" uid="229489" lat="43.3448658" lon="-8.4415378"/>
 <node id="911846338" visible="true" version="2" changeset="7365666" timestamp="2011-02-22T17:54:16Z" user="riptide" uid="34041" lat="43.3462556" lon="-8.4375694"/>
 <node id="911846349" visible="true" version="2" changeset="7118495" timestamp="2011-01-29T00:06:35Z" user="jasonez" uid="229489" lat="43.3448581" lon="-8.4426240"/>
 <node id="911846353" visible="true" version="2" changeset="7118495" timestamp="2011-01-29T00:06:22Z" user="jasonez" uid="229489" lat="43.3444787" lon="-8.4424800"/>
 <node id="911846358" visible="true" version="1" changeset="5777700" timestamp="2010-09-14T11:39:48Z" user="Jacques_N" uid="46145" lat="43.3456091" lon="-8.4372758"/>
 <node id="911846421" visible="true" version="2" changeset="7365666" timestamp="2011-02-22T17:54:16Z" user="riptide" uid="34041" lat="43.3446955" lon="-8.4395589"/>
 <node id="911846432" visible="true" version="2" changeset="7118495" timestamp="2011-01-29T00:07:01Z" user="jasonez" uid="229489" lat="43.3451874" lon="-8.4415823"/>
 <node id="911846434" visible="true" version="2" changeset="7118495" timestamp="2011-01-29T00:06:34Z" user="jasonez" uid="229489" lat="43.3442214" lon="-8.4405999"/>
 <node id="911846446" visible="true" version="3" changeset="12429567" timestamp="2012-07-22T10:27:05Z" user="Nemigo" uid="650671" lat="43.3497950" lon="-8.4351070"/>
 <node id="911846457" visible="true" version="4" changeset="66239047" timestamp="2019-01-11T21:04:06Z" user="MapMakerGal" uid="7579660" lat="43.3431741" lon="-8.4424834"/>
 <node id="911846464" visible="true" version="2" changeset="7365666" timestamp="2011-02-22T17:54:23Z" user="riptide" uid="34041" lat="43.3461660" lon="-8.4377609"/>
 <node id="911846476" visible="true" version="2" changeset="7118495" timestamp="2011-01-29T00:06:20Z" user="jasonez" uid="229489" lat="43.3440767" lon="-8.4422556"/>
 <node id="911846482" visible="true" version="2" changeset="7365666" timestamp="2011-02-22T17:54:23Z" user="riptide" uid="34041" lat="43.3456569" lon="-8.4409202"/>
 <node id="911846493" visible="true" version="1" changeset="5777700" timestamp="2010-09-14T11:39:51Z" user="Jacques_N" uid="46145" lat="43.3465582" lon="-8.4311303"/>
 <node id="1125611617" visible="true" version="2" changeset="84070863" timestamp="2020-04-24T16:21:08Z" user="abczyx" uid="2129377" lat="43.3426105" lon="-8.4441541"/>
 <node id="1125611632" visible="true" version="1" changeset="7118495" timestamp="2011-01-29T00:05:16Z" user="jasonez" uid="229489" lat="43.3428594" lon="-8.4422802"/>
 <node id="1125611655" visible="true" version="1" changeset="7118495" timestamp="2011-01-29T00:05:17Z" user="jasonez" uid="229489" lat="43.3439418" lon="-8.4405759"/>
 <node id="1125611679" visible="true" version="1" changeset="7118495" timestamp="2011-01-29T00:05:18Z" user="jasonez" uid="229489" lat="43.3443202" lon="-8.4395674"/>
 <node id="1125611683" visible="true" version="1" changeset="7118495" timestamp="2011-01-29T00:05:18Z" user="jasonez" uid="229489" lat="43.3421142" lon="-8.4435553"/>
 <node id="1125611723" visible="true" version="1" changeset="7118495" timestamp="2011-01-29T00:05:19Z" user="jasonez" uid="229489" lat="43.3433609" lon="-8.4415509"/>
 <node id="1125611750" visible="true" version="2" changeset="84070863" timestamp="2020-04-24T16:21:08Z" user="abczyx" uid="2129377" lat="43.3424410" lon="-8.4459548"/>
 <node id="1125611758" visible="true" version="1" changeset="7118495" timestamp="2011-01-29T00:05:20Z" user="jasonez" uid="229489" lat="43.3427186" lon="-8.4431659"/>
 <node id="1125611768" visible="true" version="2" changeset="84070863" timestamp="2020-04-24T16:21:08Z" user="abczyx" uid="2129377" lat="43.3424954" lon="-8.4441936"/>
 <node id="1125611782" visible="true" version="3" changeset="66239047" timestamp="2019-01-11T21:04:06Z" user="MapMakerGal" uid="7579660" lat="43.3439444" lon="-8.4401870"/>
 <node id="1125611789" visible="true" version="1" changeset="7118495" timestamp="2011-01-29T00:05:21Z" user="jasonez" uid="229489" lat="43.3414426" lon="-8.4489844"/>
 <node id="1125611792" visible="true" version="1" changeset="7118495" timestamp="2011-01-29T00:05:21Z" user="jasonez" uid="229489" lat="43.3425260" lon="-8.4462272"/>
 <node id="1125611836" visible="true" version="1" changeset="7118495" timestamp="2011-01-29T00:05:23Z" user="jasonez" uid="229489" lat="43.3429478" lon="-8.4423869"/>
 <node id="1125611875" visible="true" version="1" changeset="7118495" timestamp="2011-01-29T00:05:23Z" user="jasonez" uid="229489" lat="43.3438152" lon="-8.4417458"/>
 <node id="1125611886" visible="true" version="1" changeset="7118495" timestamp="2011-01-29T00:05:23Z" user="jasonez" uid="229489" lat="43.3418972" lon="-8.4482650"/>
 <node id="1125611903" visible="true" version="2" changeset="66239047" timestamp="2019-01-11T21:04:06Z" user="MapMakerGal" uid="7579660" lat="43.3444429" lon="-8.4390994"/>
 <node id="1125611924" visible="true" version="1" changeset="7118495" timestamp="2011-01-29T00:05:24Z" user="jasonez" uid="229489" lat="43.3426140" lon="-8.4431088"/>
 <node id="1125612001" visible="true" version="1" changeset="7118495" timestamp="2011-01-29T00:05:25Z" user="jasonez" uid="229489" lat="43.3432653" lon="-8.4414467"/>
 <node id="1125612024" visible="true" version="2" changeset="7304836" timestamp="2011-02-16T15:30:54Z" user="riptide" uid="34041" lat="43.3439841" lon="-8.4401985"/>
 <node id="1125612058" visible="true" version="1" changeset="7118495" timestamp="2011-01-29T00:05:26Z" user="jasonez" uid="229489" lat="43.3423068" lon="-8.4472875"/>
 <node id="1156362344" visible="true" version="2" changeset="12095631" timestamp="2012-07-03T01:20:42Z" user="Nemigo" uid="650671" lat="43.3454959" lon="-8.4307919"/>
 <node id="1156362347" visible="true" version="1" changeset="7304836" timestamp="2011-02-16T15:30:41Z" user="riptide" uid="34041" lat="43.3444341" lon="-8.4384500"/>
 <node id="1156362348" visible="true" version="3" changeset="62283363" timestamp="2018-09-04T15:24:06Z" user="abczyx" uid="2129377" lat="43.3447153" lon="-8.4334861"/>
 <node id="1156362357" visible="true" version="2" changeset="7304953" timestamp="2011-02-16T15:47:49Z" user="riptide" uid="34041" lat="43.3444231" lon="-8.4362177"/>
 <node id="1156362358" visible="true" version="4" changeset="175726514" timestamp="2025-12-09T18:19:11Z" user="kapazao_import" uid="8770019" lat="43.3474203" lon="-8.4254856">
  <tag k="crossing" v="uncontrolled"/>
  <tag k="crossing:markings" v="zebra"/>
  <tag k="highway" v="crossing"/>
 </node>
 <node id="1156362362" visible="true" version="3" changeset="62283363" timestamp="2018-09-04T15:24:06Z" user="abczyx" uid="2129377" lat="43.3446251" lon="-8.4344783"/>
 <node id="1156362364" visible="true" version="1" changeset="7304836" timestamp="2011-02-16T15:30:41Z" user="riptide" uid="34041" lat="43.3442320" lon="-8.4349312"/>
 <node id="1156362372" visible="true" version="4" changeset="20102998" timestamp="2014-01-20T13:10:29Z" user="franciscosmcastro" uid="1893846" lat="43.3446909" lon="-8.4376176"/>
 <node id="1156362375" visible="true" version="3" changeset="62283363" timestamp="2018-09-04T15:24:06Z" user="abczyx" uid="2129377" lat="43.3450784" lon="-8.4320035"/>
 <node id="1156362377" visible="true" version="3" changeset="62283363" timestamp="2018-09-04T15:24:06Z" user="abczyx" uid="2129377" lat="43.3445715" lon="-8.4340434"/>
 <node id="1156362386" visible="true" version="3" changeset="62283363" timestamp="2018-09-04T15:24:06Z" user="abczyx" uid="2129377" lat="43.3446250" lon="-8.4348758"/>
 <node id="1156362389" visible="true" version="1" changeset="7304836" timestamp="2011-02-16T15:30:42Z" user="riptide" uid="34041" lat="43.3444017" lon="-8.4351645"/>
 <node id="1156362392" visible="true" version="3" changeset="12095631" timestamp="2012-07-03T01:22:37Z" user="Nemigo" uid="650671" lat="43.3459057" lon="-8.4294078"/>
 <node id="1156362396" visible="true" version="1" changeset="7304836" timestamp="2011-02-16T15:30:42Z" user="riptide" uid="34041" lat="43.3443936" lon="-8.4350807"/>
 <node id="1156362419" visible="true" version="3" changeset="62283363" timestamp="2018-09-04T15:24:06Z" user="abczyx" uid="2129377" lat="43.3448459" lon="-8.4328588"/>
 <node id="1156362434" visible="true" version="2" changeset="12095631" timestamp="2012-07-03T01:20:43Z" user="Nemigo" uid="650671" lat="43.3446255" lon="-8.4351680"/>
 <node id="1156362438" visible="true" version="1" changeset="7304836" timestamp="2011-02-16T15:30:43Z" user="riptide" uid="34041" lat="43.3440075" lon="-8.4351572"/>
 <node id="1156362441" visible="true" version="2" changeset="12095631" timestamp="2012-07-03T01:20:43Z" user="Nemigo" uid="650671" lat="43.3459287" lon="-8.4296107"/>
 <node id="1156362444" visible="true" version="2" changeset="63260207" timestamp="2018-10-06T15:51:42Z" user="MapMakerGal" uid="7579660" lat="43.3445227" lon="-8.4376836"/>
 <node id="1156362445" visible="true" version="3" changeset="62283363" timestamp="2018-09-04T15:24:07Z" user="abczyx" uid="2129377" lat="43.3448834" lon="-8.4326941"/>
 <node id="1156362460" visible="true" version="3" changeset="62283363" timestamp="2018-09-04T15:24:07Z" user="abczyx" uid="2129377" lat="43.3446553" lon="-8.4338771"/>
 <node id="1156362461" visible="true" version="3" changeset="12135390" timestamp="2012-07-06T22:09:47Z" user="Nemigo" uid="650671" lat="43.3455361" lon="-8.4304355"/>
 <node id="1156362462" visible="true" version="1" changeset="7304836" timestamp="2011-02-16T15:30:44Z" user="riptide" uid="34041" lat="43.3443025" lon="-8.4349541"/>
 <node id="1156362466" visible="true" version="4" changeset="62283363" timestamp="2018-09-04T15:24:06Z" user="abczyx" uid="2129377" lat="43.3449259" lon="-8.4322442"/>
 <node id="1156362481" visible="true" version="2" changeset="12095631" timestamp="2012-07-03T01:20:44Z" user="Nemigo" uid="650671" lat="43.3455816" lon="-8.4305473"/>
 <node id="1156362483" visible="true" version="3" changeset="62283363" timestamp="2018-09-04T15:24:07Z" user="abczyx" uid="2129377" lat="43.3448118" lon="-8.4326661"/>
 <node id="1156362492" visible="true" version="1" changeset="7304836" timestamp="2011-02-16T15:30:44Z" user="riptide" uid="34041" lat="43.3443605" lon="-8.4388960"/>
 <node id="1156362494" visible="true" version="3" changeset="62283363" timestamp="2018-09-04T15:24:07Z" user="abczyx" uid="2129377" lat="43.3449507" lon="-8.4324333"/>
 <node id="1156362501" visible="true" version="2" changeset="34845468" timestamp="2015-10-24T17:43:28Z" user="polkillas" uid="42055" lat="43.3461133" lon="-8.4291611"/>
 <node id="1156362503" visible="true" version="2" changeset="11940791" timestamp="2012-06-18T19:34:30Z" user="Nemigo" uid="650671" lat="43.3447261" lon="-8.4330099"/>
 <node id="1156362506" visible="true" version="2" changeset="12095631" timestamp="2012-07-03T01:20:42Z" user="Nemigo" uid="650671" lat="43.3445719" lon="-8.4366547"/>
 <node id="1156362508" visible="true" version="3" changeset="62283363" timestamp="2018-09-04T15:24:07Z" user="abczyx" uid="2129377" lat="43.3451898" lon="-8.4316643"/>
 <node id="1156362511" visible="true" version="3" changeset="62283363" timestamp="2018-09-04T15:24:07Z" user="abczyx" uid="2129377" lat="43.3445490" lon="-8.4350447"/>
 <node id="1156362513" visible="true" version="3" changeset="66239047" timestamp="2019-01-11T21:04:06Z" user="MapMakerGal" uid="7579660" lat="43.3445913" lon="-8.4385755"/>
 <node id="1156362528" visible="true" version="3" changeset="62283363" timestamp="2018-09-04T15:24:06Z" user="abczyx" uid="2129377" lat="43.3447467" lon="-8.4333389"/>
 <node id="1156362533" visible="true" version="2" changeset="12095631" timestamp="2012-07-03T01:20:45Z" user="Nemigo" uid="650671" lat="43.3446242" lon="-8.4346730"/>
 <node id="1156362535" visible="true" version="1" changeset="7304836" timestamp="2011-02-16T15:30:45Z" user="riptide" uid="34041" lat="43.3443609" lon="-8.4350056"/>
 <node id="1156362537" visible="true" version="3" changeset="20102749" timestamp="2014-01-20T12:53:48Z" user="franciscosmcastro" uid="1893846" lat="43.3446625" lon="-8.4379840"/>
 <node id="1156362552" visible="true" version="4" changeset="62283363" timestamp="2018-09-04T15:24:06Z" user="abczyx" uid="2129377" lat="43.3453788" lon="-8.4311122"/>
 <node id="1156362553" visible="true" version="3" changeset="62283363" timestamp="2018-09-04T15:24:06Z" user="abczyx" uid="2129377" lat="43.3446650" lon="-8.4333167"/>
 <node id="1156362554" visible="true" version="3" changeset="12095631" timestamp="2012-07-03T01:22:37Z" user="Nemigo" uid="650671" lat="43.3457202" lon="-8.4299319"/>
 <node id="1156362568" visible="true" version="1" changeset="7304836" timestamp="2011-02-16T15:30:45Z" user="riptide" uid="34041" lat="43.3442606" lon="-8.4393456"/>
 <node id="1156362570" visible="true" version="2" changeset="12095631" timestamp="2012-07-03T01:20:42Z" user="Nemigo" uid="650671" lat="43.3446553" lon="-8.4361872"/>
 <node id="1156362571" visible="true" version="1" changeset="7304836" timestamp="2011-02-16T15:30:45Z" user="riptide" uid="34041" lat="43.3441440" lon="-8.4349413"/>
 <node id="1156362578" visible="true" version="1" changeset="7304836" timestamp="2011-02-16T15:30:46Z" user="riptide" uid="34041" lat="43.3444922" lon="-8.4379965"/>
 <node id="1156362589" visible="true" version="3" changeset="62283363" timestamp="2018-09-04T15:24:06Z" user="abczyx" uid="2129377" lat="43.3449886" lon="-8.4322962"/>
 <node id="1156362590" visible="true" version="4" changeset="62283363" timestamp="2018-09-04T15:24:06Z" user="abczyx" uid="2129377" lat="43.3445465" lon="-8.4346340"/>
 <node id="1156362592" visible="true" version="2" changeset="7304953" timestamp="2011-02-16T15:47:46Z" user="riptide" uid="34041" lat="43.3444899" lon="-8.4362164"/>
 <node id="1156362597" visible="true" version="1" changeset="7304836" timestamp="2011-02-16T15:30:46Z" user="riptide" uid="34041" lat="43.3440740" lon="-8.4349912"/>
 <node id="1156362611" visible="true" version="1" changeset="7304836" timestamp="2011-02-16T15:30:46Z" user="riptide" uid="34041" lat="43.3446629" lon="-8.4365299"/>
 <node id="1156362629" visible="true" version="2" changeset="12095631" timestamp="2012-07-03T01:20:43Z" user="Nemigo" uid="650671" lat="43.3446389" lon="-8.4358503"/>
 <node id="1156362631" visible="true" version="1" changeset="7304836" timestamp="2011-02-16T15:30:47Z" user="riptide" uid="34041" lat="43.3440292" lon="-8.4350656"/>
 <node id="1156362641" visible="true" version="3" changeset="12095631" timestamp="2012-07-03T01:20:43Z" user="Nemigo" uid="650671" lat="43.3442937" lon="-8.4319092"/>
 <node id="1156371006" visible="true" version="1" changeset="7304953" timestamp="2011-02-16T15:47:30Z" user="riptide" uid="34041" lat="43.3443803" lon="-8.4374154"/>
 <node id="1156371011" visible="true" version="1" changeset="7304953" timestamp="2011-02-16T15:47:31Z" user="riptide" uid="34041" lat="43.3444004" lon="-8.4370424"/>
 <node id="1156371014" visible="true" version="1" changeset="7304953" timestamp="2011-02-16T15:47:31Z" user="riptide" uid="34041" lat="43.3437777" lon="-8.4364140"/>
 <node id="1156371035" visible="true" version="1" changeset="7304953" timestamp="2011-02-16T15:47:34Z" user="riptide" uid="34041" lat="43.3442184" lon="-8.4363937"/>
 <node id="1156371037" visible="true" version="1" changeset="7304953" timestamp="2011-02-16T15:47:34Z" user="riptide" uid="34041" lat="43.3443389" lon="-8.4362192"/>
 <node id="1156371052" visible="true" version="1" changeset="7304953" timestamp="2011-02-16T15:47:36Z" user="riptide" uid="34041" lat="43.3442226" lon="-8.4366474"/>
 <node id="1156371055" visible="true" version="1" changeset="7304953" timestamp="2011-02-16T15:47:36Z" user="riptide" uid="34041" lat="43.3443362" lon="-8.4363883"/>
 <node id="1156371068" visible="true" version="6" changeset="175726514" timestamp="2025-12-09T18:19:11Z" user="kapazao_import" uid="8770019" lat="43.3486745" lon="-8.4215324">
  <tag k="crossing" v="uncontrolled"/>
  <tag k="crossing:markings" v="zebra"/>
  <tag k="highway" v="crossing"/>
 </node>
 <node id="1166803944" visible="true" version="1" changeset="7365666" timestamp="2011-02-22T17:54:13Z" user="riptide" uid="34041" lat="43.3436645" lon="-8.4406958"/>
 <node id="1166803946" visible="true" version="2" changeset="12429567" timestamp="2012-07-22T10:27:05Z" user="Nemigo" uid="650671" lat="43.3482545" lon="-8.4351239"/>
 <node id="1166803953" visible="true" version="3" changeset="12429567" timestamp="2012-07-22T10:27:05Z" user="Nemigo" uid="650671" lat="43.3492948" lon="-8.4340270"/>
 <node id="1166803955" visible="true" version="1" changeset="7365666" timestamp="2011-02-22T17:54:13Z" user="riptide" uid="34041" lat="43.3487605" lon="-8.4341707"/>
 <node id="1166803956" visible="true" version="2" changeset="66239047" timestamp="2019-01-11T21:04:06Z" user="MapMakerGal" uid="7579660" lat="43.3444237" lon="-8.4394206"/>
 <node id="1166803958" visible="true" version="1" changeset="7365666" timestamp="2011-02-22T17:54:13Z" user="riptide" uid="34041" lat="43.3438087" lon="-8.4404411"/>
 <node id="1166803960" visible="true" version="1" changeset="7365666" timestamp="2011-02-22T17:54:13Z" user="riptide" uid="34041" lat="43.3484619" lon="-8.4346732"/>
 <node id="1166803961" visible="true" version="2" changeset="66844125" timestamp="2019-02-01T20:53:16Z" user="MapMakerGal" uid="7579660" lat="43.3424403" lon="-8.4434459"/>
 <node id="1166803963" visible="true" version="1" changeset="7365666" timestamp="2011-02-22T17:54:13Z" user="riptide" uid="34041" lat="43.3454511" lon="-8.4392628"/>
 <node id="1166803964" visible="true" version="1" changeset="7365666" timestamp="2011-02-22T17:54:13Z" user="riptide" uid="34041" lat="43.3448035" lon="-8.4393880"/>
 <node id="1166803974" visible="true" version="1" changeset="7365666" timestamp="2011-02-22T17:54:13Z" user="riptide" uid="34041" lat="43.3484833" lon="-8.4345177"/>
 <node id="1166803976" visible="true" version="2" changeset="66239047" timestamp="2019-01-11T21:04:06Z" user="MapMakerGal" uid="7579660" lat="43.3442389" lon="-8.4401325"/>
 <node id="1166803977" visible="true" version="1" changeset="7365666" timestamp="2011-02-22T17:54:14Z" user="riptide" uid="34041" lat="43.3435054" lon="-8.4409338"/>
 <node id="1166803978" visible="true" version="2" changeset="12429567" timestamp="2012-07-22T10:27:05Z" user="Nemigo" uid="650671" lat="43.3488785" lon="-8.4341678"/>
 <node id="1166803980" visible="true" version="1" changeset="7365666" timestamp="2011-02-22T17:54:14Z" user="riptide" uid="34041" lat="43.3428845" lon="-8.4428967"/>
 <node id="1166803981" visible="true" version="1" changeset="7365666" timestamp="2011-02-22T17:54:14Z" user="riptide" uid="34041" lat="43.3454017" lon="-8.4386757"/>
 <node id="1166803983" visible="true" version="2" changeset="66239047" timestamp="2019-01-11T21:04:06Z" user="MapMakerGal" uid="7579660" lat="43.3437885" lon="-8.4413429"/>
 <node id="1166803991" visible="true" version="1" changeset="7365666" timestamp="2011-02-22T17:54:14Z" user="riptide" uid="34041" lat="43.3495242" lon="-8.4345178"/>
 <node id="1166803992" visible="true" version="2" changeset="66844125" timestamp="2019-02-01T20:53:16Z" user="MapMakerGal" uid="7579660" lat="43.3431220" lon="-8.4414716"/>
 <node id="1166803994" visible="true" version="2" changeset="12429567" timestamp="2012-07-22T10:27:05Z" user="Nemigo" uid="650671" lat="43.3489303" lon="-8.4343626"/>
 <node id="1166803997" visible="true" version="2" changeset="115620119" timestamp="2021-12-31T19:05:58Z" user="abczyx" uid="2129377" lat="43.3457959" lon="-8.4376089"/>
 <node id="1166804000" visible="true" version="1" changeset="7365666" timestamp="2011-02-22T17:54:14Z" user="riptide" uid="34041" lat="43.3485501" lon="-8.4355928"/>
 <node id="1166804002" visible="true" version="2" changeset="66239047" timestamp="2019-01-11T21:04:06Z" user="MapMakerGal" uid="7579660" lat="43.3434035" lon="-8.4421008"/>
 <node id="1166804003" visible="true" version="2" changeset="66844125" timestamp="2019-02-01T20:53:16Z" user="MapMakerGal" uid="7579660" lat="43.3427807" lon="-8.4420585"/>
 <node id="1166804012" visible="true" version="1" changeset="7365666" timestamp="2011-02-22T17:54:14Z" user="riptide" uid="34041" lat="43.3485901" lon="-8.4342928"/>
 <node id="1490414885" visible="true" version="3" changeset="26984925" timestamp="2014-11-23T23:28:25Z" user="abczyx" uid="2129377" lat="43.3445365" lon="-8.4334901"/>
 <node id="1490414887" visible="true" version="4" changeset="62283363" timestamp="2018-09-04T15:24:06Z" user="abczyx" uid="2129377" lat="43.3445146" lon="-8.4336974"/>
 <node id="1490414889" visible="true" version="4" changeset="62283363" timestamp="2018-09-04T15:24:06Z" user="abczyx" uid="2129377" lat="43.3444954" lon="-8.4339206"/>
 <node id="1490414898" visible="true" version="2" changeset="62283363" timestamp="2018-09-04T15:24:06Z" user="abczyx" uid="2129377" lat="43.3446983" lon="-8.4340136"/>
 <node id="1490414911" visible="true" version="3" changeset="17136652" timestamp="2013-07-29T09:46:18Z" user="jacksparrow" uid="235316" lat="43.3451345" lon="-8.4321949"/>
 <node id="1490414913" visible="true" version="4" changeset="57640077" timestamp="2018-03-29T17:05:30Z" user="abczyx" uid="2129377" lat="43.3453067" lon="-8.4332102"/>
 <node id="1490414917" visible="true" version="2" changeset="12095631" timestamp="2012-07-03T01:20:45Z" user="Nemigo" uid="650671" lat="43.3452344" lon="-8.4318212"/>
 <node id="1490414918" visible="true" version="3" changeset="57640077" timestamp="2018-03-29T17:05:40Z" user="abczyx" uid="2129377" lat="43.3453477" lon="-8.4326624"/>
 <node id="1567916470" visible="true" version="4" changeset="57640077" timestamp="2018-03-29T17:05:30Z" user="abczyx" uid="2129377" lat="43.3454094" lon="-8.4332353"/>
 <node id="1567916483" visible="true" version="3" changeset="57640077" timestamp="2018-03-29T17:05:33Z" user="abczyx" uid="2129377" lat="43.3461701" lon="-8.4329381"/>
 <node id="1567916488" visible="true" version="4" changeset="57640077" timestamp="2018-03-29T17:05:30Z" user="abczyx" uid="2129377" lat="43.3458453" lon="-8.4333701"/>
 <node id="1567916492" visible="true" version="4" changeset="57640077" timestamp="2018-03-29T17:05:34Z" user="abczyx" uid="2129377" lat="43.3461339" lon="-8.4331329"/>
 <node id="1567916495" visible="true" version="3" changeset="57640077" timestamp="2018-03-29T17:05:37Z" user="abczyx" uid="2129377" lat="43.3463006" lon="-8.4335631"/>
 <node id="1567916499" visible="true" version="3" changeset="57640077" timestamp="2018-03-29T17:05:30Z" user="abczyx" uid="2129377" lat="43.3466494" lon="-8.4336774"/>
 <node id="1567916502" visible="true" version="5" changeset="57640077" timestamp="2018-03-29T17:05:34Z" user="abczyx" uid="2129377" lat="43.3471603" lon="-8.4335286"/>
 <node id="1567916526" visible="true" version="3" changeset="57640077" timestamp="2018-03-29T17:05:40Z" user="abczyx" uid="2129377" lat="43.3471407" lon="-8.4337990"/>
 <node id="1567916529" visible="true" version="4" changeset="57640077" timestamp="2018-03-29T17:05:34Z" user="abczyx" uid="2129377" lat="43.3476253" lon="-8.4336116"/>
 <node id="1567916537" visible="true" version="5" changeset="57640077" timestamp="2018-03-29T17:05:33Z" user="abczyx" uid="2129377" lat="43.3479335" lon="-8.4335960"/>
 <node id="1567916539" visible="true" version="5" changeset="105990173" timestamp="2021-06-07T18:51:13Z" user="ddsaimon" uid="1893271" lat="43.3476099" lon="-8.4337763"/>
 <node id="1622404939" visible="true" version="4" changeset="50190670" timestamp="2017-07-11T02:39:32Z" user="Nemigo" uid="650671" lat="43.3433484" lon="-8.4300448"/>
 <node id="1622404963" visible="true" version="3" changeset="30485124" timestamp="2015-04-25T21:10:56Z" user="abczyx" uid="2129377" lat="43.3431577" lon="-8.4287280"/>
 <node id="1622405021" visible="true" version="2" changeset="30485124" timestamp="2015-04-25T21:10:55Z" user="abczyx" uid="2129377" lat="43.3435427" lon="-8.4301551"/>
 <node id="1622405024" visible="true" version="4" changeset="50190670" timestamp="2017-07-11T02:39:32Z" user="Nemigo" uid="650671" lat="43.3428253" lon="-8.4299295"/>
 <node id="1622405034" visible="true" version="3" changeset="30485124" timestamp="2015-04-25T21:10:55Z" user="abczyx" uid="2129377" lat="43.3424067" lon="-8.4281433"/>
 <node id="1622405039" visible="true" version="3" changeset="30485124" timestamp="2015-04-25T21:10:55Z" user="abczyx" uid="2129377" lat="43.3425292" lon="-8.4273459"/>
 <node id="1622405047" visible="true" version="3" changeset="30485124" timestamp="2015-04-25T21:10:55Z" user="abczyx" uid="2129377" lat="43.3434307" lon="-8.4259176"/>
 <node id="1622405056" visible="true" version="2" changeset="30485124" timestamp="2015-04-25T21:10:55Z" user="abczyx" uid="2129377" lat="43.3439912" lon="-8.4263253"/>
 <node id="1622405091" visible="true" version="3" changeset="30485124" timestamp="2015-04-25T21:10:56Z" user="abczyx" uid="2129377" lat="43.3444927" lon="-8.4263003"/>
 <node id="1622405096" visible="true" version="3" changeset="30485124" timestamp="2015-04-25T21:10:56Z" user="abczyx" uid="2129377" lat="43.3448932" lon="-8.4264956"/>
 <node id="1622405155" visible="true" version="5" changeset="69212423" timestamp="2019-04-14T19:45:17Z" user="MapMakerGal" uid="7579660" lat="43.3450445" lon="-8.4311702"/>
 <node id="1622405159" visible="true" version="5" changeset="140589197" timestamp="2023-08-30T13:23:43Z" user="abczyx" uid="2129377" lat="43.3453618" lon="-8.4268351">
  <tag k="amenity" v="parking_entrance"/>
  <tag k="fee" v="no"/>
  <tag k="maxheight" v="2.1"/>
  <tag k="parking" v="underground"/>
 </node>
 <node id="1622405165" visible="true" version="2" changeset="11940791" timestamp="2012-06-18T19:29:49Z" user="Nemigo" uid="650671" lat="43.3457930" lon="-8.4271438"/>
 <node id="1622405172" visible="true" version="2" changeset="11940791" timestamp="2012-06-18T19:29:49Z" user="Nemigo" uid="650671" lat="43.3462748" lon="-8.4274815"/>
 <node id="1632008618" visible="true" version="9" changeset="175726514" timestamp="2025-12-09T18:19:21Z" user="kapazao_import" uid="8770019" lat="43.3476766" lon="-8.4282048">
  <tag k="crossing" v="uncontrolled"/>
  <tag k="crossing:markings" v="zebra"/>
  <tag k="highway" v="crossing"/>
  <tag k="tactile_paving" v="yes"/>
 </node>
 <node id="1668894972" visible="true" version="2" changeset="12429567" timestamp="2012-07-22T10:27:05Z" user="Nemigo" uid="650671" lat="43.3465908" lon="-8.4409306"/>
 <node id="1674371937" visible="true" version="2" changeset="131929427" timestamp="2023-01-31T16:43:17Z" user="abczyx" uid="2129377" lat="43.3448156" lon="-8.4349143"/>
 <node id="1674371952" visible="true" version="4" changeset="131929427" timestamp="2023-01-31T16:43:17Z" user="abczyx" uid="2129377" lat="43.3452800" lon="-8.4332700"/>
 <node id="1674376650" visible="true" version="2" changeset="12429567" timestamp="2012-07-22T10:27:04Z" user="Nemigo" uid="650671" lat="43.3468554" lon="-8.4414726"/>
 <node id="1674376653" visible="true" version="1" changeset="10975645" timestamp="2012-03-14T10:05:55Z" user="Wilfredo Gam" uid="622191" lat="43.3444373" lon="-8.4396835"/>
 <node id="1674376656" visible="true" version="2" changeset="66239047" timestamp="2019-01-11T21:04:06Z" user="MapMakerGal" uid="7579660" lat="43.3438371" lon="-8.4414001"/>
 <node id="1674376658" visible="true" version="2" changeset="12109866" timestamp="2012-07-04T12:14:15Z" user="Nemigo" uid="650671" lat="43.3483539" lon="-8.4347671"/>
 <node id="1674376660" visible="true" version="1" changeset="10975645" timestamp="2012-03-14T10:05:55Z" user="Wilfredo Gam" uid="622191" lat="43.3451981" lon="-8.4428002"/>
 <node id="1674376662" visible="true" version="1" changeset="10975645" timestamp="2012-03-14T10:05:55Z" user="Wilfredo Gam" uid="622191" lat="43.3461708" lon="-8.4373838"/>
 <node id="1674376663" visible="true" version="2" changeset="12429567" timestamp="2012-07-22T10:27:04Z" user="Nemigo" uid="650671" lat="43.3465208" lon="-8.4409211"/>
 <node id="1674376666" visible="true" version="1" changeset="10975645" timestamp="2012-03-14T10:05:56Z" user="Wilfredo Gam" uid="622191" lat="43.3447742" lon="-8.4367454"/>
 <node id="1674376668" visible="true" version="3" changeset="12522006" timestamp="2012-07-28T11:40:40Z" user="Nemigo" uid="650671" lat="43.3473992" lon="-8.4398911"/>
 <node id="1674376670" visible="true" version="2" changeset="12429567" timestamp="2012-07-22T10:27:06Z" user="Nemigo" uid="650671" lat="43.3461812" lon="-8.4429045"/>
 <node id="1674376673" visible="true" version="3" changeset="12429567" timestamp="2012-07-22T10:27:06Z" user="Nemigo" uid="650671" lat="43.3485520" lon="-8.4342665"/>
 <node id="1674376675" visible="true" version="1" changeset="10975645" timestamp="2012-03-14T10:05:56Z" user="Wilfredo Gam" uid="622191" lat="43.3447611" lon="-8.4376289"/>
 <node id="1674376677" visible="true" version="3" changeset="12429567" timestamp="2012-07-22T10:27:05Z" user="Nemigo" uid="650671" lat="43.3489968" lon="-8.4340305"/>
 <node id="1674376679" visible="true" version="1" changeset="10975645" timestamp="2012-03-14T10:05:56Z" user="Wilfredo Gam" uid="622191" lat="43.3504059" lon="-8.4361591"/>
 <node id="1674376692" visible="true" version="2" changeset="66238188" timestamp="2019-01-11T20:35:01Z" user="MapMakerGal" uid="7579660" lat="43.3476134" lon="-8.4402577"/>
 <node id="1674376693" visible="true" version="3" changeset="12429567" timestamp="2012-07-22T10:27:04Z" user="Nemigo" uid="650671" lat="43.3493951" lon="-8.4339313"/>
 <node id="1674376694" visible="true" version="1" changeset="10975645" timestamp="2012-03-14T10:05:56Z" user="Wilfredo Gam" uid="622191" lat="43.3503552" lon="-8.4360464"/>
 <node id="1674376695" visible="true" version="1" changeset="10975645" timestamp="2012-03-14T10:05:56Z" user="Wilfredo Gam" uid="622191" lat="43.3441369" lon="-8.4406544"/>
 <node id="1674376697" visible="true" version="1" changeset="10975645" timestamp="2012-03-14T10:05:56Z" user="Wilfredo Gam" uid="622191" lat="43.3468925" lon="-8.4417611"/>
 <node id="1674376698" visible="true" version="2" changeset="12429567" timestamp="2012-07-22T10:27:04Z" user="Nemigo" uid="650671" lat="43.3453054" lon="-8.4426348"/>
 <node id="1674376699" visible="true" version="1" changeset="10975645" timestamp="2012-03-14T10:05:56Z" user="Wilfredo Gam" uid="622191" lat="43.3446675" lon="-8.4384765"/>
 <node id="1674376702" visible="true" version="1" changeset="10975645" timestamp="2012-03-14T10:05:56Z" user="Wilfredo Gam" uid="622191" lat="43.3503825" lon="-8.4367438"/>
 <node id="1674389936" visible="true" version="3" changeset="106218272" timestamp="2021-06-11T13:48:29Z" user="MapMakerGal" uid="7579660" lat="43.3517717" lon="-8.4185488"/>
 <node id="1674389937" visible="true" version="2" changeset="12627329" timestamp="2012-08-05T22:56:41Z" user="Nemigo" uid="650671" lat="43.3533146" lon="-8.4166124"/>
 <node id="1674389938" visible="true" version="1" changeset="10976210" timestamp="2012-03-14T10:26:50Z" user="Wilfredo Gam" uid="622191" lat="43.3501249" lon="-8.4185154"/>
 <node id="1674389939" visible="true" version="1" changeset="10976210" timestamp="2012-03-14T10:26:50Z" user="Wilfredo Gam" uid="622191" lat="43.3571566" lon="-8.4238568"/>
 <node id="1674389940" visible="true" version="1" changeset="10976210" timestamp="2012-03-14T10:26:50Z" user="Wilfredo Gam" uid="622191" lat="43.3504565" lon="-8.4196956"/>
 <node id="1674389941" visible="true" version="3" changeset="106218272" timestamp="2021-06-11T13:48:29Z" user="MapMakerGal" uid="7579660" lat="43.3526031" lon="-8.4166323"/>
 <node id="1674389942" visible="true" version="2" changeset="12627329" timestamp="2012-08-05T22:56:43Z" user="Nemigo" uid="650671" lat="43.3566010" lon="-8.4185379"/>
 <node id="1674389944" visible="true" version="2" changeset="11325745" timestamp="2012-04-16T19:15:21Z" user="Nemigo" uid="650671" lat="43.3535130" lon="-8.4319960"/>
 <node id="1674389946" visible="true" version="2" changeset="12627329" timestamp="2012-08-05T22:56:43Z" user="Nemigo" uid="650671" lat="43.3518385" lon="-8.4191684"/>
 <node id="1674389947" visible="true" version="2" changeset="12627329" timestamp="2012-08-05T22:56:43Z" user="Nemigo" uid="650671" lat="43.3583700" lon="-8.4213009"/>
 <node id="1674389948" visible="true" version="3" changeset="23983074" timestamp="2014-07-06T12:39:05Z" user="abczyx" uid="2129377" lat="43.3559233" lon="-8.4181901"/>
 <node id="1674389949" visible="true" version="2" changeset="12627329" timestamp="2012-08-05T22:56:43Z" user="Nemigo" uid="650671" lat="43.3529912" lon="-8.4165208"/>
 <node id="1674389950" visible="true" version="1" changeset="10976210" timestamp="2012-03-14T10:26:50Z" user="Wilfredo Gam" uid="622191" lat="43.3492577" lon="-8.4203967"/>
 <node id="1674389952" visible="true" version="2" changeset="12627329" timestamp="2012-08-05T22:56:39Z" user="Nemigo" uid="650671" lat="43.3522720" lon="-8.4169924"/>
 <node id="1674389954" visible="true" version="3" changeset="59692206" timestamp="2018-06-09T14:24:32Z" user="MapMakerGal" uid="7579660" lat="43.3568386" lon="-8.4189730"/>
 <node id="1674389955" visible="true" version="1" changeset="10976210" timestamp="2012-03-14T10:26:51Z" user="Wilfredo Gam" uid="622191" lat="43.3492277" lon="-8.4199692"/>
 <node id="1674389957" visible="true" version="2" changeset="12627329" timestamp="2012-08-05T22:56:39Z" user="Nemigo" uid="650671" lat="43.3518150" lon="-8.4182402"/>
 <node id="1674434559" visible="true" version="1" changeset="10976662" timestamp="2012-03-14T11:29:37Z" user="Wilfredo Gam" uid="622191" lat="43.3475113" lon="-8.4434224"/>
 <node id="1674434568" visible="true" version="1" changeset="10976662" timestamp="2012-03-14T11:29:37Z" user="Wilfredo Gam" uid="622191" lat="43.3473665" lon="-8.4438590"/>
 <node id="1674434601" visible="true" version="1" changeset="10976662" timestamp="2012-03-14T11:29:38Z" user="Wilfredo Gam" uid="622191" lat="43.3479658" lon="-8.4432775"/>
 <node id="1674434686" visible="true" version="1" changeset="10976662" timestamp="2012-03-14T11:29:40Z" user="Wilfredo Gam" uid="622191" lat="43.3479814" lon="-8.4436289"/>
 <node id="1674434724" visible="true" version="1" changeset="10976662" timestamp="2012-03-14T11:29:40Z" user="Wilfredo Gam" uid="622191" lat="43.3474516" lon="-8.4436469"/>
 <node id="1674438575" visible="true" version="1" changeset="10976818" timestamp="2012-03-14T11:35:42Z" user="Wilfredo Gam" uid="622191" lat="43.3477799" lon="-8.4405431"/>
 <node id="1674438577" visible="true" version="2" changeset="12429567" timestamp="2012-07-22T10:27:05Z" user="Nemigo" uid="650671" lat="43.3466020" lon="-8.4408194"/>
 <node id="1674438578" visible="true" version="1" changeset="10976818" timestamp="2012-03-14T11:35:42Z" user="Wilfredo Gam" uid="622191" lat="43.3469618" lon="-8.4414843"/>
 <node id="1674872034" visible="true" version="2" changeset="48892385" timestamp="2017-05-22T15:49:22Z" user="abczyx" uid="2129377" lat="43.3477186" lon="-8.4441646"/>
 <node id="1674872048" visible="true" version="2" changeset="48892385" timestamp="2017-05-22T15:49:22Z" user="abczyx" uid="2129377" lat="43.3477377" lon="-8.4440515"/>
 <node id="1674879632" visible="true" version="2" changeset="12514038" timestamp="2012-07-27T17:38:05Z" user="Nemigo" uid="650671" lat="43.3441635" lon="-8.4424652"/>
 <node id="1674879641" visible="true" version="1" changeset="10981291" timestamp="2012-03-14T19:31:45Z" user="Wilfredo Gam" uid="622191" lat="43.3448084" lon="-8.4426899"/>
 <node id="1707739187" visible="true" version="1" changeset="11231491" timestamp="2012-04-08T22:26:58Z" user="Nemigo" uid="650671" lat="43.3441335" lon="-8.4314841">
  <tag k="barrier" v="lift_gate"/>
 </node>
 <node id="1707739191" visible="true" version="2" changeset="63260207" timestamp="2018-10-06T15:51:42Z" user="MapMakerGal" uid="7579660" lat="43.3444671" lon="-8.4362159">
  <tag k="barrier" v="lift_gate"/>
 </node>
 <node id="1710249797" visible="true" version="2" changeset="66844125" timestamp="2019-02-01T20:53:16Z" user="MapMakerGal" uid="7579660" lat="43.3365162" lon="-8.4468764">
  <tag k="power" v="tower"/>
 </node>
 <node id="1710249883" visible="true" version="2" changeset="66844125" timestamp="2019-02-01T20:53:16Z" user="MapMakerGal" uid="7579660" lat="43.3363091" lon="-8.4468948">
  <tag k="power" v="tower"/>
 </node>
 <node id="1710249962" visible="true" version="2" changeset="66844125" timestamp="2019-02-01T20:53:16Z" user="MapMakerGal" uid="7579660" lat="43.3371865" lon="-8.4502294">
  <tag k="power" v="tower"/>
 </node>
 <node id="1710250299" visible="true" version="2" changeset="66844125" timestamp="2019-02-01T20:53:16Z" user="MapMakerGal" uid="7579660" lat="43.3377919" lon="-8.4532601">
  <tag k="power" v="tower"/>
 </node>
 <node id="1710250345" visible="true" version="2" changeset="66844125" timestamp="2019-02-01T20:53:16Z" user="MapMakerGal" uid="7579660" lat="43.3378885" lon="-8.4569886">
  <tag k="power" v="tower"/>
 </node>
 <node id="1710250355" visible="true" version="2" changeset="66844125" timestamp="2019-02-01T20:53:16Z" user="MapMakerGal" uid="7579660" lat="43.3380527" lon="-8.4573048">
  <tag k="power" v="tower"/>
 </node>
 <node id="1710250361" visible="true" version="2" changeset="66844125" timestamp="2019-02-01T20:53:16Z" user="MapMakerGal" uid="7579660" lat="43.3379453" lon="-8.4595334">
  <tag k="power" v="tower"/>
 </node>
 <node id="1710250390" visible="true" version="2" changeset="66844125" timestamp="2019-02-01T20:53:16Z" user="MapMakerGal" uid="7579660" lat="43.3377616" lon="-8.4594637">
  <tag k="power" v="tower"/>
 </node>
 <node id="1710250710" visible="true" version="2" changeset="66844125" timestamp="2019-02-01T20:53:16Z" user="MapMakerGal" uid="7579660" lat="43.3377127" lon="-8.4617067">
  <tag k="power" v="tower"/>
 </node>
 <node id="1710251018" visible="true" version="2" changeset="66844125" timestamp="2019-02-01T20:53:16Z" user="MapMakerGal" uid="7579660" lat="43.3372918" lon="-8.4621452">
  <tag k="power" v="tower"/>
 </node>
 <node id="1710251313" visible="true" version="2" changeset="66844125" timestamp="2019-02-01T20:53:16Z" user="MapMakerGal" uid="7579660" lat="43.3374125" lon="-8.4647496">
  <tag k="power" v="tower"/>
 </node>
 <node id="1710252397" visible="true" version="2" changeset="66844125" timestamp="2019-02-01T20:53:16Z" user="MapMakerGal" uid="7579660" lat="43.3370872" lon="-8.4442495">
  <tag k="power" v="tower"/>
 </node>
 <node id="1710252882" visible="true" version="2" changeset="66844125" timestamp="2019-02-01T20:53:16Z" user="MapMakerGal" uid="7579660" lat="43.3369212" lon="-8.4441295">
  <tag k="power" v="tower"/>
 </node>
 <node id="1710254675" visible="true" version="2" changeset="66844125" timestamp="2019-02-01T20:53:16Z" user="MapMakerGal" uid="7579660" lat="43.3375074" lon="-8.4434561">
  <tag k="power" v="tower"/>
 </node>
 <node id="1710254884" visible="true" version="2" changeset="66844125" timestamp="2019-02-01T20:53:16Z" user="MapMakerGal" uid="7579660" lat="43.3370121" lon="-8.4503093">
  <tag k="power" v="tower"/>
 </node>
 <node id="1710254925" visible="true" version="2" changeset="66844125" timestamp="2019-02-01T20:53:17Z" user="MapMakerGal" uid="7579660" lat="43.3372592" lon="-8.4433268">
  <tag k="power" v="tower"/>
 </node>
 <node id="1710254993" visible="true" version="1" changeset="11254223" timestamp="2012-04-10T17:02:05Z" user="Nemigo" uid="650671" lat="43.3395478" lon="-8.4416967">
  <tag k="power" v="tower"/>
 </node>
 <node id="1710255323" visible="true" version="1" changeset="11254223" timestamp="2012-04-10T17:02:18Z" user="Nemigo" uid="650671" lat="43.3392552" lon="-8.4415572">
  <tag k="power" v="tower"/>
 </node>
 <node id="1710255502" visible="true" version="3" changeset="66844125" timestamp="2019-02-01T20:53:17Z" user="MapMakerGal" uid="7579660" lat="43.3408264" lon="-8.4406859">
  <tag k="power" v="tower"/>
 </node>
 <node id="1710255617" visible="true" version="3" changeset="66844125" timestamp="2019-02-01T20:53:17Z" user="MapMakerGal" uid="7579660" lat="43.3407376" lon="-8.4403245">
  <tag k="power" v="tower"/>
 </node>
 <node id="1710255653" visible="true" version="2" changeset="66844125" timestamp="2019-02-01T20:53:17Z" user="MapMakerGal" uid="7579660" lat="43.3376118" lon="-8.4531824">
  <tag k="power" v="tower"/>
 </node>
 <node id="1710255858" visible="true" version="3" changeset="66259814" timestamp="2019-01-12T20:34:47Z" user="MapMakerGal" uid="7579660" lat="43.3422843" lon="-8.4413408">
  <tag k="power" v="tower"/>
 </node>
 <node id="1710256025" visible="true" version="3" changeset="66259814" timestamp="2019-01-12T20:34:47Z" user="MapMakerGal" uid="7579660" lat="43.3423068" lon="-8.4409486">
  <tag k="power" v="tower"/>
 </node>
 <node id="1710256367" visible="true" version="2" changeset="66259814" timestamp="2019-01-12T20:34:47Z" user="MapMakerGal" uid="7579660" lat="43.3438945" lon="-8.4423590">
  <tag k="power" v="tower"/>
 </node>
 <node id="1710256503" visible="true" version="2" changeset="66259814" timestamp="2019-01-12T20:34:47Z" user="MapMakerGal" uid="7579660" lat="43.3439051" lon="-8.4421834">
  <tag k="power" v="tower"/>
 </node>
 <node id="1710256797" visible="true" version="1" changeset="11254223" timestamp="2012-04-10T17:04:09Z" user="Nemigo" uid="650671" lat="43.3478000" lon="-8.4406488"/>
 <node id="1710260089" visible="true" version="1" changeset="11254223" timestamp="2012-04-10T17:10:07Z" user="Nemigo" uid="650671" lat="43.3443504" lon="-8.4406667"/>
 <node id="1710260090" visible="true" version="2" changeset="12514038" timestamp="2012-07-27T17:01:30Z" user="Nemigo" uid="650671" lat="43.3453420" lon="-8.4412162"/>
 <node id="1710260091" visible="true" version="1" changeset="11254223" timestamp="2012-04-10T17:10:07Z" user="Nemigo" uid="650671" lat="43.3450955" lon="-8.4414929"/>
 <node id="1710260092" visible="true" version="1" changeset="11254223" timestamp="2012-04-10T17:10:07Z" user="Nemigo" uid="650671" lat="43.3448615" lon="-8.4414553"/>
 <node id="1710260093" visible="true" version="3" changeset="12514038" timestamp="2012-07-27T17:01:30Z" user="Nemigo" uid="650671" lat="43.3453168" lon="-8.4404051"/>
 <node id="1710260095" visible="true" version="3" changeset="12514038" timestamp="2012-07-27T17:01:30Z" user="Nemigo" uid="650671" lat="43.3443721" lon="-8.4405911"/>
 <node id="1710260096" visible="true" version="3" changeset="12514038" timestamp="2012-07-27T17:01:30Z" user="Nemigo" uid="650671" lat="43.3449749" lon="-8.4398762"/>
 <node id="1710260893" visible="true" version="1" changeset="11254223" timestamp="2012-04-10T17:10:57Z" user="Nemigo" uid="650671" lat="43.3373122" lon="-8.4339559">
  <tag k="power" v="tower"/>
 </node>
 <node id="1710261195" visible="true" version="1" changeset="11254223" timestamp="2012-04-10T17:11:09Z" user="Nemigo" uid="650671" lat="43.3382915" lon="-8.4321427">
  <tag k="power" v="tower"/>
 </node>
 <node id="1710264169" visible="true" version="1" changeset="11254223" timestamp="2012-04-10T17:15:43Z" user="Nemigo" uid="650671" lat="43.3403359" lon="-8.4304904">
  <tag k="power" v="tower"/>
 </node>
 <node id="1710478166" visible="true" version="3" changeset="148729550" timestamp="2024-03-16T12:32:51Z" user="happymapper" uid="1807190" lat="43.3438671" lon="-8.4335336">
  <tag k="location:transition" v="yes"/>
  <tag k="power" v="tower"/>
 </node>
 <node id="1710478285" visible="true" version="3" changeset="148729550" timestamp="2024-03-16T12:32:51Z" user="happymapper" uid="1807190" lat="43.3439312" lon="-8.4337421">
  <tag k="location:transition" v="yes"/>
  <tag k="power" v="tower"/>
 </node>
 <node id="1710478413" visible="true" version="2" changeset="66259814" timestamp="2019-01-12T20:34:47Z" user="MapMakerGal" uid="7579660" lat="43.3432137" lon="-8.4349142">
  <tag k="power" v="tower"/>
 </node>
 <node id="1710478505" visible="true" version="2" changeset="66259814" timestamp="2019-01-12T20:34:47Z" user="MapMakerGal" uid="7579660" lat="43.3430474" lon="-8.4348094">
  <tag k="power" v="tower"/>
 </node>
 <node id="1710478698" visible="true" version="2" changeset="66259814" timestamp="2019-01-12T20:34:47Z" user="MapMakerGal" uid="7579660" lat="43.3431522" lon="-8.4357716">
  <tag k="power" v="tower"/>
 </node>
 <node id="1710479137" visible="true" version="2" changeset="66259814" timestamp="2019-01-12T20:34:47Z" user="MapMakerGal" uid="7579660" lat="43.3429725" lon="-8.4357611">
  <tag k="power" v="tower"/>
 </node>
 <node id="1710479385" visible="true" version="2" changeset="66259814" timestamp="2019-01-12T20:34:47Z" user="MapMakerGal" uid="7579660" lat="43.3430867" lon="-8.4366331">
  <tag k="power" v="tower"/>
 </node>
 <node id="1710479550" visible="true" version="2" changeset="66259814" timestamp="2019-01-12T20:34:47Z" user="MapMakerGal" uid="7579660" lat="43.3429039" lon="-8.4366808">
  <tag k="power" v="tower"/>
 </node>
 <node id="1710480119" visible="true" version="1" changeset="11256893" timestamp="2012-04-10T19:45:01Z" user="Nemigo" uid="650671" lat="43.3437613" lon="-8.4388992">
  <tag k="power" v="tower"/>
 </node>
 <node id="1710480443" visible="true" version="1" changeset="11256893" timestamp="2012-04-10T19:45:15Z" user="Nemigo" uid="650671" lat="43.3438267" lon="-8.4387553">
  <tag k="power" v="tower"/>
 </node>
 <node id="1710480785" visible="true" version="2" changeset="180054094" timestamp="2026-03-18T11:23:01Z" user="dmfr" uid="15324596" lat="43.3444364" lon="-8.4406327">
  <tag k="power" v="insulator"/>
 </node>
 <node id="1710480933" visible="true" version="2" changeset="180054094" timestamp="2026-03-18T11:23:01Z" user="dmfr" uid="15324596" lat="43.3444915" lon="-8.4405679">
  <tag k="power" v="insulator"/>
 </node>
 <node id="1711933905" visible="true" version="1" changeset="11270248" timestamp="2012-04-11T21:03:19Z" user="Nemigo" uid="650671" lat="43.3363048" lon="-8.4357156">
  <tag k="power" v="tower"/>
 </node>
 <node id="1711933955" visible="true" version="1" changeset="11270248" timestamp="2012-04-11T21:03:34Z" user="Nemigo" uid="650671" lat="43.3353898" lon="-8.4373356">
  <tag k="power" v="tower"/>
 </node>
 <node id="1711934018" visible="true" version="1" changeset="11270248" timestamp="2012-04-11T21:03:49Z" user="Nemigo" uid="650671" lat="43.3346738" lon="-8.4386392">
  <tag k="power" v="tower"/>
 </node>
 <node id="1711934123" visible="true" version="1" changeset="11270248" timestamp="2012-04-11T21:04:05Z" user="Nemigo" uid="650671" lat="43.3333043" lon="-8.4410505">
  <tag k="power" v="tower"/>
 </node>
 <node id="1711935407" visible="true" version="2" changeset="37561507" timestamp="2016-03-02T08:35:24Z" user="42429" uid="42429" lat="43.3319323" lon="-8.4435097">
  <tag k="power" v="tower"/>
 </node>
 <node id="1711937102" visible="true" version="4" changeset="148739551" timestamp="2024-03-16T16:20:47Z" user="happymapper" uid="1807190" lat="43.3403141" lon="-8.4295282">
  <tag k="power" v="tower"/>
 </node>
 <node id="1711937154" visible="true" version="2" changeset="37561507" timestamp="2016-03-02T08:35:24Z" user="42429" uid="42429" lat="43.3396821" lon="-8.4316755">
  <tag k="power" v="tower"/>
 </node>
 <node id="1711937388" visible="true" version="1" changeset="11270248" timestamp="2012-04-11T21:08:23Z" user="Nemigo" uid="650671" lat="43.3420518" lon="-8.4300427">
  <tag k="power" v="tower"/>
 </node>
 <node id="1722105120" visible="true" version="3" changeset="180054094" timestamp="2026-03-18T11:23:01Z" user="dmfr" uid="15324596" lat="43.3446199" lon="-8.4414960">
  <tag k="power" v="tower"/>
 </node>
 <node id="1722106727" visible="true" version="2" changeset="180054094" timestamp="2026-03-18T11:23:01Z" user="dmfr" uid="15324596" lat="43.3445719" lon="-8.4414199">
  <tag k="power" v="tower"/>
 </node>
 <node id="1722112465" visible="true" version="3" changeset="66259814" timestamp="2019-01-12T20:34:47Z" user="MapMakerGal" uid="7579660" lat="43.3417060" lon="-8.4357403"/>
 <node id="1722112468" visible="true" version="2" changeset="66260928" timestamp="2019-01-12T21:25:03Z" user="MapMakerGal" uid="7579660" lat="43.3384701" lon="-8.4321491"/>
 <node id="1722112469" visible="true" version="2" changeset="66844125" timestamp="2019-02-01T20:53:17Z" user="MapMakerGal" uid="7579660" lat="43.3409621" lon="-8.4406482"/>
 <node id="1722112470" visible="true" version="1" changeset="11346727" timestamp="2012-04-18T18:12:54Z" user="Nemigo" uid="650671" lat="43.3423020" lon="-8.4429903"/>
 <node id="1722112472" visible="true" version="3" changeset="66239047" timestamp="2019-01-11T21:04:06Z" user="MapMakerGal" uid="7579660" lat="43.3419102" lon="-8.4398918"/>
 <node id="1722112475" visible="true" version="2" changeset="66260928" timestamp="2019-01-12T21:25:04Z" user="MapMakerGal" uid="7579660" lat="43.3408265" lon="-8.4399892"/>
 <node id="1722112476" visible="true" version="1" changeset="11346727" timestamp="2012-04-18T18:12:54Z" user="Nemigo" uid="650671" lat="43.3394922" lon="-8.4330021"/>
 <node id="1722112478" visible="true" version="1" changeset="11346727" timestamp="2012-04-18T18:12:54Z" user="Nemigo" uid="650671" lat="43.3423949" lon="-8.4427814"/>
 <node id="1722112480" visible="true" version="3" changeset="66259814" timestamp="2019-01-12T20:34:47Z" user="MapMakerGal" uid="7579660" lat="43.3402975" lon="-8.4333820"/>
 <node id="1722112482" visible="true" version="2" changeset="66260928" timestamp="2019-01-12T21:25:04Z" user="MapMakerGal" uid="7579660" lat="43.3407427" lon="-8.4432481"/>
 <node id="1722112485" visible="true" version="1" changeset="11346727" timestamp="2012-04-18T18:12:55Z" user="Nemigo" uid="650671" lat="43.3415919" lon="-8.4439103"/>
 <node id="1722112495" visible="true" version="2" changeset="66260928" timestamp="2019-01-12T21:25:04Z" user="MapMakerGal" uid="7579660" lat="43.3405300" lon="-8.4397452"/>
 <node id="1722112498" visible="true" version="1" changeset="11346727" timestamp="2012-04-18T18:12:55Z" user="Nemigo" uid="650671" lat="43.3414098" lon="-8.4434868"/>
 <node id="1722112500" visible="true" version="2" changeset="66260928" timestamp="2019-01-12T21:25:03Z" user="MapMakerGal" uid="7579660" lat="43.3385169" lon="-8.4300248"/>
 <node id="1722112502" visible="true" version="2" changeset="12004983" timestamp="2012-06-24T20:22:10Z" user="Nemigo" uid="650671" lat="43.3392891" lon="-8.4404367"/>
 <node id="1722112506" visible="true" version="2" changeset="66259814" timestamp="2019-01-12T20:34:47Z" user="MapMakerGal" uid="7579660" lat="43.3398577" lon="-8.4328977"/>
 <node id="1722112511" visible="true" version="3" changeset="66844125" timestamp="2019-02-01T20:53:17Z" user="MapMakerGal" uid="7579660" lat="43.3418686" lon="-8.4420200"/>
 <node id="1722112515" visible="true" version="3" changeset="66259814" timestamp="2019-01-12T20:34:47Z" user="MapMakerGal" uid="7579660" lat="43.3418634" lon="-8.4368140"/>
 <node id="1722112518" visible="true" version="3" changeset="66260928" timestamp="2019-01-12T21:25:04Z" user="MapMakerGal" uid="7579660" lat="43.3399879" lon="-8.4360315"/>
 <node id="1722112520" visible="true" version="2" changeset="66260928" timestamp="2019-01-12T21:25:03Z" user="MapMakerGal" uid="7579660" lat="43.3383569" lon="-8.4320820"/>
 <node id="1722112522" visible="true" version="3" changeset="66844125" timestamp="2019-02-01T20:53:17Z" user="MapMakerGal" uid="7579660" lat="43.3405115" lon="-8.4419406"/>
 <node id="1722112526" visible="true" version="4" changeset="66844125" timestamp="2019-02-01T20:53:17Z" user="MapMakerGal" uid="7579660" lat="43.3382362" lon="-8.4389230"/>
 <node id="1722112528" visible="true" version="4" changeset="66239047" timestamp="2019-01-11T21:04:06Z" user="MapMakerGal" uid="7579660" lat="43.3421965" lon="-8.4389673"/>
 <node id="1722112550" visible="true" version="2" changeset="66260928" timestamp="2019-01-12T21:25:04Z" user="MapMakerGal" uid="7579660" lat="43.3406412" lon="-8.4428484"/>
 <node id="1722112553" visible="true" version="2" changeset="66259814" timestamp="2019-01-12T20:34:47Z" user="MapMakerGal" uid="7579660" lat="43.3405142" lon="-8.4348116"/>
 <node id="1722112555" visible="true" version="2" changeset="12004983" timestamp="2012-06-24T20:20:40Z" user="Nemigo" uid="650671" lat="43.3400161" lon="-8.4307287"/>
 <node id="1722112557" visible="true" version="1" changeset="11346727" timestamp="2012-04-18T18:12:56Z" user="Nemigo" uid="650671" lat="43.3394442" lon="-8.4322642"/>
 <node id="1722112559" visible="true" version="2" changeset="66259814" timestamp="2019-01-12T20:34:47Z" user="MapMakerGal" uid="7579660" lat="43.3409187" lon="-8.4354128"/>
 <node id="1722112562" visible="true" version="3" changeset="66260928" timestamp="2019-01-12T21:25:04Z" user="MapMakerGal" uid="7579660" lat="43.3393927" lon="-8.4373696"/>
 <node id="1722112564" visible="true" version="1" changeset="11346727" timestamp="2012-04-18T18:12:56Z" user="Nemigo" uid="650671" lat="43.3395437" lon="-8.4315668"/>
 <node id="1722112566" visible="true" version="1" changeset="11346727" timestamp="2012-04-18T18:12:56Z" user="Nemigo" uid="650671" lat="43.3388504" lon="-8.4297351"/>
 <node id="1722112570" visible="true" version="3" changeset="66260928" timestamp="2019-01-12T21:25:03Z" user="MapMakerGal" uid="7579660" lat="43.3381891" lon="-8.4308382"/>
 <node id="1722112572" visible="true" version="2" changeset="66260928" timestamp="2019-01-12T21:25:04Z" user="MapMakerGal" uid="7579660" lat="43.3400814" lon="-8.4390129"/>
 <node id="1722112574" visible="true" version="2" changeset="66239047" timestamp="2019-01-11T21:04:06Z" user="MapMakerGal" uid="7579660" lat="43.3418568" lon="-8.4418411"/>
 <node id="1722112575" visible="true" version="4" changeset="66844125" timestamp="2019-02-01T20:53:17Z" user="MapMakerGal" uid="7579660" lat="43.3389488" lon="-8.4404820"/>
 <node id="1722112585" visible="true" version="2" changeset="66260928" timestamp="2019-01-12T21:25:03Z" user="MapMakerGal" uid="7579660" lat="43.3399506" lon="-8.4339059"/>
 <node id="1722112588" visible="true" version="3" changeset="66259814" timestamp="2019-01-12T20:34:47Z" user="MapMakerGal" uid="7579660" lat="43.3418820" lon="-8.4379841"/>
 <node id="1722112590" visible="true" version="3" changeset="66844125" timestamp="2019-02-01T20:53:17Z" user="MapMakerGal" uid="7579660" lat="43.3406122" lon="-8.4412979"/>
 <node id="1722112592" visible="true" version="2" changeset="12004983" timestamp="2012-06-24T20:20:40Z" user="Nemigo" uid="650671" lat="43.3421132" lon="-8.4381984"/>
 <node id="1722112595" visible="true" version="3" changeset="66260928" timestamp="2019-01-12T21:25:03Z" user="MapMakerGal" uid="7579660" lat="43.3400053" lon="-8.4351173"/>
 <node id="1722112596" visible="true" version="2" changeset="12004983" timestamp="2012-06-24T20:20:40Z" user="Nemigo" uid="650671" lat="43.3395661" lon="-8.4299337"/>
 <node id="1722112597" visible="true" version="1" changeset="11346727" timestamp="2012-04-18T18:12:57Z" user="Nemigo" uid="650671" lat="43.3414898" lon="-8.4439240"/>
 <node id="1722112600" visible="true" version="2" changeset="12004983" timestamp="2012-06-24T20:24:20Z" user="Nemigo" uid="650671" lat="43.3426240" lon="-8.4420853"/>
 <node id="1722112601" visible="true" version="2" changeset="12004983" timestamp="2012-06-24T20:20:40Z" user="Nemigo" uid="650671" lat="43.3399590" lon="-8.4309358"/>
 <node id="1722112603" visible="true" version="2" changeset="66239047" timestamp="2019-01-11T21:04:06Z" user="MapMakerGal" uid="7579660" lat="43.3418427" lon="-8.4406181"/>
 <node id="1722112606" visible="true" version="1" changeset="11346727" timestamp="2012-04-18T18:12:57Z" user="Nemigo" uid="650671" lat="43.3416264" lon="-8.4436907"/>
 <node id="1722112617" visible="true" version="1" changeset="11346727" timestamp="2012-04-18T18:12:57Z" user="Nemigo" uid="650671" lat="43.3417967" lon="-8.4435697"/>
 <node id="1722112618" visible="true" version="1" changeset="11346727" timestamp="2012-04-18T18:12:58Z" user="Nemigo" uid="650671" lat="43.3417161" lon="-8.4436934"/>
 <node id="1722112621" visible="true" version="3" changeset="66260928" timestamp="2019-01-12T21:25:04Z" user="MapMakerGal" uid="7579660" lat="43.3400090" lon="-8.4365517"/>
 <node id="1722112623" visible="true" version="3" changeset="66260928" timestamp="2019-01-12T21:25:03Z" user="MapMakerGal" uid="7579660" lat="43.3379060" lon="-8.4316050"/>
 <node id="1722112625" visible="true" version="2" changeset="66844125" timestamp="2019-02-01T20:53:17Z" user="MapMakerGal" uid="7579660" lat="43.3423459" lon="-8.4417685"/>
 <node id="1722112627" visible="true" version="2" changeset="66260928" timestamp="2019-01-12T21:25:04Z" user="MapMakerGal" uid="7579660" lat="43.3399292" lon="-8.4386427"/>
 <node id="1722841136" visible="true" version="2" changeset="11367321" timestamp="2012-04-20T19:24:27Z" user="Nemigo" uid="650671" lat="43.3390256" lon="-8.4293164"/>
 <node id="1722841148" visible="true" version="2" changeset="12004983" timestamp="2012-06-24T20:25:34Z" user="Nemigo" uid="650671" lat="43.3402568" lon="-8.4287990"/>
 <node id="1722841149" visible="true" version="2" changeset="11367321" timestamp="2012-04-20T19:24:27Z" user="Nemigo" uid="650671" lat="43.3395620" lon="-8.4293778"/>
 <node id="1722841151" visible="true" version="2" changeset="12004983" timestamp="2012-06-24T20:25:34Z" user="Nemigo" uid="650671" lat="43.3401066" lon="-8.4293196"/>
 <node id="1726380824" visible="true" version="1" changeset="11382858" timestamp="2012-04-22T11:39:12Z" user="santiv123" uid="623255" lat="43.3407927" lon="-8.4435211"/>
 <node id="1726380859" visible="true" version="1" changeset="11382858" timestamp="2012-04-22T11:39:13Z" user="santiv123" uid="623255" lat="43.3406334" lon="-8.4439347"/>
 <node id="1726380864" visible="true" version="1" changeset="11382858" timestamp="2012-04-22T11:39:14Z" user="santiv123" uid="623255" lat="43.3406178" lon="-8.4441439"/>
 <node id="1726380884" visible="true" version="1" changeset="11382858" timestamp="2012-04-22T11:39:14Z" user="santiv123" uid="623255" lat="43.3412635" lon="-8.4439374"/>
 <node id="1726380894" visible="true" version="2" changeset="66844125" timestamp="2019-02-01T20:53:17Z" user="MapMakerGal" uid="7579660" lat="43.3411750" lon="-8.4434268"/>
 <node id="1728475725" visible="true" version="2" changeset="11940791" timestamp="2012-06-18T19:34:28Z" user="Nemigo" uid="650671" lat="43.3439683" lon="-8.4309213"/>
 <node id="1728475727" visible="true" version="2" changeset="11940791" timestamp="2012-06-18T19:34:28Z" user="Nemigo" uid="650671" lat="43.3439351" lon="-8.4307913"/>
 <node id="1728476611" visible="true" version="3" changeset="71515624" timestamp="2019-06-22T18:15:38Z" user="abczyx" uid="2129377" lat="43.3445755" lon="-8.4312084"/>
 <node id="1728476614" visible="true" version="3" changeset="71515624" timestamp="2019-06-22T18:15:38Z" user="abczyx" uid="2129377" lat="43.3443435" lon="-8.4314348"/>
 <node id="1728476617" visible="true" version="3" changeset="71515624" timestamp="2019-06-22T18:15:38Z" user="abczyx" uid="2129377" lat="43.3443765" lon="-8.4316316"/>
 <node id="1728476619" visible="true" version="3" changeset="71515624" timestamp="2019-06-22T18:15:38Z" user="abczyx" uid="2129377" lat="43.3447357" lon="-8.4314051"/>
 <node id="1728476623" visible="true" version="3" changeset="71515624" timestamp="2019-06-22T18:15:38Z" user="abczyx" uid="2129377" lat="43.3444803" lon="-8.4312414"/>
 <node id="1728476626" visible="true" version="3" changeset="71515624" timestamp="2019-06-22T18:15:38Z" user="abczyx" uid="2129377" lat="43.3445526" lon="-8.4312761"/>
 <node id="1728476629" visible="true" version="2" changeset="11940791" timestamp="2012-06-18T19:34:28Z" user="Nemigo" uid="650671" lat="43.3445461" lon="-8.4316034"/>
 <node id="1728476632" visible="true" version="3" changeset="71515624" timestamp="2019-06-22T18:15:38Z" user="abczyx" uid="2129377" lat="43.3444019" lon="-8.4315458"/>
 <node id="1728476633" visible="true" version="3" changeset="71515624" timestamp="2019-06-22T18:15:38Z" user="abczyx" uid="2129377" lat="43.3447942" lon="-8.4313249"/>
 <node id="1728476649" visible="true" version="3" changeset="71515624" timestamp="2019-06-22T18:15:38Z" user="abczyx" uid="2129377" lat="43.3444120" lon="-8.4314672"/>
 <node id="1728476652" visible="true" version="2" changeset="11940791" timestamp="2012-06-18T19:34:28Z" user="Nemigo" uid="650671" lat="43.3445816" lon="-8.4316795"/>
 <node id="1728476655" visible="true" version="3" changeset="71515624" timestamp="2019-06-22T18:15:38Z" user="abczyx" uid="2129377" lat="43.3447691" lon="-8.4314215"/>
 <node id="1728476658" visible="true" version="3" changeset="71515624" timestamp="2019-06-22T18:15:38Z" user="abczyx" uid="2129377" lat="43.3447197" lon="-8.4312576"/>
 <node id="1728476660" visible="true" version="3" changeset="71515624" timestamp="2019-06-22T18:15:38Z" user="abczyx" uid="2129377" lat="43.3446344" lon="-8.4312093"/>
 <node id="1728476662" visible="true" version="2" changeset="11940791" timestamp="2012-06-18T19:34:29Z" user="Nemigo" uid="650671" lat="43.3446401" lon="-8.4316822"/>
 <node id="1728476663" visible="true" version="3" changeset="71515624" timestamp="2019-06-22T18:15:38Z" user="abczyx" uid="2129377" lat="43.3442982" lon="-8.4315956"/>
 <node id="1755237344" visible="true" version="3" changeset="58424526" timestamp="2018-04-25T22:17:06Z" user="j1scad" uid="5853411" lat="43.3412822" lon="-8.4276824"/>
 <node id="1755237348" visible="true" version="4" changeset="61934511" timestamp="2018-08-23T22:00:51Z" user="abczyx" uid="2129377" lat="43.3413661" lon="-8.4277996"/>
 <node id="1755237350" visible="true" version="4" changeset="61934511" timestamp="2018-08-23T22:00:52Z" user="abczyx" uid="2129377" lat="43.3415942" lon="-8.4283040"/>
 <node id="1755237352" visible="true" version="4" changeset="61934511" timestamp="2018-08-23T22:00:52Z" user="abczyx" uid="2129377" lat="43.3417360" lon="-8.4286243"/>
 <node id="1755237355" visible="true" version="4" changeset="61934511" timestamp="2018-08-23T22:00:52Z" user="abczyx" uid="2129377" lat="43.3419374" lon="-8.4290492"/>
 <node id="1755237356" visible="true" version="3" changeset="61934511" timestamp="2018-08-23T22:00:52Z" user="abczyx" uid="2129377" lat="43.3421204" lon="-8.4293929"/>
 <node id="1770115826" visible="true" version="2" changeset="11940791" timestamp="2012-06-18T19:34:29Z" user="Nemigo" uid="650671" lat="43.3437779" lon="-8.4310655"/>
 <node id="1770115828" visible="true" version="2" changeset="11940791" timestamp="2012-06-18T19:34:28Z" user="Nemigo" uid="650671" lat="43.3436526" lon="-8.4307174"/>
 <node id="1770115829" visible="true" version="2" changeset="11940791" timestamp="2012-06-18T19:34:28Z" user="Nemigo" uid="650671" lat="43.3438148" lon="-8.4309953"/>
 <node id="1770115832" visible="true" version="2" changeset="11940791" timestamp="2012-06-18T19:34:28Z" user="Nemigo" uid="650671" lat="43.3435790" lon="-8.4308348"/>
 <node id="1770115833" visible="true" version="2" changeset="11940791" timestamp="2012-06-18T19:34:28Z" user="Nemigo" uid="650671" lat="43.3437815" lon="-8.4308654"/>
 <node id="1770116239" visible="true" version="4" changeset="157490119" timestamp="2024-10-05T08:56:57Z" user="joheil94" uid="18398586" lat="43.3433295" lon="-8.4305155"/>
 <node id="1770116240" visible="true" version="4" changeset="157490119" timestamp="2024-10-05T08:56:57Z" user="joheil94" uid="18398586" lat="43.3432975" lon="-8.4302389"/>
 <node id="1770116241" visible="true" version="4" changeset="157490119" timestamp="2024-10-05T08:56:57Z" user="joheil94" uid="18398586" lat="43.3433611" lon="-8.4305279"/>
 <node id="1770116242" visible="true" version="4" changeset="157490119" timestamp="2024-10-05T08:56:57Z" user="joheil94" uid="18398586" lat="43.3434632" lon="-8.4304823"/>
 <node id="1770116243" visible="true" version="4" changeset="157490119" timestamp="2024-10-05T08:56:57Z" user="joheil94" uid="18398586" lat="43.3434984" lon="-8.4303887"/>
 <node id="1770116244" visible="true" version="4" changeset="157490119" timestamp="2024-10-05T08:56:57Z" user="joheil94" uid="18398586" lat="43.3432626" lon="-8.4304118"/>
 <node id="1770116245" visible="true" version="4" changeset="157490119" timestamp="2024-10-05T08:56:57Z" user="joheil94" uid="18398586" lat="43.3434864" lon="-8.4304393"/>
 <node id="1770116246" visible="true" version="4" changeset="157490119" timestamp="2024-10-05T08:56:57Z" user="joheil94" uid="18398586" lat="43.3433258" lon="-8.4302127"/>
 <node id="1770116247" visible="true" version="4" changeset="157490119" timestamp="2024-10-05T08:56:57Z" user="joheil94" uid="18398586" lat="43.3433940" lon="-8.4305283"/>
 <node id="1770116248" visible="true" version="4" changeset="157490119" timestamp="2024-10-05T08:56:57Z" user="joheil94" uid="18398586" lat="43.3432773" lon="-8.4304547"/>
 <node id="1770116249" visible="true" version="4" changeset="157490119" timestamp="2024-10-05T08:56:57Z" user="joheil94" uid="18398586" lat="43.3433003" lon="-8.4304903"/>
 <node id="1770116250" visible="true" version="4" changeset="157490119" timestamp="2024-10-05T08:56:57Z" user="joheil94" uid="18398586" lat="43.3433575" lon="-8.4301987"/>
 <node id="1770116251" visible="true" version="4" changeset="157490119" timestamp="2024-10-05T08:56:57Z" user="joheil94" uid="18398586" lat="43.3434313" lon="-8.4305131"/>
 <node id="1770116252" visible="true" version="4" changeset="157490119" timestamp="2024-10-05T08:56:57Z" user="joheil94" uid="18398586" lat="43.3432756" lon="-8.4302748"/>
 <node id="1770116253" visible="true" version="4" changeset="157490119" timestamp="2024-10-05T08:56:57Z" user="joheil94" uid="18398586" lat="43.3434358" lon="-8.4302159"/>
 <node id="1770116254" visible="true" version="4" changeset="157490119" timestamp="2024-10-05T08:56:57Z" user="joheil94" uid="18398586" lat="43.3434982" lon="-8.4303355"/>
 <node id="1770116255" visible="true" version="4" changeset="157490119" timestamp="2024-10-05T08:56:57Z" user="joheil94" uid="18398586" lat="43.3434626" lon="-8.4302427"/>
 <node id="1770116256" visible="true" version="4" changeset="157490119" timestamp="2024-10-05T08:56:57Z" user="joheil94" uid="18398586" lat="43.3432618" lon="-8.4303177"/>
 <node id="1770116257" visible="true" version="4" changeset="157490119" timestamp="2024-10-05T08:56:57Z" user="joheil94" uid="18398586" lat="43.3434859" lon="-8.4302852"/>
 <node id="1770117294" visible="true" version="3" changeset="57640077" timestamp="2018-03-29T17:05:31Z" user="abczyx" uid="2129377" lat="43.3444155" lon="-8.4320861"/>
 <node id="1770118018" visible="true" version="1" changeset="11743918" timestamp="2012-05-30T00:30:13Z" user="Nemigo" uid="650671" lat="43.3455427" lon="-8.4302158"/>
 <node id="1770118019" visible="true" version="1" changeset="11743918" timestamp="2012-05-30T00:30:13Z" user="Nemigo" uid="650671" lat="43.3451663" lon="-8.4312296"/>
 <node id="1770118020" visible="true" version="2" changeset="11940791" timestamp="2012-06-18T19:34:29Z" user="Nemigo" uid="650671" lat="43.3449309" lon="-8.4319444"/>
 <node id="1770118021" visible="true" version="2" changeset="11940791" timestamp="2012-06-18T19:34:29Z" user="Nemigo" uid="650671" lat="43.3450498" lon="-8.4315808"/>
 <node id="1770118022" visible="true" version="2" changeset="12095631" timestamp="2012-07-03T01:20:45Z" user="Nemigo" uid="650671" lat="43.3448490" lon="-8.4321845"/>
 <node id="1770118024" visible="true" version="1" changeset="11743918" timestamp="2012-05-30T00:30:13Z" user="Nemigo" uid="650671" lat="43.3453598" lon="-8.4307061"/>
 <node id="1770118025" visible="true" version="1" changeset="11743918" timestamp="2012-05-30T00:30:13Z" user="Nemigo" uid="650671" lat="43.3451257" lon="-8.4313399"/>
 <node id="1770119638" visible="true" version="2" changeset="15859055" timestamp="2013-04-25T10:35:18Z" user="Nemigo" uid="650671" lat="43.3422416" lon="-8.4292182"/>
 <node id="1770119639" visible="true" version="2" changeset="15859055" timestamp="2013-04-25T10:35:18Z" user="Nemigo" uid="650671" lat="43.3422396" lon="-8.4294246"/>
 <node id="1770119640" visible="true" version="1" changeset="11743962" timestamp="2012-05-30T00:36:58Z" user="Nemigo" uid="650671" lat="43.3427636" lon="-8.4300329"/>
 <node id="1770119641" visible="true" version="1" changeset="11743962" timestamp="2012-05-30T00:36:58Z" user="Nemigo" uid="650671" lat="43.3423663" lon="-8.4296724"/>
 <node id="1770119642" visible="true" version="2" changeset="15859055" timestamp="2013-04-25T10:35:18Z" user="Nemigo" uid="650671" lat="43.3424531" lon="-8.4288690"/>
 <node id="1770119643" visible="true" version="1" changeset="11743962" timestamp="2012-05-30T00:36:58Z" user="Nemigo" uid="650671" lat="43.3425965" lon="-8.4288033"/>
 <node id="1770119644" visible="true" version="2" changeset="15859055" timestamp="2013-04-25T10:35:19Z" user="Nemigo" uid="650671" lat="43.3428226" lon="-8.4286562"/>
 <node id="1770119645" visible="true" version="1" changeset="11743962" timestamp="2012-05-30T00:36:58Z" user="Nemigo" uid="650671" lat="43.3426232" lon="-8.4300490"/>
 <node id="1770119646" visible="true" version="2" changeset="15859055" timestamp="2013-04-25T10:35:18Z" user="Nemigo" uid="650671" lat="43.3430569" lon="-8.4288076"/>
 <node id="1770119647" visible="true" version="1" changeset="11743962" timestamp="2012-05-30T00:36:58Z" user="Nemigo" uid="650671" lat="43.3425691" lon="-8.4299996"/>
 <node id="1770119668" visible="true" version="2" changeset="15859055" timestamp="2013-04-25T10:35:18Z" user="Nemigo" uid="650671" lat="43.3427860" lon="-8.4303403"/>
 <node id="1770119669" visible="true" version="3" changeset="50290103" timestamp="2017-07-14T17:47:13Z" user="Nemigo" uid="650671" lat="43.3431238" lon="-8.4303629"/>
 <node id="1770119670" visible="true" version="2" changeset="15859055" timestamp="2013-04-25T10:35:18Z" user="Nemigo" uid="650671" lat="43.3428167" lon="-8.4304727"/>
 <node id="1770119671" visible="true" version="3" changeset="50290103" timestamp="2017-07-14T17:47:13Z" user="Nemigo" uid="650671" lat="43.3430883" lon="-8.4302306"/>
 <node id="1771802465" visible="true" version="4" changeset="48900536" timestamp="2017-05-22T22:08:37Z" user="abczyx" uid="2129377" lat="43.3436548" lon="-8.4327761"/>
 <node id="1771802495" visible="true" version="4" changeset="48900536" timestamp="2017-05-22T22:08:34Z" user="abczyx" uid="2129377" lat="43.3419486" lon="-8.4313590"/>
 <node id="1771802498" visible="true" version="4" changeset="61934511" timestamp="2018-08-23T22:00:52Z" user="abczyx" uid="2129377" lat="43.3416116" lon="-8.4308956"/>
 <node id="1771802503" visible="true" version="4" changeset="61934511" timestamp="2018-08-23T22:00:52Z" user="abczyx" uid="2129377" lat="43.3413107" lon="-8.4303660"/>
 <node id="1771802507" visible="true" version="4" changeset="61934511" timestamp="2018-08-23T22:00:52Z" user="abczyx" uid="2129377" lat="43.3410791" lon="-8.4298726"/>
 <node id="1771802510" visible="true" version="4" changeset="61934511" timestamp="2018-08-23T22:00:52Z" user="abczyx" uid="2129377" lat="43.3407127" lon="-8.4289370"/>
 <node id="1771802514" visible="true" version="5" changeset="97363718" timestamp="2021-01-12T10:14:35Z" user="MapMakerGal" uid="7579660" lat="43.3404695" lon="-8.4285486">
  <tag k="highway" v="give_way"/>
 </node>
 <node id="1771802657" visible="true" version="4" changeset="157490119" timestamp="2024-10-05T08:56:57Z" user="joheil94" uid="18398586" lat="43.3433907" lon="-8.4301970"/>
 <node id="1771802683" visible="true" version="3" changeset="71515624" timestamp="2019-06-22T18:15:38Z" user="abczyx" uid="2129377" lat="43.3449689" lon="-8.4310230"/>
 <node id="1771811824" visible="true" version="3" changeset="57640077" timestamp="2018-03-29T17:05:34Z" user="abczyx" uid="2129377" lat="43.3454180" lon="-8.4329033"/>
 <node id="1771811830" visible="true" version="3" changeset="57640077" timestamp="2018-03-29T17:05:34Z" user="abczyx" uid="2129377" lat="43.3459622" lon="-8.4332253"/>
 <node id="1771811834" visible="true" version="6" changeset="58424526" timestamp="2018-04-25T22:17:06Z" user="j1scad" uid="5853411" lat="43.3412200" lon="-8.4291137"/>
 <node id="1771811836" visible="true" version="5" changeset="48900536" timestamp="2017-05-22T22:08:35Z" user="abczyx" uid="2129377" lat="43.3414279" lon="-8.4299056"/>
 <node id="1771811840" visible="true" version="3" changeset="57640077" timestamp="2018-03-29T17:05:34Z" user="abczyx" uid="2129377" lat="43.3454005" lon="-8.4330575"/>
 <node id="1771811841" visible="true" version="4" changeset="66805194" timestamp="2019-01-31T15:08:33Z" user="abczyx" uid="2129377" lat="43.3433409" lon="-8.4323217"/>
 <node id="1771811843" visible="true" version="4" changeset="66805194" timestamp="2019-01-31T15:08:32Z" user="abczyx" uid="2129377" lat="43.3432025" lon="-8.4322278"/>
 <node id="1771811851" visible="true" version="4" changeset="85030462" timestamp="2020-05-11T14:20:41Z" user="MapMakerGal" uid="7579660" lat="43.3442367" lon="-8.4326340"/>
 <node id="1771811858" visible="true" version="4" changeset="48900536" timestamp="2017-05-22T22:08:35Z" user="abczyx" uid="2129377" lat="43.3421064" lon="-8.4311445"/>
 <node id="1771811891" visible="true" version="5" changeset="85030462" timestamp="2020-05-11T14:20:41Z" user="MapMakerGal" uid="7579660" lat="43.3441947" lon="-8.4327818"/>
 <node id="1771811894" visible="true" version="5" changeset="66805194" timestamp="2019-01-31T15:08:32Z" user="abczyx" uid="2129377" lat="43.3427892" lon="-8.4319009"/>
 <node id="1771811900" visible="true" version="5" changeset="85030462" timestamp="2020-05-11T14:20:41Z" user="MapMakerGal" uid="7579660" lat="43.3436611" lon="-8.4325303"/>
 <node id="1771811903" visible="true" version="5" changeset="85030462" timestamp="2020-05-11T14:20:41Z" user="MapMakerGal" uid="7579660" lat="43.3438939" lon="-8.4326645"/>
 <node id="1771811906" visible="true" version="4" changeset="66805194" timestamp="2019-01-31T15:08:32Z" user="abczyx" uid="2129377" lat="43.3429838" lon="-8.4320611"/>
 <node id="1771811910" visible="true" version="3" changeset="66805194" timestamp="2019-01-31T15:08:32Z" user="abczyx" uid="2129377" lat="43.3431066" lon="-8.4321583"/>
 <node id="1771822710" visible="true" version="3" changeset="50190670" timestamp="2017-07-11T02:39:32Z" user="Nemigo" uid="650671" lat="43.3436103" lon="-8.4300695"/>
 <node id="1771974630" visible="true" version="1" changeset="11762864" timestamp="2012-05-31T22:43:04Z" user="Nemigo" uid="650671" lat="43.3426528" lon="-8.4301913"/>
 <node id="1783789629" visible="true" version="2" changeset="12135390" timestamp="2012-07-06T22:09:47Z" user="Nemigo" uid="650671" lat="43.3457540" lon="-8.4296843"/>
 <node id="1793331108" visible="true" version="1" changeset="11938737" timestamp="2012-06-18T16:14:30Z" user="Nemigo" uid="650671" lat="43.3292779" lon="-8.4899923">
  <tag k="power" v="tower"/>
 </node>
 <node id="1793331111" visible="true" version="1" changeset="11938737" timestamp="2012-06-18T16:14:30Z" user="Nemigo" uid="650671" lat="43.3308478" lon="-8.4869171">
  <tag k="power" v="tower"/>
 </node>
 <node id="1793331114" visible="true" version="1" changeset="11938737" timestamp="2012-06-18T16:14:30Z" user="Nemigo" uid="650671" lat="43.3344520" lon="-8.4773644">
  <tag k="power" v="tower"/>
 </node>
 <node id="1793331117" visible="true" version="1" changeset="11938737" timestamp="2012-06-18T16:14:30Z" user="Nemigo" uid="650671" lat="43.3360186" lon="-8.4713777">
  <tag k="power" v="tower"/>
 </node>
 <node id="1793331119" visible="true" version="1" changeset="11938737" timestamp="2012-06-18T16:14:30Z" user="Nemigo" uid="650671" lat="43.3304759" lon="-8.4867843">
  <tag k="power" v="tower"/>
 </node>
 <node id="1793331121" visible="true" version="1" changeset="11938737" timestamp="2012-06-18T16:14:30Z" user="Nemigo" uid="650671" lat="43.3339311" lon="-8.4776648">
  <tag k="power" v="tower"/>
 </node>
 <node id="1793331124" visible="true" version="1" changeset="11938737" timestamp="2012-06-18T16:14:31Z" user="Nemigo" uid="650671" lat="43.3362644" lon="-8.4700500">
  <tag k="power" v="tower"/>
 </node>
 <node id="1793331126" visible="true" version="2" changeset="37954004" timestamp="2016-03-20T11:53:46Z" user="42429" uid="42429" lat="43.3290762" lon="-8.4933017">
  <tag k="power" v="tower"/>
 </node>
 <node id="1793331129" visible="true" version="1" changeset="11938737" timestamp="2012-06-18T16:14:31Z" user="Nemigo" uid="650671" lat="43.3295784" lon="-8.4902176">
  <tag k="power" v="tower"/>
 </node>
 <node id="1793331137" visible="true" version="1" changeset="11938737" timestamp="2012-06-18T16:14:31Z" user="Nemigo" uid="650671" lat="43.3334375" lon="-8.4800681">
  <tag k="power" v="tower"/>
 </node>
 <node id="1793331146" visible="true" version="1" changeset="11938737" timestamp="2012-06-18T16:14:31Z" user="Nemigo" uid="650671" lat="43.3320640" lon="-8.4836891">
  <tag k="power" v="tower"/>
 </node>
 <node id="1793331148" visible="true" version="2" changeset="37954004" timestamp="2016-03-20T11:53:46Z" user="42429" uid="42429" lat="43.3288573" lon="-8.4929541">
  <tag k="power" v="tower"/>
 </node>
 <node id="1793331153" visible="true" version="1" changeset="11938737" timestamp="2012-06-18T16:14:31Z" user="Nemigo" uid="650671" lat="43.3365765" lon="-8.4704121">
  <tag k="power" v="tower"/>
 </node>
 <node id="1793331155" visible="true" version="1" changeset="11938737" timestamp="2012-06-18T16:14:31Z" user="Nemigo" uid="650671" lat="43.3317109" lon="-8.4835630">
  <tag k="power" v="tower"/>
 </node>
 <node id="1793331156" visible="true" version="1" changeset="11938737" timestamp="2012-06-18T16:14:31Z" user="Nemigo" uid="650671" lat="43.3281170" lon="-8.4980979">
  <tag k="power" v="tower"/>
 </node>
 <node id="1793331157" visible="true" version="1" changeset="11938737" timestamp="2012-06-18T16:14:31Z" user="Nemigo" uid="650671" lat="43.3357591" lon="-8.4728395">
  <tag k="power" v="tower"/>
 </node>
 <node id="1793331158" visible="true" version="1" changeset="11938737" timestamp="2012-06-18T16:14:32Z" user="Nemigo" uid="650671" lat="43.3367248" lon="-8.4654500">
  <tag k="power" v="tower"/>
 </node>
 <node id="1793331160" visible="true" version="1" changeset="11938737" timestamp="2012-06-18T16:14:32Z" user="Nemigo" uid="650671" lat="43.3361376" lon="-8.4723755">
  <tag k="power" v="tower"/>
 </node>
 <node id="1793331162" visible="true" version="1" changeset="11938737" timestamp="2012-06-18T16:14:32Z" user="Nemigo" uid="650671" lat="43.3329712" lon="-8.4802237">
  <tag k="power" v="tower"/>
 </node>
 <node id="1793332486" visible="true" version="1" changeset="11938737" timestamp="2012-06-18T16:16:08Z" user="Nemigo" uid="650671" lat="43.3358099" lon="-8.4737649">
  <tag k="power" v="tower"/>
 </node>
 <node id="1793332499" visible="true" version="2" changeset="66844125" timestamp="2019-02-01T20:53:17Z" user="MapMakerGal" uid="7579660" lat="43.3370354" lon="-8.4684490">
  <tag k="power" v="tower"/>
 </node>
 <node id="1793524797" visible="true" version="2" changeset="50290103" timestamp="2017-07-14T17:47:13Z" user="Nemigo" uid="650671" lat="43.3431457" lon="-8.4305784"/>
 <node id="1793524800" visible="true" version="3" changeset="18267420" timestamp="2013-10-09T16:11:24Z" user="Picholeiro" uid="346373" lat="43.3439205" lon="-8.4288802">
  <tag k="access" v="yes"/>
  <tag k="amenity" v="parking_entrance"/>
  <tag k="covered" v="yes"/>
  <tag k="fee" v="no"/>
  <tag k="lit" v="yes"/>
  <tag k="parking" v="underground"/>
  <tag k="surface" v="paved"/>
 </node>
 <node id="1793527118" visible="true" version="4" changeset="69212423" timestamp="2019-04-14T19:45:17Z" user="MapMakerGal" uid="7579660" lat="43.3454555" lon="-8.4302498"/>
 <node id="1793527119" visible="true" version="1" changeset="11940791" timestamp="2012-06-18T19:29:46Z" user="Nemigo" uid="650671" lat="43.3454359" lon="-8.4302769"/>
 <node id="1793527127" visible="true" version="1" changeset="11940791" timestamp="2012-06-18T19:29:47Z" user="Nemigo" uid="650671" lat="43.3454282" lon="-8.4303658"/>
 <node id="1793527128" visible="true" version="2" changeset="50190670" timestamp="2017-07-11T02:39:32Z" user="Nemigo" uid="650671" lat="43.3447964" lon="-8.4292954"/>
 <node id="1793527130" visible="true" version="1" changeset="11940791" timestamp="2012-06-18T19:29:47Z" user="Nemigo" uid="650671" lat="43.3451493" lon="-8.4311394"/>
 <node id="1793527136" visible="true" version="3" changeset="30485124" timestamp="2015-04-25T21:10:54Z" user="abczyx" uid="2129377" lat="43.3457728" lon="-8.4294062"/>
 <node id="1793527140" visible="true" version="3" changeset="62283363" timestamp="2018-09-04T15:24:06Z" user="abczyx" uid="2129377" lat="43.3466146" lon="-8.4273134"/>
 <node id="1793527154" visible="true" version="2" changeset="12135390" timestamp="2012-07-06T22:09:47Z" user="Nemigo" uid="650671" lat="43.3458229" lon="-8.4294003"/>
 <node id="1793532863" visible="true" version="1" changeset="11940791" timestamp="2012-06-18T19:34:27Z" user="Nemigo" uid="650671" lat="43.3447825" lon="-8.4321518"/>
 <node id="1793532865" visible="true" version="1" changeset="11940791" timestamp="2012-06-18T19:34:27Z" user="Nemigo" uid="650671" lat="43.3452487" lon="-8.4307731"/>
 <node id="1793532872" visible="true" version="2" changeset="62283363" timestamp="2018-09-04T15:24:06Z" user="abczyx" uid="2129377" lat="43.3444798" lon="-8.4342872"/>
 <node id="1793532876" visible="true" version="1" changeset="11940791" timestamp="2012-06-18T19:34:27Z" user="Nemigo" uid="650671" lat="43.3448956" lon="-8.4318782"/>
 <node id="1793532878" visible="true" version="1" changeset="11940791" timestamp="2012-06-18T19:34:27Z" user="Nemigo" uid="650671" lat="43.3444822" lon="-8.4351949"/>
 <node id="1793532880" visible="true" version="2" changeset="12075945" timestamp="2012-07-01T13:26:16Z" user="Nemigo" uid="650671" lat="43.3446776" lon="-8.4322263"/>
 <node id="1793532882" visible="true" version="1" changeset="11940791" timestamp="2012-06-18T19:34:27Z" user="Nemigo" uid="650671" lat="43.3452097" lon="-8.4306673"/>
 <node id="1793532884" visible="true" version="2" changeset="62283363" timestamp="2018-09-04T15:24:06Z" user="abczyx" uid="2129377" lat="43.3444721" lon="-8.4346403"/>
 <node id="1793532886" visible="true" version="1" changeset="11940791" timestamp="2012-06-18T19:34:27Z" user="Nemigo" uid="650671" lat="43.3452465" lon="-8.4308522"/>
 <node id="1793532890" visible="true" version="1" changeset="11940791" timestamp="2012-06-18T19:34:27Z" user="Nemigo" uid="650671" lat="43.3444938" lon="-8.4356304"/>
 <node id="1793532892" visible="true" version="1" changeset="11940791" timestamp="2012-06-18T19:34:27Z" user="Nemigo" uid="650671" lat="43.3448293" lon="-8.4320740"/>
 <node id="1793532894" visible="true" version="1" changeset="11940791" timestamp="2012-06-18T19:34:27Z" user="Nemigo" uid="650671" lat="43.3450264" lon="-8.4314719"/>
 <node id="1793533396" visible="true" version="1" changeset="11940791" timestamp="2012-06-18T19:34:49Z" user="Nemigo" uid="650671" lat="43.3452429" lon="-8.4306297"/>
 <node id="1793533399" visible="true" version="2" changeset="50290103" timestamp="2017-07-14T17:47:13Z" user="Nemigo" uid="650671" lat="43.3453111" lon="-8.4306122">
  <tag k="highway" v="give_way"/>
 </node>
 <node id="1793533401" visible="true" version="1" changeset="11940791" timestamp="2012-06-18T19:34:49Z" user="Nemigo" uid="650671" lat="43.3453528" lon="-8.4305564"/>
 <node id="1793543188" visible="true" version="2" changeset="30485124" timestamp="2015-04-25T21:10:55Z" user="abczyx" uid="2129377" lat="43.3435372" lon="-8.4310106">
  <tag k="entrance" v="yes"/>
 </node>
 <node id="1793543189" visible="true" version="1" changeset="11940791" timestamp="2012-06-18T19:45:07Z" user="Nemigo" uid="650671" lat="43.3429879" lon="-8.4309018"/>
 <node id="1793543190" visible="true" version="2" changeset="30485124" timestamp="2015-04-25T21:10:56Z" user="abczyx" uid="2129377" lat="43.3432620" lon="-8.4314632"/>
 <node id="1793543191" visible="true" version="2" changeset="30485124" timestamp="2015-04-25T21:10:56Z" user="abczyx" uid="2129377" lat="43.3440026" lon="-8.4318671"/>
 <node id="1793543192" visible="true" version="1" changeset="11940791" timestamp="2012-06-18T19:45:07Z" user="Nemigo" uid="650671" lat="43.3432629" lon="-8.4306095"/>
 <node id="1793543193" visible="true" version="2" changeset="30485124" timestamp="2015-04-25T21:10:56Z" user="abczyx" uid="2129377" lat="43.3435156" lon="-8.4318088"/>
 <node id="1793543194" visible="true" version="2" changeset="30485124" timestamp="2015-04-25T21:10:56Z" user="abczyx" uid="2129377" lat="43.3439989" lon="-8.4317128"/>
 <node id="1793543195" visible="true" version="2" changeset="30485124" timestamp="2015-04-25T21:10:56Z" user="abczyx" uid="2129377" lat="43.3439400" lon="-8.4320062"/>
 <node id="1793543196" visible="true" version="2" changeset="30485124" timestamp="2015-04-25T21:10:56Z" user="abczyx" uid="2129377" lat="43.3436220" lon="-8.4319320"/>
 <node id="1793543197" visible="true" version="1" changeset="11940791" timestamp="2012-06-18T19:45:08Z" user="Nemigo" uid="650671" lat="43.3438247" lon="-8.4314168"/>
 <node id="1793543198" visible="true" version="2" changeset="30485124" timestamp="2015-04-25T21:10:54Z" user="abczyx" uid="2129377" lat="43.3439598" lon="-8.4316001"/>
 <node id="1793543199" visible="true" version="1" changeset="11940791" timestamp="2012-06-18T19:45:08Z" user="Nemigo" uid="650671" lat="43.3432161" lon="-8.4312398"/>
 <node id="1793543200" visible="true" version="2" changeset="30485124" timestamp="2015-04-25T21:10:55Z" user="abczyx" uid="2129377" lat="43.3437889" lon="-8.4320199"/>
 <node id="1793543201" visible="true" version="1" changeset="11940791" timestamp="2012-06-18T19:45:08Z" user="Nemigo" uid="650671" lat="43.3431908" lon="-8.4312800"/>
 <node id="1798746842" visible="true" version="2" changeset="66259814" timestamp="2019-01-12T20:34:47Z" user="MapMakerGal" uid="7579660" lat="43.3419775" lon="-8.4350247"/>
 <node id="1798746845" visible="true" version="2" changeset="66259814" timestamp="2019-01-12T20:34:47Z" user="MapMakerGal" uid="7579660" lat="43.3414907" lon="-8.4341604"/>
 <node id="1798746850" visible="true" version="2" changeset="66259814" timestamp="2019-01-12T20:34:47Z" user="MapMakerGal" uid="7579660" lat="43.3415912" lon="-8.4348248"/>
 <node id="1798746852" visible="true" version="2" changeset="66259814" timestamp="2019-01-12T20:34:48Z" user="MapMakerGal" uid="7579660" lat="43.3426420" lon="-8.4324634"/>
 <node id="1798746857" visible="true" version="3" changeset="66259814" timestamp="2019-01-12T20:34:48Z" user="MapMakerGal" uid="7579660" lat="43.3422664" lon="-8.4321996"/>
 <node id="1798746859" visible="true" version="2" changeset="66259814" timestamp="2019-01-12T20:34:48Z" user="MapMakerGal" uid="7579660" lat="43.3420747" lon="-8.4354415"/>
 <node id="1798746861" visible="true" version="2" changeset="66259814" timestamp="2019-01-12T20:34:48Z" user="MapMakerGal" uid="7579660" lat="43.3421747" lon="-8.4350293"/>
 <node id="1798746862" visible="true" version="2" changeset="66259814" timestamp="2019-01-12T20:34:48Z" user="MapMakerGal" uid="7579660" lat="43.3415654" lon="-8.4332302"/>
 <node id="1798746863" visible="true" version="2" changeset="66259814" timestamp="2019-01-12T20:34:48Z" user="MapMakerGal" uid="7579660" lat="43.3421263" lon="-8.4342752"/>
 <node id="1798746864" visible="true" version="2" changeset="66259814" timestamp="2019-01-12T20:34:48Z" user="MapMakerGal" uid="7579660" lat="43.3419941" lon="-8.4348321"/>
 <node id="1798746865" visible="true" version="2" changeset="66259814" timestamp="2019-01-12T20:34:48Z" user="MapMakerGal" uid="7579660" lat="43.3423637" lon="-8.4342620"/>
 <node id="1798746866" visible="true" version="2" changeset="66259814" timestamp="2019-01-12T20:34:48Z" user="MapMakerGal" uid="7579660" lat="43.3421256" lon="-8.4343155"/>
 <node id="1798746876" visible="true" version="2" changeset="66259814" timestamp="2019-01-12T20:34:48Z" user="MapMakerGal" uid="7579660" lat="43.3434064" lon="-8.4333208"/>
 <node id="1798746877" visible="true" version="2" changeset="66259814" timestamp="2019-01-12T20:34:48Z" user="MapMakerGal" uid="7579660" lat="43.3428951" lon="-8.4326259"/>
 <node id="1798746878" visible="true" version="2" changeset="66259814" timestamp="2019-01-12T20:34:48Z" user="MapMakerGal" uid="7579660" lat="43.3433931" lon="-8.4334801"/>
 <node id="1798746879" visible="true" version="2" changeset="66259814" timestamp="2019-01-12T20:34:48Z" user="MapMakerGal" uid="7579660" lat="43.3431646" lon="-8.4335268"/>
 <node id="1798746880" visible="true" version="2" changeset="66259814" timestamp="2019-01-12T20:34:48Z" user="MapMakerGal" uid="7579660" lat="43.3428574" lon="-8.4338513"/>
 <node id="1798746881" visible="true" version="2" changeset="66259814" timestamp="2019-01-12T20:34:48Z" user="MapMakerGal" uid="7579660" lat="43.3431160" lon="-8.4327010"/>
 <node id="1798746882" visible="true" version="2" changeset="66259814" timestamp="2019-01-12T20:34:48Z" user="MapMakerGal" uid="7579660" lat="43.3425451" lon="-8.4339651"/>
 <node id="1798746883" visible="true" version="2" changeset="66259814" timestamp="2019-01-12T20:34:48Z" user="MapMakerGal" uid="7579660" lat="43.3432840" lon="-8.4329921"/>
 <node id="1801073348" visible="true" version="4" changeset="48900536" timestamp="2017-05-22T22:08:34Z" user="abczyx" uid="2129377" lat="43.3416169" lon="-8.4303134"/>
 <node id="1801073352" visible="true" version="4" changeset="48900536" timestamp="2017-05-22T22:08:33Z" user="abczyx" uid="2129377" lat="43.3417863" lon="-8.4306487"/>
 <node id="1801074183" visible="true" version="2" changeset="71515624" timestamp="2019-06-22T18:15:38Z" user="abczyx" uid="2129377" lat="43.3436628" lon="-8.4352872"/>
 <node id="1801074185" visible="true" version="2" changeset="71515624" timestamp="2019-06-22T18:15:38Z" user="abczyx" uid="2129377" lat="43.3436902" lon="-8.4362001"/>
 <node id="1801074186" visible="true" version="2" changeset="71515624" timestamp="2019-06-22T18:15:38Z" user="abczyx" uid="2129377" lat="43.3443765" lon="-8.4352577"/>
 <node id="1801074187" visible="true" version="2" changeset="71515624" timestamp="2019-06-22T18:15:38Z" user="abczyx" uid="2129377" lat="43.3437517" lon="-8.4363153"/>
 <node id="1801074188" visible="true" version="2" changeset="71515624" timestamp="2019-06-22T18:15:38Z" user="abczyx" uid="2129377" lat="43.3442737" lon="-8.4360382"/>
 <node id="1801074189" visible="true" version="2" changeset="71515624" timestamp="2019-06-22T18:15:38Z" user="abczyx" uid="2129377" lat="43.3444068" lon="-8.4360380"/>
 <node id="1801074190" visible="true" version="2" changeset="71515624" timestamp="2019-06-22T18:15:38Z" user="abczyx" uid="2129377" lat="43.3442834" lon="-8.4363036"/>
 <node id="1801074854" visible="true" version="1" changeset="12004983" timestamp="2012-06-24T20:20:39Z" user="Nemigo" uid="650671" lat="43.3396753" lon="-8.4310441"/>
 <node id="1801075711" visible="true" version="2" changeset="66260928" timestamp="2019-01-12T21:25:04Z" user="MapMakerGal" uid="7579660" lat="43.3396270" lon="-8.4401320"/>
 <node id="1801075713" visible="true" version="1" changeset="12004983" timestamp="2012-06-24T20:22:09Z" user="Nemigo" uid="650671" lat="43.3396363" lon="-8.4386289"/>
 <node id="1801075718" visible="true" version="2" changeset="66260928" timestamp="2019-01-12T21:25:03Z" user="MapMakerGal" uid="7579660" lat="43.3382615" lon="-8.4303830"/>
 <node id="1801075719" visible="true" version="2" changeset="66260928" timestamp="2019-01-12T21:25:04Z" user="MapMakerGal" uid="7579660" lat="43.3397624" lon="-8.4392555"/>
 <node id="1801078138" visible="true" version="1" changeset="12004983" timestamp="2012-06-24T20:24:19Z" user="Nemigo" uid="650671" lat="43.3435479" lon="-8.4399969"/>
 <node id="1801078139" visible="true" version="1" changeset="12004983" timestamp="2012-06-24T20:24:19Z" user="Nemigo" uid="650671" lat="43.3426494" lon="-8.4414121"/>
 <node id="1801078143" visible="true" version="1" changeset="12004983" timestamp="2012-06-24T20:24:19Z" user="Nemigo" uid="650671" lat="43.3427672" lon="-8.4418930"/>
 <node id="1801078149" visible="true" version="1" changeset="12004983" timestamp="2012-06-24T20:24:19Z" user="Nemigo" uid="650671" lat="43.3432523" lon="-8.4396500"/>
 <node id="1801078151" visible="true" version="1" changeset="12004983" timestamp="2012-06-24T20:24:19Z" user="Nemigo" uid="650671" lat="43.3425816" lon="-8.4411366"/>
 <node id="1801078152" visible="true" version="2" changeset="66844125" timestamp="2019-02-01T20:53:17Z" user="MapMakerGal" uid="7579660" lat="43.3424315" lon="-8.4419067"/>
 <node id="1801078153" visible="true" version="1" changeset="12004983" timestamp="2012-06-24T20:24:20Z" user="Nemigo" uid="650671" lat="43.3425805" lon="-8.4418540"/>
 <node id="1801078154" visible="true" version="1" changeset="12004983" timestamp="2012-06-24T20:24:20Z" user="Nemigo" uid="650671" lat="43.3427666" lon="-8.4404012"/>
 <node id="1801078155" visible="true" version="1" changeset="12004983" timestamp="2012-06-24T20:24:20Z" user="Nemigo" uid="650671" lat="43.3430795" lon="-8.4413112"/>
 <node id="1801078156" visible="true" version="1" changeset="12004983" timestamp="2012-06-24T20:24:20Z" user="Nemigo" uid="650671" lat="43.3425641" lon="-8.4407289"/>
 <node id="1801078170" visible="true" version="1" changeset="12004983" timestamp="2012-06-24T20:24:20Z" user="Nemigo" uid="650671" lat="43.3429268" lon="-8.4415651"/>
 <node id="1801078171" visible="true" version="1" changeset="12004983" timestamp="2012-06-24T20:24:20Z" user="Nemigo" uid="650671" lat="43.3437550" lon="-8.4403812"/>
 <node id="1801078173" visible="true" version="2" changeset="66844125" timestamp="2019-02-01T20:53:17Z" user="MapMakerGal" uid="7579660" lat="43.3426656" lon="-8.4416693"/>
 <node id="1804197115" visible="true" version="2" changeset="30485124" timestamp="2015-04-25T21:10:55Z" user="abczyx" uid="2129377" lat="43.3442910" lon="-8.4307255"/>
 <node id="1804197116" visible="true" version="2" changeset="30485124" timestamp="2015-04-25T21:10:55Z" user="abczyx" uid="2129377" lat="43.3448378" lon="-8.4265499"/>
 <node id="1804197117" visible="true" version="2" changeset="30485124" timestamp="2015-04-25T21:10:55Z" user="abczyx" uid="2129377" lat="43.3448583" lon="-8.4265006"/>
 <node id="1804197118" visible="true" version="1" changeset="12039355" timestamp="2012-06-27T18:12:34Z" user="Picholeiro" uid="346373" lat="43.3449270" lon="-8.4310986"/>
 <node id="1804197119" visible="true" version="1" changeset="12039355" timestamp="2012-06-27T18:12:34Z" user="Picholeiro" uid="346373" lat="43.3452145" lon="-8.4308656"/>
 <node id="1808784852" visible="true" version="3" changeset="57238324" timestamp="2018-03-16T10:59:54Z" user="MapMakerGal" uid="7579660" lat="43.3436210" lon="-8.4278808"/>
 <node id="1808786034" visible="true" version="2" changeset="69212423" timestamp="2019-04-14T19:45:17Z" user="MapMakerGal" uid="7579660" lat="43.3450399" lon="-8.4309895">
  <tag k="man_made" v="tower"/>
 </node>
 <node id="1810726014" visible="true" version="7" changeset="170562414" timestamp="2025-08-17T11:49:43Z" user="ydubras" uid="17421650" lat="43.3446643" lon="-8.4373981">
  <tag k="highway" v="motorway_junction"/>
  <tag k="ref" v="3"/>
 </node>
 <node id="1810726015" visible="true" version="2" changeset="66239047" timestamp="2019-01-11T21:04:06Z" user="MapMakerGal" uid="7579660" lat="43.3444991" lon="-8.4388153"/>
 <node id="1810726016" visible="true" version="2" changeset="57640077" timestamp="2018-03-29T17:05:38Z" user="abczyx" uid="2129377" lat="43.3445782" lon="-8.4323855"/>
 <node id="1810726019" visible="true" version="2" changeset="62283363" timestamp="2018-09-04T15:24:06Z" user="abczyx" uid="2129377" lat="43.3446838" lon="-8.4347298"/>
 <node id="1810726020" visible="true" version="3" changeset="57640077" timestamp="2018-03-29T17:05:33Z" user="abczyx" uid="2129377" lat="43.3472432" lon="-8.4334467"/>
 <node id="1810726021" visible="true" version="2" changeset="57640077" timestamp="2018-03-29T17:05:31Z" user="abczyx" uid="2129377" lat="43.3452220" lon="-8.4328926"/>
 <node id="1810726022" visible="true" version="2" changeset="62283363" timestamp="2018-09-04T15:24:06Z" user="abczyx" uid="2129377" lat="43.3446921" lon="-8.4355377"/>
 <node id="1810726024" visible="true" version="2" changeset="57640077" timestamp="2018-03-29T17:05:31Z" user="abczyx" uid="2129377" lat="43.3452184" lon="-8.4327796"/>
 <node id="1810726025" visible="true" version="2" changeset="57640077" timestamp="2018-03-29T17:05:39Z" user="abczyx" uid="2129377" lat="43.3444031" lon="-8.4327885"/>
 <node id="1810726026" visible="true" version="3" changeset="62283363" timestamp="2018-09-04T15:24:06Z" user="abczyx" uid="2129377" lat="43.3447984" lon="-8.4335027"/>
 <node id="1810726028" visible="true" version="2" changeset="62283363" timestamp="2018-09-04T15:24:07Z" user="abczyx" uid="2129377" lat="43.3446882" lon="-8.4351526"/>
 <node id="1810726031" visible="true" version="2" changeset="57640077" timestamp="2018-03-29T17:05:35Z" user="abczyx" uid="2129377" lat="43.3465075" lon="-8.4334490"/>
 <node id="1810726032" visible="true" version="3" changeset="57640077" timestamp="2018-03-29T17:05:31Z" user="abczyx" uid="2129377" lat="43.3448782" lon="-8.4334215"/>
 <node id="1810726033" visible="true" version="1" changeset="12095631" timestamp="2012-07-03T01:20:38Z" user="Nemigo" uid="650671" lat="43.3445875" lon="-8.4382026"/>
 <node id="1810726034" visible="true" version="5" changeset="66805194" timestamp="2019-01-31T15:08:33Z" user="abczyx" uid="2129377" lat="43.3428828" lon="-8.4319813"/>
 <node id="1810726036" visible="true" version="1" changeset="12095631" timestamp="2012-07-03T01:20:38Z" user="Nemigo" uid="650671" lat="43.3456825" lon="-8.4305086"/>
 <node id="1810726037" visible="true" version="2" changeset="62283363" timestamp="2018-09-04T15:24:06Z" user="abczyx" uid="2129377" lat="43.3446821" lon="-8.4346099"/>
 <node id="1810726038" visible="true" version="1" changeset="12095631" timestamp="2012-07-03T01:20:38Z" user="Nemigo" uid="650671" lat="43.3446908" lon="-8.4364994"/>
 <node id="1810726041" visible="true" version="3" changeset="63260207" timestamp="2018-10-06T15:51:42Z" user="MapMakerGal" uid="7579660" lat="43.3445494" lon="-8.4373793"/>
 <node id="1810726042" visible="true" version="3" changeset="57640077" timestamp="2018-03-29T17:05:34Z" user="abczyx" uid="2129377" lat="43.3469642" lon="-8.4333291"/>
 <node id="1810726043" visible="true" version="1" changeset="12095631" timestamp="2012-07-03T01:20:38Z" user="Nemigo" uid="650671" lat="43.3453071" lon="-8.4317547"/>
 <node id="1810726045" visible="true" version="2" changeset="57640077" timestamp="2018-03-29T17:05:34Z" user="abczyx" uid="2129377" lat="43.3465377" lon="-8.4331136"/>
 <node id="1810726046" visible="true" version="3" changeset="57640077" timestamp="2018-03-29T17:05:35Z" user="abczyx" uid="2129377" lat="43.3474865" lon="-8.4337539"/>
 <node id="1810726048" visible="true" version="3" changeset="57640077" timestamp="2018-03-29T17:05:41Z" user="abczyx" uid="2129377" lat="43.3445334" lon="-8.4333703">
  <tag k="highway" v="give_way"/>
 </node>
 <node id="1810726049" visible="true" version="3" changeset="57640077" timestamp="2018-03-29T17:05:31Z" user="abczyx" uid="2129377" lat="43.3451853" lon="-8.4326409"/>
 <node id="1810726050" visible="true" version="2" changeset="57640077" timestamp="2018-03-29T17:05:41Z" user="abczyx" uid="2129377" lat="43.3444778" lon="-8.4325108"/>
 <node id="1810726052" visible="true" version="1" changeset="12095631" timestamp="2012-07-03T01:20:39Z" user="Nemigo" uid="650671" lat="43.3452080" lon="-8.4329865"/>
 <node id="1810726053" visible="true" version="3" changeset="57640077" timestamp="2018-03-29T17:05:31Z" user="abczyx" uid="2129377" lat="43.3450266" lon="-8.4323898"/>
 <node id="1810726054" visible="true" version="1" changeset="12095631" timestamp="2012-07-03T01:20:39Z" user="Nemigo" uid="650671" lat="43.3446226" lon="-8.4379103"/>
 <node id="1810726056" visible="true" version="2" changeset="62283363" timestamp="2018-09-04T15:24:06Z" user="abczyx" uid="2129377" lat="43.3446903" lon="-8.4358004"/>
 <node id="1810726057" visible="true" version="1" changeset="12095631" timestamp="2012-07-03T01:20:39Z" user="Nemigo" uid="650671" lat="43.3455939" lon="-8.4307516"/>
 <node id="1810726059" visible="true" version="4" changeset="105990173" timestamp="2021-06-07T18:51:13Z" user="ddsaimon" uid="1893271" lat="43.3471583" lon="-8.4336684"/>
 <node id="1810726060" visible="true" version="3" changeset="48900536" timestamp="2017-05-22T22:08:32Z" user="abczyx" uid="2129377" lat="43.3411755" lon="-8.4292599"/>
 <node id="1810726061" visible="true" version="3" changeset="57640077" timestamp="2018-03-29T17:05:30Z" user="abczyx" uid="2129377" lat="43.3448519" lon="-8.4322933"/>
 <node id="1810726065" visible="true" version="1" changeset="12095631" timestamp="2012-07-03T01:20:39Z" user="Nemigo" uid="650671" lat="43.3446947" lon="-8.4360971"/>
 <node id="1810726067" visible="true" version="2" changeset="57640077" timestamp="2018-03-29T17:05:40Z" user="abczyx" uid="2129377" lat="43.3451302" lon="-8.4325133"/>
 <node id="1810726068" visible="true" version="1" changeset="12095631" timestamp="2012-07-03T01:20:39Z" user="Nemigo" uid="650671" lat="43.3459996" lon="-8.4295768"/>
 <node id="1810726069" visible="true" version="2" changeset="57640077" timestamp="2018-03-29T17:05:40Z" user="abczyx" uid="2129377" lat="43.3450626" lon="-8.4332995"/>
 <node id="1810726071" visible="true" version="1" changeset="12095631" timestamp="2012-07-03T01:20:39Z" user="Nemigo" uid="650671" lat="43.3445031" lon="-8.4358706"/>
 <node id="1810726072" visible="true" version="3" changeset="57640077" timestamp="2018-03-29T17:05:34Z" user="abczyx" uid="2129377" lat="43.3474560" lon="-8.4334963"/>
 <node id="1810726073" visible="true" version="2" changeset="34845468" timestamp="2015-10-24T17:43:28Z" user="polkillas" uid="42055" lat="43.3462181" lon="-8.4288456"/>
 <node id="1810726076" visible="true" version="1" changeset="12095631" timestamp="2012-07-03T01:20:40Z" user="Nemigo" uid="650671" lat="43.3460405" lon="-8.4295902"/>
 <node id="1810726077" visible="true" version="2" changeset="57640077" timestamp="2018-03-29T17:05:41Z" user="abczyx" uid="2129377" lat="43.3444292" lon="-8.4326232"/>
 <node id="1810726078" visible="true" version="2" changeset="57640077" timestamp="2018-03-29T17:05:31Z" user="abczyx" uid="2129377" lat="43.3447982" lon="-8.4334296"/>
 <node id="1810726080" visible="true" version="2" changeset="66239047" timestamp="2019-01-11T21:04:06Z" user="MapMakerGal" uid="7579660" lat="43.3445445" lon="-8.4385119"/>
 <node id="1810726081" visible="true" version="1" changeset="12095631" timestamp="2012-07-03T01:20:40Z" user="Nemigo" uid="650671" lat="43.3456758" lon="-8.4306792"/>
 <node id="1810726082" visible="true" version="1" changeset="12095631" timestamp="2012-07-03T01:20:40Z" user="Nemigo" uid="650671" lat="43.3457772" lon="-8.4302420"/>
 <node id="1810726083" visible="true" version="2" changeset="62283363" timestamp="2018-09-04T15:24:06Z" user="abczyx" uid="2129377" lat="43.3447626" lon="-8.4336085"/>
 <node id="1810726084" visible="true" version="3" changeset="67385951" timestamp="2019-02-20T10:31:45Z" user="MapMakerGal" uid="7579660" lat="43.3446981" lon="-8.4334185"/>
 <node id="1810726085" visible="true" version="1" changeset="12095631" timestamp="2012-07-03T01:20:40Z" user="Nemigo" uid="650671" lat="43.3454943" lon="-8.4310521"/>
 <node id="1810726087" visible="true" version="2" changeset="57640077" timestamp="2018-03-29T17:05:34Z" user="abczyx" uid="2129377" lat="43.3451647" lon="-8.4325851"/>
 <node id="1810726088" visible="true" version="3" changeset="57640077" timestamp="2018-03-29T17:05:38Z" user="abczyx" uid="2129377" lat="43.3452049" lon="-8.4327032"/>
 <node id="1810726089" visible="true" version="2" changeset="62283363" timestamp="2018-09-04T15:24:06Z" user="abczyx" uid="2129377" lat="43.3447230" lon="-8.4337865"/>
 <node id="1810726092" visible="true" version="1" changeset="12095631" timestamp="2012-07-03T01:20:40Z" user="Nemigo" uid="650671" lat="43.3451658" lon="-8.4331235"/>
 <node id="1810726093" visible="true" version="3" changeset="57640077" timestamp="2018-03-29T17:05:40Z" user="abczyx" uid="2129377" lat="43.3445307" lon="-8.4332989"/>
 <node id="1810726094" visible="true" version="3" changeset="57640077" timestamp="2018-03-29T17:05:31Z" user="abczyx" uid="2129377" lat="43.3451783" lon="-8.4332048">
  <tag k="highway" v="give_way"/>
 </node>
 <node id="1810726095" visible="true" version="2" changeset="57640077" timestamp="2018-03-29T17:05:32Z" user="abczyx" uid="2129377" lat="43.3450952" lon="-8.4324504"/>
 <node id="1810726096" visible="true" version="3" changeset="57640077" timestamp="2018-03-29T17:05:35Z" user="abczyx" uid="2129377" lat="43.3452375" lon="-8.4326274"/>
 <node id="1810726099" visible="true" version="3" changeset="105990173" timestamp="2021-06-07T18:51:13Z" user="ddsaimon" uid="1893271" lat="43.3468390" lon="-8.4335701"/>
 <node id="1810726100" visible="true" version="2" changeset="57640077" timestamp="2018-03-29T17:05:35Z" user="abczyx" uid="2129377" lat="43.3457142" lon="-8.4327787"/>
 <node id="1810726101" visible="true" version="2" changeset="57640077" timestamp="2018-03-29T17:05:41Z" user="abczyx" uid="2129377" lat="43.3443987" lon="-8.4329746"/>
 <node id="1810726102" visible="true" version="1" changeset="12095631" timestamp="2012-07-03T01:20:40Z" user="Nemigo" uid="650671" lat="43.3452115" lon="-8.4320471"/>
 <node id="1810726103" visible="true" version="1" changeset="12095631" timestamp="2012-07-03T01:20:40Z" user="Nemigo" uid="650671" lat="43.3458708" lon="-8.4299684"/>
 <node id="1810726105" visible="true" version="1" changeset="12095631" timestamp="2012-07-03T01:20:40Z" user="Nemigo" uid="650671" lat="43.3448159" lon="-8.4322383"/>
 <node id="1810726107" visible="true" version="3" changeset="57640077" timestamp="2018-03-29T17:05:31Z" user="abczyx" uid="2129377" lat="43.3449734" lon="-8.4333741"/>
 <node id="1810726108" visible="true" version="3" changeset="57640077" timestamp="2018-03-29T17:05:41Z" user="abczyx" uid="2129377" lat="43.3444310" lon="-8.4331222"/>
 <node id="1810726109" visible="true" version="1" changeset="12095631" timestamp="2012-07-03T01:20:41Z" user="Nemigo" uid="650671" lat="43.3458650" lon="-8.4301266"/>
 <node id="1810726111" visible="true" version="2" changeset="57640077" timestamp="2018-03-29T17:05:32Z" user="abczyx" uid="2129377" lat="43.3447805" lon="-8.4322873"/>
 <node id="1810726112" visible="true" version="2" changeset="62283363" timestamp="2018-09-04T15:24:06Z" user="abczyx" uid="2129377" lat="43.3446845" lon="-8.4343386"/>
 <node id="1810726113" visible="true" version="1" changeset="12095631" timestamp="2012-07-03T01:20:41Z" user="Nemigo" uid="650671" lat="43.3454515" lon="-8.4313283"/>
 <node id="1815371429" visible="true" version="1" changeset="12135390" timestamp="2012-07-06T22:09:46Z" user="Nemigo" uid="650671" lat="43.3461313" lon="-8.4287840"/>
 <node id="1815371435" visible="true" version="2" changeset="93198456" timestamp="2020-10-28T19:57:49Z" user="MapMakerGal" uid="7579660" lat="43.3459440" lon="-8.4291928"/>
 <node id="1815371438" visible="true" version="3" changeset="48900536" timestamp="2017-05-22T22:08:37Z" user="abczyx" uid="2129377" lat="43.3430529" lon="-8.4324103"/>
 <node id="1815371465" visible="true" version="3" changeset="48900536" timestamp="2017-05-22T22:08:32Z" user="abczyx" uid="2129377" lat="43.3427774" lon="-8.4321875"/>
 <node id="1815371471" visible="true" version="3" changeset="48900536" timestamp="2017-05-22T22:08:34Z" user="abczyx" uid="2129377" lat="43.3431953" lon="-8.4325176"/>
 <node id="1815371479" visible="true" version="3" changeset="48900536" timestamp="2017-05-22T22:08:34Z" user="abczyx" uid="2129377" lat="43.3423522" lon="-8.4318155"/>
 <node id="1815371490" visible="true" version="2" changeset="62283363" timestamp="2018-09-04T15:24:06Z" user="abczyx" uid="2129377" lat="43.3467406" lon="-8.4269191"/>
 <node id="1815371495" visible="true" version="1" changeset="12135390" timestamp="2012-07-06T22:09:46Z" user="Nemigo" uid="650671" lat="43.3458786" lon="-8.4293649"/>
 <node id="1815371497" visible="true" version="2" changeset="57640077" timestamp="2018-03-29T17:05:39Z" user="abczyx" uid="2129377" lat="43.3444985" lon="-8.4324780"/>
 <node id="1815371499" visible="true" version="4" changeset="85030462" timestamp="2020-05-11T14:20:41Z" user="MapMakerGal" uid="7579660" lat="43.3434466" lon="-8.4326685"/>
 <node id="1833992588" visible="true" version="3" changeset="78019216" timestamp="2019-12-05T23:12:03Z" user="MapMakerGal" uid="7579660" lat="43.3465517" lon="-8.4306315"/>
 <node id="1833992589" visible="true" version="3" changeset="78019216" timestamp="2019-12-05T23:12:03Z" user="MapMakerGal" uid="7579660" lat="43.3466454" lon="-8.4303680"/>
 <node id="1833992590" visible="true" version="2" changeset="78019216" timestamp="2019-12-05T23:12:03Z" user="MapMakerGal" uid="7579660" lat="43.3463969" lon="-8.4310688"/>
 <node id="1833992594" visible="true" version="2" changeset="78019216" timestamp="2019-12-05T23:12:03Z" user="MapMakerGal" uid="7579660" lat="43.3457881" lon="-8.4306591"/>
 <node id="1833992596" visible="true" version="3" changeset="78019216" timestamp="2019-12-05T23:12:03Z" user="MapMakerGal" uid="7579660" lat="43.3460376" lon="-8.4299595"/>
 <node id="1833992597" visible="true" version="3" changeset="78019216" timestamp="2019-12-05T23:12:03Z" user="MapMakerGal" uid="7579660" lat="43.3459440" lon="-8.4302229"/>
 <node id="1834003166" visible="true" version="1" changeset="12429567" timestamp="2012-07-22T10:26:57Z" user="Nemigo" uid="650671" lat="43.3490572" lon="-8.4339306"/>
 <node id="1834003167" visible="true" version="1" changeset="12429567" timestamp="2012-07-22T10:26:58Z" user="Nemigo" uid="650671" lat="43.3456349" lon="-8.4337660"/>
 <node id="1834003168" visible="true" version="1" changeset="12429567" timestamp="2012-07-22T10:26:58Z" user="Nemigo" uid="650671" lat="43.3460984" lon="-8.4415653"/>
 <node id="1834003171" visible="true" version="2" changeset="66238188" timestamp="2019-01-11T20:35:01Z" user="MapMakerGal" uid="7579660" lat="43.3468616" lon="-8.4415760">
  <tag k="barrier" v="lift_gate"/>
 </node>
 <node id="1834003173" visible="true" version="1" changeset="12429567" timestamp="2012-07-22T10:26:58Z" user="Nemigo" uid="650671" lat="43.3449682" lon="-8.4361403"/>
 <node id="1834003176" visible="true" version="1" changeset="12429567" timestamp="2012-07-22T10:26:58Z" user="Nemigo" uid="650671" lat="43.3450000" lon="-8.4345510"/>
 <node id="1834003178" visible="true" version="1" changeset="12429567" timestamp="2012-07-22T10:26:58Z" user="Nemigo" uid="650671" lat="43.3458350" lon="-8.4418844"/>
 <node id="1834003180" visible="true" version="1" changeset="12429567" timestamp="2012-07-22T10:26:58Z" user="Nemigo" uid="650671" lat="43.3467024" lon="-8.4412424"/>
 <node id="1834003181" visible="true" version="1" changeset="12429567" timestamp="2012-07-22T10:26:58Z" user="Nemigo" uid="650671" lat="43.3458274" lon="-8.4347481"/>
 <node id="1834003183" visible="true" version="1" changeset="12429567" timestamp="2012-07-22T10:26:58Z" user="Nemigo" uid="650671" lat="43.3457095" lon="-8.4346920"/>
 <node id="1834003185" visible="true" version="1" changeset="12429567" timestamp="2012-07-22T10:26:58Z" user="Nemigo" uid="650671" lat="43.3454734" lon="-8.4356295"/>
 <node id="1834003186" visible="true" version="1" changeset="12429567" timestamp="2012-07-22T10:26:58Z" user="Nemigo" uid="650671" lat="43.3457987" lon="-8.4308723"/>
 <node id="1834003187" visible="true" version="1" changeset="12429567" timestamp="2012-07-22T10:26:58Z" user="Nemigo" uid="650671" lat="43.3463303" lon="-8.4412750"/>
 <node id="1834003188" visible="true" version="1" changeset="12429567" timestamp="2012-07-22T10:26:58Z" user="Nemigo" uid="650671" lat="43.3460419" lon="-8.4414770"/>
 <node id="1834003190" visible="true" version="1" changeset="12429567" timestamp="2012-07-22T10:26:58Z" user="Nemigo" uid="650671" lat="43.3461655" lon="-8.4426141"/>
 <node id="1834003191" visible="true" version="1" changeset="12429567" timestamp="2012-07-22T10:26:58Z" user="Nemigo" uid="650671" lat="43.3452221" lon="-8.4378537"/>
 <node id="1834003192" visible="true" version="1" changeset="12429567" timestamp="2012-07-22T10:26:58Z" user="Nemigo" uid="650671" lat="43.3457784" lon="-8.4417961"/>
 <node id="1834003193" visible="true" version="1" changeset="12429567" timestamp="2012-07-22T10:26:59Z" user="Nemigo" uid="650671" lat="43.3453161" lon="-8.4375231"/>
 <node id="1834003194" visible="true" version="1" changeset="12429567" timestamp="2012-07-22T10:26:59Z" user="Nemigo" uid="650671" lat="43.3464665" lon="-8.4415057"/>
 <node id="1834003196" visible="true" version="1" changeset="12429567" timestamp="2012-07-22T10:26:59Z" user="Nemigo" uid="650671" lat="43.3464376" lon="-8.4420458"/>
 <node id="1834003197" visible="true" version="1" changeset="12429567" timestamp="2012-07-22T10:26:59Z" user="Nemigo" uid="650671" lat="43.3489615" lon="-8.4346049"/>
 <node id="1834003200" visible="true" version="1" changeset="12429567" timestamp="2012-07-22T10:26:59Z" user="Nemigo" uid="650671" lat="43.3450527" lon="-8.4345754"/>
 <node id="1834003203" visible="true" version="1" changeset="12429567" timestamp="2012-07-22T10:26:59Z" user="Nemigo" uid="650671" lat="43.3450819" lon="-8.4342455"/>
 <node id="1834003207" visible="true" version="1" changeset="12429567" timestamp="2012-07-22T10:26:59Z" user="Nemigo" uid="650671" lat="43.3439051" lon="-8.4415503"/>
 <node id="1834003208" visible="true" version="1" changeset="12429567" timestamp="2012-07-22T10:26:59Z" user="Nemigo" uid="650671" lat="43.3440445" lon="-8.4417672"/>
 <node id="1834003210" visible="true" version="1" changeset="12429567" timestamp="2012-07-22T10:26:59Z" user="Nemigo" uid="650671" lat="43.3440990" lon="-8.4413149"/>
 <node id="1834003212" visible="true" version="1" changeset="12429567" timestamp="2012-07-22T10:26:59Z" user="Nemigo" uid="650671" lat="43.3457099" lon="-8.4334726"/>
 <node id="1834003216" visible="true" version="1" changeset="12429567" timestamp="2012-07-22T10:27:00Z" user="Nemigo" uid="650671" lat="43.3450332" lon="-8.4344261"/>
 <node id="1834003218" visible="true" version="2" changeset="78019216" timestamp="2019-12-05T23:12:03Z" user="MapMakerGal" uid="7579660" lat="43.3472564" lon="-8.4308723"/>
 <node id="1834003223" visible="true" version="1" changeset="12429567" timestamp="2012-07-22T10:27:00Z" user="Nemigo" uid="650671" lat="43.3450000" lon="-8.4339773"/>
 <node id="1834003224" visible="true" version="1" changeset="12429567" timestamp="2012-07-22T10:27:00Z" user="Nemigo" uid="650671" lat="43.3455913" lon="-8.4356856"/>
 <node id="1834003226" visible="true" version="1" changeset="12429567" timestamp="2012-07-22T10:27:00Z" user="Nemigo" uid="650671" lat="43.3445272" lon="-8.4411810"/>
 <node id="1834003229" visible="true" version="1" changeset="12429567" timestamp="2012-07-22T10:27:00Z" user="Nemigo" uid="650671" lat="43.3459776" lon="-8.4425901"/>
 <node id="1834003230" visible="true" version="1" changeset="12429567" timestamp="2012-07-22T10:27:00Z" user="Nemigo" uid="650671" lat="43.3448628" lon="-8.4366362"/>
 <node id="1834003232" visible="true" version="1" changeset="12429567" timestamp="2012-07-22T10:27:00Z" user="Nemigo" uid="650671" lat="43.3456257" lon="-8.4308241"/>
 <node id="1834003233" visible="true" version="1" changeset="12429567" timestamp="2012-07-22T10:27:00Z" user="Nemigo" uid="650671" lat="43.3489479" lon="-8.4346639"/>
 <node id="1834003235" visible="true" version="2" changeset="78019216" timestamp="2019-12-05T23:12:03Z" user="MapMakerGal" uid="7579660" lat="43.3469025" lon="-8.4306523"/>
 <node id="1834003238" visible="true" version="1" changeset="12429567" timestamp="2012-07-22T10:27:00Z" user="Nemigo" uid="650671" lat="43.3464377" lon="-8.4338242"/>
 <node id="1834003239" visible="true" version="1" changeset="12429567" timestamp="2012-07-22T10:27:00Z" user="Nemigo" uid="650671" lat="43.3454569" lon="-8.4412454"/>
 <node id="1834003241" visible="true" version="1" changeset="12429567" timestamp="2012-07-22T10:27:00Z" user="Nemigo" uid="650671" lat="43.3440151" lon="-8.4411841"/>
 <node id="1834003242" visible="true" version="1" changeset="12429567" timestamp="2012-07-22T10:27:00Z" user="Nemigo" uid="650671" lat="43.3489537" lon="-8.4344842"/>
 <node id="1834003243" visible="true" version="1" changeset="12429567" timestamp="2012-07-22T10:27:00Z" user="Nemigo" uid="650671" lat="43.3443040" lon="-8.4408334"/>
 <node id="1834003244" visible="true" version="1" changeset="12429567" timestamp="2012-07-22T10:27:01Z" user="Nemigo" uid="650671" lat="43.3463627" lon="-8.4341176"/>
 <node id="1834003245" visible="true" version="1" changeset="12429567" timestamp="2012-07-22T10:27:01Z" user="Nemigo" uid="650671" lat="43.3464677" lon="-8.4311593"/>
 <node id="1834003246" visible="true" version="1" changeset="12429567" timestamp="2012-07-22T10:27:01Z" user="Nemigo" uid="650671" lat="43.3450800" lon="-8.4344407"/>
 <node id="1834003248" visible="true" version="1" changeset="12429567" timestamp="2012-07-22T10:27:01Z" user="Nemigo" uid="650671" lat="43.3449298" lon="-8.4340202"/>
 <node id="1834003250" visible="true" version="1" changeset="12429567" timestamp="2012-07-22T10:27:01Z" user="Nemigo" uid="650671" lat="43.3458682" lon="-8.4424153"/>
 <node id="1834003253" visible="true" version="1" changeset="12429567" timestamp="2012-07-22T10:27:01Z" user="Nemigo" uid="650671" lat="43.3463282" lon="-8.4418710"/>
 <node id="1834003254" visible="true" version="2" changeset="78019216" timestamp="2019-12-05T23:12:03Z" user="MapMakerGal" uid="7579660" lat="43.3473857" lon="-8.4304789"/>
 <node id="1834003255" visible="true" version="1" changeset="12429567" timestamp="2012-07-22T10:27:01Z" user="Nemigo" uid="650671" lat="43.3449747" lon="-8.4342428"/>
 <node id="1834003257" visible="true" version="1" changeset="12429567" timestamp="2012-07-22T10:27:01Z" user="Nemigo" uid="650671" lat="43.3451359" lon="-8.4378073"/>
 <node id="1834003261" visible="true" version="2" changeset="12514038" timestamp="2012-07-27T17:01:30Z" user="Nemigo" uid="650671" lat="43.3451768" lon="-8.4405780"/>
 <node id="1834003264" visible="true" version="1" changeset="12429567" timestamp="2012-07-22T10:27:01Z" user="Nemigo" uid="650671" lat="43.3465662" lon="-8.4410117"/>
 <node id="1834003265" visible="true" version="2" changeset="78019216" timestamp="2019-12-05T23:12:03Z" user="MapMakerGal" uid="7579660" lat="43.3470318" lon="-8.4302589"/>
 <node id="1834003267" visible="true" version="1" changeset="12429567" timestamp="2012-07-22T10:27:01Z" user="Nemigo" uid="650671" lat="43.3449828" lon="-8.4366295"/>
 <node id="1834003268" visible="true" version="1" changeset="12429567" timestamp="2012-07-22T10:27:01Z" user="Nemigo" uid="650671" lat="43.3452299" lon="-8.4374767"/>
 <node id="1834003270" visible="true" version="1" changeset="12429567" timestamp="2012-07-22T10:27:01Z" user="Nemigo" uid="650671" lat="43.3448771" lon="-8.4346103"/>
 <node id="1834003272" visible="true" version="1" changeset="12429567" timestamp="2012-07-22T10:27:02Z" user="Nemigo" uid="650671" lat="43.3449708" lon="-8.4346489"/>
 <node id="1834003276" visible="true" version="1" changeset="12429567" timestamp="2012-07-22T10:27:02Z" user="Nemigo" uid="650671" lat="43.3448482" lon="-8.4361471"/>
 <node id="1834003280" visible="true" version="1" changeset="12429567" timestamp="2012-07-22T10:27:02Z" user="Nemigo" uid="650671" lat="43.3462356" lon="-8.4310950"/>
 <node id="1834807442" visible="true" version="1" changeset="12441395" timestamp="2012-07-22T23:11:55Z" user="Nemigo" uid="650671" lat="43.3442775" lon="-8.4364646"/>
 <node id="1834807443" visible="true" version="1" changeset="12441395" timestamp="2012-07-22T23:11:55Z" user="Nemigo" uid="650671" lat="43.3444128" lon="-8.4364558"/>
 <node id="1834807444" visible="true" version="1" changeset="12441395" timestamp="2012-07-22T23:11:55Z" user="Nemigo" uid="650671" lat="43.3444180" lon="-8.4366074"/>
 <node id="1834807445" visible="true" version="1" changeset="12441395" timestamp="2012-07-22T23:11:55Z" user="Nemigo" uid="650671" lat="43.3442828" lon="-8.4366163"/>
 <node id="1834807446" visible="true" version="2" changeset="66259814" timestamp="2019-01-12T20:34:48Z" user="MapMakerGal" uid="7579660" lat="43.3432412" lon="-8.4358931"/>
 <node id="1834807447" visible="true" version="2" changeset="66259814" timestamp="2019-01-12T20:34:48Z" user="MapMakerGal" uid="7579660" lat="43.3431465" lon="-8.4363612"/>
 <node id="1834807448" visible="true" version="2" changeset="66259814" timestamp="2019-01-12T20:34:48Z" user="MapMakerGal" uid="7579660" lat="43.3431812" lon="-8.4361412"/>
 <node id="1834807449" visible="true" version="2" changeset="66259814" timestamp="2019-01-12T20:34:48Z" user="MapMakerGal" uid="7579660" lat="43.3433260" lon="-8.4361761"/>
 <node id="1834807450" visible="true" version="2" changeset="66259814" timestamp="2019-01-12T20:34:48Z" user="MapMakerGal" uid="7579660" lat="43.3431838" lon="-8.4364702"/>
 <node id="1834807451" visible="true" version="1" changeset="12441395" timestamp="2012-07-22T23:12:15Z" user="Nemigo" uid="650671" lat="43.3432707" lon="-8.4364406"/>
 <node id="1834821090" visible="true" version="1" changeset="12441998" timestamp="2012-07-22T23:34:00Z" user="Nemigo" uid="650671" lat="43.3488319" lon="-8.4322647"/>
 <node id="1834821091" visible="true" version="2" changeset="77518065" timestamp="2019-11-25T11:42:56Z" user="abczyx" uid="2129377" lat="43.3487183" lon="-8.4316727"/>
 <node id="1834821092" visible="true" version="1" changeset="12441998" timestamp="2012-07-22T23:34:00Z" user="Nemigo" uid="650671" lat="43.3466802" lon="-8.4312348"/>
 <node id="1834821106" visible="true" version="2" changeset="77518065" timestamp="2019-11-25T11:42:56Z" user="abczyx" uid="2129377" lat="43.3485157" lon="-8.4317449"/>
 <node id="1834821110" visible="true" version="2" changeset="77518065" timestamp="2019-11-25T11:42:56Z" user="abczyx" uid="2129377" lat="43.3467701" lon="-8.4309260"/>
 <node id="1835915565" visible="true" version="2" changeset="66844125" timestamp="2019-02-01T20:53:18Z" user="MapMakerGal" uid="7579660" lat="43.3388350" lon="-8.4403571"/>
 <node id="1840055152" visible="true" version="1" changeset="12514038" timestamp="2012-07-27T17:01:28Z" user="Nemigo" uid="650671" lat="43.3452482" lon="-8.4406839"/>
 <node id="1840055154" visible="true" version="1" changeset="12514038" timestamp="2012-07-27T17:01:28Z" user="Nemigo" uid="650671" lat="43.3453033" lon="-8.4401346"/>
 <node id="1840055155" visible="true" version="1" changeset="12514038" timestamp="2012-07-27T17:01:28Z" user="Nemigo" uid="650671" lat="43.3462564" lon="-8.4381668"/>
 <node id="1840055157" visible="true" version="1" changeset="12514038" timestamp="2012-07-27T17:01:28Z" user="Nemigo" uid="650671" lat="43.3458081" lon="-8.4399741"/>
 <node id="1840055159" visible="true" version="1" changeset="12514038" timestamp="2012-07-27T17:01:28Z" user="Nemigo" uid="650671" lat="43.3452262" lon="-8.4365081"/>
 <node id="1840055162" visible="true" version="1" changeset="12514038" timestamp="2012-07-27T17:01:28Z" user="Nemigo" uid="650671" lat="43.3447610" lon="-8.4394552"/>
 <node id="1840055164" visible="true" version="1" changeset="12514038" timestamp="2012-07-27T17:01:28Z" user="Nemigo" uid="650671" lat="43.3451773" lon="-8.4358803"/>
 <node id="1840055166" visible="true" version="1" changeset="12514038" timestamp="2012-07-27T17:01:28Z" user="Nemigo" uid="650671" lat="43.3493440" lon="-8.4363617"/>
 <node id="1840055167" visible="true" version="1" changeset="12514038" timestamp="2012-07-27T17:01:28Z" user="Nemigo" uid="650671" lat="43.3461972" lon="-8.4369606"/>
 <node id="1840055169" visible="true" version="1" changeset="12514038" timestamp="2012-07-27T17:01:28Z" user="Nemigo" uid="650671" lat="43.3450919" lon="-8.4396689"/>
 <node id="1840055171" visible="true" version="1" changeset="12514038" timestamp="2012-07-27T17:01:29Z" user="Nemigo" uid="650671" lat="43.3461062" lon="-8.4379308"/>
 <node id="1840055173" visible="true" version="1" changeset="12514038" timestamp="2012-07-27T17:01:29Z" user="Nemigo" uid="650671" lat="43.3463171" lon="-8.4389209"/>
 <node id="1840055175" visible="true" version="1" changeset="12514038" timestamp="2012-07-27T17:01:29Z" user="Nemigo" uid="650671" lat="43.3453233" lon="-8.4404041"/>
 <node id="1840055176" visible="true" version="1" changeset="12514038" timestamp="2012-07-27T17:01:29Z" user="Nemigo" uid="650671" lat="43.3491314" lon="-8.4360184"/>
 <node id="1840055178" visible="true" version="1" changeset="12514038" timestamp="2012-07-27T17:01:29Z" user="Nemigo" uid="650671" lat="43.3448578" lon="-8.4394489"/>
 <node id="1840055180" visible="true" version="1" changeset="12514038" timestamp="2012-07-27T17:01:29Z" user="Nemigo" uid="650671" lat="43.3451348" lon="-8.4397359"/>
 <node id="1840055182" visible="true" version="1" changeset="12514038" timestamp="2012-07-27T17:01:29Z" user="Nemigo" uid="650671" lat="43.3464273" lon="-8.4369093"/>
 <node id="1840055187" visible="true" version="1" changeset="12514038" timestamp="2012-07-27T17:01:29Z" user="Nemigo" uid="650671" lat="43.3465260" lon="-8.4365089"/>
 <node id="1840055189" visible="true" version="1" changeset="12514038" timestamp="2012-07-27T17:01:29Z" user="Nemigo" uid="650671" lat="43.3450813" lon="-8.4362696"/>
 <node id="1840055191" visible="true" version="1" changeset="12514038" timestamp="2012-07-27T17:01:29Z" user="Nemigo" uid="650671" lat="43.3460285" lon="-8.4403260"/>
 <node id="1840055193" visible="true" version="1" changeset="12514038" timestamp="2012-07-27T17:01:29Z" user="Nemigo" uid="650671" lat="43.3453845" lon="-8.4393202"/>
 <node id="1840055195" visible="true" version="1" changeset="12514038" timestamp="2012-07-27T17:01:29Z" user="Nemigo" uid="650671" lat="43.3451136" lon="-8.4408363"/>
 <node id="1840055200" visible="true" version="1" changeset="12514038" timestamp="2012-07-27T17:01:29Z" user="Nemigo" uid="650671" lat="43.3450743" lon="-8.4398083"/>
 <node id="1840055202" visible="true" version="1" changeset="12514038" timestamp="2012-07-27T17:01:29Z" user="Nemigo" uid="650671" lat="43.3454090" lon="-8.4403015"/>
 <node id="1840055204" visible="true" version="1" changeset="12514038" timestamp="2012-07-27T17:01:29Z" user="Nemigo" uid="650671" lat="43.3450516" lon="-8.4399750"/>
 <node id="1840055206" visible="true" version="1" changeset="12514038" timestamp="2012-07-27T17:01:29Z" user="Nemigo" uid="650671" lat="43.3461511" lon="-8.4386587"/>
 <node id="1840055208" visible="true" version="1" changeset="12514038" timestamp="2012-07-27T17:01:29Z" user="Nemigo" uid="650671" lat="43.3453474" lon="-8.4392558"/>
 <node id="1840055210" visible="true" version="1" changeset="12514038" timestamp="2012-07-27T17:01:29Z" user="Nemigo" uid="650671" lat="43.3452640" lon="-8.4363547"/>
 <node id="1840055212" visible="true" version="1" changeset="12514038" timestamp="2012-07-27T17:01:29Z" user="Nemigo" uid="650671" lat="43.3450197" lon="-8.4398566"/>
 <node id="1840055213" visible="true" version="1" changeset="12514038" timestamp="2012-07-27T17:01:29Z" user="Nemigo" uid="650671" lat="43.3462322" lon="-8.4368184"/>
 <node id="1840130505" visible="true" version="1" changeset="12514038" timestamp="2012-07-27T17:38:03Z" user="Nemigo" uid="650671" lat="43.3441120" lon="-8.4390824"/>
 <node id="1840130507" visible="true" version="1" changeset="12514038" timestamp="2012-07-27T17:38:03Z" user="Nemigo" uid="650671" lat="43.3463227" lon="-8.4388857"/>
 <node id="1840130509" visible="true" version="1" changeset="12514038" timestamp="2012-07-27T17:38:03Z" user="Nemigo" uid="650671" lat="43.3441388" lon="-8.4393420"/>
 <node id="1840130511" visible="true" version="1" changeset="12514038" timestamp="2012-07-27T17:38:03Z" user="Nemigo" uid="650671" lat="43.3443955" lon="-8.4398915"/>
 <node id="1840130512" visible="true" version="1" changeset="12514038" timestamp="2012-07-27T17:38:03Z" user="Nemigo" uid="650671" lat="43.3448676" lon="-8.4371985"/>
 <node id="1840130514" visible="true" version="1" changeset="12514038" timestamp="2012-07-27T17:38:03Z" user="Nemigo" uid="650671" lat="43.3497634" lon="-8.4347872"/>
 <node id="1840130515" visible="true" version="1" changeset="12514038" timestamp="2012-07-27T17:38:03Z" user="Nemigo" uid="650671" lat="43.3440760" lon="-8.4394716"/>
 <node id="1840130516" visible="true" version="1" changeset="12514038" timestamp="2012-07-27T17:38:03Z" user="Nemigo" uid="650671" lat="43.3440970" lon="-8.4393303"/>
 <node id="1840130517" visible="true" version="1" changeset="12514038" timestamp="2012-07-27T17:38:03Z" user="Nemigo" uid="650671" lat="43.3439166" lon="-8.4390275"/>
 <node id="1840130518" visible="true" version="1" changeset="12514038" timestamp="2012-07-27T17:38:03Z" user="Nemigo" uid="650671" lat="43.3461686" lon="-8.4386496"/>
 <node id="1840130519" visible="true" version="2" changeset="115620119" timestamp="2021-12-31T19:05:58Z" user="abczyx" uid="2129377" lat="43.3461911" lon="-8.4379446"/>
 <node id="1840130522" visible="true" version="1" changeset="12514038" timestamp="2012-07-27T17:38:03Z" user="Nemigo" uid="650671" lat="43.3449222" lon="-8.4371798"/>
 <node id="1840130525" visible="true" version="1" changeset="12514038" timestamp="2012-07-27T17:38:03Z" user="Nemigo" uid="650671" lat="43.3438597" lon="-8.4394108"/>
 <node id="1840130528" visible="true" version="1" changeset="12514038" timestamp="2012-07-27T17:38:03Z" user="Nemigo" uid="650671" lat="43.3451660" lon="-8.4372495"/>
 <node id="1840130575" visible="true" version="2" changeset="63260207" timestamp="2018-10-06T15:51:42Z" user="MapMakerGal" uid="7579660" lat="43.3449319" lon="-8.4369652">
  <tag k="barrier" v="lift_gate"/>
 </node>
 <node id="1840130579" visible="true" version="1" changeset="12514038" timestamp="2012-07-27T17:38:03Z" user="Nemigo" uid="650671" lat="43.3463425" lon="-8.4382071"/>
 <node id="1840130582" visible="true" version="2" changeset="115620119" timestamp="2021-12-31T19:05:58Z" user="abczyx" uid="2129377" lat="43.3440295" lon="-8.4396387"/>
 <node id="1840130585" visible="true" version="1" changeset="12514038" timestamp="2012-07-27T17:38:04Z" user="Nemigo" uid="650671" lat="43.3441879" lon="-8.4390117"/>
 <node id="1840130590" visible="true" version="1" changeset="12514038" timestamp="2012-07-27T17:38:04Z" user="Nemigo" uid="650671" lat="43.3446296" lon="-8.4387784"/>
 <node id="1840130591" visible="true" version="1" changeset="12514038" timestamp="2012-07-27T17:38:04Z" user="Nemigo" uid="650671" lat="43.3451982" lon="-8.4370873"/>
 <node id="1840130593" visible="true" version="2" changeset="71515624" timestamp="2019-06-22T18:15:38Z" user="abczyx" uid="2129377" lat="43.3449023" lon="-8.4369467">
  <tag k="addr:city" v="A Coruña"/>
  <tag k="addr:housenumber" v="36"/>
  <tag k="addr:postcode" v="15008"/>
  <tag k="addr:street" v="Estrada dos Baños de Arteixo"/>
  <tag k="source:addr" v="https://ide.coruna.es/descargas/cambioscallejero/CodVia_0333_20180129.pdf"/>
 </node>
 <node id="1840130595" visible="true" version="1" changeset="12514038" timestamp="2012-07-27T17:38:04Z" user="Nemigo" uid="650671" lat="43.3461164" lon="-8.4378155"/>
 <node id="1840130599" visible="true" version="1" changeset="12514038" timestamp="2012-07-27T17:38:04Z" user="Nemigo" uid="650671" lat="43.3441251" lon="-8.4389940"/>
 <node id="1840130602" visible="true" version="1" changeset="12514038" timestamp="2012-07-27T17:38:04Z" user="Nemigo" uid="650671" lat="43.3496073" lon="-8.4345244"/>
 <node id="1840130605" visible="true" version="1" changeset="12514038" timestamp="2012-07-27T17:38:04Z" user="Nemigo" uid="650671" lat="43.3447455" lon="-8.4368053"/>
 <node id="1840137795" visible="true" version="1" changeset="12514038" timestamp="2012-07-27T17:41:06Z" user="Nemigo" uid="650671" lat="43.3464578" lon="-8.4362907"/>
 <node id="1840137799" visible="true" version="1" changeset="12514038" timestamp="2012-07-27T17:41:06Z" user="Nemigo" uid="650671" lat="43.3464353" lon="-8.4361395"/>
 <node id="1840137801" visible="true" version="1" changeset="12514038" timestamp="2012-07-27T17:41:06Z" user="Nemigo" uid="650671" lat="43.3463096" lon="-8.4355399"/>
 <node id="1840137804" visible="true" version="2" changeset="71515624" timestamp="2019-06-22T18:15:38Z" user="abczyx" uid="2129377" lat="43.3443912" lon="-8.4336442"/>
 <node id="1840137807" visible="true" version="2" changeset="71515624" timestamp="2019-06-22T18:15:38Z" user="abczyx" uid="2129377" lat="43.3441033" lon="-8.4338819"/>
 <node id="1840137809" visible="true" version="1" changeset="12514038" timestamp="2012-07-27T17:41:06Z" user="Nemigo" uid="650671" lat="43.3453160" lon="-8.4356579"/>
 <node id="1840137810" visible="true" version="1" changeset="12514038" timestamp="2012-07-27T17:41:06Z" user="Nemigo" uid="650671" lat="43.3455766" lon="-8.4346363"/>
 <node id="1840137838" visible="true" version="1" changeset="12514038" timestamp="2012-07-27T17:41:07Z" user="Nemigo" uid="650671" lat="43.3461593" lon="-8.4361521"/>
 <node id="1840137840" visible="true" version="1" changeset="12514038" timestamp="2012-07-27T17:41:07Z" user="Nemigo" uid="650671" lat="43.3464888" lon="-8.4361644"/>
 <node id="1840137842" visible="true" version="1" changeset="12514038" timestamp="2012-07-27T17:41:07Z" user="Nemigo" uid="650671" lat="43.3453102" lon="-8.4345078"/>
 <node id="1840137855" visible="true" version="2" changeset="71515624" timestamp="2019-06-22T18:15:38Z" user="abczyx" uid="2129377" lat="43.3440830" lon="-8.4337148"/>
 <node id="1840137859" visible="true" version="1" changeset="12514038" timestamp="2012-07-27T17:41:07Z" user="Nemigo" uid="650671" lat="43.3465546" lon="-8.4356536"/>
 <node id="1840137869" visible="true" version="1" changeset="12514038" timestamp="2012-07-27T17:41:07Z" user="Nemigo" uid="650671" lat="43.3450496" lon="-8.4355295"/>
 <node id="1840137874" visible="true" version="2" changeset="71515624" timestamp="2019-06-22T18:15:38Z" user="abczyx" uid="2129377" lat="43.3444114" lon="-8.4338112"/>
 <node id="1841148518" visible="true" version="1" changeset="12522006" timestamp="2012-07-28T11:40:35Z" user="Nemigo" uid="650671" lat="43.3472784" lon="-8.4346907"/>
 <node id="1841148532" visible="true" version="1" changeset="12522006" timestamp="2012-07-28T11:40:36Z" user="Nemigo" uid="650671" lat="43.3462713" lon="-8.4379622"/>
 <node id="1841148540" visible="true" version="1" changeset="12522006" timestamp="2012-07-28T11:40:37Z" user="Nemigo" uid="650671" lat="43.3467618" lon="-8.4375794"/>
 <node id="1841148545" visible="true" version="1" changeset="12522006" timestamp="2012-07-28T11:40:37Z" user="Nemigo" uid="650671" lat="43.3442675" lon="-8.4388197"/>
 <node id="1841148555" visible="true" version="1" changeset="12522006" timestamp="2012-07-28T11:40:37Z" user="Nemigo" uid="650671" lat="43.3463456" lon="-8.4380792"/>
 <node id="1841148556" visible="true" version="1" changeset="12522006" timestamp="2012-07-28T11:40:37Z" user="Nemigo" uid="650671" lat="43.3446174" lon="-8.4392039"/>
 <node id="1841148560" visible="true" version="1" changeset="12522006" timestamp="2012-07-28T11:40:37Z" user="Nemigo" uid="650671" lat="43.3470138" lon="-8.4345574"/>
 <node id="1841148580" visible="true" version="1" changeset="12522006" timestamp="2012-07-28T11:40:38Z" user="Nemigo" uid="650671" lat="43.3465643" lon="-8.4372685"/>
 <node id="1841148582" visible="true" version="1" changeset="12522006" timestamp="2012-07-28T11:40:38Z" user="Nemigo" uid="650671" lat="43.3471805" lon="-8.4350583"/>
 <node id="1841148598" visible="true" version="1" changeset="12522006" timestamp="2012-07-28T11:40:38Z" user="Nemigo" uid="650671" lat="43.3465901" lon="-8.4375793"/>
 <node id="1841148600" visible="true" version="1" changeset="12522006" timestamp="2012-07-28T11:40:38Z" user="Nemigo" uid="650671" lat="43.3469159" lon="-8.4349250"/>
 <node id="1841148617" visible="true" version="1" changeset="12522006" timestamp="2012-07-28T11:40:39Z" user="Nemigo" uid="650671" lat="43.3464669" lon="-8.4373854"/>
 <node id="1841148636" visible="true" version="1" changeset="12522006" timestamp="2012-07-28T11:40:39Z" user="Nemigo" uid="650671" lat="43.3447208" lon="-8.4393675"/>
 <node id="1853532293" visible="true" version="1" changeset="12627329" timestamp="2012-08-05T22:56:31Z" user="Nemigo" uid="650671" lat="43.3541516" lon="-8.4170640"/>
 <node id="1853532357" visible="true" version="6" changeset="175726514" timestamp="2025-12-09T18:19:28Z" user="kapazao_import" uid="8770019" lat="43.3485059" lon="-8.4220391">
  <tag k="crossing" v="uncontrolled"/>
  <tag k="crossing:markings" v="zebra"/>
  <tag k="highway" v="crossing"/>
 </node>
 <node id="1854244254" visible="true" version="3" changeset="66259814" timestamp="2019-01-12T20:34:48Z" user="MapMakerGal" uid="7579660" lat="43.3435582" lon="-8.4380768"/>
 <node id="1854244255" visible="true" version="2" changeset="66259814" timestamp="2019-01-12T20:34:48Z" user="MapMakerGal" uid="7579660" lat="43.3432950" lon="-8.4382338"/>
 <node id="1854244256" visible="true" version="3" changeset="66259814" timestamp="2019-01-12T20:34:48Z" user="MapMakerGal" uid="7579660" lat="43.3434464" lon="-8.4382042"/>
 <node id="1854244257" visible="true" version="2" changeset="66259814" timestamp="2019-01-12T20:34:48Z" user="MapMakerGal" uid="7579660" lat="43.3432232" lon="-8.4390952"/>
 <node id="1854244258" visible="true" version="2" changeset="66259814" timestamp="2019-01-12T20:34:48Z" user="MapMakerGal" uid="7579660" lat="43.3437186" lon="-8.4391137"/>
 <node id="1854244260" visible="true" version="3" changeset="66259814" timestamp="2019-01-12T20:34:48Z" user="MapMakerGal" uid="7579660" lat="43.3434115" lon="-8.4382013"/>
 <node id="1854244261" visible="true" version="2" changeset="66259814" timestamp="2019-01-12T20:34:48Z" user="MapMakerGal" uid="7579660" lat="43.3433415" lon="-8.4392943"/>
 <node id="1854244264" visible="true" version="2" changeset="66259814" timestamp="2019-01-12T20:34:48Z" user="MapMakerGal" uid="7579660" lat="43.3437068" lon="-8.4389007"/>
 <node id="1854244265" visible="true" version="2" changeset="66259814" timestamp="2019-01-12T20:34:48Z" user="MapMakerGal" uid="7579660" lat="43.3432170" lon="-8.4387659"/>
 <node id="1854244266" visible="true" version="2" changeset="66259814" timestamp="2019-01-12T20:34:48Z" user="MapMakerGal" uid="7579660" lat="43.3431163" lon="-8.4385833"/>
 <node id="1854245919" visible="true" version="2" changeset="66259814" timestamp="2019-01-12T20:34:49Z" user="MapMakerGal" uid="7579660" lat="43.3418731" lon="-8.4324590"/>
 <node id="1854245923" visible="true" version="2" changeset="66259814" timestamp="2019-01-12T20:34:49Z" user="MapMakerGal" uid="7579660" lat="43.3419343" lon="-8.4326611"/>
 <node id="1993762558" visible="true" version="1" changeset="13723035" timestamp="2012-11-02T15:05:06Z" user="Nemigo" uid="650671" lat="43.3468831" lon="-8.4421242"/>
 <node id="1993762560" visible="true" version="2" changeset="66238188" timestamp="2019-01-11T20:35:01Z" user="MapMakerGal" uid="7579660" lat="43.3452257" lon="-8.4427626"/>
 <node id="1993762574" visible="true" version="1" changeset="13723035" timestamp="2012-11-02T15:05:06Z" user="Nemigo" uid="650671" lat="43.3471425" lon="-8.4421966"/>
 <node id="1993762575" visible="true" version="1" changeset="13723035" timestamp="2012-11-02T15:05:06Z" user="Nemigo" uid="650671" lat="43.3471191" lon="-8.4417434"/>
 <node id="1993762582" visible="true" version="1" changeset="13723035" timestamp="2012-11-02T15:05:06Z" user="Nemigo" uid="650671" lat="43.3469810" lon="-8.4416573"/>
 <node id="1993762584" visible="true" version="2" changeset="66238188" timestamp="2019-01-11T20:35:01Z" user="MapMakerGal" uid="7579660" lat="43.3466929" lon="-8.4419934"/>
 <node id="1993762588" visible="true" version="1" changeset="13723035" timestamp="2012-11-02T15:05:06Z" user="Nemigo" uid="650671" lat="43.3474200" lon="-8.4416941"/>
 <node id="1993762594" visible="true" version="1" changeset="13723035" timestamp="2012-11-02T15:05:06Z" user="Nemigo" uid="650671" lat="43.3471113" lon="-8.4423710"/>
 <node id="1993762597" visible="true" version="1" changeset="13723035" timestamp="2012-11-02T15:05:06Z" user="Nemigo" uid="650671" lat="43.3473263" lon="-8.4417940"/>
 <node id="2096447157" visible="true" version="1" changeset="14538677" timestamp="2013-01-05T16:22:41Z" user="Nemigo" uid="650671" lat="43.3404208" lon="-8.4440366"/>
 <node id="2245549867" visible="true" version="6" changeset="175726532" timestamp="2025-12-09T18:19:40Z" user="kapazao_import" uid="8770019" lat="43.3482941" lon="-8.4227177">
  <tag k="crossing" v="uncontrolled"/>
  <tag k="crossing:markings" v="zebra"/>
  <tag k="highway" v="crossing"/>
 </node>
 <node id="2245573671" visible="true" version="1" changeset="15588282" timestamp="2013-04-03T00:02:01Z" user="Nemigo" uid="650671" lat="43.3444682" lon="-8.4366947"/>
 <node id="2245573675" visible="true" version="1" changeset="15588282" timestamp="2013-04-03T00:02:01Z" user="Nemigo" uid="650671" lat="43.3436414" lon="-8.4364110"/>
 <node id="2245573678" visible="true" version="2" changeset="25101167" timestamp="2014-08-29T16:39:58Z" user="abczyx" uid="2129377" lat="43.3436694" lon="-8.4303048"/>
 <node id="2245573681" visible="true" version="1" changeset="15588282" timestamp="2013-04-03T00:02:01Z" user="Nemigo" uid="650671" lat="43.3441524" lon="-8.4308025"/>
 <node id="2245573684" visible="true" version="1" changeset="15588282" timestamp="2013-04-03T00:02:01Z" user="Nemigo" uid="650671" lat="43.3435592" lon="-8.4308448"/>
 <node id="2245573693" visible="true" version="1" changeset="15588282" timestamp="2013-04-03T00:02:01Z" user="Nemigo" uid="650671" lat="43.3448156" lon="-8.4320416"/>
 <node id="2245573696" visible="true" version="1" changeset="15588282" timestamp="2013-04-03T00:02:01Z" user="Nemigo" uid="650671" lat="43.3447784" lon="-8.4320921"/>
 <node id="2245573699" visible="true" version="2" changeset="66259814" timestamp="2019-01-12T20:34:49Z" user="MapMakerGal" uid="7579660" lat="43.3437693" lon="-8.4374230"/>
 <node id="2245573702" visible="true" version="1" changeset="15588282" timestamp="2013-04-03T00:02:01Z" user="Nemigo" uid="650671" lat="43.3449890" lon="-8.4315100"/>
 <node id="2245573705" visible="true" version="1" changeset="15588282" timestamp="2013-04-03T00:02:01Z" user="Nemigo" uid="650671" lat="43.3444665" lon="-8.4359845"/>
 <node id="2245573708" visible="true" version="1" changeset="15588282" timestamp="2013-04-03T00:02:01Z" user="Nemigo" uid="650671" lat="43.3444292" lon="-8.4344336"/>
 <node id="2245573711" visible="true" version="1" changeset="15588282" timestamp="2013-04-03T00:02:01Z" user="Nemigo" uid="650671" lat="43.3448606" lon="-8.4312161"/>
 <node id="2245573714" visible="true" version="1" changeset="15588282" timestamp="2013-04-03T00:02:01Z" user="Nemigo" uid="650671" lat="43.3440802" lon="-8.4365156"/>
 <node id="2245573720" visible="true" version="1" changeset="15588282" timestamp="2013-04-03T00:02:01Z" user="Nemigo" uid="650671" lat="43.3437467" lon="-8.4349921"/>
 <node id="2245573723" visible="true" version="1" changeset="15588282" timestamp="2013-04-03T00:02:01Z" user="Nemigo" uid="650671" lat="43.3428572" lon="-8.4297966"/>
 <node id="2245573727" visible="true" version="1" changeset="15588282" timestamp="2013-04-03T00:02:01Z" user="Nemigo" uid="650671" lat="43.3442012" lon="-8.4344127"/>
 <node id="2245573729" visible="true" version="1" changeset="15588282" timestamp="2013-04-03T00:02:01Z" user="Nemigo" uid="650671" lat="43.3440547" lon="-8.4346804"/>
 <node id="2245573735" visible="true" version="2" changeset="66259814" timestamp="2019-01-12T20:34:49Z" user="MapMakerGal" uid="7579660" lat="43.3437604" lon="-8.4371073"/>
 <node id="2245573739" visible="true" version="1" changeset="15588282" timestamp="2013-04-03T00:02:01Z" user="Nemigo" uid="650671" lat="43.3444372" lon="-8.4351771"/>
 <node id="2245573745" visible="true" version="1" changeset="15588282" timestamp="2013-04-03T00:02:01Z" user="Nemigo" uid="650671" lat="43.3435789" lon="-8.4304243"/>
 <node id="2245573748" visible="true" version="1" changeset="15588282" timestamp="2013-04-03T00:02:01Z" user="Nemigo" uid="650671" lat="43.3432376" lon="-8.4299415"/>
 <node id="2245573751" visible="true" version="2" changeset="66259814" timestamp="2019-01-12T20:34:49Z" user="MapMakerGal" uid="7579660" lat="43.3439209" lon="-8.4380819"/>
 <node id="2245573759" visible="true" version="1" changeset="15588282" timestamp="2013-04-03T00:02:01Z" user="Nemigo" uid="650671" lat="43.3440198" lon="-8.4307274"/>
 <node id="2245573771" visible="true" version="1" changeset="15588282" timestamp="2013-04-03T00:02:01Z" user="Nemigo" uid="650671" lat="43.3440178" lon="-8.4307542"/>
 <node id="2245573774" visible="true" version="1" changeset="15588282" timestamp="2013-04-03T00:02:01Z" user="Nemigo" uid="650671" lat="43.3434677" lon="-8.4306576"/>
 <node id="2245573790" visible="true" version="1" changeset="15588282" timestamp="2013-04-03T00:02:02Z" user="Nemigo" uid="650671" lat="43.3438676" lon="-8.4312423"/>
 <node id="2245573792" visible="true" version="2" changeset="66259814" timestamp="2019-01-12T20:34:49Z" user="MapMakerGal" uid="7579660" lat="43.3438139" lon="-8.4368499"/>
 <node id="2245573794" visible="true" version="1" changeset="15588282" timestamp="2013-04-03T00:02:02Z" user="Nemigo" uid="650671" lat="43.3440332" lon="-8.4348655"/>
 <node id="2245573800" visible="true" version="1" changeset="15588282" timestamp="2013-04-03T00:02:02Z" user="Nemigo" uid="650671" lat="43.3437389" lon="-8.4364861"/>
 <node id="2245573806" visible="true" version="1" changeset="15588282" timestamp="2013-04-03T00:02:02Z" user="Nemigo" uid="650671" lat="43.3439398" lon="-8.4349492"/>
 <node id="2245573809" visible="true" version="1" changeset="15588282" timestamp="2013-04-03T00:02:02Z" user="Nemigo" uid="650671" lat="43.3436158" lon="-8.4351095"/>
 <node id="2245573815" visible="true" version="1" changeset="15588282" timestamp="2013-04-03T00:02:02Z" user="Nemigo" uid="650671" lat="43.3435300" lon="-8.4353778"/>
 <node id="2245573827" visible="true" version="1" changeset="15588282" timestamp="2013-04-03T00:02:02Z" user="Nemigo" uid="650671" lat="43.3440900" lon="-8.4344073"/>
 <node id="2245573830" visible="true" version="1" changeset="15588282" timestamp="2013-04-03T00:02:02Z" user="Nemigo" uid="650671" lat="43.3442617" lon="-8.4383770"/>
 <node id="2245573834" visible="true" version="1" changeset="15588282" timestamp="2013-04-03T00:02:02Z" user="Nemigo" uid="650671" lat="43.3443670" lon="-8.4319048"/>
 <node id="2245573837" visible="true" version="1" changeset="15588282" timestamp="2013-04-03T00:02:02Z" user="Nemigo" uid="650671" lat="43.3449931" lon="-8.4314220"/>
 <node id="2245573840" visible="true" version="1" changeset="15588282" timestamp="2013-04-03T00:02:02Z" user="Nemigo" uid="650671" lat="43.3440646" lon="-8.4314703"/>
 <node id="2245573845" visible="true" version="1" changeset="15588282" timestamp="2013-04-03T00:02:02Z" user="Nemigo" uid="650671" lat="43.3449756" lon="-8.4313523"/>
 <node id="2245573856" visible="true" version="1" changeset="15588282" timestamp="2013-04-03T00:02:02Z" user="Nemigo" uid="650671" lat="43.3447220" lon="-8.4321006"/>
 <node id="2245573859" visible="true" version="1" changeset="15588282" timestamp="2013-04-03T00:02:02Z" user="Nemigo" uid="650671" lat="43.3435321" lon="-8.4360918"/>
 <node id="2245573862" visible="true" version="1" changeset="15588282" timestamp="2013-04-03T00:02:02Z" user="Nemigo" uid="650671" lat="43.3437506" lon="-8.4305155"/>
 <node id="2245573866" visible="true" version="1" changeset="15588282" timestamp="2013-04-03T00:02:02Z" user="Nemigo" uid="650671" lat="43.3443182" lon="-8.4367087"/>
 <node id="2245573869" visible="true" version="1" changeset="15588282" timestamp="2013-04-03T00:02:02Z" user="Nemigo" uid="650671" lat="43.3435477" lon="-8.4303813"/>
 <node id="2245573872" visible="true" version="1" changeset="15588282" timestamp="2013-04-03T00:02:02Z" user="Nemigo" uid="650671" lat="43.3443592" lon="-8.4382322"/>
 <node id="2245573875" visible="true" version="1" changeset="15588282" timestamp="2013-04-03T00:02:02Z" user="Nemigo" uid="650671" lat="43.3449385" lon="-8.4313174"/>
 <node id="2245573879" visible="true" version="1" changeset="15588282" timestamp="2013-04-03T00:02:02Z" user="Nemigo" uid="650671" lat="43.3442224" lon="-8.4317112"/>
 <node id="2245573882" visible="true" version="2" changeset="66259814" timestamp="2019-01-12T20:34:49Z" user="MapMakerGal" uid="7579660" lat="43.3437827" lon="-8.4377999"/>
 <node id="2245573885" visible="true" version="1" changeset="15588282" timestamp="2013-04-03T00:02:02Z" user="Nemigo" uid="650671" lat="43.3441290" lon="-8.4382912"/>
 <node id="2245573892" visible="true" version="8" changeset="175726532" timestamp="2025-12-09T18:19:40Z" user="kapazao_import" uid="8770019" lat="43.3445701" lon="-8.4310457">
  <tag k="crossing" v="uncontrolled"/>
  <tag k="crossing:markings" v="zebra"/>
  <tag k="highway" v="crossing"/>
 </node>
 <node id="2245573895" visible="true" version="1" changeset="15588282" timestamp="2013-04-03T00:02:02Z" user="Nemigo" uid="650671" lat="43.3436121" lon="-8.4304028"/>
 <node id="2245573898" visible="true" version="1" changeset="15588282" timestamp="2013-04-03T00:02:02Z" user="Nemigo" uid="650671" lat="43.3448624" lon="-8.4319183"/>
 <node id="2245573901" visible="true" version="1" changeset="15588282" timestamp="2013-04-03T00:02:02Z" user="Nemigo" uid="650671" lat="43.3444684" lon="-8.4370171"/>
 <node id="2245573904" visible="true" version="1" changeset="15588282" timestamp="2013-04-03T00:02:02Z" user="Nemigo" uid="650671" lat="43.3440646" lon="-8.4345173"/>
 <node id="2245575660" visible="true" version="2" changeset="66259814" timestamp="2019-01-12T20:34:49Z" user="MapMakerGal" uid="7579660" lat="43.3440527" lon="-8.4386944"/>
 <node id="2245575662" visible="true" version="2" changeset="66259814" timestamp="2019-01-12T20:34:49Z" user="MapMakerGal" uid="7579660" lat="43.3437419" lon="-8.4382072"/>
 <node id="2245575664" visible="true" version="2" changeset="66259814" timestamp="2019-01-12T20:34:49Z" user="MapMakerGal" uid="7579660" lat="43.3439256" lon="-8.4387426"/>
 <node id="2245575666" visible="true" version="2" changeset="66259814" timestamp="2019-01-12T20:34:49Z" user="MapMakerGal" uid="7579660" lat="43.3438378" lon="-8.4380619"/>
 <node id="2245577422" visible="true" version="2" changeset="63260207" timestamp="2018-10-06T15:51:42Z" user="MapMakerGal" uid="7579660" lat="43.3449037" lon="-8.4348999"/>
 <node id="2245577423" visible="true" version="1" changeset="15588282" timestamp="2013-04-03T00:04:58Z" user="Nemigo" uid="650671" lat="43.3463282" lon="-8.4317208"/>
 <node id="2245577424" visible="true" version="1" changeset="15588282" timestamp="2013-04-03T00:04:58Z" user="Nemigo" uid="650671" lat="43.3451739" lon="-8.4334737"/>
 <node id="2245577425" visible="true" version="1" changeset="15588282" timestamp="2013-04-03T00:04:58Z" user="Nemigo" uid="650671" lat="43.3451421" lon="-8.4336864"/>
 <node id="2245577426" visible="true" version="1" changeset="15588282" timestamp="2013-04-03T00:04:58Z" user="Nemigo" uid="650671" lat="43.3456823" lon="-8.4369517"/>
 <node id="2245577427" visible="true" version="1" changeset="15588282" timestamp="2013-04-03T00:04:58Z" user="Nemigo" uid="650671" lat="43.3449346" lon="-8.4335768"/>
 <node id="2245577428" visible="true" version="1" changeset="15588282" timestamp="2013-04-03T00:04:58Z" user="Nemigo" uid="650671" lat="43.3459170" lon="-8.4369108"/>
 <node id="2245577429" visible="true" version="1" changeset="15588282" timestamp="2013-04-03T00:04:58Z" user="Nemigo" uid="650671" lat="43.3452207" lon="-8.4334053"/>
 <node id="2245577430" visible="true" version="1" changeset="15588282" timestamp="2013-04-03T00:04:58Z" user="Nemigo" uid="650671" lat="43.3450542" lon="-8.4336298"/>
 <node id="2245577431" visible="true" version="1" changeset="15588282" timestamp="2013-04-03T00:04:58Z" user="Nemigo" uid="650671" lat="43.3452034" lon="-8.4338124"/>
 <node id="2245577432" visible="true" version="1" changeset="15588282" timestamp="2013-04-03T00:04:59Z" user="Nemigo" uid="650671" lat="43.3452464" lon="-8.4334188"/>
 <node id="2245577433" visible="true" version="1" changeset="15588282" timestamp="2013-04-03T00:04:59Z" user="Nemigo" uid="650671" lat="43.3469136" lon="-8.4318303"/>
 <node id="2245577434" visible="true" version="1" changeset="15588282" timestamp="2013-04-03T00:04:59Z" user="Nemigo" uid="650671" lat="43.3462861" lon="-8.4318790"/>
 <node id="2245577435" visible="true" version="1" changeset="15588282" timestamp="2013-04-03T00:04:59Z" user="Nemigo" uid="650671" lat="43.3462881" lon="-8.4317007"/>
 <node id="2245577436" visible="true" version="1" changeset="15588282" timestamp="2013-04-03T00:04:59Z" user="Nemigo" uid="650671" lat="43.3469171" lon="-8.4321960"/>
 <node id="2245577437" visible="true" version="1" changeset="15588282" timestamp="2013-04-03T00:04:59Z" user="Nemigo" uid="650671" lat="43.3451266" lon="-8.4336639"/>
 <node id="2245577438" visible="true" version="1" changeset="15588282" timestamp="2013-04-03T00:04:59Z" user="Nemigo" uid="650671" lat="43.3457199" lon="-8.4368111"/>
 <node id="2245577439" visible="true" version="1" changeset="15588282" timestamp="2013-04-03T00:04:59Z" user="Nemigo" uid="650671" lat="43.3458794" lon="-8.4370515"/>
 <node id="2245577440" visible="true" version="1" changeset="15588282" timestamp="2013-04-03T00:04:59Z" user="Nemigo" uid="650671" lat="43.3464118" lon="-8.4321790"/>
 <node id="2245577441" visible="true" version="1" changeset="15588282" timestamp="2013-04-03T00:04:59Z" user="Nemigo" uid="650671" lat="43.3468304" lon="-8.4323756"/>
 <node id="2245577442" visible="true" version="2" changeset="62283363" timestamp="2018-09-04T15:24:06Z" user="abczyx" uid="2129377" lat="43.3446873" lon="-8.4348408"/>
 <node id="2245577443" visible="true" version="1" changeset="15588282" timestamp="2013-04-03T00:04:59Z" user="Nemigo" uid="650671" lat="43.3463297" lon="-8.4315438"/>
 <node id="2245577444" visible="true" version="1" changeset="15588282" timestamp="2013-04-03T00:04:59Z" user="Nemigo" uid="650671" lat="43.3463973" lon="-8.4316307"/>
 <node id="2245577445" visible="true" version="1" changeset="15588282" timestamp="2013-04-03T00:04:59Z" user="Nemigo" uid="650671" lat="43.3449119" lon="-8.4336582"/>
 <node id="2245577446" visible="true" version="1" changeset="15588282" timestamp="2013-04-03T00:04:59Z" user="Nemigo" uid="650671" lat="43.3452586" lon="-8.4333751"/>
 <node id="2245577447" visible="true" version="1" changeset="15588282" timestamp="2013-04-03T00:04:59Z" user="Nemigo" uid="650671" lat="43.3467994" lon="-8.4325006"/>
 <node id="2245577448" visible="true" version="1" changeset="15588282" timestamp="2013-04-03T00:04:59Z" user="Nemigo" uid="650671" lat="43.3453170" lon="-8.4334060"/>
 <node id="2245577449" visible="true" version="1" changeset="15588282" timestamp="2013-04-03T00:04:59Z" user="Nemigo" uid="650671" lat="43.3463807" lon="-8.4323040"/>
 <node id="2245577450" visible="true" version="1" changeset="15588282" timestamp="2013-04-03T00:04:59Z" user="Nemigo" uid="650671" lat="43.3468995" lon="-8.4318831"/>
 <node id="2245577451" visible="true" version="1" changeset="15588282" timestamp="2013-04-03T00:04:59Z" user="Nemigo" uid="650671" lat="43.3470024" lon="-8.4318749"/>
 <node id="2245577452" visible="true" version="1" changeset="15588282" timestamp="2013-04-03T00:04:59Z" user="Nemigo" uid="650671" lat="43.3464097" lon="-8.4315839"/>
 <node id="2245577453" visible="true" version="1" changeset="15588282" timestamp="2013-04-03T00:04:59Z" user="Nemigo" uid="650671" lat="43.3451016" lon="-8.4334396"/>
 <node id="2271600690" visible="true" version="1" changeset="15772487" timestamp="2013-04-18T12:00:39Z" user="Nemigo" uid="650671" lat="43.3454567" lon="-8.4410778"/>
 <node id="2271600691" visible="true" version="1" changeset="15772487" timestamp="2013-04-18T12:00:39Z" user="Nemigo" uid="650671" lat="43.3451218" lon="-8.4408365"/>
 <node id="2271600692" visible="true" version="1" changeset="15772487" timestamp="2013-04-18T12:00:39Z" user="Nemigo" uid="650671" lat="43.3453507" lon="-8.4412030"/>
 <node id="2271600693" visible="true" version="1" changeset="15772487" timestamp="2013-04-18T12:00:39Z" user="Nemigo" uid="650671" lat="43.3452278" lon="-8.4407114"/>
 <node id="2280653752" visible="true" version="2" changeset="18267420" timestamp="2013-10-09T16:11:25Z" user="Picholeiro" uid="346373" lat="43.3438750" lon="-8.4288606">
  <tag k="access" v="yes"/>
  <tag k="amenity" v="parking_entrance"/>
  <tag k="covered" v="yes"/>
  <tag k="fee" v="no"/>
  <tag k="lit" v="yes"/>
  <tag k="parking" v="underground"/>
  <tag k="surface" v="paved"/>
 </node>
 <node id="2280653767" visible="true" version="7" changeset="165845608" timestamp="2025-05-05T13:11:35Z" user="Monchinho" uid="2788764" lat="43.3439246" lon="-8.4288078">
  <tag k="access" v="customers"/>
  <tag k="amenity" v="parking"/>
  <tag k="capacity" v="600"/>
  <tag k="fee" v="no"/>
  <tag k="layer" v="-1"/>
  <tag k="maxheight" v="2.1"/>
  <tag k="name" v="Marineda City"/>
  <tag k="parking" v="underground"/>
 </node>
 <node id="2280653781" visible="true" version="1" changeset="15859055" timestamp="2013-04-25T10:35:17Z" user="Nemigo" uid="650671" lat="43.3421880" lon="-8.4293124"/>
 <node id="2280653801" visible="true" version="1" changeset="15859055" timestamp="2013-04-25T10:35:18Z" user="Nemigo" uid="650671" lat="43.3423530" lon="-8.4289881"/>
 <node id="2291744986" visible="true" version="5" changeset="66805194" timestamp="2019-01-31T15:08:33Z" user="abczyx" uid="2129377" lat="43.3427009" lon="-8.4318224"/>
 <node id="2338739607" visible="true" version="1" changeset="16489476" timestamp="2013-06-09T23:17:20Z" user="cronoser" uid="461005" lat="43.3477994" lon="-8.4417989"/>
 <node id="2400249947" visible="true" version="3" changeset="48900536" timestamp="2017-05-22T22:08:36Z" user="abczyx" uid="2129377" lat="43.3443049" lon="-8.4330588"/>
 <node id="2400249951" visible="true" version="2" changeset="48900536" timestamp="2017-05-22T22:08:31Z" user="abczyx" uid="2129377" lat="43.3422724" lon="-8.4308701"/>
 <node id="2400249953" visible="true" version="3" changeset="57640077" timestamp="2018-03-29T17:05:41Z" user="abczyx" uid="2129377" lat="43.3442605" lon="-8.4319309">
  <tag k="highway" v="give_way"/>
 </node>
 <node id="2400249956" visible="true" version="3" changeset="57640077" timestamp="2018-03-29T17:05:31Z" user="abczyx" uid="2129377" lat="43.3440371" lon="-8.4319764"/>
 <node id="2400249957" visible="true" version="2" changeset="48900536" timestamp="2017-05-22T22:08:31Z" user="abczyx" uid="2129377" lat="43.3434291" lon="-8.4319012"/>
 <node id="2400249961" visible="true" version="2" changeset="48900536" timestamp="2017-05-22T22:08:32Z" user="abczyx" uid="2129377" lat="43.3429564" lon="-8.4315306"/>
 <node id="2400249962" visible="true" version="3" changeset="57640077" timestamp="2018-03-29T17:05:36Z" user="abczyx" uid="2129377" lat="43.3439574" lon="-8.4320968"/>
 <node id="2400249965" visible="true" version="3" changeset="48900536" timestamp="2017-05-22T22:08:33Z" user="abczyx" uid="2129377" lat="43.3440141" lon="-8.4329475"/>
 <node id="2400249971" visible="true" version="2" changeset="61934511" timestamp="2018-08-23T22:00:52Z" user="abczyx" uid="2129377" lat="43.3439074" lon="-8.4314039"/>
 <node id="2400249979" visible="true" version="2" changeset="48900536" timestamp="2017-05-22T22:08:35Z" user="abczyx" uid="2129377" lat="43.3438014" lon="-8.4321317"/>
 <node id="2400249981" visible="true" version="2" changeset="48900536" timestamp="2017-05-22T22:08:35Z" user="abczyx" uid="2129377" lat="43.3426366" lon="-8.4312634"/>
 <node id="2400249983" visible="true" version="3" changeset="57640077" timestamp="2018-03-29T17:05:32Z" user="abczyx" uid="2129377" lat="43.3440720" lon="-8.4318441"/>
 <node id="2400249985" visible="true" version="2" changeset="48900536" timestamp="2017-05-22T22:08:35Z" user="abczyx" uid="2129377" lat="43.3431637" lon="-8.4317028"/>
 <node id="2400249987" visible="true" version="3" changeset="57640077" timestamp="2018-03-29T17:05:30Z" user="abczyx" uid="2129377" lat="43.3438918" lon="-8.4321362"/>
 <node id="2400249991" visible="true" version="2" changeset="48900536" timestamp="2017-05-22T22:08:35Z" user="abczyx" uid="2129377" lat="43.3420170" lon="-8.4305577"/>
 <node id="2437381007" visible="true" version="1" changeset="17574215" timestamp="2013-08-29T15:43:15Z" user="Nemigo" uid="650671" lat="43.3414676" lon="-8.4437664"/>
 <node id="2446014921" visible="true" version="4" changeset="57640077" timestamp="2018-03-29T17:05:40Z" user="abczyx" uid="2129377" lat="43.3444775" lon="-8.4332201"/>
 <node id="2489655748" visible="true" version="2" changeset="30485124" timestamp="2015-04-25T21:10:56Z" user="abczyx" uid="2129377" lat="43.3425822" lon="-8.4269618"/>
 <node id="2489655750" visible="true" version="2" changeset="25101167" timestamp="2014-08-29T16:39:58Z" user="abczyx" uid="2129377" lat="43.3435646" lon="-8.4302979"/>
 <node id="2489655751" visible="true" version="2" changeset="25101167" timestamp="2014-08-29T16:39:56Z" user="abczyx" uid="2129377" lat="43.3436385" lon="-8.4302817"/>
 <node id="2489655752" visible="true" version="1" changeset="18267420" timestamp="2013-10-09T16:11:22Z" user="Picholeiro" uid="346373" lat="43.3436882" lon="-8.4301933"/>
 <node id="2642739885" visible="true" version="3" changeset="66259814" timestamp="2019-01-12T20:34:49Z" user="MapMakerGal" uid="7579660" lat="43.3420007" lon="-8.4364140">
  <tag k="power" v="tower"/>
 </node>
 <node id="2642739886" visible="true" version="3" changeset="66259814" timestamp="2019-01-12T20:34:49Z" user="MapMakerGal" uid="7579660" lat="43.3421077" lon="-8.4373842">
  <tag k="power" v="tower"/>
 </node>
 <node id="2642739887" visible="true" version="3" changeset="66259814" timestamp="2019-01-12T20:34:49Z" user="MapMakerGal" uid="7579660" lat="43.3422367" lon="-8.4384638">
  <tag k="power" v="tower"/>
 </node>
 <node id="2642739888" visible="true" version="3" changeset="66259814" timestamp="2019-01-12T20:34:49Z" user="MapMakerGal" uid="7579660" lat="43.3423084" lon="-8.4391677">
  <tag k="power" v="tower"/>
 </node>
 <node id="2642739889" visible="true" version="2" changeset="66259814" timestamp="2019-01-12T20:34:49Z" user="MapMakerGal" uid="7579660" lat="43.3426429" lon="-8.4388770"/>
 <node id="2642739890" visible="true" version="2" changeset="66259814" timestamp="2019-01-12T20:34:49Z" user="MapMakerGal" uid="7579660" lat="43.3426641" lon="-8.4388374"/>
 <node id="2642739891" visible="true" version="2" changeset="66259814" timestamp="2019-01-12T20:34:49Z" user="MapMakerGal" uid="7579660" lat="43.3426725" lon="-8.4385384"/>
 <node id="2642739892" visible="true" version="2" changeset="66259814" timestamp="2019-01-12T20:34:49Z" user="MapMakerGal" uid="7579660" lat="43.3425581" lon="-8.4384394"/>
 <node id="2642739893" visible="true" version="2" changeset="66259814" timestamp="2019-01-12T20:34:49Z" user="MapMakerGal" uid="7579660" lat="43.3424604" lon="-8.4388311"/>
 <node id="2642739894" visible="true" version="2" changeset="66259814" timestamp="2019-01-12T20:34:49Z" user="MapMakerGal" uid="7579660" lat="43.3425297" lon="-8.4383975"/>
 <node id="2642739895" visible="true" version="2" changeset="66259814" timestamp="2019-01-12T20:34:49Z" user="MapMakerGal" uid="7579660" lat="43.3422574" lon="-8.4380796"/>
 <node id="2642739896" visible="true" version="2" changeset="66259814" timestamp="2019-01-12T20:34:49Z" user="MapMakerGal" uid="7579660" lat="43.3422021" lon="-8.4377458"/>
 <node id="2642739897" visible="true" version="2" changeset="66259814" timestamp="2019-01-12T20:34:49Z" user="MapMakerGal" uid="7579660" lat="43.3422165" lon="-8.4377178"/>
 <node id="2642739898" visible="true" version="2" changeset="66259814" timestamp="2019-01-12T20:34:49Z" user="MapMakerGal" uid="7579660" lat="43.3423734" lon="-8.4379249"/>
 <node id="2642739899" visible="true" version="2" changeset="66259814" timestamp="2019-01-12T20:34:49Z" user="MapMakerGal" uid="7579660" lat="43.3424767" lon="-8.4380993"/>
 <node id="2642739900" visible="true" version="2" changeset="66259814" timestamp="2019-01-12T20:34:49Z" user="MapMakerGal" uid="7579660" lat="43.3425211" lon="-8.4380931"/>
 <node id="2642739901" visible="true" version="2" changeset="66259814" timestamp="2019-01-12T20:34:49Z" user="MapMakerGal" uid="7579660" lat="43.3425904" lon="-8.4380814"/>
 <node id="2642739902" visible="true" version="2" changeset="66259814" timestamp="2019-01-12T20:34:49Z" user="MapMakerGal" uid="7579660" lat="43.3426368" lon="-8.4381703"/>
 <node id="2642739903" visible="true" version="2" changeset="66259814" timestamp="2019-01-12T20:34:49Z" user="MapMakerGal" uid="7579660" lat="43.3421224" lon="-8.4380612"/>
 <node id="2642739904" visible="true" version="2" changeset="66259814" timestamp="2019-01-12T20:34:49Z" user="MapMakerGal" uid="7579660" lat="43.3421071" lon="-8.4378867"/>
 <node id="2642739905" visible="true" version="2" changeset="66259814" timestamp="2019-01-12T20:34:49Z" user="MapMakerGal" uid="7579660" lat="43.3419893" lon="-8.4379503"/>
 <node id="2642739906" visible="true" version="3" changeset="66259814" timestamp="2019-01-12T20:34:49Z" user="MapMakerGal" uid="7579660" lat="43.3421678" lon="-8.4355390">
  <tag k="power" v="tower"/>
 </node>
 <node id="2642739907" visible="true" version="3" changeset="66259814" timestamp="2019-01-12T20:34:49Z" user="MapMakerGal" uid="7579660" lat="43.3423520" lon="-8.4345661">
  <tag k="power" v="tower"/>
 </node>
 <node id="2642739908" visible="true" version="3" changeset="66259814" timestamp="2019-01-12T20:34:49Z" user="MapMakerGal" uid="7579660" lat="43.3425993" lon="-8.4332721">
  <tag k="power" v="tower"/>
 </node>
 <node id="2642739910" visible="true" version="3" changeset="66259814" timestamp="2019-01-12T20:34:49Z" user="MapMakerGal" uid="7579660" lat="43.3427402" lon="-8.4324735">
  <tag k="power" v="tower"/>
 </node>
 <node id="2642739912" visible="true" version="2" changeset="115620119" timestamp="2021-12-31T19:05:58Z" user="abczyx" uid="2129377" lat="43.3438574" lon="-8.4400607"/>
 <node id="2642739913" visible="true" version="2" changeset="115620119" timestamp="2021-12-31T19:05:58Z" user="abczyx" uid="2129377" lat="43.3437716" lon="-8.4400292"/>
 <node id="2642739914" visible="true" version="1" changeset="20273980" timestamp="2014-01-29T22:14:59Z" user="Nemigo" uid="650671" lat="43.3438986" lon="-8.4395163"/>
 <node id="2642739915" visible="true" version="1" changeset="20273980" timestamp="2014-01-29T22:14:59Z" user="Nemigo" uid="650671" lat="43.3440722" lon="-8.4395350"/>
 <node id="2642739916" visible="true" version="1" changeset="20273980" timestamp="2014-01-29T22:14:59Z" user="Nemigo" uid="650671" lat="43.3442126" lon="-8.4387545"/>
 <node id="2642739917" visible="true" version="1" changeset="20273980" timestamp="2014-01-29T22:14:59Z" user="Nemigo" uid="650671" lat="43.3440936" lon="-8.4388189"/>
 <node id="2642739918" visible="true" version="1" changeset="20273980" timestamp="2014-01-29T22:14:59Z" user="Nemigo" uid="650671" lat="43.3440351" lon="-8.4389852"/>
 <node id="2642739919" visible="true" version="1" changeset="20273980" timestamp="2014-01-29T22:14:59Z" user="Nemigo" uid="650671" lat="43.3441580" lon="-8.4393661"/>
 <node id="2642739920" visible="true" version="1" changeset="20273980" timestamp="2014-01-29T22:14:59Z" user="Nemigo" uid="650671" lat="43.3437991" lon="-8.4402995"/>
 <node id="2642739921" visible="true" version="1" changeset="20273980" timestamp="2014-01-29T22:14:59Z" user="Nemigo" uid="650671" lat="43.3436840" lon="-8.4400232"/>
 <node id="2642739922" visible="true" version="1" changeset="20273980" timestamp="2014-01-29T22:14:59Z" user="Nemigo" uid="650671" lat="43.3437913" lon="-8.4394519"/>
 <node id="2642739923" visible="true" version="1" changeset="20273980" timestamp="2014-01-29T22:14:59Z" user="Nemigo" uid="650671" lat="43.3440702" lon="-8.4387438"/>
 <node id="2642739924" visible="true" version="1" changeset="20273980" timestamp="2014-01-29T22:14:59Z" user="Nemigo" uid="650671" lat="43.3440683" lon="-8.4385882"/>
 <node id="2642739925" visible="true" version="2" changeset="66259814" timestamp="2019-01-12T20:34:49Z" user="MapMakerGal" uid="7579660" lat="43.3443282" lon="-8.4385408"/>
 <node id="2642739926" visible="true" version="2" changeset="66259814" timestamp="2019-01-12T20:34:49Z" user="MapMakerGal" uid="7579660" lat="43.3442692" lon="-8.4389154"/>
 <node id="2642739927" visible="true" version="1" changeset="20273980" timestamp="2014-01-29T22:14:59Z" user="Nemigo" uid="650671" lat="43.3441697" lon="-8.4393848"/>
 <node id="2642739928" visible="true" version="2" changeset="66259814" timestamp="2019-01-12T20:34:49Z" user="MapMakerGal" uid="7579660" lat="43.3440293" lon="-8.4398030"/>
 <node id="2642739929" visible="true" version="1" changeset="20273980" timestamp="2014-01-29T22:14:59Z" user="Nemigo" uid="650671" lat="43.3438556" lon="-8.4402351"/>
 <node id="2646029570" visible="true" version="1" changeset="20306194" timestamp="2014-01-31T19:59:04Z" user="Nemigo" uid="650671" lat="43.3460871" lon="-8.4294501"/>
 <node id="2646029572" visible="true" version="1" changeset="20306194" timestamp="2014-01-31T19:59:05Z" user="Nemigo" uid="650671" lat="43.3468104" lon="-8.4294437"/>
 <node id="2646029585" visible="true" version="2" changeset="71515624" timestamp="2019-06-22T18:15:38Z" user="abczyx" uid="2129377" lat="43.3465730" lon="-8.4300193"/>
 <node id="2646029587" visible="true" version="2" changeset="71515624" timestamp="2019-06-22T18:15:38Z" user="abczyx" uid="2129377" lat="43.3460730" lon="-8.4296769"/>
 <node id="2646029588" visible="true" version="2" changeset="71515624" timestamp="2019-06-22T18:15:38Z" user="abczyx" uid="2129377" lat="43.3460159" lon="-8.4298348"/>
 <node id="2646029590" visible="true" version="1" changeset="20306194" timestamp="2014-01-31T19:59:05Z" user="Nemigo" uid="650671" lat="43.3465361" lon="-8.4301778"/>
 <node id="2646029592" visible="true" version="1" changeset="20306194" timestamp="2014-01-31T19:59:05Z" user="Nemigo" uid="650671" lat="43.3469429" lon="-8.4295373"/>
 <node id="2646029593" visible="true" version="1" changeset="20306194" timestamp="2014-01-31T19:59:05Z" user="Nemigo" uid="650671" lat="43.3466686" lon="-8.4302715"/>
 <node id="2646029627" visible="true" version="1" changeset="20306194" timestamp="2014-01-31T19:59:05Z" user="Nemigo" uid="650671" lat="43.3462552" lon="-8.4314695"/>
 <node id="2646029628" visible="true" version="1" changeset="20306194" timestamp="2014-01-31T19:59:05Z" user="Nemigo" uid="650671" lat="43.3462994" lon="-8.4312991"/>
 <node id="2646029631" visible="true" version="1" changeset="20306194" timestamp="2014-01-31T19:59:05Z" user="Nemigo" uid="650671" lat="43.3460740" lon="-8.4311886"/>
 <node id="2646029633" visible="true" version="1" changeset="20306194" timestamp="2014-01-31T19:59:05Z" user="Nemigo" uid="650671" lat="43.3460299" lon="-8.4313590"/>
 <node id="2660061502" visible="true" version="1" changeset="20436591" timestamp="2014-02-07T19:52:27Z" user="Nemigo" uid="650671" lat="43.3457515" lon="-8.4339549"/>
 <node id="2660061503" visible="true" version="1" changeset="20436591" timestamp="2014-02-07T19:52:27Z" user="Nemigo" uid="650671" lat="43.3453673" lon="-8.4337725"/>
 <node id="2660061504" visible="true" version="1" changeset="20436591" timestamp="2014-02-07T19:52:27Z" user="Nemigo" uid="650671" lat="43.3451020" lon="-8.4347891"/>
 <node id="2660061505" visible="true" version="1" changeset="20436591" timestamp="2014-02-07T19:52:27Z" user="Nemigo" uid="650671" lat="43.3451820" lon="-8.4348159"/>
 <node id="2660061506" visible="true" version="1" changeset="20436591" timestamp="2014-02-07T19:52:27Z" user="Nemigo" uid="650671" lat="43.3453126" lon="-8.4342875"/>
 <node id="2660061507" visible="true" version="1" changeset="20436591" timestamp="2014-02-07T19:52:27Z" user="Nemigo" uid="650671" lat="43.3454180" lon="-8.4343653"/>
 <node id="2660061508" visible="true" version="1" changeset="20436591" timestamp="2014-02-07T19:52:27Z" user="Nemigo" uid="650671" lat="43.3453768" lon="-8.4345399"/>
 <node id="2940477655" visible="true" version="1" changeset="23347023" timestamp="2014-06-30T13:02:10Z" user="abczyx" uid="2129377" lat="43.3456633" lon="-8.4294263"/>
 <node id="2940477656" visible="true" version="1" changeset="23347023" timestamp="2014-06-30T13:02:10Z" user="abczyx" uid="2129377" lat="43.3454926" lon="-8.4299252"/>
 <node id="2940477660" visible="true" version="6" changeset="165845608" timestamp="2025-05-05T13:11:35Z" user="Monchinho" uid="2788764" lat="43.3451238" lon="-8.4306046">
  <tag k="access" v="customers"/>
  <tag k="amenity" v="parking"/>
  <tag k="fee" v="no"/>
  <tag k="layer" v="-1"/>
  <tag k="maxheight" v="2.35"/>
  <tag k="name" v="Ikea"/>
  <tag k="parking" v="underground"/>
 </node>
 <node id="2940477669" visible="true" version="1" changeset="23347023" timestamp="2014-06-30T13:02:11Z" user="abczyx" uid="2129377" lat="43.3455765" lon="-8.4296677"/>
 <node id="2965822662" visible="true" version="1" changeset="24179356" timestamp="2014-07-16T11:21:01Z" user="abczyx" uid="2129377" lat="43.3445738" lon="-8.4321838"/>
 <node id="2965822686" visible="true" version="1" changeset="24179356" timestamp="2014-07-16T11:21:02Z" user="abczyx" uid="2129377" lat="43.3449932" lon="-8.4313067"/>
 <node id="2965822694" visible="true" version="1" changeset="24179356" timestamp="2014-07-16T11:21:03Z" user="abczyx" uid="2129377" lat="43.3426891" lon="-8.4300414"/>
 <node id="2965822718" visible="true" version="3" changeset="165845608" timestamp="2025-05-05T13:11:35Z" user="Monchinho" uid="2788764" lat="43.3437118" lon="-8.4301724">
  <tag k="access" v="customers"/>
  <tag k="amenity" v="parking"/>
  <tag k="fee" v="no"/>
  <tag k="layer" v="-1"/>
  <tag k="name" v="Ikea"/>
  <tag k="parking" v="underground"/>
 </node>
 <node id="2965822719" visible="true" version="6" changeset="175726532" timestamp="2025-12-09T18:19:51Z" user="kapazao_import" uid="8770019" lat="43.3445873" lon="-8.4309888">
  <tag k="crossing" v="uncontrolled"/>
  <tag k="crossing:markings" v="zebra"/>
  <tag k="highway" v="crossing"/>
 </node>
 <node id="2969205448" visible="true" version="2" changeset="25101167" timestamp="2014-08-29T16:39:55Z" user="abczyx" uid="2129377" lat="43.3436459" lon="-8.4303564"/>
 <node id="2971376624" visible="true" version="3" changeset="57238324" timestamp="2018-03-16T10:59:54Z" user="MapMakerGal" uid="7579660" lat="43.3443522" lon="-8.4289737"/>
 <node id="2971377035" visible="true" version="3" changeset="57238324" timestamp="2018-03-16T10:59:54Z" user="MapMakerGal" uid="7579660" lat="43.3448757" lon="-8.4288325"/>
 <node id="2971377048" visible="true" version="5" changeset="57238324" timestamp="2018-03-16T10:59:54Z" user="MapMakerGal" uid="7579660" lat="43.3433873" lon="-8.4283510"/>
 <node id="2971377061" visible="true" version="3" changeset="57238324" timestamp="2018-03-16T10:59:54Z" user="MapMakerGal" uid="7579660" lat="43.3449137" lon="-8.4293813"/>
 <node id="2971377064" visible="true" version="3" changeset="57238324" timestamp="2018-03-16T10:59:54Z" user="MapMakerGal" uid="7579660" lat="43.3446295" lon="-8.4291745"/>
 <node id="2971377066" visible="true" version="3" changeset="57238324" timestamp="2018-03-16T10:59:54Z" user="MapMakerGal" uid="7579660" lat="43.3453325" lon="-8.4300387"/>
 <node id="2971377067" visible="true" version="3" changeset="57238324" timestamp="2018-03-16T10:59:54Z" user="MapMakerGal" uid="7579660" lat="43.3435863" lon="-8.4284937"/>
 <node id="2971377069" visible="true" version="3" changeset="57238324" timestamp="2018-03-16T10:59:54Z" user="MapMakerGal" uid="7579660" lat="43.3446079" lon="-8.4286134"/>
 <node id="2971377073" visible="true" version="3" changeset="57238324" timestamp="2018-03-16T10:59:54Z" user="MapMakerGal" uid="7579660" lat="43.3453289" lon="-8.4290003"/>
 <node id="2971377075" visible="true" version="3" changeset="57238324" timestamp="2018-03-16T10:59:54Z" user="MapMakerGal" uid="7579660" lat="43.3439658" lon="-8.4287630"/>
 <node id="2971377078" visible="true" version="4" changeset="57238324" timestamp="2018-03-16T10:59:54Z" user="MapMakerGal" uid="7579660" lat="43.3435492" lon="-8.4274664"/>
 <node id="2989578252" visible="true" version="7" changeset="149489917" timestamp="2024-04-02T16:29:12Z" user="aTarom" uid="5127355" lat="43.3570232" lon="-8.4197245"/>
 <node id="3049134694" visible="true" version="2" changeset="48900536" timestamp="2017-05-22T22:08:35Z" user="abczyx" uid="2129377" lat="43.3421257" lon="-8.4307450"/>
 <node id="3049134696" visible="true" version="1" changeset="25101167" timestamp="2014-08-29T16:39:48Z" user="abczyx" uid="2129377" lat="43.3450049" lon="-8.4312209"/>
 <node id="3049134698" visible="true" version="2" changeset="48900536" timestamp="2017-05-22T22:08:35Z" user="abczyx" uid="2129377" lat="43.3437800" lon="-8.4322260"/>
 <node id="3049134702" visible="true" version="4" changeset="58424526" timestamp="2018-04-25T22:17:06Z" user="j1scad" uid="5853411" lat="43.3414715" lon="-8.4297748"/>
 <node id="3049134703" visible="true" version="4" changeset="175726532" timestamp="2025-12-09T18:19:53Z" user="kapazao_import" uid="8770019" lat="43.3472330" lon="-8.4260498">
  <tag k="crossing" v="uncontrolled"/>
  <tag k="crossing:markings" v="zebra"/>
  <tag k="highway" v="crossing"/>
 </node>
 <node id="3049134704" visible="true" version="4" changeset="58424526" timestamp="2018-04-25T22:17:06Z" user="j1scad" uid="5853411" lat="43.3416887" lon="-8.4302513"/>
 <node id="3049134711" visible="true" version="3" changeset="57640077" timestamp="2018-03-29T17:05:39Z" user="abczyx" uid="2129377" lat="43.3444472" lon="-8.4324663">
  <tag k="highway" v="give_way"/>
 </node>
 <node id="3049134713" visible="true" version="2" changeset="48900536" timestamp="2017-05-22T22:08:33Z" user="abczyx" uid="2129377" lat="43.3441876" lon="-8.4323947"/>
 <node id="3049134725" visible="true" version="1" changeset="25101167" timestamp="2014-08-29T16:39:49Z" user="abczyx" uid="2129377" lat="43.3440647" lon="-8.4306603"/>
 <node id="3049134727" visible="true" version="3" changeset="66805194" timestamp="2019-01-31T15:08:32Z" user="abczyx" uid="2129377" lat="43.3438576" lon="-8.4324741"/>
 <node id="3049134732" visible="true" version="4" changeset="66805194" timestamp="2019-01-31T15:08:32Z" user="abczyx" uid="2129377" lat="43.3423586" lon="-8.4312830"/>
 <node id="3049181734" visible="true" version="2" changeset="48900536" timestamp="2017-05-22T22:08:31Z" user="abczyx" uid="2129377" lat="43.3421255" lon="-8.4309709"/>
 <node id="3049181735" visible="true" version="5" changeset="175726532" timestamp="2025-12-09T18:19:53Z" user="kapazao_import" uid="8770019" lat="43.3434920" lon="-8.4300695">
  <tag k="crossing" v="uncontrolled"/>
  <tag k="crossing:markings" v="zebra"/>
  <tag k="highway" v="crossing"/>
 </node>
 <node id="3049181740" visible="true" version="2" changeset="48900536" timestamp="2017-05-22T22:08:31Z" user="abczyx" uid="2129377" lat="43.3429487" lon="-8.4316575"/>
 <node id="3049181744" visible="true" version="4" changeset="175726532" timestamp="2025-12-09T18:19:53Z" user="kapazao_import" uid="8770019" lat="43.3434538" lon="-8.4300385">
  <tag k="crossing" v="uncontrolled"/>
  <tag k="crossing:markings" v="zebra"/>
  <tag k="highway" v="crossing"/>
 </node>
 <node id="3049181747" visible="true" version="4" changeset="66805194" timestamp="2019-01-31T15:08:33Z" user="abczyx" uid="2129377" lat="43.3425880" lon="-8.4315386"/>
 <node id="3049181748" visible="true" version="3" changeset="66805194" timestamp="2019-01-31T15:08:33Z" user="abczyx" uid="2129377" lat="43.3435028" lon="-8.4322651"/>
 <node id="3049181750" visible="true" version="2" changeset="48900536" timestamp="2017-05-22T22:08:33Z" user="abczyx" uid="2129377" lat="43.3422099" lon="-8.4308676"/>
 <node id="3049181757" visible="true" version="2" changeset="48900536" timestamp="2017-05-22T22:08:33Z" user="abczyx" uid="2129377" lat="43.3432904" lon="-8.4319342"/>
 <node id="3049181758" visible="true" version="1" changeset="25101167" timestamp="2014-08-29T16:39:50Z" user="abczyx" uid="2129377" lat="43.3435173" lon="-8.4302618"/>
 <node id="3049181759" visible="true" version="2" changeset="48900536" timestamp="2017-05-22T22:08:33Z" user="abczyx" uid="2129377" lat="43.3423344" lon="-8.4310269"/>
 <node id="3049181763" visible="true" version="3" changeset="66805194" timestamp="2019-01-31T15:08:32Z" user="abczyx" uid="2129377" lat="43.3432672" lon="-8.4321104"/>
 <node id="3049181768" visible="true" version="4" changeset="58424526" timestamp="2018-04-25T22:17:06Z" user="j1scad" uid="5853411" lat="43.3419100" lon="-8.4306639"/>
 <node id="3049181769" visible="true" version="2" changeset="57640077" timestamp="2018-03-29T17:05:40Z" user="abczyx" uid="2129377" lat="43.3444852" lon="-8.4322050"/>
 <node id="3049181771" visible="true" version="4" changeset="66805194" timestamp="2019-01-31T15:08:33Z" user="abczyx" uid="2129377" lat="43.3428670" lon="-8.4318014"/>
 <node id="3049181773" visible="true" version="2" changeset="57640077" timestamp="2018-03-29T17:05:40Z" user="abczyx" uid="2129377" lat="43.3446197" lon="-8.4322894">
  <tag k="highway" v="give_way"/>
 </node>
 <node id="3049181775" visible="true" version="2" changeset="48900536" timestamp="2017-05-22T22:08:31Z" user="abczyx" uid="2129377" lat="43.3428109" lon="-8.4315446"/>
 <node id="3049181776" visible="true" version="2" changeset="48900536" timestamp="2017-05-22T22:08:31Z" user="abczyx" uid="2129377" lat="43.3425918" lon="-8.4313222"/>
 <node id="3080873518" visible="true" version="1" changeset="25489122" timestamp="2014-09-16T21:21:01Z" user="abczyx" uid="2129377" lat="43.3480594" lon="-8.4313659"/>
 <node id="3080873529" visible="true" version="1" changeset="25489122" timestamp="2014-09-16T21:21:01Z" user="abczyx" uid="2129377" lat="43.3480087" lon="-8.4302447"/>
 <node id="3080873735" visible="true" version="6" changeset="175726532" timestamp="2025-12-09T18:19:53Z" user="kapazao_import" uid="8770019" lat="43.3472658" lon="-8.4295095">
  <tag k="crossing" v="uncontrolled"/>
  <tag k="crossing:markings" v="zebra"/>
  <tag k="highway" v="crossing"/>
 </node>
 <node id="3080873759" visible="true" version="1" changeset="25489122" timestamp="2014-09-16T21:21:02Z" user="abczyx" uid="2129377" lat="43.3480633" lon="-8.4303198"/>
 <node id="3080873764" visible="true" version="1" changeset="25489122" timestamp="2014-09-16T21:21:02Z" user="abczyx" uid="2129377" lat="43.3482176" lon="-8.4311886"/>
 <node id="3080873778" visible="true" version="1" changeset="25489122" timestamp="2014-09-16T21:21:02Z" user="abczyx" uid="2129377" lat="43.3476286" lon="-8.4300299"/>
 <node id="3080873783" visible="true" version="6" changeset="175726532" timestamp="2025-12-09T18:19:53Z" user="kapazao_import" uid="8770019" lat="43.3467877" lon="-8.4307839">
  <tag k="crossing" v="uncontrolled"/>
  <tag k="crossing:markings" v="zebra"/>
  <tag k="highway" v="crossing"/>
 </node>
 <node id="3080873784" visible="true" version="1" changeset="25489122" timestamp="2014-09-16T21:21:03Z" user="abczyx" uid="2129377" lat="43.3475152" lon="-8.4299256"/>
 <node id="3202431292" visible="true" version="3" changeset="67385951" timestamp="2019-02-20T10:31:45Z" user="MapMakerGal" uid="7579660" lat="43.3445927" lon="-8.4333665"/>
 <node id="3202431326" visible="true" version="2" changeset="57640077" timestamp="2018-03-29T17:05:33Z" user="abczyx" uid="2129377" lat="43.3446769" lon="-8.4323232"/>
 <node id="3327681208" visible="true" version="1" changeset="28578133" timestamp="2015-02-02T22:21:53Z" user="abczyx" uid="2129377" lat="43.3433195" lon="-8.4301080"/>
 <node id="3327681238" visible="true" version="2" changeset="48900536" timestamp="2017-05-22T22:08:35Z" user="abczyx" uid="2129377" lat="43.3420890" lon="-8.4313271"/>
 <node id="3362400793" visible="true" version="3" changeset="78019216" timestamp="2019-12-05T23:12:03Z" user="MapMakerGal" uid="7579660" lat="43.3471325" lon="-8.4307953">
  <tag k="addr:city" v="A Coruña"/>
  <tag k="addr:housenumber" v="27"/>
  <tag k="addr:postcode" v="15008"/>
  <tag k="addr:street" v="Rúa da Ermida"/>
  <tag k="source" v="Catastro 20-2-2015"/>
 </node>
 <node id="3362400798" visible="true" version="2" changeset="77518065" timestamp="2019-11-25T11:42:56Z" user="abczyx" uid="2129377" lat="43.3470358" lon="-8.4310506">
  <tag k="addr:city" v="A Coruña"/>
  <tag k="addr:housenumber" v="46"/>
  <tag k="addr:postcode" v="15008"/>
  <tag k="addr:street" v="Rúa da Ermida"/>
  <tag k="source" v="Catastro 20-2-2015"/>
 </node>
 <node id="3362400824" visible="true" version="2" changeset="77518065" timestamp="2019-11-25T11:42:56Z" user="abczyx" uid="2129377" lat="43.3477296" lon="-8.4313761">
  <tag k="addr:city" v="A Coruña"/>
  <tag k="addr:housenumber" v="36"/>
  <tag k="addr:postcode" v="15008"/>
  <tag k="addr:street" v="Rúa da Ermida"/>
  <tag k="source" v="Catastro 20-2-2015"/>
 </node>
 <node id="3362400839" visible="true" version="1" changeset="28987524" timestamp="2015-02-20T21:50:42Z" user="abczyx" uid="2129377" lat="43.3468397" lon="-8.4298135">
  <tag k="addr:city" v="A Coruña"/>
  <tag k="addr:housenumber" v="35"/>
  <tag k="addr:postcode" v="15008"/>
  <tag k="addr:street" v="Rúa Galileo Galilei"/>
  <tag k="source" v="Catastro 20-2-2015"/>
 </node>
 <node id="3362400843" visible="true" version="1" changeset="28987524" timestamp="2015-02-20T21:50:42Z" user="abczyx" uid="2129377" lat="43.3467931" lon="-8.4299383">
  <tag k="addr:city" v="A Coruña"/>
  <tag k="addr:housenumber" v="37"/>
  <tag k="addr:postcode" v="15008"/>
  <tag k="addr:street" v="Rúa Galileo Galilei"/>
  <tag k="source" v="Catastro 20-2-2015"/>
 </node>
 <node id="3362400853" visible="true" version="2" changeset="77518065" timestamp="2019-11-25T11:42:56Z" user="abczyx" uid="2129377" lat="43.3479318" lon="-8.4314710">
  <tag k="addr:city" v="A Coruña"/>
  <tag k="addr:housenumber" v="32"/>
  <tag k="addr:postcode" v="15008"/>
  <tag k="addr:street" v="Rúa da Ermida"/>
  <tag k="source" v="Catastro 20-2-2015"/>
 </node>
 <node id="3362400872" visible="true" version="1" changeset="28987524" timestamp="2015-02-20T21:50:43Z" user="abczyx" uid="2129377" lat="43.3468943" lon="-8.4296673">
  <tag k="addr:city" v="A Coruña"/>
  <tag k="addr:housenumber" v="33"/>
  <tag k="addr:postcode" v="15008"/>
  <tag k="addr:street" v="Rúa Galileo Galilei"/>
  <tag k="source" v="Catastro 20-2-2015"/>
 </node>
 <node id="3362400888" visible="true" version="2" changeset="77518065" timestamp="2019-11-25T11:42:56Z" user="abczyx" uid="2129377" lat="43.3476262" lon="-8.4313276">
  <tag k="addr:city" v="A Coruña"/>
  <tag k="addr:housenumber" v="38"/>
  <tag k="addr:postcode" v="15008"/>
  <tag k="addr:street" v="Rúa da Ermida"/>
  <tag k="source" v="Catastro 20-2-2015"/>
 </node>
 <node id="3362400891" visible="true" version="1" changeset="28987524" timestamp="2015-02-20T21:50:44Z" user="abczyx" uid="2129377" lat="43.3467229" lon="-8.4301261">
  <tag k="addr:city" v="A Coruña"/>
  <tag k="addr:housenumber" v="41"/>
  <tag k="addr:postcode" v="15008"/>
  <tag k="addr:street" v="Rúa Galileo Galilei"/>
  <tag k="source" v="Catastro 20-2-2015"/>
 </node>
 <node id="3362401000" visible="true" version="2" changeset="77518065" timestamp="2019-11-25T11:42:56Z" user="abczyx" uid="2129377" lat="43.3474683" lon="-8.4312535">
  <tag k="addr:city" v="A Coruña"/>
  <tag k="addr:housenumber" v="40"/>
  <tag k="addr:postcode" v="15008"/>
  <tag k="addr:street" v="Rúa da Ermida"/>
  <tag k="source" v="Catastro 20-2-2015"/>
 </node>
 <node id="3362401007" visible="true" version="2" changeset="77518065" timestamp="2019-11-25T11:42:56Z" user="abczyx" uid="2129377" lat="43.3471525" lon="-8.4311054">
  <tag k="addr:city" v="A Coruña"/>
  <tag k="addr:housenumber" v="44"/>
  <tag k="addr:postcode" v="15008"/>
  <tag k="addr:street" v="Rúa da Ermida"/>
  <tag k="source" v="Catastro 20-2-2015"/>
 </node>
 <node id="3362401017" visible="true" version="2" changeset="77518065" timestamp="2019-11-25T11:42:56Z" user="abczyx" uid="2129377" lat="43.3482707" lon="-8.4316299">
  <tag k="addr:city" v="A Coruña"/>
  <tag k="addr:housenumber" v="28"/>
  <tag k="addr:postcode" v="15008"/>
  <tag k="addr:street" v="Rúa da Ermida"/>
  <tag k="source" v="Catastro 20-2-2015"/>
 </node>
 <node id="3362401024" visible="true" version="2" changeset="77518065" timestamp="2019-11-25T11:42:56Z" user="abczyx" uid="2129377" lat="43.3480329" lon="-8.4315184">
  <tag k="addr:city" v="A Coruña"/>
  <tag k="addr:housenumber" v="30"/>
  <tag k="addr:postcode" v="15008"/>
  <tag k="addr:street" v="Rúa da Ermida"/>
  <tag k="source" v="Catastro 20-2-2015"/>
 </node>
 <node id="3362401027" visible="true" version="2" changeset="77518065" timestamp="2019-11-25T11:42:56Z" user="abczyx" uid="2129377" lat="43.3484337" lon="-8.4317064">
  <tag k="addr:city" v="A Coruña"/>
  <tag k="addr:housenumber" v="24"/>
  <tag k="addr:postcode" v="15008"/>
  <tag k="addr:street" v="Rúa da Ermida"/>
  <tag k="source" v="Catastro 20-2-2015"/>
 </node>
 <node id="3362401032" visible="true" version="2" changeset="77518065" timestamp="2019-11-25T11:42:56Z" user="abczyx" uid="2129377" lat="43.3486175" lon="-8.4317099">
  <tag k="addr:city" v="A Coruña"/>
  <tag k="addr:housenumber" v="22"/>
  <tag k="addr:postcode" v="15008"/>
  <tag k="addr:street" v="Rúa da Ermida"/>
  <tag k="source" v="Catastro 20-2-2015"/>
 </node>
 <node id="3362401045" visible="true" version="2" changeset="77518065" timestamp="2019-11-25T11:42:56Z" user="abczyx" uid="2129377" lat="43.3468839" lon="-8.4309794">
  <tag k="addr:city" v="A Coruña"/>
  <tag k="addr:housenumber" v="48"/>
  <tag k="addr:postcode" v="15008"/>
  <tag k="addr:street" v="Rúa da Ermida"/>
  <tag k="source" v="Catastro 20-2-2015"/>
 </node>
 <node id="3362401058" visible="true" version="2" changeset="77518065" timestamp="2019-11-25T11:42:56Z" user="abczyx" uid="2129377" lat="43.3478299" lon="-8.4314232">
  <tag k="addr:city" v="A Coruña"/>
  <tag k="addr:housenumber" v="34"/>
  <tag k="addr:postcode" v="15008"/>
  <tag k="addr:street" v="Rúa da Ermida"/>
  <tag k="source" v="Catastro 20-2-2015"/>
 </node>
 <node id="3362401061" visible="true" version="1" changeset="28987524" timestamp="2015-02-20T21:50:48Z" user="abczyx" uid="2129377" lat="43.3467556" lon="-8.4300387">
  <tag k="addr:city" v="A Coruña"/>
  <tag k="addr:housenumber" v="39"/>
  <tag k="addr:postcode" v="15008"/>
  <tag k="addr:street" v="Rúa Galileo Galilei"/>
  <tag k="source" v="Catastro 20-2-2015"/>
 </node>
 <node id="3362401070" visible="true" version="1" changeset="28987524" timestamp="2015-02-20T21:50:48Z" user="abczyx" uid="2129377" lat="43.3466874" lon="-8.4302211">
  <tag k="addr:city" v="A Coruña"/>
  <tag k="addr:housenumber" v="43"/>
  <tag k="addr:postcode" v="15008"/>
  <tag k="addr:street" v="Rúa Galileo Galilei"/>
  <tag k="source" v="Catastro 20-2-2015"/>
 </node>
 <node id="3362401072" visible="true" version="1" changeset="28987524" timestamp="2015-02-20T21:50:48Z" user="abczyx" uid="2129377" lat="43.3467207" lon="-8.4311021">
  <tag k="addr:city" v="A Coruña"/>
  <tag k="addr:housenumber" v="64"/>
  <tag k="addr:postcode" v="15008"/>
  <tag k="addr:street" v="Rúa Galileo Galilei"/>
  <tag k="source" v="Catastro 20-2-2015"/>
 </node>
 <node id="3362401077" visible="true" version="2" changeset="77518065" timestamp="2019-11-25T11:42:56Z" user="abczyx" uid="2129377" lat="43.3473083" lon="-8.4311785">
  <tag k="addr:city" v="A Coruña"/>
  <tag k="addr:housenumber" v="42"/>
  <tag k="addr:postcode" v="15008"/>
  <tag k="addr:street" v="Rúa da Ermida"/>
  <tag k="source" v="Catastro 20-2-2015"/>
 </node>
 <node id="3362401081" visible="true" version="2" changeset="77518065" timestamp="2019-11-25T11:42:56Z" user="abczyx" uid="2129377" lat="43.3481388" lon="-8.4315681">
  <tag k="addr:city" v="A Coruña"/>
  <tag k="addr:housenumber" v="28A"/>
  <tag k="addr:postcode" v="15008"/>
  <tag k="addr:street" v="Rúa da Ermida"/>
  <tag k="source" v="https://ide.coruna.es/descargas/cambioscallejero/CodVia_1808_20150626.pdf"/>
 </node>
 <node id="3362401208" visible="true" version="3" changeset="78019216" timestamp="2019-12-05T23:12:03Z" user="MapMakerGal" uid="7579660" lat="43.3469813" lon="-8.4307013">
  <tag k="addr:city" v="A Coruña"/>
  <tag k="addr:housenumber" v="29"/>
  <tag k="addr:postcode" v="15008"/>
  <tag k="addr:street" v="Rúa da Ermida"/>
  <tag k="source" v="Catastro 20-2-2015"/>
 </node>
 <node id="3404142868" visible="true" version="2" changeset="57640077" timestamp="2018-03-29T17:05:31Z" user="abczyx" uid="2129377" lat="43.3456834" lon="-8.4333193"/>
 <node id="3404142873" visible="true" version="2" changeset="57640077" timestamp="2018-03-29T17:05:31Z" user="abczyx" uid="2129377" lat="43.3455343" lon="-8.4332733"/>
 <node id="3404142875" visible="true" version="2" changeset="57640077" timestamp="2018-03-29T17:05:31Z" user="abczyx" uid="2129377" lat="43.3451196" lon="-8.4332145"/>
 <node id="3471615811" visible="true" version="2" changeset="57238324" timestamp="2018-03-16T10:59:54Z" user="MapMakerGal" uid="7579660" lat="43.3443129" lon="-8.4290778"/>
 <node id="3471615812" visible="true" version="2" changeset="57238324" timestamp="2018-03-16T10:59:54Z" user="MapMakerGal" uid="7579660" lat="43.3438621" lon="-8.4286931"/>
 <node id="3471615814" visible="true" version="1" changeset="30408917" timestamp="2015-04-22T16:40:31Z" user="cafeconleche" uid="1921164" lat="43.3454311" lon="-8.4299884"/>
 <node id="3471615815" visible="true" version="2" changeset="57238324" timestamp="2018-03-16T10:59:54Z" user="MapMakerGal" uid="7579660" lat="43.3454113" lon="-8.4298259"/>
 <node id="3471615816" visible="true" version="1" changeset="30408917" timestamp="2015-04-22T16:40:31Z" user="cafeconleche" uid="1921164" lat="43.3455049" lon="-8.4298875">
  <tag k="highway" v="crossing"/>
 </node>
 <node id="3471615818" visible="true" version="2" changeset="46179625" timestamp="2017-02-17T22:19:53Z" user="safirat" uid="5234632" lat="43.3460104" lon="-8.4287193"/>
 <node id="3471615819" visible="true" version="1" changeset="30408917" timestamp="2015-04-22T16:40:32Z" user="cafeconleche" uid="1921164" lat="43.3451988" lon="-8.4306202">
  <tag k="highway" v="crossing"/>
 </node>
 <node id="3471615822" visible="true" version="2" changeset="57238324" timestamp="2018-03-16T10:59:54Z" user="MapMakerGal" uid="7579660" lat="43.3451877" lon="-8.4288906"/>
 <node id="3471615823" visible="true" version="1" changeset="30408917" timestamp="2015-04-22T16:40:32Z" user="cafeconleche" uid="1921164" lat="43.3455253" lon="-8.4299036"/>
 <node id="3471615824" visible="true" version="1" changeset="30408917" timestamp="2015-04-22T16:40:32Z" user="cafeconleche" uid="1921164" lat="43.3438476" lon="-8.4289372"/>
 <node id="3471615825" visible="true" version="2" changeset="57238324" timestamp="2018-03-16T10:59:54Z" user="MapMakerGal" uid="7579660" lat="43.3454942" lon="-8.4289536"/>
 <node id="3471615826" visible="true" version="2" changeset="69212423" timestamp="2019-04-14T19:45:17Z" user="MapMakerGal" uid="7579660" lat="43.3458725" lon="-8.4290546"/>
 <node id="3471615828" visible="true" version="1" changeset="30408917" timestamp="2015-04-22T16:40:32Z" user="cafeconleche" uid="1921164" lat="43.3454740" lon="-8.4298677"/>
 <node id="3471615829" visible="true" version="2" changeset="69212423" timestamp="2019-04-14T19:45:17Z" user="MapMakerGal" uid="7579660" lat="43.3457515" lon="-8.4293846"/>
 <node id="3471615832" visible="true" version="1" changeset="30408917" timestamp="2015-04-22T16:40:32Z" user="cafeconleche" uid="1921164" lat="43.3451865" lon="-8.4306505">
  <tag k="highway" v="crossing"/>
 </node>
 <node id="3471615833" visible="true" version="2" changeset="57238324" timestamp="2018-03-16T10:59:54Z" user="MapMakerGal" uid="7579660" lat="43.3450050" lon="-8.4298179"/>
 <node id="3471615834" visible="true" version="1" changeset="30408917" timestamp="2015-04-22T16:40:32Z" user="cafeconleche" uid="1921164" lat="43.3458904" lon="-8.4290430"/>
 <node id="3471615838" visible="true" version="2" changeset="57238324" timestamp="2018-03-16T10:59:54Z" user="MapMakerGal" uid="7579660" lat="43.3439397" lon="-8.4288355"/>
 <node id="3471615839" visible="true" version="1" changeset="30408917" timestamp="2015-04-22T16:40:32Z" user="cafeconleche" uid="1921164" lat="43.3438907" lon="-8.4289629"/>
 <node id="3471615842" visible="true" version="1" changeset="30408917" timestamp="2015-04-22T16:40:32Z" user="cafeconleche" uid="1921164" lat="43.3455588" lon="-8.4299228"/>
 <node id="3471615843" visible="true" version="2" changeset="57238324" timestamp="2018-03-16T10:59:54Z" user="MapMakerGal" uid="7579660" lat="43.3456064" lon="-8.4293007"/>
 <node id="3476216787" visible="true" version="3" changeset="57238324" timestamp="2018-03-16T10:59:54Z" user="MapMakerGal" uid="7579660" lat="43.3432821" lon="-8.4281793"/>
 <node id="3476216790" visible="true" version="3" changeset="57238324" timestamp="2018-03-16T10:59:54Z" user="MapMakerGal" uid="7579660" lat="43.3437576" lon="-8.4275061"/>
 <node id="3477297260" visible="true" version="1" changeset="30485124" timestamp="2015-04-25T21:10:50Z" user="abczyx" uid="2129377" lat="43.3427405" lon="-8.4265197"/>
 <node id="3477297261" visible="true" version="1" changeset="30485124" timestamp="2015-04-25T21:10:50Z" user="abczyx" uid="2129377" lat="43.3463721" lon="-8.4277180"/>
 <node id="3477297262" visible="true" version="2" changeset="69212423" timestamp="2019-04-14T19:45:17Z" user="MapMakerGal" uid="7579660" lat="43.3460212" lon="-8.4287007"/>
 <node id="3477297267" visible="true" version="1" changeset="30485124" timestamp="2015-04-25T21:10:50Z" user="abczyx" uid="2129377" lat="43.3433648" lon="-8.4308749"/>
 <node id="3477297268" visible="true" version="1" changeset="30485124" timestamp="2015-04-25T21:10:50Z" user="abczyx" uid="2129377" lat="43.3433682" lon="-8.4316324"/>
 <node id="3477297269" visible="true" version="1" changeset="30485124" timestamp="2015-04-25T21:10:50Z" user="abczyx" uid="2129377" lat="43.3439451" lon="-8.4318973"/>
 <node id="3477297270" visible="true" version="1" changeset="30485124" timestamp="2015-04-25T21:10:50Z" user="abczyx" uid="2129377" lat="43.3431018" lon="-8.4307751">
  <tag k="barrier" v="lift_gate"/>
 </node>
 <node id="3477297272" visible="true" version="1" changeset="30485124" timestamp="2015-04-25T21:10:51Z" user="abczyx" uid="2129377" lat="43.3429874" lon="-8.4262140"/>
 <node id="3477297277" visible="true" version="1" changeset="30485124" timestamp="2015-04-25T21:10:51Z" user="abczyx" uid="2129377" lat="43.3435478" lon="-8.4317676"/>
 <node id="3477297279" visible="true" version="1" changeset="30485124" timestamp="2015-04-25T21:10:51Z" user="abczyx" uid="2129377" lat="43.3427438" lon="-8.4286848"/>
 <node id="3477297281" visible="true" version="1" changeset="30485124" timestamp="2015-04-25T21:10:51Z" user="abczyx" uid="2129377" lat="43.3436257" lon="-8.4318638"/>
 <node id="3477297289" visible="true" version="1" changeset="30485124" timestamp="2015-04-25T21:10:51Z" user="abczyx" uid="2129377" lat="43.3433287" lon="-8.4312724"/>
 <node id="3477297290" visible="true" version="1" changeset="30485124" timestamp="2015-04-25T21:10:51Z" user="abczyx" uid="2129377" lat="43.3431675" lon="-8.4308661"/>
 <node id="3477297291" visible="true" version="1" changeset="30485124" timestamp="2015-04-25T21:10:51Z" user="abczyx" uid="2129377" lat="43.3438242" lon="-8.4319670"/>
 <node id="3477297292" visible="true" version="1" changeset="30485124" timestamp="2015-04-25T21:10:51Z" user="abczyx" uid="2129377" lat="43.3423537" lon="-8.4285828"/>
 <node id="3477297295" visible="true" version="1" changeset="30485124" timestamp="2015-04-25T21:10:51Z" user="abczyx" uid="2129377" lat="43.3430896" lon="-8.4309630"/>
 <node id="3477297296" visible="true" version="1" changeset="30485124" timestamp="2015-04-25T21:10:51Z" user="abczyx" uid="2129377" lat="43.3431046" lon="-8.4262381"/>
 <node id="3477297297" visible="true" version="1" changeset="30485124" timestamp="2015-04-25T21:10:51Z" user="abczyx" uid="2129377" lat="43.3424185" lon="-8.4288392"/>
 <node id="3477297300" visible="true" version="1" changeset="30485124" timestamp="2015-04-25T21:10:51Z" user="abczyx" uid="2129377" lat="43.3437055" lon="-8.4319801"/>
 <node id="3477297301" visible="true" version="1" changeset="30485124" timestamp="2015-04-25T21:10:51Z" user="abczyx" uid="2129377" lat="43.3438951" lon="-8.4304649"/>
 <node id="3477297302" visible="true" version="1" changeset="30485124" timestamp="2015-04-25T21:10:51Z" user="abczyx" uid="2129377" lat="43.3435247" lon="-8.4309948"/>
 <node id="3477297303" visible="true" version="1" changeset="30485124" timestamp="2015-04-25T21:10:51Z" user="abczyx" uid="2129377" lat="43.3434917" lon="-8.4309481">
  <tag k="barrier" v="lift_gate"/>
 </node>
 <node id="3477297306" visible="true" version="1" changeset="30485124" timestamp="2015-04-25T21:10:51Z" user="abczyx" uid="2129377" lat="43.3438632" lon="-8.4319644"/>
 <node id="3477297311" visible="true" version="2" changeset="69212423" timestamp="2019-04-14T19:45:17Z" user="MapMakerGal" uid="7579660" lat="43.3460550" lon="-8.4286852"/>
 <node id="3477297315" visible="true" version="1" changeset="30485124" timestamp="2015-04-25T21:10:52Z" user="abczyx" uid="2129377" lat="43.3437715" lon="-8.4314279"/>
 <node id="3477297316" visible="true" version="1" changeset="30485124" timestamp="2015-04-25T21:10:52Z" user="abczyx" uid="2129377" lat="43.3433268" lon="-8.4313233"/>
 <node id="3477297318" visible="true" version="1" changeset="30485124" timestamp="2015-04-25T21:10:52Z" user="abczyx" uid="2129377" lat="43.3437082" lon="-8.4303182"/>
 <node id="3477297320" visible="true" version="1" changeset="30485124" timestamp="2015-04-25T21:10:52Z" user="abczyx" uid="2129377" lat="43.3434946" lon="-8.4310420"/>
 <node id="3477297321" visible="true" version="1" changeset="30485124" timestamp="2015-04-25T21:10:52Z" user="abczyx" uid="2129377" lat="43.3433365" lon="-8.4313931"/>
 <node id="3477297322" visible="true" version="1" changeset="30485124" timestamp="2015-04-25T21:10:52Z" user="abczyx" uid="2129377" lat="43.3439003" lon="-8.4319510"/>
 <node id="3477297325" visible="true" version="1" changeset="30485124" timestamp="2015-04-25T21:10:52Z" user="abczyx" uid="2129377" lat="43.3439237" lon="-8.4319268"/>
 <node id="3477297326" visible="true" version="1" changeset="30485124" timestamp="2015-04-25T21:10:52Z" user="abczyx" uid="2129377" lat="43.3434326" lon="-8.4308535">
  <tag k="barrier" v="lift_gate"/>
 </node>
 <node id="3477297327" visible="true" version="1" changeset="30485124" timestamp="2015-04-25T21:10:52Z" user="abczyx" uid="2129377" lat="43.3432605" lon="-8.4313019"/>
 <node id="3477297329" visible="true" version="1" changeset="30485124" timestamp="2015-04-25T21:10:52Z" user="abczyx" uid="2129377" lat="43.3439627" lon="-8.4318571"/>
 <node id="3477297330" visible="true" version="1" changeset="30485124" timestamp="2015-04-25T21:10:52Z" user="abczyx" uid="2129377" lat="43.3428076" lon="-8.4285078"/>
 <node id="3477297331" visible="true" version="1" changeset="30485124" timestamp="2015-04-25T21:10:52Z" user="abczyx" uid="2129377" lat="43.3439315" lon="-8.4316586"/>
 <node id="3477297333" visible="true" version="1" changeset="30485124" timestamp="2015-04-25T21:10:52Z" user="abczyx" uid="2129377" lat="43.3436062" lon="-8.4260512"/>
 <node id="3477297334" visible="true" version="1" changeset="30485124" timestamp="2015-04-25T21:10:52Z" user="abczyx" uid="2129377" lat="43.3433021" lon="-8.4314254"/>
 <node id="3477297335" visible="true" version="1" changeset="30485124" timestamp="2015-04-25T21:10:52Z" user="abczyx" uid="2129377" lat="43.3437423" lon="-8.4319429"/>
 <node id="3477297336" visible="true" version="1" changeset="30485124" timestamp="2015-04-25T21:10:52Z" user="abczyx" uid="2129377" lat="43.3451238" lon="-8.4311103"/>
 <node id="3477297340" visible="true" version="5" changeset="175726532" timestamp="2025-12-09T18:20:00Z" user="kapazao_import" uid="8770019" lat="43.3463383" lon="-8.4275415">
  <tag k="crossing" v="uncontrolled"/>
  <tag k="crossing:markings" v="zebra"/>
  <tag k="highway" v="crossing"/>
 </node>
 <node id="3477297341" visible="true" version="1" changeset="30485124" timestamp="2015-04-25T21:10:52Z" user="abczyx" uid="2129377" lat="43.3432784" lon="-8.4307367"/>
 <node id="3477297345" visible="true" version="1" changeset="30485124" timestamp="2015-04-25T21:10:52Z" user="abczyx" uid="2129377" lat="43.3430800" lon="-8.4307123"/>
 <node id="3477297347" visible="true" version="1" changeset="30485124" timestamp="2015-04-25T21:10:52Z" user="abczyx" uid="2129377" lat="43.3427768" lon="-8.4263193"/>
 <node id="3477297351" visible="true" version="1" changeset="30485124" timestamp="2015-04-25T21:10:52Z" user="abczyx" uid="2129377" lat="43.3439705" lon="-8.4318088"/>
 <node id="3477297352" visible="true" version="1" changeset="30485124" timestamp="2015-04-25T21:10:52Z" user="abczyx" uid="2129377" lat="43.3439607" lon="-8.4317391"/>
 <node id="3477297353" visible="true" version="1" changeset="30485124" timestamp="2015-04-25T21:10:52Z" user="abczyx" uid="2129377" lat="43.3432470" lon="-8.4261900"/>
 <node id="3477297355" visible="true" version="1" changeset="30485124" timestamp="2015-04-25T21:10:52Z" user="abczyx" uid="2129377" lat="43.3439777" lon="-8.4319493"/>
 <node id="3477297358" visible="true" version="1" changeset="30485124" timestamp="2015-04-25T21:10:52Z" user="abczyx" uid="2129377" lat="43.3433875" lon="-8.4309054"/>
 <node id="3477297361" visible="true" version="1" changeset="30485124" timestamp="2015-04-25T21:10:52Z" user="abczyx" uid="2129377" lat="43.3434832" lon="-8.4310586">
  <tag k="entrance" v="yes"/>
 </node>
 <node id="3477297362" visible="true" version="1" changeset="30485124" timestamp="2015-04-25T21:10:52Z" user="abczyx" uid="2129377" lat="43.3428726" lon="-8.4261939"/>
 <node id="3477297364" visible="true" version="1" changeset="30485124" timestamp="2015-04-25T21:10:52Z" user="abczyx" uid="2129377" lat="43.3438714" lon="-8.4320346"/>
 <node id="3477297365" visible="true" version="1" changeset="30485124" timestamp="2015-04-25T21:10:52Z" user="abczyx" uid="2129377" lat="43.3431829" lon="-8.4311053"/>
 <node id="3477297368" visible="true" version="1" changeset="30485124" timestamp="2015-04-25T21:10:53Z" user="abczyx" uid="2129377" lat="43.3437852" lon="-8.4319590"/>
 <node id="3477297371" visible="true" version="1" changeset="30485124" timestamp="2015-04-25T21:10:53Z" user="abczyx" uid="2129377" lat="43.3432746" lon="-8.4312360"/>
 <node id="3477297374" visible="true" version="1" changeset="30485124" timestamp="2015-04-25T21:10:53Z" user="abczyx" uid="2129377" lat="43.3440110" lon="-8.4317856"/>
 <node id="3477297375" visible="true" version="1" changeset="30485124" timestamp="2015-04-25T21:10:53Z" user="abczyx" uid="2129377" lat="43.3442071" lon="-8.4263138"/>
 <node id="3477297381" visible="true" version="1" changeset="30485124" timestamp="2015-04-25T21:10:53Z" user="abczyx" uid="2129377" lat="43.3435035" lon="-8.4310594">
  <tag k="entrance" v="yes"/>
 </node>
 <node id="3477297382" visible="true" version="1" changeset="30485124" timestamp="2015-04-25T21:10:53Z" user="abczyx" uid="2129377" lat="43.3434520" lon="-8.4310021"/>
 <node id="3477336280" visible="true" version="2" changeset="61934511" timestamp="2018-08-23T22:00:52Z" user="abczyx" uid="2129377" lat="43.3435229" lon="-8.4309059"/>
 <node id="3477336281" visible="true" version="2" changeset="50290103" timestamp="2017-07-14T17:47:13Z" user="Nemigo" uid="650671" lat="43.3434644" lon="-8.4308140"/>
 <node id="3480034194" visible="true" version="2" changeset="63259487" timestamp="2018-10-06T15:23:14Z" user="MapMakerGal" uid="7579660" lat="43.3508086" lon="-8.4195613"/>
 <node id="3480034230" visible="true" version="1" changeset="30519881" timestamp="2015-04-26T22:16:04Z" user="abczyx" uid="2129377" lat="43.3474069" lon="-8.4288899"/>
 <node id="3674562255" visible="true" version="1" changeset="33001394" timestamp="2015-07-31T09:04:37Z" user="polkillas" uid="42055" lat="43.3437393" lon="-8.4306788"/>
 <node id="3674562256" visible="true" version="1" changeset="33001394" timestamp="2015-07-31T09:04:37Z" user="polkillas" uid="42055" lat="43.3437422" lon="-8.4306368"/>
 <node id="3674562257" visible="true" version="1" changeset="33001394" timestamp="2015-07-31T09:04:37Z" user="polkillas" uid="42055" lat="43.3439324" lon="-8.4307439"/>
 <node id="3674562258" visible="true" version="1" changeset="33001394" timestamp="2015-07-31T09:04:37Z" user="polkillas" uid="42055" lat="43.3440211" lon="-8.4308319"/>
 <node id="3674562259" visible="true" version="1" changeset="33001394" timestamp="2015-07-31T09:04:37Z" user="polkillas" uid="42055" lat="43.3440365" lon="-8.4308990"/>
 <node id="3674562260" visible="true" version="1" changeset="33001394" timestamp="2015-07-31T09:04:37Z" user="polkillas" uid="42055" lat="43.3440601" lon="-8.4308117"/>
 <node id="3674562261" visible="true" version="2" changeset="37674174" timestamp="2016-03-07T20:50:06Z" user="Rodrigo Rega" uid="32529" lat="43.3440602" lon="-8.4315629"/>
 <node id="3674562262" visible="true" version="1" changeset="33001394" timestamp="2015-07-31T09:04:37Z" user="polkillas" uid="42055" lat="43.3440883" lon="-8.4311246"/>
 <node id="3674562263" visible="true" version="1" changeset="33001394" timestamp="2015-07-31T09:04:37Z" user="polkillas" uid="42055" lat="43.3440949" lon="-8.4315265">
  <tag k="crossing" v="uncontrolled"/>
  <tag k="highway" v="crossing"/>
 </node>
 <node id="3674562264" visible="true" version="1" changeset="33001394" timestamp="2015-07-31T09:04:37Z" user="polkillas" uid="42055" lat="43.3441465" lon="-8.4313311"/>
 <node id="3674562265" visible="true" version="1" changeset="33001394" timestamp="2015-07-31T09:04:37Z" user="polkillas" uid="42055" lat="43.3441549" lon="-8.4314149"/>
 <node id="3674562266" visible="true" version="1" changeset="33001394" timestamp="2015-07-31T09:04:37Z" user="polkillas" uid="42055" lat="43.3442831" lon="-8.4314096"/>
 <node id="3674562267" visible="true" version="1" changeset="33001394" timestamp="2015-07-31T09:04:37Z" user="polkillas" uid="42055" lat="43.3442951" lon="-8.4314336"/>
 <node id="3674562268" visible="true" version="1" changeset="33001394" timestamp="2015-07-31T09:04:37Z" user="polkillas" uid="42055" lat="43.3443096" lon="-8.4313272"/>
 <node id="3674562269" visible="true" version="1" changeset="33001394" timestamp="2015-07-31T09:04:37Z" user="polkillas" uid="42055" lat="43.3443463" lon="-8.4312723"/>
 <node id="3674562270" visible="true" version="1" changeset="33001394" timestamp="2015-07-31T09:04:37Z" user="polkillas" uid="42055" lat="43.3444211" lon="-8.4312487"/>
 <node id="3674562271" visible="true" version="1" changeset="33001394" timestamp="2015-07-31T09:04:37Z" user="polkillas" uid="42055" lat="43.3444222" lon="-8.4313089"/>
 <node id="3674562272" visible="true" version="1" changeset="33001394" timestamp="2015-07-31T09:04:37Z" user="polkillas" uid="42055" lat="43.3444364" lon="-8.4311873"/>
 <node id="3674562273" visible="true" version="1" changeset="33001394" timestamp="2015-07-31T09:04:37Z" user="polkillas" uid="42055" lat="43.3444475" lon="-8.4310455"/>
 <node id="3674562274" visible="true" version="1" changeset="33001394" timestamp="2015-07-31T09:04:37Z" user="polkillas" uid="42055" lat="43.3444695" lon="-8.4311558"/>
 <node id="3801078097" visible="true" version="1" changeset="34845468" timestamp="2015-10-24T17:42:34Z" user="polkillas" uid="42055" lat="43.3445888" lon="-8.4346529"/>
 <node id="3801078098" visible="true" version="1" changeset="34845468" timestamp="2015-10-24T17:42:34Z" user="polkillas" uid="42055" lat="43.3445948" lon="-8.4350848"/>
 <node id="3801078099" visible="true" version="1" changeset="34845468" timestamp="2015-10-24T17:42:34Z" user="polkillas" uid="42055" lat="43.3446008" lon="-8.4358246"/>
 <node id="3801078100" visible="true" version="1" changeset="34845468" timestamp="2015-10-24T17:42:34Z" user="polkillas" uid="42055" lat="43.3446113" lon="-8.4340928"/>
 <node id="3801078101" visible="true" version="1" changeset="34845468" timestamp="2015-10-24T17:42:34Z" user="polkillas" uid="42055" lat="43.3446218" lon="-8.4364653"/>
 <node id="3801078102" visible="true" version="1" changeset="34845468" timestamp="2015-10-24T17:42:34Z" user="polkillas" uid="42055" lat="43.3446278" lon="-8.4369592"/>
 <node id="3801078103" visible="true" version="1" changeset="34845468" timestamp="2015-10-24T17:42:34Z" user="polkillas" uid="42055" lat="43.3446534" lon="-8.4336113"/>
 <node id="3801078104" visible="true" version="1" changeset="34845468" timestamp="2015-10-24T17:42:34Z" user="polkillas" uid="42055" lat="43.3447451" lon="-8.4331298"/>
 <node id="3801078105" visible="true" version="1" changeset="34845468" timestamp="2015-10-24T17:42:34Z" user="polkillas" uid="42055" lat="43.3448277" lon="-8.4327743"/>
 <node id="3801078106" visible="true" version="1" changeset="34845468" timestamp="2015-10-24T17:42:34Z" user="polkillas" uid="42055" lat="43.3449359" lon="-8.4323693"/>
 <node id="3801078107" visible="true" version="2" changeset="57640077" timestamp="2018-03-29T17:05:31Z" user="abczyx" uid="2129377" lat="43.3449584" lon="-8.4323385"/>
 <node id="3801078108" visible="true" version="1" changeset="34845468" timestamp="2015-10-24T17:42:34Z" user="polkillas" uid="42055" lat="43.3452035" lon="-8.4315116"/>
 <node id="3801078109" visible="true" version="1" changeset="34845468" timestamp="2015-10-24T17:42:34Z" user="polkillas" uid="42055" lat="43.3455521" lon="-8.4305155"/>
 <node id="3801078110" visible="true" version="1" changeset="34845468" timestamp="2015-10-24T17:42:34Z" user="polkillas" uid="42055" lat="43.3459203" lon="-8.4295297"/>
 <node id="3801078115" visible="true" version="4" changeset="175726553" timestamp="2025-12-09T18:20:05Z" user="kapazao_import" uid="8770019" lat="43.3476906" lon="-8.4246479">
  <tag k="crossing" v="uncontrolled"/>
  <tag k="crossing:markings" v="zebra"/>
  <tag k="highway" v="crossing"/>
 </node>
 <node id="4036061043" visible="true" version="2" changeset="180054584" timestamp="2026-03-18T11:34:35Z" user="dmfr" uid="15324596" lat="43.3281473" lon="-8.5000554">
  <tag k="power" v="tower"/>
 </node>
 <node id="4036061047" visible="true" version="2" changeset="180054584" timestamp="2026-03-18T11:34:35Z" user="dmfr" uid="15324596" lat="43.3287363" lon="-8.5007272">
  <tag k="power" v="insulator"/>
 </node>
 <node id="4036061063" visible="true" version="1" changeset="37561507" timestamp="2016-03-02T08:34:54Z" user="42429" uid="42429" lat="43.3434753" lon="-8.4306731"/>
 <node id="4870125463" visible="true" version="1" changeset="48892385" timestamp="2017-05-22T15:49:18Z" user="abczyx" uid="2129377" lat="43.3479656" lon="-8.4438033"/>
 <node id="4870125474" visible="true" version="1" changeset="48892385" timestamp="2017-05-22T15:49:18Z" user="abczyx" uid="2129377" lat="43.3477803" lon="-8.4439428"/>
 <node id="4870125501" visible="true" version="1" changeset="48892385" timestamp="2017-05-22T15:49:19Z" user="abczyx" uid="2129377" lat="43.3480014" lon="-8.4438068"/>
 <node id="4870686628" visible="true" version="1" changeset="48900536" timestamp="2017-05-22T22:08:30Z" user="abczyx" uid="2129377" lat="43.3418465" lon="-8.4309337"/>
 <node id="4870686642" visible="true" version="1" changeset="48900536" timestamp="2017-05-22T22:08:30Z" user="abczyx" uid="2129377" lat="43.3416107" lon="-8.4304832"/>
 <node id="4870686651" visible="true" version="1" changeset="48900536" timestamp="2017-05-22T22:08:30Z" user="abczyx" uid="2129377" lat="43.3412284" lon="-8.4295471">
  <tag k="highway" v="give_way"/>
 </node>
 <node id="4870686653" visible="true" version="1" changeset="48900536" timestamp="2017-05-22T22:08:30Z" user="abczyx" uid="2129377" lat="43.3414173" lon="-8.4300486"/>
 <node id="4881526030" visible="true" version="3" changeset="148739551" timestamp="2024-03-16T16:20:47Z" user="happymapper" uid="1807190" lat="43.3403590" lon="-8.4291264">
  <tag k="power" v="tower"/>
 </node>
 <node id="4900411546" visible="true" version="1" changeset="49318184" timestamp="2017-06-06T20:29:34Z" user="Nemigo" uid="650671" lat="43.3464689" lon="-8.4279136"/>
 <node id="4900411552" visible="true" version="1" changeset="49318184" timestamp="2017-06-06T20:29:34Z" user="Nemigo" uid="650671" lat="43.3459557" lon="-8.4298495"/>
 <node id="4900411553" visible="true" version="1" changeset="49318184" timestamp="2017-06-06T20:29:34Z" user="Nemigo" uid="650671" lat="43.3466131" lon="-8.4302881"/>
 <node id="4900419450" visible="true" version="5" changeset="175726553" timestamp="2025-12-09T18:20:23Z" user="kapazao_import" uid="8770019" lat="43.3481236" lon="-8.4232731">
  <tag k="crossing" v="uncontrolled"/>
  <tag k="crossing:markings" v="zebra"/>
  <tag k="highway" v="crossing"/>
 </node>
 <node id="4970935074" visible="true" version="2" changeset="58424526" timestamp="2018-04-25T22:17:06Z" user="j1scad" uid="5853411" lat="43.3404275" lon="-8.4285173"/>
 <node id="4970935075" visible="true" version="1" changeset="50289999" timestamp="2017-07-14T17:41:30Z" user="Nemigo" uid="650671" lat="43.3405380" lon="-8.4286040"/>
 <node id="4970937237" visible="true" version="1" changeset="50290103" timestamp="2017-07-14T17:47:12Z" user="Nemigo" uid="650671" lat="43.3432453" lon="-8.4305248"/>
 <node id="4970937238" visible="true" version="2" changeset="61934511" timestamp="2018-08-23T22:00:52Z" user="abczyx" uid="2129377" lat="43.3432302" lon="-8.4303909"/>
 <node id="4970937239" visible="true" version="1" changeset="50290103" timestamp="2017-07-14T17:47:12Z" user="Nemigo" uid="650671" lat="43.3450959" lon="-8.4311696">
  <tag k="highway" v="give_way"/>
 </node>
 <node id="4970937240" visible="true" version="1" changeset="50290103" timestamp="2017-07-14T17:47:12Z" user="Nemigo" uid="650671" lat="43.3450525" lon="-8.4314717"/>
 <node id="4970937241" visible="true" version="1" changeset="50290103" timestamp="2017-07-14T17:47:12Z" user="Nemigo" uid="650671" lat="43.3451855" lon="-8.4310833"/>
 <node id="4970937242" visible="true" version="1" changeset="50290103" timestamp="2017-07-14T17:47:12Z" user="Nemigo" uid="650671" lat="43.3453040" lon="-8.4307502"/>
 <node id="4970937243" visible="true" version="1" changeset="50290103" timestamp="2017-07-14T17:47:12Z" user="Nemigo" uid="650671" lat="43.3454370" lon="-8.4304171"/>
 <node id="4970937244" visible="true" version="1" changeset="50290103" timestamp="2017-07-14T17:47:12Z" user="Nemigo" uid="650671" lat="43.3455710" lon="-8.4300924"/>
 <node id="4970937245" visible="true" version="1" changeset="50290103" timestamp="2017-07-14T17:47:12Z" user="Nemigo" uid="650671" lat="43.3457329" lon="-8.4296955"/>
 <node id="4970937246" visible="true" version="1" changeset="50290103" timestamp="2017-07-14T17:47:12Z" user="Nemigo" uid="650671" lat="43.3458267" lon="-8.4294531"/>
 <node id="4970937247" visible="true" version="1" changeset="50290103" timestamp="2017-07-14T17:47:12Z" user="Nemigo" uid="650671" lat="43.3454349" lon="-8.4300924">
  <tag k="natural" v="tree"/>
 </node>
 <node id="4970937248" visible="true" version="1" changeset="50290103" timestamp="2017-07-14T17:47:12Z" user="Nemigo" uid="650671" lat="43.3454195" lon="-8.4301973">
  <tag k="natural" v="tree"/>
 </node>
 <node id="4970937249" visible="true" version="1" changeset="50290103" timestamp="2017-07-14T17:47:13Z" user="Nemigo" uid="650671" lat="43.3453999" lon="-8.4302881">
  <tag k="natural" v="tree"/>
 </node>
 <node id="4970937250" visible="true" version="1" changeset="50290103" timestamp="2017-07-14T17:47:13Z" user="Nemigo" uid="650671" lat="43.3453669" lon="-8.4303915">
  <tag k="natural" v="tree"/>
 </node>
 <node id="4970937251" visible="true" version="1" changeset="50290103" timestamp="2017-07-14T17:47:13Z" user="Nemigo" uid="650671" lat="43.3453380" lon="-8.4304837">
  <tag k="natural" v="tree"/>
 </node>
 <node id="4970937252" visible="true" version="1" changeset="50290103" timestamp="2017-07-14T17:47:13Z" user="Nemigo" uid="650671" lat="43.3452896" lon="-8.4305616">
  <tag k="natural" v="tree"/>
 </node>
 <node id="5482476835" visible="true" version="1" changeset="57238324" timestamp="2018-03-16T10:59:51Z" user="MapMakerGal" uid="7579660" lat="43.3432489" lon="-8.4282582"/>
 <node id="5482476839" visible="true" version="1" changeset="57238324" timestamp="2018-03-16T10:59:51Z" user="MapMakerGal" uid="7579660" lat="43.3440436" lon="-8.4289084"/>
 <node id="5482476840" visible="true" version="1" changeset="57238324" timestamp="2018-03-16T10:59:51Z" user="MapMakerGal" uid="7579660" lat="43.3447685" lon="-8.4292752"/>
 <node id="5482476841" visible="true" version="1" changeset="57238324" timestamp="2018-03-16T10:59:51Z" user="MapMakerGal" uid="7579660" lat="43.3451160" lon="-8.4295295"/>
 <node id="5482476842" visible="true" version="1" changeset="57238324" timestamp="2018-03-16T10:59:51Z" user="MapMakerGal" uid="7579660" lat="43.3458882" lon="-8.4286139"/>
 <node id="5482476843" visible="true" version="1" changeset="57238324" timestamp="2018-03-16T10:59:51Z" user="MapMakerGal" uid="7579660" lat="43.3458758" lon="-8.4285692"/>
 <node id="5482476844" visible="true" version="1" changeset="57238324" timestamp="2018-03-16T10:59:51Z" user="MapMakerGal" uid="7579660" lat="43.3458998" lon="-8.4285863"/>
 <node id="5482476845" visible="true" version="1" changeset="57238324" timestamp="2018-03-16T10:59:51Z" user="MapMakerGal" uid="7579660" lat="43.3458347" lon="-8.4285356"/>
 <node id="5482476846" visible="true" version="1" changeset="57238324" timestamp="2018-03-16T10:59:51Z" user="MapMakerGal" uid="7579660" lat="43.3458140" lon="-8.4285930"/>
 <node id="5482476847" visible="true" version="1" changeset="57238324" timestamp="2018-03-16T10:59:51Z" user="MapMakerGal" uid="7579660" lat="43.3457627" lon="-8.4286911"/>
 <node id="5482476848" visible="true" version="1" changeset="57238324" timestamp="2018-03-16T10:59:51Z" user="MapMakerGal" uid="7579660" lat="43.3457095" lon="-8.4287644"/>
 <node id="5482476849" visible="true" version="1" changeset="57238324" timestamp="2018-03-16T10:59:51Z" user="MapMakerGal" uid="7579660" lat="43.3456263" lon="-8.4288590"/>
 <node id="5482476850" visible="true" version="1" changeset="57238324" timestamp="2018-03-16T10:59:51Z" user="MapMakerGal" uid="7579660" lat="43.3451727" lon="-8.4289775"/>
 <node id="5482476852" visible="true" version="1" changeset="57238324" timestamp="2018-03-16T10:59:51Z" user="MapMakerGal" uid="7579660" lat="43.3451251" lon="-8.4288593">
  <tag k="entrance" v="yes"/>
 </node>
 <node id="5482476853" visible="true" version="1" changeset="57238324" timestamp="2018-03-16T10:59:51Z" user="MapMakerGal" uid="7579660" lat="43.3450523" lon="-8.4288230"/>
 <node id="5482476854" visible="true" version="1" changeset="57238324" timestamp="2018-03-16T10:59:51Z" user="MapMakerGal" uid="7579660" lat="43.3450269" lon="-8.4289134"/>
 <node id="5482476856" visible="true" version="1" changeset="57238324" timestamp="2018-03-16T10:59:51Z" user="MapMakerGal" uid="7579660" lat="43.3441449" lon="-8.4282729"/>
 <node id="5482476857" visible="true" version="1" changeset="57238324" timestamp="2018-03-16T10:59:51Z" user="MapMakerGal" uid="7579660" lat="43.3438830" lon="-8.4280768"/>
 <node id="5482476900" visible="true" version="1" changeset="57238324" timestamp="2018-03-16T10:59:52Z" user="MapMakerGal" uid="7579660" lat="43.3449530" lon="-8.4294101">
  <tag k="access" v="yes"/>
  <tag k="entrance" v="main"/>
 </node>
 <node id="5579312462" visible="true" version="1" changeset="58424526" timestamp="2018-04-25T22:17:00Z" user="j1scad" uid="5853411" lat="43.3401433" lon="-8.4503687"/>
 <node id="5579312480" visible="true" version="1" changeset="58424526" timestamp="2018-04-25T22:17:01Z" user="j1scad" uid="5853411" lat="43.3416472" lon="-8.4299339"/>
 <node id="5579312481" visible="true" version="1" changeset="58424526" timestamp="2018-04-25T22:17:01Z" user="j1scad" uid="5853411" lat="43.3413776" lon="-8.4293955"/>
 <node id="5579312482" visible="true" version="1" changeset="58424526" timestamp="2018-04-25T22:17:01Z" user="j1scad" uid="5853411" lat="43.3418542" lon="-8.4303205"/>
 <node id="5592124742" visible="true" version="1" changeset="58612010" timestamp="2018-05-02T11:20:17Z" user="MapMakerGal" uid="7579660" lat="43.3525219" lon="-8.4341582"/>
 <node id="5592124743" visible="true" version="1" changeset="58612010" timestamp="2018-05-02T11:20:17Z" user="MapMakerGal" uid="7579660" lat="43.3516521" lon="-8.4336057"/>
 <node id="5592124744" visible="true" version="1" changeset="58612010" timestamp="2018-05-02T11:20:17Z" user="MapMakerGal" uid="7579660" lat="43.3513790" lon="-8.4344211"/>
 <node id="5592124745" visible="true" version="1" changeset="58612010" timestamp="2018-05-02T11:20:17Z" user="MapMakerGal" uid="7579660" lat="43.3494169" lon="-8.4326562"/>
 <node id="5592124746" visible="true" version="1" changeset="58612010" timestamp="2018-05-02T11:20:17Z" user="MapMakerGal" uid="7579660" lat="43.3488122" lon="-8.4323129"/>
 <node id="5592124747" visible="true" version="1" changeset="58612010" timestamp="2018-05-02T11:20:17Z" user="MapMakerGal" uid="7579660" lat="43.3456524" lon="-8.4308967"/>
 <node id="5592124748" visible="true" version="2" changeset="67457530" timestamp="2019-02-22T08:45:22Z" user="MapMakerGal" uid="7579660" lat="43.3470819" lon="-8.4265340"/>
 <node id="5592124750" visible="true" version="1" changeset="58612010" timestamp="2018-05-02T11:20:17Z" user="MapMakerGal" uid="7579660" lat="43.3488278" lon="-8.4210959"/>
 <node id="5592124751" visible="true" version="3" changeset="112317056" timestamp="2021-10-09T22:50:10Z" user="MapMakerGal" uid="7579660" lat="43.3489707" lon="-8.4209195"/>
 <node id="5592663891" visible="true" version="1" changeset="58618628" timestamp="2018-05-02T15:35:19Z" user="MapMakerGal" uid="7579660" lat="43.3485571" lon="-8.4333510"/>
 <node id="5592663892" visible="true" version="1" changeset="58618628" timestamp="2018-05-02T15:35:19Z" user="MapMakerGal" uid="7579660" lat="43.3483738" lon="-8.4332859"/>
 <node id="5592663893" visible="true" version="1" changeset="58618628" timestamp="2018-05-02T15:35:19Z" user="MapMakerGal" uid="7579660" lat="43.3477263" lon="-8.4333347"/>
 <node id="5592663894" visible="true" version="1" changeset="58618628" timestamp="2018-05-02T15:35:19Z" user="MapMakerGal" uid="7579660" lat="43.3474070" lon="-8.4332778"/>
 <node id="5592663895" visible="true" version="2" changeset="66238661" timestamp="2019-01-11T20:50:26Z" user="MapMakerGal" uid="7579660" lat="43.3469862" lon="-8.4332641"/>
 <node id="5592663896" visible="true" version="2" changeset="66238661" timestamp="2019-01-11T20:50:26Z" user="MapMakerGal" uid="7579660" lat="43.3468032" lon="-8.4331693"/>
 <node id="5592663897" visible="true" version="1" changeset="58618628" timestamp="2018-05-02T15:35:19Z" user="MapMakerGal" uid="7579660" lat="43.3463072" lon="-8.4328997"/>
 <node id="5592663898" visible="true" version="1" changeset="58618628" timestamp="2018-05-02T15:35:19Z" user="MapMakerGal" uid="7579660" lat="43.3457366" lon="-8.4326883"/>
 <node id="5592663899" visible="true" version="1" changeset="58618628" timestamp="2018-05-02T15:35:19Z" user="MapMakerGal" uid="7579660" lat="43.3454558" lon="-8.4325988"/>
 <node id="5592663900" visible="true" version="1" changeset="58618628" timestamp="2018-05-02T15:35:19Z" user="MapMakerGal" uid="7579660" lat="43.3452045" lon="-8.4324728"/>
 <node id="5592663901" visible="true" version="1" changeset="58618628" timestamp="2018-05-02T15:35:19Z" user="MapMakerGal" uid="7579660" lat="43.3483915" lon="-8.4340055"/>
 <node id="5592663902" visible="true" version="1" changeset="58618628" timestamp="2018-05-02T15:35:19Z" user="MapMakerGal" uid="7579660" lat="43.3483383" lon="-8.4342250"/>
 <node id="5592663903" visible="true" version="1" changeset="58618628" timestamp="2018-05-02T15:35:19Z" user="MapMakerGal" uid="7579660" lat="43.3482278" lon="-8.4346691"/>
 <node id="5592663904" visible="true" version="1" changeset="58618628" timestamp="2018-05-02T15:35:19Z" user="MapMakerGal" uid="7579660" lat="43.3462274" lon="-8.4336396"/>
 <node id="5592663905" visible="true" version="1" changeset="58618628" timestamp="2018-05-02T15:35:19Z" user="MapMakerGal" uid="7579660" lat="43.3466857" lon="-8.4337941"/>
 <node id="5592663906" visible="true" version="1" changeset="58618628" timestamp="2018-05-02T15:35:19Z" user="MapMakerGal" uid="7579660" lat="43.3471439" lon="-8.4339323"/>
 <node id="5592663907" visible="true" version="1" changeset="58618628" timestamp="2018-05-02T15:35:19Z" user="MapMakerGal" uid="7579660" lat="43.3475371" lon="-8.4340136"/>
 <node id="5592663908" visible="true" version="1" changeset="58618628" timestamp="2018-05-02T15:35:19Z" user="MapMakerGal" uid="7579660" lat="43.3477914" lon="-8.4340380"/>
 <node id="5852295257" visible="true" version="1" changeset="61934511" timestamp="2018-08-23T22:00:51Z" user="abczyx" uid="2129377" lat="43.3440509" lon="-8.4316744"/>
 <node id="5961710809" visible="true" version="1" changeset="63259487" timestamp="2018-10-06T15:23:12Z" user="MapMakerGal" uid="7579660" lat="43.3505011" lon="-8.4196786"/>
 <node id="5961785957" visible="true" version="1" changeset="63260207" timestamp="2018-10-06T15:51:40Z" user="MapMakerGal" uid="7579660" lat="43.3449870" lon="-8.4360715"/>
 <node id="5961785958" visible="true" version="1" changeset="63260207" timestamp="2018-10-06T15:51:40Z" user="MapMakerGal" uid="7579660" lat="43.3447640" lon="-8.4360892"/>
 <node id="5961785959" visible="true" version="2" changeset="131929427" timestamp="2023-01-31T16:43:17Z" user="abczyx" uid="2129377" lat="43.3447608" lon="-8.4349674"/>
 <node id="5961785960" visible="true" version="1" changeset="63260207" timestamp="2018-10-06T15:51:40Z" user="MapMakerGal" uid="7579660" lat="43.3448172" lon="-8.4349212"/>
 <node id="5961785961" visible="true" version="1" changeset="63260207" timestamp="2018-10-06T15:51:40Z" user="MapMakerGal" uid="7579660" lat="43.3449639" lon="-8.4351159"/>
 <node id="5961785962" visible="true" version="1" changeset="63260207" timestamp="2018-10-06T15:51:40Z" user="MapMakerGal" uid="7579660" lat="43.3450082" lon="-8.4350744"/>
 <node id="5961785963" visible="true" version="1" changeset="63260207" timestamp="2018-10-06T15:51:40Z" user="MapMakerGal" uid="7579660" lat="43.3450153" lon="-8.4354450"/>
 <node id="5961785964" visible="true" version="1" changeset="63260207" timestamp="2018-10-06T15:51:40Z" user="MapMakerGal" uid="7579660" lat="43.3450385" lon="-8.4356539"/>
 <node id="5961785965" visible="true" version="1" changeset="63260207" timestamp="2018-10-06T15:51:40Z" user="MapMakerGal" uid="7579660" lat="43.3451620" lon="-8.4357813"/>
 <node id="5961785966" visible="true" version="1" changeset="63260207" timestamp="2018-10-06T15:51:40Z" user="MapMakerGal" uid="7579660" lat="43.3459857" lon="-8.4361104"/>
 <node id="5961785967" visible="true" version="1" changeset="63260207" timestamp="2018-10-06T15:51:40Z" user="MapMakerGal" uid="7579660" lat="43.3449743" lon="-8.4349792"/>
 <node id="5961785968" visible="true" version="2" changeset="71515624" timestamp="2019-06-22T18:15:38Z" user="abczyx" uid="2129377" lat="43.3448211" lon="-8.4348571">
  <tag k="addr:city" v="A Coruña"/>
  <tag k="addr:housenumber" v="34"/>
  <tag k="addr:postcode" v="15008"/>
  <tag k="addr:street" v="Estrada dos Baños de Arteixo"/>
  <tag k="source:addr" v="https://ide.coruna.es/descargas/cambioscallejero/CodVia_0333_20180129.pdf"/>
 </node>
 <node id="5961785969" visible="true" version="1" changeset="63260207" timestamp="2018-10-06T15:51:40Z" user="MapMakerGal" uid="7579660" lat="43.3448569" lon="-8.4349740"/>
 <node id="5961785970" visible="true" version="1" changeset="63260207" timestamp="2018-10-06T15:51:40Z" user="MapMakerGal" uid="7579660" lat="43.3448226" lon="-8.4350354"/>
 <node id="5961785971" visible="true" version="1" changeset="63260207" timestamp="2018-10-06T15:51:40Z" user="MapMakerGal" uid="7579660" lat="43.3447956" lon="-8.4351982"/>
 <node id="5961785972" visible="true" version="1" changeset="63260207" timestamp="2018-10-06T15:51:40Z" user="MapMakerGal" uid="7579660" lat="43.3448188" lon="-8.4359468"/>
 <node id="5961785973" visible="true" version="1" changeset="63260207" timestamp="2018-10-06T15:51:40Z" user="MapMakerGal" uid="7579660" lat="43.3448458" lon="-8.4359928"/>
 <node id="5961785974" visible="true" version="1" changeset="63260207" timestamp="2018-10-06T15:51:40Z" user="MapMakerGal" uid="7579660" lat="43.3448793" lon="-8.4359981"/>
 <node id="5961785975" visible="true" version="1" changeset="63260207" timestamp="2018-10-06T15:51:40Z" user="MapMakerGal" uid="7579660" lat="43.3449114" lon="-8.4359768"/>
 <node id="5961785976" visible="true" version="1" changeset="63260207" timestamp="2018-10-06T15:51:40Z" user="MapMakerGal" uid="7579660" lat="43.3449320" lon="-8.4359220"/>
 <node id="5961785977" visible="true" version="1" changeset="63260207" timestamp="2018-10-06T15:51:40Z" user="MapMakerGal" uid="7579660" lat="43.3449153" lon="-8.4352071"/>
 <node id="5961785978" visible="true" version="1" changeset="63260207" timestamp="2018-10-06T15:51:40Z" user="MapMakerGal" uid="7579660" lat="43.3448921" lon="-8.4351522"/>
 <node id="5961785979" visible="true" version="1" changeset="63260207" timestamp="2018-10-06T15:51:40Z" user="MapMakerGal" uid="7579660" lat="43.3448574" lon="-8.4350938"/>
 <node id="5961785980" visible="true" version="1" changeset="63260207" timestamp="2018-10-06T15:51:40Z" user="MapMakerGal" uid="7579660" lat="43.3448181" lon="-8.4350626"/>
 <node id="5961785981" visible="true" version="1" changeset="63260207" timestamp="2018-10-06T15:51:40Z" user="MapMakerGal" uid="7579660" lat="43.3450884" lon="-8.4357379"/>
 <node id="5961785982" visible="true" version="1" changeset="63260207" timestamp="2018-10-06T15:51:40Z" user="MapMakerGal" uid="7579660" lat="43.3450909" lon="-8.4378787"/>
 <node id="5961785983" visible="true" version="1" changeset="63260207" timestamp="2018-10-06T15:51:40Z" user="MapMakerGal" uid="7579660" lat="43.3452333" lon="-8.4372537"/>
 <node id="5961785984" visible="true" version="1" changeset="63260207" timestamp="2018-10-06T15:51:40Z" user="MapMakerGal" uid="7579660" lat="43.3449309" lon="-8.4371115"/>
 <node id="5961816985" visible="true" version="1" changeset="63260207" timestamp="2018-10-06T15:51:40Z" user="MapMakerGal" uid="7579660" lat="43.3448627" lon="-8.4371652"/>
 <node id="5961816986" visible="true" version="1" changeset="63260207" timestamp="2018-10-06T15:51:40Z" user="MapMakerGal" uid="7579660" lat="43.3447685" lon="-8.4371275"/>
 <node id="5961816987" visible="true" version="1" changeset="63260207" timestamp="2018-10-06T15:51:40Z" user="MapMakerGal" uid="7579660" lat="43.3447486" lon="-8.4377417"/>
 <node id="5961816988" visible="true" version="1" changeset="63260207" timestamp="2018-10-06T15:51:40Z" user="MapMakerGal" uid="7579660" lat="43.3447427" lon="-8.4380072"/>
 <node id="5961816989" visible="true" version="1" changeset="63260207" timestamp="2018-10-06T15:51:40Z" user="MapMakerGal" uid="7579660" lat="43.3446920" lon="-8.4384250"/>
 <node id="5961816990" visible="true" version="1" changeset="63260207" timestamp="2018-10-06T15:51:40Z" user="MapMakerGal" uid="7579660" lat="43.3445223" lon="-8.4393457"/>
 <node id="5961816991" visible="true" version="2" changeset="115620119" timestamp="2021-12-31T19:05:58Z" user="abczyx" uid="2129377" lat="43.3456824" lon="-8.4374250"/>
 <node id="5961816992" visible="true" version="1" changeset="63260207" timestamp="2018-10-06T15:51:40Z" user="MapMakerGal" uid="7579660" lat="43.3453232" lon="-8.4386165"/>
 <node id="5961816993" visible="true" version="1" changeset="63260207" timestamp="2018-10-06T15:51:40Z" user="MapMakerGal" uid="7579660" lat="43.3459084" lon="-8.4379057"/>
 <node id="5961816994" visible="true" version="1" changeset="63260207" timestamp="2018-10-06T15:51:40Z" user="MapMakerGal" uid="7579660" lat="43.3456743" lon="-8.4375651"/>
 <node id="5961816995" visible="true" version="1" changeset="63260207" timestamp="2018-10-06T15:51:40Z" user="MapMakerGal" uid="7579660" lat="43.3455280" lon="-8.4377314"/>
 <node id="5961816996" visible="true" version="1" changeset="63260207" timestamp="2018-10-06T15:51:40Z" user="MapMakerGal" uid="7579660" lat="43.3455144" lon="-8.4377072"/>
 <node id="5961816997" visible="true" version="1" changeset="63260207" timestamp="2018-10-06T15:51:40Z" user="MapMakerGal" uid="7579660" lat="43.3455768" lon="-8.4374417"/>
 <node id="5961816998" visible="true" version="1" changeset="63260207" timestamp="2018-10-06T15:51:40Z" user="MapMakerGal" uid="7579660" lat="43.3453876" lon="-8.4373291"/>
 <node id="5961816999" visible="true" version="1" changeset="63260207" timestamp="2018-10-06T15:51:40Z" user="MapMakerGal" uid="7579660" lat="43.3452257" lon="-8.4379647"/>
 <node id="5961817000" visible="true" version="1" changeset="63260207" timestamp="2018-10-06T15:51:40Z" user="MapMakerGal" uid="7579660" lat="43.3453427" lon="-8.4380103"/>
 <node id="5961817001" visible="true" version="1" changeset="63260207" timestamp="2018-10-06T15:51:40Z" user="MapMakerGal" uid="7579660" lat="43.3453700" lon="-8.4380935"/>
 <node id="5961817002" visible="true" version="1" changeset="63260207" timestamp="2018-10-06T15:51:40Z" user="MapMakerGal" uid="7579660" lat="43.3451672" lon="-8.4383456"/>
 <node id="5961817003" visible="true" version="2" changeset="115620119" timestamp="2021-12-31T19:05:58Z" user="abczyx" uid="2129377" lat="43.3458351" lon="-8.4376733"/>
 <node id="5961817004" visible="true" version="1" changeset="63260207" timestamp="2018-10-06T15:51:40Z" user="MapMakerGal" uid="7579660" lat="43.3457872" lon="-8.4377294"/>
 <node id="5961817005" visible="true" version="1" changeset="63260207" timestamp="2018-10-06T15:51:40Z" user="MapMakerGal" uid="7579660" lat="43.3452276" lon="-8.4383671"/>
 <node id="5961817006" visible="true" version="1" changeset="63260207" timestamp="2018-10-06T15:51:40Z" user="MapMakerGal" uid="7579660" lat="43.3453115" lon="-8.4385065"/>
 <node id="5961817007" visible="true" version="1" changeset="63260207" timestamp="2018-10-06T15:51:40Z" user="MapMakerGal" uid="7579660" lat="43.3458206" lon="-8.4379030"/>
 <node id="5961817008" visible="true" version="1" changeset="63260207" timestamp="2018-10-06T15:51:40Z" user="MapMakerGal" uid="7579660" lat="43.3457444" lon="-8.4377783"/>
 <node id="5961817009" visible="true" version="1" changeset="63260207" timestamp="2018-10-06T15:51:40Z" user="MapMakerGal" uid="7579660" lat="43.3454416" lon="-8.4381232"/>
 <node id="5961817010" visible="true" version="1" changeset="63260207" timestamp="2018-10-06T15:51:41Z" user="MapMakerGal" uid="7579660" lat="43.3453709" lon="-8.4380102"/>
 <node id="5961817011" visible="true" version="1" changeset="63260207" timestamp="2018-10-06T15:51:41Z" user="MapMakerGal" uid="7579660" lat="43.3453635" lon="-8.4379452"/>
 <node id="5961817012" visible="true" version="1" changeset="63260207" timestamp="2018-10-06T15:51:41Z" user="MapMakerGal" uid="7579660" lat="43.3453325" lon="-8.4378811"/>
 <node id="5961817013" visible="true" version="1" changeset="63260207" timestamp="2018-10-06T15:51:41Z" user="MapMakerGal" uid="7579660" lat="43.3454259" lon="-8.4373519"/>
 <node id="5961817014" visible="true" version="1" changeset="63260207" timestamp="2018-10-06T15:51:41Z" user="MapMakerGal" uid="7579660" lat="43.3454548" lon="-8.4372050"/>
 <node id="5961817015" visible="true" version="1" changeset="63260207" timestamp="2018-10-06T15:51:41Z" user="MapMakerGal" uid="7579660" lat="43.3455885" lon="-8.4372663"/>
 <node id="5961817016" visible="true" version="1" changeset="63260207" timestamp="2018-10-06T15:51:41Z" user="MapMakerGal" uid="7579660" lat="43.3455494" lon="-8.4374254"/>
 <node id="5961817017" visible="true" version="1" changeset="63260207" timestamp="2018-10-06T15:51:41Z" user="MapMakerGal" uid="7579660" lat="43.3454648" lon="-8.4378364"/>
 <node id="5961817018" visible="true" version="1" changeset="63260207" timestamp="2018-10-06T15:51:41Z" user="MapMakerGal" uid="7579660" lat="43.3456681" lon="-8.4376138"/>
 <node id="5961817019" visible="true" version="1" changeset="63260207" timestamp="2018-10-06T15:51:41Z" user="MapMakerGal" uid="7579660" lat="43.3450305" lon="-8.4377884"/>
 <node id="5961817020" visible="true" version="1" changeset="63260207" timestamp="2018-10-06T15:51:41Z" user="MapMakerGal" uid="7579660" lat="43.3447883" lon="-8.4377123"/>
 <node id="5961817021" visible="true" version="1" changeset="63260207" timestamp="2018-10-06T15:51:41Z" user="MapMakerGal" uid="7579660" lat="43.3449000" lon="-8.4377474"/>
 <node id="5961817022" visible="true" version="1" changeset="63260207" timestamp="2018-10-06T15:51:41Z" user="MapMakerGal" uid="7579660" lat="43.3450243" lon="-8.4372090"/>
 <node id="5961817023" visible="true" version="1" changeset="63260207" timestamp="2018-10-06T15:51:41Z" user="MapMakerGal" uid="7579660" lat="43.3448374" lon="-8.4377884"/>
 <node id="5961817024" visible="true" version="1" changeset="63260207" timestamp="2018-10-06T15:51:41Z" user="MapMakerGal" uid="7579660" lat="43.3447607" lon="-8.4378907"/>
 <node id="5961817025" visible="true" version="1" changeset="63260207" timestamp="2018-10-06T15:51:41Z" user="MapMakerGal" uid="7579660" lat="43.3447704" lon="-8.4369989"/>
 <node id="5961817027" visible="true" version="1" changeset="63260207" timestamp="2018-10-06T15:51:41Z" user="MapMakerGal" uid="7579660" lat="43.3447354" lon="-8.4370497"/>
 <node id="5961817028" visible="true" version="1" changeset="63260207" timestamp="2018-10-06T15:51:41Z" user="MapMakerGal" uid="7579660" lat="43.3447725" lon="-8.4368601"/>
 <node id="5961817029" visible="true" version="1" changeset="63260207" timestamp="2018-10-06T15:51:41Z" user="MapMakerGal" uid="7579660" lat="43.3445368" lon="-8.4367799"/>
 <node id="5961817030" visible="true" version="1" changeset="63260207" timestamp="2018-10-06T15:51:41Z" user="MapMakerGal" uid="7579660" lat="43.3444952" lon="-8.4364282"/>
 <node id="5961817031" visible="true" version="1" changeset="63260207" timestamp="2018-10-06T15:51:41Z" user="MapMakerGal" uid="7579660" lat="43.3445665" lon="-8.4370278"/>
 <node id="6202100511" visible="true" version="1" changeset="66238188" timestamp="2019-01-11T20:35:00Z" user="MapMakerGal" uid="7579660" lat="43.3477157" lon="-8.4442259"/>
 <node id="6202100512" visible="true" version="1" changeset="66238188" timestamp="2019-01-11T20:35:00Z" user="MapMakerGal" uid="7579660" lat="43.3474799" lon="-8.4440671"/>
 <node id="6202100513" visible="true" version="1" changeset="66238188" timestamp="2019-01-11T20:35:00Z" user="MapMakerGal" uid="7579660" lat="43.3474292" lon="-8.4439530"/>
 <node id="6202100514" visible="true" version="1" changeset="66238188" timestamp="2019-01-11T20:35:00Z" user="MapMakerGal" uid="7579660" lat="43.3477926" lon="-8.4416572"/>
 <node id="6202100518" visible="true" version="1" changeset="66238188" timestamp="2019-01-11T20:35:00Z" user="MapMakerGal" uid="7579660" lat="43.3471194" lon="-8.4429073"/>
 <node id="6202100519" visible="true" version="1" changeset="66238188" timestamp="2019-01-11T20:35:00Z" user="MapMakerGal" uid="7579660" lat="43.3468130" lon="-8.4426873"/>
 <node id="6202100520" visible="true" version="1" changeset="66238188" timestamp="2019-01-11T20:35:00Z" user="MapMakerGal" uid="7579660" lat="43.3470298" lon="-8.4422829"/>
 <node id="6202100523" visible="true" version="1" changeset="66238188" timestamp="2019-01-11T20:35:00Z" user="MapMakerGal" uid="7579660" lat="43.3480404" lon="-8.4397158"/>
 <node id="6202100527" visible="true" version="1" changeset="66238188" timestamp="2019-01-11T20:35:00Z" user="MapMakerGal" uid="7579660" lat="43.3479132" lon="-8.4406355"/>
 <node id="6202100571" visible="true" version="1" changeset="66238188" timestamp="2019-01-11T20:35:00Z" user="MapMakerGal" uid="7579660" lat="43.3470865" lon="-8.4430064"/>
 <node id="6202100572" visible="true" version="1" changeset="66238188" timestamp="2019-01-11T20:35:00Z" user="MapMakerGal" uid="7579660" lat="43.3475321" lon="-8.4433403"/>
 <node id="6202127967" visible="true" version="1" changeset="66238661" timestamp="2019-01-11T20:50:22Z" user="MapMakerGal" uid="7579660" lat="43.3512336" lon="-8.4342903"/>
 <node id="6202131094" visible="true" version="1" changeset="66238661" timestamp="2019-01-11T20:50:22Z" user="MapMakerGal" uid="7579660" lat="43.3471717" lon="-8.4333473"/>
 <node id="6202131095" visible="true" version="1" changeset="66238661" timestamp="2019-01-11T20:50:22Z" user="MapMakerGal" uid="7579660" lat="43.3473366" lon="-8.4333991"/>
 <node id="6202131096" visible="true" version="1" changeset="66238661" timestamp="2019-01-11T20:50:22Z" user="MapMakerGal" uid="7579660" lat="43.3475611" lon="-8.4334380"/>
 <node id="6202131097" visible="true" version="1" changeset="66238661" timestamp="2019-01-11T20:50:22Z" user="MapMakerGal" uid="7579660" lat="43.3477731" lon="-8.4334531"/>
 <node id="6202131098" visible="true" version="1" changeset="66238661" timestamp="2019-01-11T20:50:22Z" user="MapMakerGal" uid="7579660" lat="43.3481609" lon="-8.4334401"/>
 <node id="6202131099" visible="true" version="1" changeset="66238661" timestamp="2019-01-11T20:50:22Z" user="MapMakerGal" uid="7579660" lat="43.3485440" lon="-8.4334027"/>
 <node id="6202131100" visible="true" version="1" changeset="66238661" timestamp="2019-01-11T20:50:22Z" user="MapMakerGal" uid="7579660" lat="43.3484264" lon="-8.4338677"/>
 <node id="6202131101" visible="true" version="1" changeset="66238661" timestamp="2019-01-11T20:50:22Z" user="MapMakerGal" uid="7579660" lat="43.3479269" lon="-8.4339086"/>
 <node id="6202131102" visible="true" version="1" changeset="66238661" timestamp="2019-01-11T20:50:22Z" user="MapMakerGal" uid="7579660" lat="43.3476176" lon="-8.4338914"/>
 <node id="6202131103" visible="true" version="1" changeset="66238661" timestamp="2019-01-11T20:50:22Z" user="MapMakerGal" uid="7579660" lat="43.3471764" lon="-8.4338525"/>
 <node id="6202131104" visible="true" version="1" changeset="66238661" timestamp="2019-01-11T20:50:22Z" user="MapMakerGal" uid="7579660" lat="43.3468216" lon="-8.4337877"/>
 <node id="6202131105" visible="true" version="1" changeset="66238661" timestamp="2019-01-11T20:50:22Z" user="MapMakerGal" uid="7579660" lat="43.3465092" lon="-8.4336949"/>
 <node id="6202131106" visible="true" version="1" changeset="66238661" timestamp="2019-01-11T20:50:22Z" user="MapMakerGal" uid="7579660" lat="43.3462878" lon="-8.4336085"/>
 <node id="6202131107" visible="true" version="1" changeset="66238661" timestamp="2019-01-11T20:50:22Z" user="MapMakerGal" uid="7579660" lat="43.3459926" lon="-8.4334898"/>
 <node id="6202131108" visible="true" version="1" changeset="66238661" timestamp="2019-01-11T20:50:22Z" user="MapMakerGal" uid="7579660" lat="43.3457398" lon="-8.4333969"/>
 <node id="6202131109" visible="true" version="1" changeset="66238661" timestamp="2019-01-11T20:50:22Z" user="MapMakerGal" uid="7579660" lat="43.3488462" lon="-8.4323322"/>
 <node id="6202131124" visible="true" version="1" changeset="66238661" timestamp="2019-01-11T20:50:22Z" user="MapMakerGal" uid="7579660" lat="43.3489773" lon="-8.4329522"/>
 <node id="6202131125" visible="true" version="1" changeset="66238661" timestamp="2019-01-11T20:50:22Z" user="MapMakerGal" uid="7579660" lat="43.3490275" lon="-8.4331962"/>
 <node id="6202131126" visible="true" version="1" changeset="66238661" timestamp="2019-01-11T20:50:22Z" user="MapMakerGal" uid="7579660" lat="43.3491060" lon="-8.4333538"/>
 <node id="6202131163" visible="true" version="1" changeset="66238661" timestamp="2019-01-11T20:50:23Z" user="MapMakerGal" uid="7579660" lat="43.3518783" lon="-8.4337494"/>
 <node id="6202154458" visible="true" version="1" changeset="66239047" timestamp="2019-01-11T21:04:04Z" user="MapMakerGal" uid="7579660" lat="43.3436546" lon="-8.4404310"/>
 <node id="6202154459" visible="true" version="1" changeset="66239047" timestamp="2019-01-11T21:04:04Z" user="MapMakerGal" uid="7579660" lat="43.3436211" lon="-8.4404908"/>
 <node id="6202154460" visible="true" version="1" changeset="66239047" timestamp="2019-01-11T21:04:04Z" user="MapMakerGal" uid="7579660" lat="43.3435576" lon="-8.4405628"/>
 <node id="6202154461" visible="true" version="1" changeset="66239047" timestamp="2019-01-11T21:04:04Z" user="MapMakerGal" uid="7579660" lat="43.3434919" lon="-8.4406502"/>
 <node id="6202154462" visible="true" version="1" changeset="66239047" timestamp="2019-01-11T21:04:04Z" user="MapMakerGal" uid="7579660" lat="43.3434083" lon="-8.4407375"/>
 <node id="6202154463" visible="true" version="1" changeset="66239047" timestamp="2019-01-11T21:04:04Z" user="MapMakerGal" uid="7579660" lat="43.3433291" lon="-8.4407988"/>
 <node id="6202154464" visible="true" version="1" changeset="66239047" timestamp="2019-01-11T21:04:04Z" user="MapMakerGal" uid="7579660" lat="43.3432222" lon="-8.4407390"/>
 <node id="6202154465" visible="true" version="1" changeset="66239047" timestamp="2019-01-11T21:04:04Z" user="MapMakerGal" uid="7579660" lat="43.3431152" lon="-8.4406548"/>
 <node id="6202154466" visible="true" version="1" changeset="66239047" timestamp="2019-01-11T21:04:04Z" user="MapMakerGal" uid="7579660" lat="43.3430048" lon="-8.4405735"/>
 <node id="6202154467" visible="true" version="1" changeset="66239047" timestamp="2019-01-11T21:04:04Z" user="MapMakerGal" uid="7579660" lat="43.3429469" lon="-8.4404678"/>
 <node id="6202154468" visible="true" version="1" changeset="66239047" timestamp="2019-01-11T21:04:04Z" user="MapMakerGal" uid="7579660" lat="43.3429413" lon="-8.4403146"/>
 <node id="6202154469" visible="true" version="1" changeset="66239047" timestamp="2019-01-11T21:04:04Z" user="MapMakerGal" uid="7579660" lat="43.3430126" lon="-8.4402150"/>
 <node id="6202154470" visible="true" version="1" changeset="66239047" timestamp="2019-01-11T21:04:04Z" user="MapMakerGal" uid="7579660" lat="43.3430751" lon="-8.4400602"/>
 <node id="6202154471" visible="true" version="1" changeset="66239047" timestamp="2019-01-11T21:04:04Z" user="MapMakerGal" uid="7579660" lat="43.3431386" lon="-8.4399790"/>
 <node id="6202154472" visible="true" version="1" changeset="66239047" timestamp="2019-01-11T21:04:04Z" user="MapMakerGal" uid="7579660" lat="43.3432132" lon="-8.4398962"/>
 <node id="6202154473" visible="true" version="1" changeset="66239047" timestamp="2019-01-11T21:04:04Z" user="MapMakerGal" uid="7579660" lat="43.3433057" lon="-8.4398426"/>
 <node id="6202154474" visible="true" version="1" changeset="66239047" timestamp="2019-01-11T21:04:04Z" user="MapMakerGal" uid="7579660" lat="43.3433748" lon="-8.4399054"/>
 <node id="6202154475" visible="true" version="1" changeset="66239047" timestamp="2019-01-11T21:04:04Z" user="MapMakerGal" uid="7579660" lat="43.3434506" lon="-8.4400296"/>
 <node id="6202154476" visible="true" version="1" changeset="66239047" timestamp="2019-01-11T21:04:04Z" user="MapMakerGal" uid="7579660" lat="43.3435208" lon="-8.4401675"/>
 <node id="6202154477" visible="true" version="1" changeset="66239047" timestamp="2019-01-11T21:04:04Z" user="MapMakerGal" uid="7579660" lat="43.3435665" lon="-8.4402609"/>
 <node id="6202154478" visible="true" version="1" changeset="66239047" timestamp="2019-01-11T21:04:04Z" user="MapMakerGal" uid="7579660" lat="43.3436245" lon="-8.4403207"/>
 <node id="6202154479" visible="true" version="1" changeset="66239047" timestamp="2019-01-11T21:04:04Z" user="MapMakerGal" uid="7579660" lat="43.3436646" lon="-8.4403973"/>
 <node id="6202154585" visible="true" version="1" changeset="66239047" timestamp="2019-01-11T21:04:04Z" user="MapMakerGal" uid="7579660" lat="43.3439432" lon="-8.4366415"/>
 <node id="6202154586" visible="true" version="1" changeset="66239047" timestamp="2019-01-11T21:04:04Z" user="MapMakerGal" uid="7579660" lat="43.3444558" lon="-8.4338893"/>
 <node id="6202154587" visible="true" version="1" changeset="66239047" timestamp="2019-01-11T21:04:04Z" user="MapMakerGal" uid="7579660" lat="43.3442864" lon="-8.4339475"/>
 <node id="6202154588" visible="true" version="1" changeset="66239047" timestamp="2019-01-11T21:04:04Z" user="MapMakerGal" uid="7579660" lat="43.3441416" lon="-8.4339659"/>
 <node id="6202154589" visible="true" version="1" changeset="66239047" timestamp="2019-01-11T21:04:04Z" user="MapMakerGal" uid="7579660" lat="43.3440680" lon="-8.4339291"/>
 <node id="6202154590" visible="true" version="1" changeset="66239047" timestamp="2019-01-11T21:04:05Z" user="MapMakerGal" uid="7579660" lat="43.3440413" lon="-8.4337422"/>
 <node id="6202154591" visible="true" version="1" changeset="66239047" timestamp="2019-01-11T21:04:05Z" user="MapMakerGal" uid="7579660" lat="43.3440524" lon="-8.4336441"/>
 <node id="6202154592" visible="true" version="1" changeset="66239047" timestamp="2019-01-11T21:04:05Z" user="MapMakerGal" uid="7579660" lat="43.3444269" lon="-8.4335338"/>
 <node id="6202154593" visible="true" version="1" changeset="66239047" timestamp="2019-01-11T21:04:05Z" user="MapMakerGal" uid="7579660" lat="43.3444335" lon="-8.4334572"/>
 <node id="6202154594" visible="true" version="1" changeset="66239047" timestamp="2019-01-11T21:04:05Z" user="MapMakerGal" uid="7579660" lat="43.3443644" lon="-8.4333101"/>
 <node id="6202154595" visible="true" version="2" changeset="66259814" timestamp="2019-01-12T20:34:49Z" user="MapMakerGal" uid="7579660" lat="43.3442786" lon="-8.4331415"/>
 <node id="6202154596" visible="true" version="1" changeset="66239047" timestamp="2019-01-11T21:04:05Z" user="MapMakerGal" uid="7579660" lat="43.3440413" lon="-8.4330649"/>
 <node id="6202154597" visible="true" version="1" changeset="66239047" timestamp="2019-01-11T21:04:05Z" user="MapMakerGal" uid="7579660" lat="43.3435687" lon="-8.4328687"/>
 <node id="6202154598" visible="true" version="1" changeset="66239047" timestamp="2019-01-11T21:04:05Z" user="MapMakerGal" uid="7579660" lat="43.3429201" lon="-8.4324335"/>
 <node id="6202154599" visible="true" version="1" changeset="66239047" timestamp="2019-01-11T21:04:05Z" user="MapMakerGal" uid="7579660" lat="43.3423941" lon="-8.4320167"/>
 <node id="6202154600" visible="true" version="1" changeset="66239047" timestamp="2019-01-11T21:04:05Z" user="MapMakerGal" uid="7579660" lat="43.3419238" lon="-8.4314681"/>
 <node id="6202154601" visible="true" version="1" changeset="66239047" timestamp="2019-01-11T21:04:05Z" user="MapMakerGal" uid="7579660" lat="43.3415516" lon="-8.4309318"/>
 <node id="6202154602" visible="true" version="1" changeset="66239047" timestamp="2019-01-11T21:04:05Z" user="MapMakerGal" uid="7579660" lat="43.3412396" lon="-8.4304353"/>
 <node id="6202154603" visible="true" version="1" changeset="66239047" timestamp="2019-01-11T21:04:05Z" user="MapMakerGal" uid="7579660" lat="43.3409030" lon="-8.4296753"/>
 <node id="6202154604" visible="true" version="2" changeset="66260928" timestamp="2019-01-12T21:25:03Z" user="MapMakerGal" uid="7579660" lat="43.3402112" lon="-8.4290101"/>
 <node id="6202154605" visible="true" version="1" changeset="66239047" timestamp="2019-01-11T21:04:05Z" user="MapMakerGal" uid="7579660" lat="43.3401741" lon="-8.4291818"/>
 <node id="6202154606" visible="true" version="1" changeset="66239047" timestamp="2019-01-11T21:04:05Z" user="MapMakerGal" uid="7579660" lat="43.3389103" lon="-8.4294852"/>
 <node id="6202154607" visible="true" version="1" changeset="66239047" timestamp="2019-01-11T21:04:05Z" user="MapMakerGal" uid="7579660" lat="43.3421935" lon="-8.4385784"/>
 <node id="6202154608" visible="true" version="1" changeset="66239047" timestamp="2019-01-11T21:04:05Z" user="MapMakerGal" uid="7579660" lat="43.3420643" lon="-8.4394518"/>
 <node id="6202154609" visible="true" version="1" changeset="66239047" timestamp="2019-01-11T21:04:05Z" user="MapMakerGal" uid="7579660" lat="43.3418703" lon="-8.4402640"/>
 <node id="6202154610" visible="true" version="1" changeset="66239047" timestamp="2019-01-11T21:04:05Z" user="MapMakerGal" uid="7579660" lat="43.3418637" lon="-8.4408341"/>
 <node id="6202154611" visible="true" version="1" changeset="66239047" timestamp="2019-01-11T21:04:05Z" user="MapMakerGal" uid="7579660" lat="43.3419238" lon="-8.4410854"/>
 <node id="6202154612" visible="true" version="1" changeset="66239047" timestamp="2019-01-11T21:04:05Z" user="MapMakerGal" uid="7579660" lat="43.3420509" lon="-8.4413520"/>
 <node id="6202154613" visible="true" version="1" changeset="66239047" timestamp="2019-01-11T21:04:05Z" user="MapMakerGal" uid="7579660" lat="43.3421222" lon="-8.4415328"/>
 <node id="6202154614" visible="true" version="1" changeset="66239047" timestamp="2019-01-11T21:04:05Z" user="MapMakerGal" uid="7579660" lat="43.3421155" lon="-8.4416432"/>
 <node id="6202154615" visible="true" version="1" changeset="66239047" timestamp="2019-01-11T21:04:05Z" user="MapMakerGal" uid="7579660" lat="43.3420576" lon="-8.4417198"/>
 <node id="6202154616" visible="true" version="1" changeset="66239047" timestamp="2019-01-11T21:04:05Z" user="MapMakerGal" uid="7579660" lat="43.3419506" lon="-8.4417627"/>
 <node id="6202154617" visible="true" version="2" changeset="66844125" timestamp="2019-02-01T20:53:18Z" user="MapMakerGal" uid="7579660" lat="43.3419708" lon="-8.4419649"/>
 <node id="6202154618" visible="true" version="2" changeset="66844125" timestamp="2019-02-01T20:53:18Z" user="MapMakerGal" uid="7579660" lat="43.3420803" lon="-8.4418570"/>
 <node id="6202154619" visible="true" version="1" changeset="66239047" timestamp="2019-01-11T21:04:05Z" user="MapMakerGal" uid="7579660" lat="43.3443901" lon="-8.4393155"/>
 <node id="6202154620" visible="true" version="1" changeset="66239047" timestamp="2019-01-11T21:04:05Z" user="MapMakerGal" uid="7579660" lat="43.3440881" lon="-8.4402701"/>
 <node id="6202154621" visible="true" version="1" changeset="66239047" timestamp="2019-01-11T21:04:05Z" user="MapMakerGal" uid="7579660" lat="43.3440992" lon="-8.4404755"/>
 <node id="6202154622" visible="true" version="1" changeset="66239047" timestamp="2019-01-11T21:04:05Z" user="MapMakerGal" uid="7579660" lat="43.3440000" lon="-8.4407567"/>
 <node id="6202154623" visible="true" version="1" changeset="66239047" timestamp="2019-01-11T21:04:05Z" user="MapMakerGal" uid="7579660" lat="43.3437933" lon="-8.4412570"/>
 <node id="6202154624" visible="true" version="1" changeset="66239047" timestamp="2019-01-11T21:04:05Z" user="MapMakerGal" uid="7579660" lat="43.3436089" lon="-8.4416493"/>
 <node id="6202154625" visible="true" version="1" changeset="66239047" timestamp="2019-01-11T21:04:05Z" user="MapMakerGal" uid="7579660" lat="43.3433581" lon="-8.4421167"/>
 <node id="6202154626" visible="true" version="1" changeset="66239047" timestamp="2019-01-11T21:04:05Z" user="MapMakerGal" uid="7579660" lat="43.3431386" lon="-8.4424783"/>
 <node id="6202154627" visible="true" version="1" changeset="66239047" timestamp="2019-01-11T21:04:05Z" user="MapMakerGal" uid="7579660" lat="43.3428655" lon="-8.4428783"/>
 <node id="6202154628" visible="true" version="1" changeset="66239047" timestamp="2019-01-11T21:04:05Z" user="MapMakerGal" uid="7579660" lat="43.3429592" lon="-8.4425166"/>
 <node id="6202154629" visible="true" version="1" changeset="66239047" timestamp="2019-01-11T21:04:05Z" user="MapMakerGal" uid="7579660" lat="43.3431620" lon="-8.4420324"/>
 <node id="6202154630" visible="true" version="1" changeset="66239047" timestamp="2019-01-11T21:04:05Z" user="MapMakerGal" uid="7579660" lat="43.3432578" lon="-8.4418470"/>
 <node id="6202154631" visible="true" version="1" changeset="66239047" timestamp="2019-01-11T21:04:05Z" user="MapMakerGal" uid="7579660" lat="43.3433202" lon="-8.4417428"/>
 <node id="6202154632" visible="true" version="1" changeset="66239047" timestamp="2019-01-11T21:04:05Z" user="MapMakerGal" uid="7579660" lat="43.3435732" lon="-8.4413382"/>
 <node id="6202154633" visible="true" version="1" changeset="66239047" timestamp="2019-01-11T21:04:05Z" user="MapMakerGal" uid="7579660" lat="43.3437905" lon="-8.4409781"/>
 <node id="6202154634" visible="true" version="1" changeset="66239047" timestamp="2019-01-11T21:04:05Z" user="MapMakerGal" uid="7579660" lat="43.3440780" lon="-8.4404510"/>
 <node id="6202154635" visible="true" version="1" changeset="66239047" timestamp="2019-01-11T21:04:05Z" user="MapMakerGal" uid="7579660" lat="43.3434618" lon="-8.4421182"/>
 <node id="6202154636" visible="true" version="1" changeset="66239047" timestamp="2019-01-11T21:04:05Z" user="MapMakerGal" uid="7579660" lat="43.3439978" lon="-8.4410348"/>
 <node id="6202154637" visible="true" version="1" changeset="66239047" timestamp="2019-01-11T21:04:05Z" user="MapMakerGal" uid="7579660" lat="43.3435754" lon="-8.4418945"/>
 <node id="6204155673" visible="true" version="1" changeset="66259814" timestamp="2019-01-12T20:34:36Z" user="MapMakerGal" uid="7579660" lat="43.3421417" lon="-8.4379951"/>
 <node id="6204155674" visible="true" version="1" changeset="66259814" timestamp="2019-01-12T20:34:36Z" user="MapMakerGal" uid="7579660" lat="43.3421395" lon="-8.4380451"/>
 <node id="6204155675" visible="true" version="1" changeset="66259814" timestamp="2019-01-12T20:34:36Z" user="MapMakerGal" uid="7579660" lat="43.3420863" lon="-8.4380436"/>
 <node id="6204155676" visible="true" version="1" changeset="66259814" timestamp="2019-01-12T20:34:36Z" user="MapMakerGal" uid="7579660" lat="43.3420404" lon="-8.4380182"/>
 <node id="6204155677" visible="true" version="1" changeset="66259814" timestamp="2019-01-12T20:34:36Z" user="MapMakerGal" uid="7579660" lat="43.3419844" lon="-8.4378973"/>
 <node id="6204155678" visible="true" version="1" changeset="66259814" timestamp="2019-01-12T20:34:36Z" user="MapMakerGal" uid="7579660" lat="43.3420034" lon="-8.4378727"/>
 <node id="6204155679" visible="true" version="1" changeset="66259814" timestamp="2019-01-12T20:34:36Z" user="MapMakerGal" uid="7579660" lat="43.3420521" lon="-8.4378611"/>
 <node id="6204155680" visible="true" version="1" changeset="66259814" timestamp="2019-01-12T20:34:36Z" user="MapMakerGal" uid="7579660" lat="43.3420885" lon="-8.4378588"/>
 <node id="6204155681" visible="true" version="1" changeset="66259814" timestamp="2019-01-12T20:34:36Z" user="MapMakerGal" uid="7579660" lat="43.3424922" lon="-8.4383924"/>
 <node id="6204155682" visible="true" version="1" changeset="66259814" timestamp="2019-01-12T20:34:36Z" user="MapMakerGal" uid="7579660" lat="43.3424497" lon="-8.4383439"/>
 <node id="6204155683" visible="true" version="1" changeset="66259814" timestamp="2019-01-12T20:34:36Z" user="MapMakerGal" uid="7579660" lat="43.3423853" lon="-8.4382692"/>
 <node id="6204155684" visible="true" version="1" changeset="66259814" timestamp="2019-01-12T20:34:36Z" user="MapMakerGal" uid="7579660" lat="43.3423360" lon="-8.4382461"/>
 <node id="6204155685" visible="true" version="1" changeset="66259814" timestamp="2019-01-12T20:34:36Z" user="MapMakerGal" uid="7579660" lat="43.3422840" lon="-8.4381914"/>
 <node id="6204155686" visible="true" version="1" changeset="66259814" timestamp="2019-01-12T20:34:36Z" user="MapMakerGal" uid="7579660" lat="43.3422263" lon="-8.4378989"/>
 <node id="6204155687" visible="true" version="1" changeset="66259814" timestamp="2019-01-12T20:34:36Z" user="MapMakerGal" uid="7579660" lat="43.3422403" lon="-8.4377133"/>
 <node id="6204155688" visible="true" version="1" changeset="66259814" timestamp="2019-01-12T20:34:36Z" user="MapMakerGal" uid="7579660" lat="43.3422604" lon="-8.4377195"/>
 <node id="6204155689" visible="true" version="1" changeset="66259814" timestamp="2019-01-12T20:34:36Z" user="MapMakerGal" uid="7579660" lat="43.3422862" lon="-8.4377564"/>
 <node id="6204155690" visible="true" version="1" changeset="66259814" timestamp="2019-01-12T20:34:36Z" user="MapMakerGal" uid="7579660" lat="43.3422924" lon="-8.4378196"/>
 <node id="6204155691" visible="true" version="1" changeset="66259814" timestamp="2019-01-12T20:34:36Z" user="MapMakerGal" uid="7579660" lat="43.3423332" lon="-8.4378542"/>
 <node id="6204155692" visible="true" version="1" changeset="66259814" timestamp="2019-01-12T20:34:36Z" user="MapMakerGal" uid="7579660" lat="43.3424150" lon="-8.4380012"/>
 <node id="6204155693" visible="true" version="1" changeset="66259814" timestamp="2019-01-12T20:34:36Z" user="MapMakerGal" uid="7579660" lat="43.3424547" lon="-8.4380705"/>
 <node id="6204155694" visible="true" version="1" changeset="66259814" timestamp="2019-01-12T20:34:36Z" user="MapMakerGal" uid="7579660" lat="43.3425622" lon="-8.4380821"/>
 <node id="6204155695" visible="true" version="1" changeset="66259814" timestamp="2019-01-12T20:34:36Z" user="MapMakerGal" uid="7579660" lat="43.3426160" lon="-8.4380906"/>
 <node id="6204155696" visible="true" version="1" changeset="66259814" timestamp="2019-01-12T20:34:36Z" user="MapMakerGal" uid="7579660" lat="43.3426289" lon="-8.4381183"/>
 <node id="6204155697" visible="true" version="1" changeset="66259814" timestamp="2019-01-12T20:34:36Z" user="MapMakerGal" uid="7579660" lat="43.3426277" lon="-8.4382291"/>
 <node id="6204155698" visible="true" version="1" changeset="66259814" timestamp="2019-01-12T20:34:36Z" user="MapMakerGal" uid="7579660" lat="43.3425634" lon="-8.4383800"/>
 <node id="6204155699" visible="true" version="1" changeset="66259814" timestamp="2019-01-12T20:34:36Z" user="MapMakerGal" uid="7579660" lat="43.3425897" lon="-8.4383485"/>
 <node id="6204155700" visible="true" version="1" changeset="66259814" timestamp="2019-01-12T20:34:36Z" user="MapMakerGal" uid="7579660" lat="43.3426081" lon="-8.4382907"/>
 <node id="6204155701" visible="true" version="1" changeset="66259814" timestamp="2019-01-12T20:34:36Z" user="MapMakerGal" uid="7579660" lat="43.3424698" lon="-8.4388474"/>
 <node id="6204155702" visible="true" version="1" changeset="66259814" timestamp="2019-01-12T20:34:36Z" user="MapMakerGal" uid="7579660" lat="43.3424844" lon="-8.4388528"/>
 <node id="6204155703" visible="true" version="1" changeset="66259814" timestamp="2019-01-12T20:34:36Z" user="MapMakerGal" uid="7579660" lat="43.3425135" lon="-8.4388320"/>
 <node id="6204155704" visible="true" version="1" changeset="66259814" timestamp="2019-01-12T20:34:36Z" user="MapMakerGal" uid="7579660" lat="43.3425443" lon="-8.4387919"/>
 <node id="6204155705" visible="true" version="1" changeset="66259814" timestamp="2019-01-12T20:34:36Z" user="MapMakerGal" uid="7579660" lat="43.3425645" lon="-8.4387681"/>
 <node id="6204155706" visible="true" version="1" changeset="66259814" timestamp="2019-01-12T20:34:36Z" user="MapMakerGal" uid="7579660" lat="43.3425841" lon="-8.4387842"/>
 <node id="6204155707" visible="true" version="1" changeset="66259814" timestamp="2019-01-12T20:34:36Z" user="MapMakerGal" uid="7579660" lat="43.3425897" lon="-8.4388327"/>
 <node id="6204155708" visible="true" version="1" changeset="66259814" timestamp="2019-01-12T20:34:36Z" user="MapMakerGal" uid="7579660" lat="43.3426177" lon="-8.4388758"/>
 <node id="6204155709" visible="true" version="1" changeset="66259814" timestamp="2019-01-12T20:34:36Z" user="MapMakerGal" uid="7579660" lat="43.3426664" lon="-8.4387958"/>
 <node id="6204155710" visible="true" version="1" changeset="66259814" timestamp="2019-01-12T20:34:36Z" user="MapMakerGal" uid="7579660" lat="43.3426485" lon="-8.4387496"/>
 <node id="6204155711" visible="true" version="1" changeset="66259814" timestamp="2019-01-12T20:34:36Z" user="MapMakerGal" uid="7579660" lat="43.3426423" lon="-8.4386795"/>
 <node id="6204155712" visible="true" version="1" changeset="66259814" timestamp="2019-01-12T20:34:36Z" user="MapMakerGal" uid="7579660" lat="43.3426681" lon="-8.4386118"/>
 <node id="6204155713" visible="true" version="1" changeset="66259814" timestamp="2019-01-12T20:34:36Z" user="MapMakerGal" uid="7579660" lat="43.3426361" lon="-8.4384663"/>
 <node id="6204155714" visible="true" version="1" changeset="66259814" timestamp="2019-01-12T20:34:36Z" user="MapMakerGal" uid="7579660" lat="43.3426037" lon="-8.4384462"/>
 <node id="6204155715" visible="true" version="1" changeset="66259814" timestamp="2019-01-12T20:34:36Z" user="MapMakerGal" uid="7579660" lat="43.3425102" lon="-8.4385194"/>
 <node id="6204155716" visible="true" version="1" changeset="66259814" timestamp="2019-01-12T20:34:36Z" user="MapMakerGal" uid="7579660" lat="43.3424721" lon="-8.4386380"/>
 <node id="6204155717" visible="true" version="1" changeset="66259814" timestamp="2019-01-12T20:34:36Z" user="MapMakerGal" uid="7579660" lat="43.3424626" lon="-8.4387319"/>
 <node id="6204155718" visible="true" version="1" changeset="66259814" timestamp="2019-01-12T20:34:36Z" user="MapMakerGal" uid="7579660" lat="43.3401725" lon="-8.4332926"/>
 <node id="6204155719" visible="true" version="1" changeset="66259814" timestamp="2019-01-12T20:34:36Z" user="MapMakerGal" uid="7579660" lat="43.3400347" lon="-8.4331540"/>
 <node id="6204155720" visible="true" version="1" changeset="66259814" timestamp="2019-01-12T20:34:36Z" user="MapMakerGal" uid="7579660" lat="43.3403640" lon="-8.4334543"/>
 <node id="6204155721" visible="true" version="1" changeset="66259814" timestamp="2019-01-12T20:34:36Z" user="MapMakerGal" uid="7579660" lat="43.3404233" lon="-8.4336113"/>
 <node id="6204155722" visible="true" version="1" changeset="66259814" timestamp="2019-01-12T20:34:36Z" user="MapMakerGal" uid="7579660" lat="43.3404412" lon="-8.4339085"/>
 <node id="6204155723" visible="true" version="1" changeset="66259814" timestamp="2019-01-12T20:34:36Z" user="MapMakerGal" uid="7579660" lat="43.3404278" lon="-8.4344382"/>
 <node id="6204155724" visible="true" version="1" changeset="66259814" timestamp="2019-01-12T20:34:36Z" user="MapMakerGal" uid="7579660" lat="43.3404222" lon="-8.4346599"/>
 <node id="6204155725" visible="true" version="1" changeset="66259814" timestamp="2019-01-12T20:34:36Z" user="MapMakerGal" uid="7579660" lat="43.3405969" lon="-8.4349309"/>
 <node id="6204155726" visible="true" version="1" changeset="66259814" timestamp="2019-01-12T20:34:36Z" user="MapMakerGal" uid="7579660" lat="43.3406742" lon="-8.4351342"/>
 <node id="6204155727" visible="true" version="1" changeset="66259814" timestamp="2019-01-12T20:34:36Z" user="MapMakerGal" uid="7579660" lat="43.3411456" lon="-8.4356007"/>
 <node id="6204155728" visible="true" version="1" changeset="66259814" timestamp="2019-01-12T20:34:36Z" user="MapMakerGal" uid="7579660" lat="43.3413562" lon="-8.4357378"/>
 <node id="6204155729" visible="true" version="1" changeset="66259814" timestamp="2019-01-12T20:34:36Z" user="MapMakerGal" uid="7579660" lat="43.3414312" lon="-8.4356823"/>
 <node id="6204155730" visible="true" version="1" changeset="66259814" timestamp="2019-01-12T20:34:36Z" user="MapMakerGal" uid="7579660" lat="43.3415745" lon="-8.4356700"/>
 <node id="6204155731" visible="true" version="1" changeset="66259814" timestamp="2019-01-12T20:34:36Z" user="MapMakerGal" uid="7579660" lat="43.3418075" lon="-8.4358609"/>
 <node id="6204155732" visible="true" version="1" changeset="66259814" timestamp="2019-01-12T20:34:36Z" user="MapMakerGal" uid="7579660" lat="43.3418500" lon="-8.4359841"/>
 <node id="6204155733" visible="true" version="1" changeset="66259814" timestamp="2019-01-12T20:34:36Z" user="MapMakerGal" uid="7579660" lat="43.3418467" lon="-8.4362551"/>
 <node id="6204155734" visible="true" version="1" changeset="66259814" timestamp="2019-01-12T20:34:36Z" user="MapMakerGal" uid="7579660" lat="43.3418377" lon="-8.4365662"/>
 <node id="6204155735" visible="true" version="1" changeset="66259814" timestamp="2019-01-12T20:34:37Z" user="MapMakerGal" uid="7579660" lat="43.3418422" lon="-8.4371128"/>
 <node id="6204155736" visible="true" version="1" changeset="66259814" timestamp="2019-01-12T20:34:37Z" user="MapMakerGal" uid="7579660" lat="43.3417683" lon="-8.4373699"/>
 <node id="6204155737" visible="true" version="1" changeset="66259814" timestamp="2019-01-12T20:34:37Z" user="MapMakerGal" uid="7579660" lat="43.3417134" lon="-8.4375901"/>
 <node id="6204155738" visible="true" version="1" changeset="66259814" timestamp="2019-01-12T20:34:37Z" user="MapMakerGal" uid="7579660" lat="43.3417212" lon="-8.4377133"/>
 <node id="6204155739" visible="true" version="1" changeset="66259814" timestamp="2019-01-12T20:34:37Z" user="MapMakerGal" uid="7579660" lat="43.3417828" lon="-8.4377795"/>
 <node id="6204155740" visible="true" version="1" changeset="66259814" timestamp="2019-01-12T20:34:37Z" user="MapMakerGal" uid="7579660" lat="43.3418814" lon="-8.4378611"/>
 <node id="6204155741" visible="true" version="1" changeset="66259814" timestamp="2019-01-12T20:34:37Z" user="MapMakerGal" uid="7579660" lat="43.3431882" lon="-8.4349305"/>
 <node id="6204155742" visible="true" version="1" changeset="66259814" timestamp="2019-01-12T20:34:37Z" user="MapMakerGal" uid="7579660" lat="43.3431748" lon="-8.4349198"/>
 <node id="6204155743" visible="true" version="1" changeset="66259814" timestamp="2019-01-12T20:34:37Z" user="MapMakerGal" uid="7579660" lat="43.3431521" lon="-8.4349121"/>
 <node id="6204155744" visible="true" version="1" changeset="66259814" timestamp="2019-01-12T20:34:37Z" user="MapMakerGal" uid="7579660" lat="43.3431347" lon="-8.4349263"/>
 <node id="6204155745" visible="true" version="1" changeset="66259814" timestamp="2019-01-12T20:34:37Z" user="MapMakerGal" uid="7579660" lat="43.3431387" lon="-8.4349648"/>
 <node id="6204155746" visible="true" version="1" changeset="66259814" timestamp="2019-01-12T20:34:37Z" user="MapMakerGal" uid="7579660" lat="43.3431647" lon="-8.4349702"/>
 <node id="6204155747" visible="true" version="1" changeset="66259814" timestamp="2019-01-12T20:34:37Z" user="MapMakerGal" uid="7579660" lat="43.3431874" lon="-8.4349348"/>
 <node id="6204155748" visible="true" version="1" changeset="66259814" timestamp="2019-01-12T20:34:37Z" user="MapMakerGal" uid="7579660" lat="43.3430715" lon="-8.4349097"/>
 <node id="6204155749" visible="true" version="1" changeset="66259814" timestamp="2019-01-12T20:34:37Z" user="MapMakerGal" uid="7579660" lat="43.3430580" lon="-8.4348855"/>
 <node id="6204155750" visible="true" version="1" changeset="66259814" timestamp="2019-01-12T20:34:37Z" user="MapMakerGal" uid="7579660" lat="43.3430340" lon="-8.4348790"/>
 <node id="6204155751" visible="true" version="1" changeset="66259814" timestamp="2019-01-12T20:34:37Z" user="MapMakerGal" uid="7579660" lat="43.3430306" lon="-8.4348828"/>
 <node id="6204155752" visible="true" version="1" changeset="66259814" timestamp="2019-01-12T20:34:37Z" user="MapMakerGal" uid="7579660" lat="43.3430250" lon="-8.4349124"/>
 <node id="6204155753" visible="true" version="1" changeset="66259814" timestamp="2019-01-12T20:34:37Z" user="MapMakerGal" uid="7579660" lat="43.3430412" lon="-8.4350087"/>
 <node id="6204155754" visible="true" version="1" changeset="66259814" timestamp="2019-01-12T20:34:37Z" user="MapMakerGal" uid="7579660" lat="43.3430502" lon="-8.4350164"/>
 <node id="6204155755" visible="true" version="1" changeset="66259814" timestamp="2019-01-12T20:34:37Z" user="MapMakerGal" uid="7579660" lat="43.3430662" lon="-8.4350222"/>
 <node id="6204155756" visible="true" version="1" changeset="66259814" timestamp="2019-01-12T20:34:37Z" user="MapMakerGal" uid="7579660" lat="43.3430760" lon="-8.4350214"/>
 <node id="6204155757" visible="true" version="1" changeset="66259814" timestamp="2019-01-12T20:34:37Z" user="MapMakerGal" uid="7579660" lat="43.3430866" lon="-8.4350079"/>
 <node id="6204155758" visible="true" version="1" changeset="66259814" timestamp="2019-01-12T20:34:37Z" user="MapMakerGal" uid="7579660" lat="43.3430874" lon="-8.4349810"/>
 <node id="6204155759" visible="true" version="1" changeset="66259814" timestamp="2019-01-12T20:34:37Z" user="MapMakerGal" uid="7579660" lat="43.3430796" lon="-8.4349301"/>
 <node id="6204155760" visible="true" version="1" changeset="66259814" timestamp="2019-01-12T20:34:37Z" user="MapMakerGal" uid="7579660" lat="43.3430852" lon="-8.4344705"/>
 <node id="6204155761" visible="true" version="1" changeset="66259814" timestamp="2019-01-12T20:34:37Z" user="MapMakerGal" uid="7579660" lat="43.3430600" lon="-8.4344705"/>
 <node id="6204155762" visible="true" version="1" changeset="66259814" timestamp="2019-01-12T20:34:37Z" user="MapMakerGal" uid="7579660" lat="43.3430393" lon="-8.4345059"/>
 <node id="6204155763" visible="true" version="1" changeset="66259814" timestamp="2019-01-12T20:34:37Z" user="MapMakerGal" uid="7579660" lat="43.3430225" lon="-8.4345483"/>
 <node id="6204155764" visible="true" version="1" changeset="66259814" timestamp="2019-01-12T20:34:37Z" user="MapMakerGal" uid="7579660" lat="43.3430264" lon="-8.4346153"/>
 <node id="6204155765" visible="true" version="1" changeset="66259814" timestamp="2019-01-12T20:34:37Z" user="MapMakerGal" uid="7579660" lat="43.3430628" lon="-8.4346307"/>
 <node id="6204155766" visible="true" version="1" changeset="66259814" timestamp="2019-01-12T20:34:37Z" user="MapMakerGal" uid="7579660" lat="43.3430942" lon="-8.4345999"/>
 <node id="6204155767" visible="true" version="1" changeset="66259814" timestamp="2019-01-12T20:34:37Z" user="MapMakerGal" uid="7579660" lat="43.3430869" lon="-8.4345375"/>
 <node id="6204155768" visible="true" version="1" changeset="66259814" timestamp="2019-01-12T20:34:37Z" user="MapMakerGal" uid="7579660" lat="43.3430908" lon="-8.4344805"/>
 <node id="6204155933" visible="true" version="1" changeset="66259814" timestamp="2019-01-12T20:34:39Z" user="MapMakerGal" uid="7579660" lat="43.3433573" lon="-8.4352165"/>
 <node id="6204155934" visible="true" version="1" changeset="66259814" timestamp="2019-01-12T20:34:39Z" user="MapMakerGal" uid="7579660" lat="43.3433455" lon="-8.4352135"/>
 <node id="6204155935" visible="true" version="1" changeset="66259814" timestamp="2019-01-12T20:34:39Z" user="MapMakerGal" uid="7579660" lat="43.3433170" lon="-8.4352235"/>
 <node id="6204155936" visible="true" version="1" changeset="66259814" timestamp="2019-01-12T20:34:39Z" user="MapMakerGal" uid="7579660" lat="43.3432935" lon="-8.4352258"/>
 <node id="6204155937" visible="true" version="1" changeset="66259814" timestamp="2019-01-12T20:34:39Z" user="MapMakerGal" uid="7579660" lat="43.3432890" lon="-8.4351935"/>
 <node id="6204155938" visible="true" version="1" changeset="66259814" timestamp="2019-01-12T20:34:39Z" user="MapMakerGal" uid="7579660" lat="43.3432896" lon="-8.4351465"/>
 <node id="6204155939" visible="true" version="1" changeset="66259814" timestamp="2019-01-12T20:34:39Z" user="MapMakerGal" uid="7579660" lat="43.3432873" lon="-8.4351188"/>
 <node id="6204155940" visible="true" version="1" changeset="66259814" timestamp="2019-01-12T20:34:39Z" user="MapMakerGal" uid="7579660" lat="43.3432711" lon="-8.4351011"/>
 <node id="6204155941" visible="true" version="1" changeset="66259814" timestamp="2019-01-12T20:34:39Z" user="MapMakerGal" uid="7579660" lat="43.3432548" lon="-8.4351172"/>
 <node id="6204155942" visible="true" version="1" changeset="66259814" timestamp="2019-01-12T20:34:39Z" user="MapMakerGal" uid="7579660" lat="43.3432548" lon="-8.4351634"/>
 <node id="6204155943" visible="true" version="1" changeset="66259814" timestamp="2019-01-12T20:34:39Z" user="MapMakerGal" uid="7579660" lat="43.3432476" lon="-8.4351965"/>
 <node id="6204155944" visible="true" version="1" changeset="66259814" timestamp="2019-01-12T20:34:39Z" user="MapMakerGal" uid="7579660" lat="43.3432319" lon="-8.4351865"/>
 <node id="6204155945" visible="true" version="1" changeset="66259814" timestamp="2019-01-12T20:34:39Z" user="MapMakerGal" uid="7579660" lat="43.3432061" lon="-8.4351781"/>
 <node id="6204155946" visible="true" version="1" changeset="66259814" timestamp="2019-01-12T20:34:39Z" user="MapMakerGal" uid="7579660" lat="43.3431776" lon="-8.4352196"/>
 <node id="6204155947" visible="true" version="1" changeset="66259814" timestamp="2019-01-12T20:34:40Z" user="MapMakerGal" uid="7579660" lat="43.3431597" lon="-8.4352635"/>
 <node id="6204155948" visible="true" version="1" changeset="66259814" timestamp="2019-01-12T20:34:40Z" user="MapMakerGal" uid="7579660" lat="43.3431473" lon="-8.4353074"/>
 <node id="6204155949" visible="true" version="1" changeset="66259814" timestamp="2019-01-12T20:34:40Z" user="MapMakerGal" uid="7579660" lat="43.3431434" lon="-8.4353782"/>
 <node id="6204155950" visible="true" version="1" changeset="66259814" timestamp="2019-01-12T20:34:40Z" user="MapMakerGal" uid="7579660" lat="43.3431557" lon="-8.4354968"/>
 <node id="6204155951" visible="true" version="1" changeset="66259814" timestamp="2019-01-12T20:34:40Z" user="MapMakerGal" uid="7579660" lat="43.3431798" lon="-8.4356092"/>
 <node id="6204155952" visible="true" version="1" changeset="66259814" timestamp="2019-01-12T20:34:40Z" user="MapMakerGal" uid="7579660" lat="43.3431916" lon="-8.4356231"/>
 <node id="6204155953" visible="true" version="1" changeset="66259814" timestamp="2019-01-12T20:34:40Z" user="MapMakerGal" uid="7579660" lat="43.3432106" lon="-8.4356261"/>
 <node id="6204155954" visible="true" version="1" changeset="66259814" timestamp="2019-01-12T20:34:40Z" user="MapMakerGal" uid="7579660" lat="43.3432375" lon="-8.4356146"/>
 <node id="6204155955" visible="true" version="1" changeset="66259814" timestamp="2019-01-12T20:34:40Z" user="MapMakerGal" uid="7579660" lat="43.3432576" lon="-8.4355491"/>
 <node id="6204155956" visible="true" version="1" changeset="66259814" timestamp="2019-01-12T20:34:40Z" user="MapMakerGal" uid="7579660" lat="43.3432817" lon="-8.4355037"/>
 <node id="6204155957" visible="true" version="1" changeset="66259814" timestamp="2019-01-12T20:34:40Z" user="MapMakerGal" uid="7579660" lat="43.3433192" lon="-8.4355060"/>
 <node id="6204155958" visible="true" version="1" changeset="66259814" timestamp="2019-01-12T20:34:40Z" user="MapMakerGal" uid="7579660" lat="43.3433377" lon="-8.4354968"/>
 <node id="6204155959" visible="true" version="1" changeset="66259814" timestamp="2019-01-12T20:34:40Z" user="MapMakerGal" uid="7579660" lat="43.3433523" lon="-8.4354437"/>
 <node id="6204155960" visible="true" version="1" changeset="66259814" timestamp="2019-01-12T20:34:40Z" user="MapMakerGal" uid="7579660" lat="43.3433511" lon="-8.4353798"/>
 <node id="6204155961" visible="true" version="1" changeset="66259814" timestamp="2019-01-12T20:34:40Z" user="MapMakerGal" uid="7579660" lat="43.3433640" lon="-8.4353174"/>
 <node id="6204155962" visible="true" version="1" changeset="66259814" timestamp="2019-01-12T20:34:40Z" user="MapMakerGal" uid="7579660" lat="43.3433607" lon="-8.4352450"/>
 <node id="6204155963" visible="true" version="1" changeset="66259814" timestamp="2019-01-12T20:34:40Z" user="MapMakerGal" uid="7579660" lat="43.3423539" lon="-8.4361035"/>
 <node id="6204155964" visible="true" version="1" changeset="66259814" timestamp="2019-01-12T20:34:40Z" user="MapMakerGal" uid="7579660" lat="43.3423371" lon="-8.4361004"/>
 <node id="6204155965" visible="true" version="1" changeset="66259814" timestamp="2019-01-12T20:34:40Z" user="MapMakerGal" uid="7579660" lat="43.3423187" lon="-8.4361004"/>
 <node id="6204155966" visible="true" version="1" changeset="66259814" timestamp="2019-01-12T20:34:40Z" user="MapMakerGal" uid="7579660" lat="43.3423047" lon="-8.4360904"/>
 <node id="6204155967" visible="true" version="1" changeset="66259814" timestamp="2019-01-12T20:34:40Z" user="MapMakerGal" uid="7579660" lat="43.3423030" lon="-8.4360673"/>
 <node id="6204155968" visible="true" version="1" changeset="66259814" timestamp="2019-01-12T20:34:40Z" user="MapMakerGal" uid="7579660" lat="43.3423064" lon="-8.4360188"/>
 <node id="6204155969" visible="true" version="1" changeset="66259814" timestamp="2019-01-12T20:34:40Z" user="MapMakerGal" uid="7579660" lat="43.3422879" lon="-8.4359710"/>
 <node id="6204155970" visible="true" version="1" changeset="66259814" timestamp="2019-01-12T20:34:40Z" user="MapMakerGal" uid="7579660" lat="43.3422660" lon="-8.4359672"/>
 <node id="6204155971" visible="true" version="1" changeset="66259814" timestamp="2019-01-12T20:34:40Z" user="MapMakerGal" uid="7579660" lat="43.3422408" lon="-8.4359787"/>
 <node id="6204155972" visible="true" version="1" changeset="66259814" timestamp="2019-01-12T20:34:40Z" user="MapMakerGal" uid="7579660" lat="43.3422173" lon="-8.4360426"/>
 <node id="6204155973" visible="true" version="1" changeset="66259814" timestamp="2019-01-12T20:34:40Z" user="MapMakerGal" uid="7579660" lat="43.3422268" lon="-8.4360881"/>
 <node id="6204155974" visible="true" version="1" changeset="66259814" timestamp="2019-01-12T20:34:40Z" user="MapMakerGal" uid="7579660" lat="43.3422616" lon="-8.4361304"/>
 <node id="6204155975" visible="true" version="1" changeset="66259814" timestamp="2019-01-12T20:34:40Z" user="MapMakerGal" uid="7579660" lat="43.3422856" lon="-8.4361635"/>
 <node id="6204155976" visible="true" version="1" changeset="66259814" timestamp="2019-01-12T20:34:40Z" user="MapMakerGal" uid="7579660" lat="43.3423013" lon="-8.4361712"/>
 <node id="6204155977" visible="true" version="1" changeset="66259814" timestamp="2019-01-12T20:34:40Z" user="MapMakerGal" uid="7579660" lat="43.3423259" lon="-8.4361835"/>
 <node id="6204155978" visible="true" version="1" changeset="66259814" timestamp="2019-01-12T20:34:40Z" user="MapMakerGal" uid="7579660" lat="43.3423478" lon="-8.4361805"/>
 <node id="6204155979" visible="true" version="1" changeset="66259814" timestamp="2019-01-12T20:34:40Z" user="MapMakerGal" uid="7579660" lat="43.3423635" lon="-8.4361612"/>
 <node id="6204155980" visible="true" version="1" changeset="66259814" timestamp="2019-01-12T20:34:40Z" user="MapMakerGal" uid="7579660" lat="43.3423607" lon="-8.4361142"/>
 <node id="6204155981" visible="true" version="1" changeset="66259814" timestamp="2019-01-12T20:34:40Z" user="MapMakerGal" uid="7579660" lat="43.3424631" lon="-8.4363406"/>
 <node id="6204155982" visible="true" version="1" changeset="66259814" timestamp="2019-01-12T20:34:40Z" user="MapMakerGal" uid="7579660" lat="43.3424642" lon="-8.4363098"/>
 <node id="6204155983" visible="true" version="1" changeset="66259814" timestamp="2019-01-12T20:34:40Z" user="MapMakerGal" uid="7579660" lat="43.3424788" lon="-8.4362459"/>
 <node id="6204155984" visible="true" version="1" changeset="66259814" timestamp="2019-01-12T20:34:40Z" user="MapMakerGal" uid="7579660" lat="43.3425001" lon="-8.4362120"/>
 <node id="6204155985" visible="true" version="1" changeset="66259814" timestamp="2019-01-12T20:34:40Z" user="MapMakerGal" uid="7579660" lat="43.3425398" lon="-8.4361905"/>
 <node id="6204155986" visible="true" version="1" changeset="66259814" timestamp="2019-01-12T20:34:40Z" user="MapMakerGal" uid="7579660" lat="43.3425594" lon="-8.4361574"/>
 <node id="6204155987" visible="true" version="1" changeset="66259814" timestamp="2019-01-12T20:34:40Z" user="MapMakerGal" uid="7579660" lat="43.3425482" lon="-8.4361327"/>
 <node id="6204155988" visible="true" version="1" changeset="66259814" timestamp="2019-01-12T20:34:40Z" user="MapMakerGal" uid="7579660" lat="43.3425219" lon="-8.4361350"/>
 <node id="6204155989" visible="true" version="1" changeset="66259814" timestamp="2019-01-12T20:34:40Z" user="MapMakerGal" uid="7579660" lat="43.3424682" lon="-8.4361581"/>
 <node id="6204155990" visible="true" version="1" changeset="66259814" timestamp="2019-01-12T20:34:40Z" user="MapMakerGal" uid="7579660" lat="43.3424407" lon="-8.4361928"/>
 <node id="6204155991" visible="true" version="1" changeset="66259814" timestamp="2019-01-12T20:34:40Z" user="MapMakerGal" uid="7579660" lat="43.3424245" lon="-8.4362297"/>
 <node id="6204155992" visible="true" version="1" changeset="66259814" timestamp="2019-01-12T20:34:40Z" user="MapMakerGal" uid="7579660" lat="43.3424183" lon="-8.4362598"/>
 <node id="6204155993" visible="true" version="1" changeset="66259814" timestamp="2019-01-12T20:34:40Z" user="MapMakerGal" uid="7579660" lat="43.3424139" lon="-8.4362913"/>
 <node id="6204155994" visible="true" version="1" changeset="66259814" timestamp="2019-01-12T20:34:40Z" user="MapMakerGal" uid="7579660" lat="43.3424038" lon="-8.4363375"/>
 <node id="6204155995" visible="true" version="1" changeset="66259814" timestamp="2019-01-12T20:34:40Z" user="MapMakerGal" uid="7579660" lat="43.3423993" lon="-8.4363960"/>
 <node id="6204155996" visible="true" version="1" changeset="66259814" timestamp="2019-01-12T20:34:40Z" user="MapMakerGal" uid="7579660" lat="43.3424094" lon="-8.4364414"/>
 <node id="6204155997" visible="true" version="1" changeset="66259814" timestamp="2019-01-12T20:34:40Z" user="MapMakerGal" uid="7579660" lat="43.3424301" lon="-8.4364900"/>
 <node id="6204155998" visible="true" version="1" changeset="66259814" timestamp="2019-01-12T20:34:40Z" user="MapMakerGal" uid="7579660" lat="43.3424586" lon="-8.4364915"/>
 <node id="6204155999" visible="true" version="1" changeset="66259814" timestamp="2019-01-12T20:34:40Z" user="MapMakerGal" uid="7579660" lat="43.3424609" lon="-8.4364230"/>
 <node id="6204156000" visible="true" version="1" changeset="66259814" timestamp="2019-01-12T20:34:40Z" user="MapMakerGal" uid="7579660" lat="43.3424614" lon="-8.4363760"/>
 <node id="6204156001" visible="true" version="1" changeset="66259814" timestamp="2019-01-12T20:34:40Z" user="MapMakerGal" uid="7579660" lat="43.3423327" lon="-8.4366239"/>
 <node id="6204156002" visible="true" version="1" changeset="66259814" timestamp="2019-01-12T20:34:40Z" user="MapMakerGal" uid="7579660" lat="43.3423304" lon="-8.4365639"/>
 <node id="6204156003" visible="true" version="1" changeset="66259814" timestamp="2019-01-12T20:34:40Z" user="MapMakerGal" uid="7579660" lat="43.3423142" lon="-8.4364807"/>
 <node id="6204156004" visible="true" version="1" changeset="66259814" timestamp="2019-01-12T20:34:40Z" user="MapMakerGal" uid="7579660" lat="43.3422834" lon="-8.4364538"/>
 <node id="6204156005" visible="true" version="1" changeset="66259814" timestamp="2019-01-12T20:34:40Z" user="MapMakerGal" uid="7579660" lat="43.3422459" lon="-8.4365369"/>
 <node id="6204156006" visible="true" version="1" changeset="66259814" timestamp="2019-01-12T20:34:40Z" user="MapMakerGal" uid="7579660" lat="43.3422403" lon="-8.4366339"/>
 <node id="6204156007" visible="true" version="1" changeset="66259814" timestamp="2019-01-12T20:34:40Z" user="MapMakerGal" uid="7579660" lat="43.3422313" lon="-8.4367171"/>
 <node id="6204156008" visible="true" version="1" changeset="66259814" timestamp="2019-01-12T20:34:40Z" user="MapMakerGal" uid="7579660" lat="43.3422212" lon="-8.4367779"/>
 <node id="6204156009" visible="true" version="1" changeset="66259814" timestamp="2019-01-12T20:34:40Z" user="MapMakerGal" uid="7579660" lat="43.3422481" lon="-8.4368225"/>
 <node id="6204156010" visible="true" version="1" changeset="66259814" timestamp="2019-01-12T20:34:40Z" user="MapMakerGal" uid="7579660" lat="43.3422840" lon="-8.4367656"/>
 <node id="6204156011" visible="true" version="1" changeset="66259814" timestamp="2019-01-12T20:34:40Z" user="MapMakerGal" uid="7579660" lat="43.3423108" lon="-8.4367209"/>
 <node id="6204156012" visible="true" version="1" changeset="66259814" timestamp="2019-01-12T20:34:40Z" user="MapMakerGal" uid="7579660" lat="43.3423355" lon="-8.4366686"/>
 <node id="6204156013" visible="true" version="1" changeset="66259814" timestamp="2019-01-12T20:34:40Z" user="MapMakerGal" uid="7579660" lat="43.3422876" lon="-8.4350945"/>
 <node id="6204156014" visible="true" version="1" changeset="66259814" timestamp="2019-01-12T20:34:40Z" user="MapMakerGal" uid="7579660" lat="43.3422879" lon="-8.4350622"/>
 <node id="6204156015" visible="true" version="1" changeset="66259814" timestamp="2019-01-12T20:34:40Z" user="MapMakerGal" uid="7579660" lat="43.3422747" lon="-8.4350164"/>
 <node id="6204156016" visible="true" version="1" changeset="66259814" timestamp="2019-01-12T20:34:40Z" user="MapMakerGal" uid="7579660" lat="43.3422714" lon="-8.4349594"/>
 <node id="6204156017" visible="true" version="1" changeset="66259814" timestamp="2019-01-12T20:34:41Z" user="MapMakerGal" uid="7579660" lat="43.3422756" lon="-8.4349352"/>
 <node id="6204156018" visible="true" version="1" changeset="66259814" timestamp="2019-01-12T20:34:41Z" user="MapMakerGal" uid="7579660" lat="43.3422837" lon="-8.4349071"/>
 <node id="6204156019" visible="true" version="1" changeset="66259814" timestamp="2019-01-12T20:34:41Z" user="MapMakerGal" uid="7579660" lat="43.3423052" lon="-8.4348678"/>
 <node id="6204156020" visible="true" version="1" changeset="66259814" timestamp="2019-01-12T20:34:41Z" user="MapMakerGal" uid="7579660" lat="43.3423170" lon="-8.4348378"/>
 <node id="6204156021" visible="true" version="1" changeset="66259814" timestamp="2019-01-12T20:34:41Z" user="MapMakerGal" uid="7579660" lat="43.3423321" lon="-8.4348085"/>
 <node id="6204156022" visible="true" version="1" changeset="66259814" timestamp="2019-01-12T20:34:41Z" user="MapMakerGal" uid="7579660" lat="43.3423478" lon="-8.4347908"/>
 <node id="6204156023" visible="true" version="1" changeset="66259814" timestamp="2019-01-12T20:34:41Z" user="MapMakerGal" uid="7579660" lat="43.3423567" lon="-8.4347739"/>
 <node id="6204156024" visible="true" version="1" changeset="66259814" timestamp="2019-01-12T20:34:41Z" user="MapMakerGal" uid="7579660" lat="43.3423579" lon="-8.4347315"/>
 <node id="6204156025" visible="true" version="1" changeset="66259814" timestamp="2019-01-12T20:34:41Z" user="MapMakerGal" uid="7579660" lat="43.3423523" lon="-8.4347030"/>
 <node id="6204156026" visible="true" version="1" changeset="66259814" timestamp="2019-01-12T20:34:41Z" user="MapMakerGal" uid="7579660" lat="43.3423388" lon="-8.4346815"/>
 <node id="6204156027" visible="true" version="1" changeset="66259814" timestamp="2019-01-12T20:34:41Z" user="MapMakerGal" uid="7579660" lat="43.3423097" lon="-8.4346769"/>
 <node id="6204156028" visible="true" version="1" changeset="66259814" timestamp="2019-01-12T20:34:41Z" user="MapMakerGal" uid="7579660" lat="43.3422946" lon="-8.4346684"/>
 <node id="6204156029" visible="true" version="1" changeset="66259814" timestamp="2019-01-12T20:34:41Z" user="MapMakerGal" uid="7579660" lat="43.3422806" lon="-8.4346391"/>
 <node id="6204156030" visible="true" version="1" changeset="66259814" timestamp="2019-01-12T20:34:41Z" user="MapMakerGal" uid="7579660" lat="43.3422627" lon="-8.4345822"/>
 <node id="6204156031" visible="true" version="1" changeset="66259814" timestamp="2019-01-12T20:34:41Z" user="MapMakerGal" uid="7579660" lat="43.3422347" lon="-8.4345875"/>
 <node id="6204156032" visible="true" version="1" changeset="66259814" timestamp="2019-01-12T20:34:41Z" user="MapMakerGal" uid="7579660" lat="43.3422128" lon="-8.4346276"/>
 <node id="6204156033" visible="true" version="1" changeset="66259814" timestamp="2019-01-12T20:34:41Z" user="MapMakerGal" uid="7579660" lat="43.3421966" lon="-8.4346738"/>
 <node id="6204156034" visible="true" version="1" changeset="66259814" timestamp="2019-01-12T20:34:41Z" user="MapMakerGal" uid="7579660" lat="43.3421904" lon="-8.4347084"/>
 <node id="6204156035" visible="true" version="1" changeset="66259814" timestamp="2019-01-12T20:34:41Z" user="MapMakerGal" uid="7579660" lat="43.3421955" lon="-8.4347769"/>
 <node id="6204156036" visible="true" version="1" changeset="66259814" timestamp="2019-01-12T20:34:41Z" user="MapMakerGal" uid="7579660" lat="43.3422084" lon="-8.4347893"/>
 <node id="6204156037" visible="true" version="1" changeset="66259814" timestamp="2019-01-12T20:34:41Z" user="MapMakerGal" uid="7579660" lat="43.3422358" lon="-8.4347862"/>
 <node id="6204156038" visible="true" version="1" changeset="66259814" timestamp="2019-01-12T20:34:41Z" user="MapMakerGal" uid="7579660" lat="43.3422599" lon="-8.4347908"/>
 <node id="6204156039" visible="true" version="1" changeset="66259814" timestamp="2019-01-12T20:34:41Z" user="MapMakerGal" uid="7579660" lat="43.3422728" lon="-8.4347993"/>
 <node id="6204156040" visible="true" version="1" changeset="66259814" timestamp="2019-01-12T20:34:41Z" user="MapMakerGal" uid="7579660" lat="43.3422644" lon="-8.4348355"/>
 <node id="6204156041" visible="true" version="1" changeset="66259814" timestamp="2019-01-12T20:34:41Z" user="MapMakerGal" uid="7579660" lat="43.3422431" lon="-8.4348470"/>
 <node id="6204156042" visible="true" version="1" changeset="66259814" timestamp="2019-01-12T20:34:41Z" user="MapMakerGal" uid="7579660" lat="43.3422240" lon="-8.4348601"/>
 <node id="6204156043" visible="true" version="1" changeset="66259814" timestamp="2019-01-12T20:34:41Z" user="MapMakerGal" uid="7579660" lat="43.3422050" lon="-8.4348809"/>
 <node id="6204156044" visible="true" version="1" changeset="66259814" timestamp="2019-01-12T20:34:41Z" user="MapMakerGal" uid="7579660" lat="43.3421932" lon="-8.4349263"/>
 <node id="6204156045" visible="true" version="1" changeset="66259814" timestamp="2019-01-12T20:34:41Z" user="MapMakerGal" uid="7579660" lat="43.3422000" lon="-8.4349702"/>
 <node id="6204156046" visible="true" version="1" changeset="66259814" timestamp="2019-01-12T20:34:41Z" user="MapMakerGal" uid="7579660" lat="43.3421983" lon="-8.4350171"/>
 <node id="6204156047" visible="true" version="1" changeset="66259814" timestamp="2019-01-12T20:34:41Z" user="MapMakerGal" uid="7579660" lat="43.3421938" lon="-8.4350564"/>
 <node id="6204156048" visible="true" version="1" changeset="66259814" timestamp="2019-01-12T20:34:41Z" user="MapMakerGal" uid="7579660" lat="43.3421904" lon="-8.4350903"/>
 <node id="6204156049" visible="true" version="1" changeset="66259814" timestamp="2019-01-12T20:34:41Z" user="MapMakerGal" uid="7579660" lat="43.3421932" lon="-8.4351311"/>
 <node id="6204156050" visible="true" version="1" changeset="66259814" timestamp="2019-01-12T20:34:41Z" user="MapMakerGal" uid="7579660" lat="43.3421966" lon="-8.4351619"/>
 <node id="6204156051" visible="true" version="1" changeset="66259814" timestamp="2019-01-12T20:34:41Z" user="MapMakerGal" uid="7579660" lat="43.3422218" lon="-8.4351858"/>
 <node id="6204156052" visible="true" version="1" changeset="66259814" timestamp="2019-01-12T20:34:41Z" user="MapMakerGal" uid="7579660" lat="43.3422537" lon="-8.4351650"/>
 <node id="6204156053" visible="true" version="1" changeset="66259814" timestamp="2019-01-12T20:34:41Z" user="MapMakerGal" uid="7579660" lat="43.3422599" lon="-8.4351403"/>
 <node id="6204156054" visible="true" version="1" changeset="66259814" timestamp="2019-01-12T20:34:41Z" user="MapMakerGal" uid="7579660" lat="43.3422789" lon="-8.4351149"/>
 <node id="6204156055" visible="true" version="1" changeset="66259814" timestamp="2019-01-12T20:34:41Z" user="MapMakerGal" uid="7579660" lat="43.3424754" lon="-8.4359880"/>
 <node id="6204156056" visible="true" version="1" changeset="66259814" timestamp="2019-01-12T20:34:41Z" user="MapMakerGal" uid="7579660" lat="43.3424642" lon="-8.4359849"/>
 <node id="6204156057" visible="true" version="1" changeset="66259814" timestamp="2019-01-12T20:34:41Z" user="MapMakerGal" uid="7579660" lat="43.3424553" lon="-8.4359603"/>
 <node id="6204156058" visible="true" version="1" changeset="66259814" timestamp="2019-01-12T20:34:41Z" user="MapMakerGal" uid="7579660" lat="43.3424553" lon="-8.4359018"/>
 <node id="6204156059" visible="true" version="1" changeset="66259814" timestamp="2019-01-12T20:34:41Z" user="MapMakerGal" uid="7579660" lat="43.3424559" lon="-8.4358517"/>
 <node id="6204156060" visible="true" version="1" changeset="66259814" timestamp="2019-01-12T20:34:41Z" user="MapMakerGal" uid="7579660" lat="43.3424430" lon="-8.4358078"/>
 <node id="6204156061" visible="true" version="1" changeset="66259814" timestamp="2019-01-12T20:34:41Z" user="MapMakerGal" uid="7579660" lat="43.3424223" lon="-8.4357686"/>
 <node id="6204156062" visible="true" version="1" changeset="66259814" timestamp="2019-01-12T20:34:41Z" user="MapMakerGal" uid="7579660" lat="43.3423948" lon="-8.4357770"/>
 <node id="6204156063" visible="true" version="1" changeset="66259814" timestamp="2019-01-12T20:34:41Z" user="MapMakerGal" uid="7579660" lat="43.3423702" lon="-8.4357755"/>
 <node id="6204156064" visible="true" version="1" changeset="66259814" timestamp="2019-01-12T20:34:41Z" user="MapMakerGal" uid="7579660" lat="43.3423405" lon="-8.4357432"/>
 <node id="6204156065" visible="true" version="1" changeset="66259814" timestamp="2019-01-12T20:34:41Z" user="MapMakerGal" uid="7579660" lat="43.3423120" lon="-8.4357401"/>
 <node id="6204156066" visible="true" version="1" changeset="66259814" timestamp="2019-01-12T20:34:41Z" user="MapMakerGal" uid="7579660" lat="43.3422778" lon="-8.4357817"/>
 <node id="6204156067" visible="true" version="1" changeset="66259814" timestamp="2019-01-12T20:34:41Z" user="MapMakerGal" uid="7579660" lat="43.3422392" lon="-8.4357986"/>
 <node id="6204156068" visible="true" version="1" changeset="66259814" timestamp="2019-01-12T20:34:41Z" user="MapMakerGal" uid="7579660" lat="43.3422274" lon="-8.4357655"/>
 <node id="6204156069" visible="true" version="1" changeset="66259814" timestamp="2019-01-12T20:34:41Z" user="MapMakerGal" uid="7579660" lat="43.3422448" lon="-8.4357131"/>
 <node id="6204156070" visible="true" version="1" changeset="66259814" timestamp="2019-01-12T20:34:41Z" user="MapMakerGal" uid="7579660" lat="43.3422677" lon="-8.4356931"/>
 <node id="6204156071" visible="true" version="1" changeset="66259814" timestamp="2019-01-12T20:34:41Z" user="MapMakerGal" uid="7579660" lat="43.3422940" lon="-8.4356723"/>
 <node id="6204156072" visible="true" version="1" changeset="66259814" timestamp="2019-01-12T20:34:41Z" user="MapMakerGal" uid="7579660" lat="43.3423092" lon="-8.4356431"/>
 <node id="6204156073" visible="true" version="1" changeset="66259814" timestamp="2019-01-12T20:34:41Z" user="MapMakerGal" uid="7579660" lat="43.3422940" lon="-8.4355846"/>
 <node id="6204156074" visible="true" version="1" changeset="66259814" timestamp="2019-01-12T20:34:41Z" user="MapMakerGal" uid="7579660" lat="43.3422817" lon="-8.4355391"/>
 <node id="6204156075" visible="true" version="1" changeset="66259814" timestamp="2019-01-12T20:34:41Z" user="MapMakerGal" uid="7579660" lat="43.3422862" lon="-8.4354937"/>
 <node id="6204156076" visible="true" version="1" changeset="66259814" timestamp="2019-01-12T20:34:41Z" user="MapMakerGal" uid="7579660" lat="43.3423259" lon="-8.4354845"/>
 <node id="6204156077" visible="true" version="1" changeset="66259814" timestamp="2019-01-12T20:34:41Z" user="MapMakerGal" uid="7579660" lat="43.3423556" lon="-8.4355145"/>
 <node id="6204156078" visible="true" version="1" changeset="66259814" timestamp="2019-01-12T20:34:41Z" user="MapMakerGal" uid="7579660" lat="43.3423791" lon="-8.4355822"/>
 <node id="6204156079" visible="true" version="1" changeset="66259814" timestamp="2019-01-12T20:34:41Z" user="MapMakerGal" uid="7579660" lat="43.3423948" lon="-8.4356300"/>
 <node id="6204156080" visible="true" version="1" changeset="66259814" timestamp="2019-01-12T20:34:41Z" user="MapMakerGal" uid="7579660" lat="43.3424234" lon="-8.4356831"/>
 <node id="6204156081" visible="true" version="1" changeset="66259814" timestamp="2019-01-12T20:34:41Z" user="MapMakerGal" uid="7579660" lat="43.3424441" lon="-8.4356808"/>
 <node id="6204156082" visible="true" version="1" changeset="66259814" timestamp="2019-01-12T20:34:41Z" user="MapMakerGal" uid="7579660" lat="43.3424592" lon="-8.4356138"/>
 <node id="6204156083" visible="true" version="1" changeset="66259814" timestamp="2019-01-12T20:34:41Z" user="MapMakerGal" uid="7579660" lat="43.3424676" lon="-8.4355337"/>
 <node id="6204156084" visible="true" version="1" changeset="66259814" timestamp="2019-01-12T20:34:41Z" user="MapMakerGal" uid="7579660" lat="43.3424934" lon="-8.4354868"/>
 <node id="6204156085" visible="true" version="1" changeset="66259814" timestamp="2019-01-12T20:34:41Z" user="MapMakerGal" uid="7579660" lat="43.3425135" lon="-8.4355122"/>
 <node id="6204156086" visible="true" version="1" changeset="66259814" timestamp="2019-01-12T20:34:41Z" user="MapMakerGal" uid="7579660" lat="43.3425197" lon="-8.4355976"/>
 <node id="6204156087" visible="true" version="1" changeset="66259814" timestamp="2019-01-12T20:34:42Z" user="MapMakerGal" uid="7579660" lat="43.3425169" lon="-8.4356361"/>
 <node id="6204156088" visible="true" version="1" changeset="66259814" timestamp="2019-01-12T20:34:42Z" user="MapMakerGal" uid="7579660" lat="43.3425102" lon="-8.4356600"/>
 <node id="6204156089" visible="true" version="1" changeset="66259814" timestamp="2019-01-12T20:34:42Z" user="MapMakerGal" uid="7579660" lat="43.3424816" lon="-8.4357216"/>
 <node id="6204156090" visible="true" version="1" changeset="66259814" timestamp="2019-01-12T20:34:42Z" user="MapMakerGal" uid="7579660" lat="43.3424878" lon="-8.4357709"/>
 <node id="6204156091" visible="true" version="1" changeset="66259814" timestamp="2019-01-12T20:34:42Z" user="MapMakerGal" uid="7579660" lat="43.3425124" lon="-8.4358548"/>
 <node id="6204156092" visible="true" version="1" changeset="66259814" timestamp="2019-01-12T20:34:42Z" user="MapMakerGal" uid="7579660" lat="43.3425124" lon="-8.4359156"/>
 <node id="6204156093" visible="true" version="1" changeset="66259814" timestamp="2019-01-12T20:34:42Z" user="MapMakerGal" uid="7579660" lat="43.3424917" lon="-8.4359749"/>
 <node id="6204156094" visible="true" version="1" changeset="66259814" timestamp="2019-01-12T20:34:42Z" user="MapMakerGal" uid="7579660" lat="43.3426177" lon="-8.4357947"/>
 <node id="6204156095" visible="true" version="1" changeset="66259814" timestamp="2019-01-12T20:34:42Z" user="MapMakerGal" uid="7579660" lat="43.3425986" lon="-8.4358101"/>
 <node id="6204156096" visible="true" version="1" changeset="66259814" timestamp="2019-01-12T20:34:42Z" user="MapMakerGal" uid="7579660" lat="43.3425880" lon="-8.4357509"/>
 <node id="6204156097" visible="true" version="1" changeset="66259814" timestamp="2019-01-12T20:34:42Z" user="MapMakerGal" uid="7579660" lat="43.3425762" lon="-8.4356554"/>
 <node id="6204156098" visible="true" version="1" changeset="66259814" timestamp="2019-01-12T20:34:42Z" user="MapMakerGal" uid="7579660" lat="43.3425964" lon="-8.4355992"/>
 <node id="6204156099" visible="true" version="1" changeset="66259814" timestamp="2019-01-12T20:34:42Z" user="MapMakerGal" uid="7579660" lat="43.3426401" lon="-8.4355699"/>
 <node id="6204156100" visible="true" version="1" changeset="66259814" timestamp="2019-01-12T20:34:42Z" user="MapMakerGal" uid="7579660" lat="43.3426798" lon="-8.4355792"/>
 <node id="6204156101" visible="true" version="1" changeset="66259814" timestamp="2019-01-12T20:34:42Z" user="MapMakerGal" uid="7579660" lat="43.3426697" lon="-8.4356538"/>
 <node id="6204156102" visible="true" version="1" changeset="66259814" timestamp="2019-01-12T20:34:42Z" user="MapMakerGal" uid="7579660" lat="43.3426384" lon="-8.4357378"/>
 <node id="6204156103" visible="true" version="1" changeset="66259814" timestamp="2019-01-12T20:34:42Z" user="MapMakerGal" uid="7579660" lat="43.3426328" lon="-8.4357663"/>
 <node id="6204156104" visible="true" version="1" changeset="66259814" timestamp="2019-01-12T20:34:42Z" user="MapMakerGal" uid="7579660" lat="43.3421569" lon="-8.4350580"/>
 <node id="6204156105" visible="true" version="1" changeset="66259814" timestamp="2019-01-12T20:34:42Z" user="MapMakerGal" uid="7579660" lat="43.3421177" lon="-8.4350703"/>
 <node id="6204156106" visible="true" version="1" changeset="66259814" timestamp="2019-01-12T20:34:42Z" user="MapMakerGal" uid="7579660" lat="43.3420964" lon="-8.4351157"/>
 <node id="6204156107" visible="true" version="1" changeset="66259814" timestamp="2019-01-12T20:34:42Z" user="MapMakerGal" uid="7579660" lat="43.3420958" lon="-8.4351565"/>
 <node id="6204156108" visible="true" version="1" changeset="66259814" timestamp="2019-01-12T20:34:42Z" user="MapMakerGal" uid="7579660" lat="43.3421003" lon="-8.4351788"/>
 <node id="6204156109" visible="true" version="1" changeset="66259814" timestamp="2019-01-12T20:34:42Z" user="MapMakerGal" uid="7579660" lat="43.3421378" lon="-8.4352119"/>
 <node id="6204156110" visible="true" version="1" changeset="66259814" timestamp="2019-01-12T20:34:42Z" user="MapMakerGal" uid="7579660" lat="43.3421440" lon="-8.4352666"/>
 <node id="6204156111" visible="true" version="1" changeset="66259814" timestamp="2019-01-12T20:34:42Z" user="MapMakerGal" uid="7579660" lat="43.3421244" lon="-8.4353759"/>
 <node id="6204156112" visible="true" version="1" changeset="66259814" timestamp="2019-01-12T20:34:42Z" user="MapMakerGal" uid="7579660" lat="43.3420986" lon="-8.4354360"/>
 <node id="6204156113" visible="true" version="1" changeset="66259814" timestamp="2019-01-12T20:34:42Z" user="MapMakerGal" uid="7579660" lat="43.3420477" lon="-8.4353990"/>
 <node id="6204156114" visible="true" version="1" changeset="66259814" timestamp="2019-01-12T20:34:42Z" user="MapMakerGal" uid="7579660" lat="43.3420247" lon="-8.4353166"/>
 <node id="6204156115" visible="true" version="1" changeset="66259814" timestamp="2019-01-12T20:34:42Z" user="MapMakerGal" uid="7579660" lat="43.3419973" lon="-8.4351742"/>
 <node id="6204156116" visible="true" version="1" changeset="66259814" timestamp="2019-01-12T20:34:42Z" user="MapMakerGal" uid="7579660" lat="43.3419900" lon="-8.4351103"/>
 <node id="6204156117" visible="true" version="1" changeset="66259814" timestamp="2019-01-12T20:34:42Z" user="MapMakerGal" uid="7579660" lat="43.3419290" lon="-8.4349694"/>
 <node id="6204156118" visible="true" version="1" changeset="66259814" timestamp="2019-01-12T20:34:42Z" user="MapMakerGal" uid="7579660" lat="43.3418691" lon="-8.4349463"/>
 <node id="6204156119" visible="true" version="1" changeset="66259814" timestamp="2019-01-12T20:34:42Z" user="MapMakerGal" uid="7579660" lat="43.3417918" lon="-8.4349494"/>
 <node id="6204156120" visible="true" version="1" changeset="66259814" timestamp="2019-01-12T20:34:42Z" user="MapMakerGal" uid="7579660" lat="43.3416484" lon="-8.4349001"/>
 <node id="6204156121" visible="true" version="1" changeset="66259814" timestamp="2019-01-12T20:34:42Z" user="MapMakerGal" uid="7579660" lat="43.3415342" lon="-8.4347762"/>
 <node id="6204156122" visible="true" version="1" changeset="66259814" timestamp="2019-01-12T20:34:42Z" user="MapMakerGal" uid="7579660" lat="43.3414049" lon="-8.4347169"/>
 <node id="6204156123" visible="true" version="1" changeset="66259814" timestamp="2019-01-12T20:34:42Z" user="MapMakerGal" uid="7579660" lat="43.3415017" lon="-8.4347754"/>
 <node id="6204156124" visible="true" version="1" changeset="66259814" timestamp="2019-01-12T20:34:42Z" user="MapMakerGal" uid="7579660" lat="43.3414564" lon="-8.4348000"/>
 <node id="6204156125" visible="true" version="1" changeset="66259814" timestamp="2019-01-12T20:34:42Z" user="MapMakerGal" uid="7579660" lat="43.3414144" lon="-8.4347708"/>
 <node id="6204156126" visible="true" version="1" changeset="66259814" timestamp="2019-01-12T20:34:42Z" user="MapMakerGal" uid="7579660" lat="43.3414245" lon="-8.4346430"/>
 <node id="6204156127" visible="true" version="1" changeset="66259814" timestamp="2019-01-12T20:34:42Z" user="MapMakerGal" uid="7579660" lat="43.3414872" lon="-8.4345244"/>
 <node id="6204156128" visible="true" version="1" changeset="66259814" timestamp="2019-01-12T20:34:42Z" user="MapMakerGal" uid="7579660" lat="43.3415096" lon="-8.4343489"/>
 <node id="6204156129" visible="true" version="1" changeset="66259814" timestamp="2019-01-12T20:34:42Z" user="MapMakerGal" uid="7579660" lat="43.3414995" lon="-8.4340055"/>
 <node id="6204156130" visible="true" version="1" changeset="66259814" timestamp="2019-01-12T20:34:42Z" user="MapMakerGal" uid="7579660" lat="43.3414749" lon="-8.4338962"/>
 <node id="6204156131" visible="true" version="1" changeset="66259814" timestamp="2019-01-12T20:34:42Z" user="MapMakerGal" uid="7579660" lat="43.3414368" lon="-8.4337776"/>
 <node id="6204156132" visible="true" version="1" changeset="66259814" timestamp="2019-01-12T20:34:42Z" user="MapMakerGal" uid="7579660" lat="43.3414514" lon="-8.4336498"/>
 <node id="6204156133" visible="true" version="1" changeset="66259814" timestamp="2019-01-12T20:34:42Z" user="MapMakerGal" uid="7579660" lat="43.3415017" lon="-8.4334866"/>
 <node id="6204156134" visible="true" version="1" changeset="66259814" timestamp="2019-01-12T20:34:42Z" user="MapMakerGal" uid="7579660" lat="43.3416081" lon="-8.4331509"/>
 <node id="6204156135" visible="true" version="1" changeset="66259814" timestamp="2019-01-12T20:34:42Z" user="MapMakerGal" uid="7579660" lat="43.3416753" lon="-8.4330847"/>
 <node id="6204156136" visible="true" version="1" changeset="66259814" timestamp="2019-01-12T20:34:42Z" user="MapMakerGal" uid="7579660" lat="43.3416708" lon="-8.4330293"/>
 <node id="6204156137" visible="true" version="1" changeset="66259814" timestamp="2019-01-12T20:34:42Z" user="MapMakerGal" uid="7579660" lat="43.3416305" lon="-8.4329985"/>
 <node id="6204156138" visible="true" version="1" changeset="66259814" timestamp="2019-01-12T20:34:42Z" user="MapMakerGal" uid="7579660" lat="43.3415723" lon="-8.4329893"/>
 <node id="6204156139" visible="true" version="1" changeset="66259814" timestamp="2019-01-12T20:34:42Z" user="MapMakerGal" uid="7579660" lat="43.3414939" lon="-8.4330632"/>
 <node id="6204156140" visible="true" version="1" changeset="66259814" timestamp="2019-01-12T20:34:42Z" user="MapMakerGal" uid="7579660" lat="43.3413293" lon="-8.4330493"/>
 <node id="6204156141" visible="true" version="1" changeset="66259814" timestamp="2019-01-12T20:34:42Z" user="MapMakerGal" uid="7579660" lat="43.3411904" lon="-8.4329400"/>
 <node id="6204156142" visible="true" version="1" changeset="66259814" timestamp="2019-01-12T20:34:42Z" user="MapMakerGal" uid="7579660" lat="43.3411524" lon="-8.4328414"/>
 <node id="6204156143" visible="true" version="1" changeset="66259814" timestamp="2019-01-12T20:34:42Z" user="MapMakerGal" uid="7579660" lat="43.3411568" lon="-8.4327937"/>
 <node id="6204156144" visible="true" version="1" changeset="66259814" timestamp="2019-01-12T20:34:42Z" user="MapMakerGal" uid="7579660" lat="43.3412083" lon="-8.4327629"/>
 <node id="6204156145" visible="true" version="1" changeset="66259814" timestamp="2019-01-12T20:34:42Z" user="MapMakerGal" uid="7579660" lat="43.3413438" lon="-8.4328029"/>
 <node id="6204156146" visible="true" version="1" changeset="66259814" timestamp="2019-01-12T20:34:42Z" user="MapMakerGal" uid="7579660" lat="43.3414290" lon="-8.4328568"/>
 <node id="6204156147" visible="true" version="1" changeset="66259814" timestamp="2019-01-12T20:34:42Z" user="MapMakerGal" uid="7579660" lat="43.3415869" lon="-8.4328014"/>
 <node id="6204156148" visible="true" version="1" changeset="66259814" timestamp="2019-01-12T20:34:42Z" user="MapMakerGal" uid="7579660" lat="43.3417000" lon="-8.4327706"/>
 <node id="6204156149" visible="true" version="1" changeset="66259814" timestamp="2019-01-12T20:34:42Z" user="MapMakerGal" uid="7579660" lat="43.3419071" lon="-8.4328507"/>
 <node id="6204156150" visible="true" version="1" changeset="66259814" timestamp="2019-01-12T20:34:42Z" user="MapMakerGal" uid="7579660" lat="43.3419810" lon="-8.4328676"/>
 <node id="6204156151" visible="true" version="1" changeset="66259814" timestamp="2019-01-12T20:34:42Z" user="MapMakerGal" uid="7579660" lat="43.3420113" lon="-8.4328214"/>
 <node id="6204156152" visible="true" version="1" changeset="66259814" timestamp="2019-01-12T20:34:42Z" user="MapMakerGal" uid="7579660" lat="43.3420191" lon="-8.4327737"/>
 <node id="6204156153" visible="true" version="1" changeset="66259814" timestamp="2019-01-12T20:34:42Z" user="MapMakerGal" uid="7579660" lat="43.3419799" lon="-8.4326998"/>
 <node id="6204156154" visible="true" version="1" changeset="66259814" timestamp="2019-01-12T20:34:42Z" user="MapMakerGal" uid="7579660" lat="43.3417716" lon="-8.4326767"/>
 <node id="6204156155" visible="true" version="1" changeset="66259814" timestamp="2019-01-12T20:34:42Z" user="MapMakerGal" uid="7579660" lat="43.3416641" lon="-8.4326289"/>
 <node id="6204156156" visible="true" version="1" changeset="66259814" timestamp="2019-01-12T20:34:42Z" user="MapMakerGal" uid="7579660" lat="43.3415017" lon="-8.4325135"/>
 <node id="6204156157" visible="true" version="1" changeset="66259814" timestamp="2019-01-12T20:34:43Z" user="MapMakerGal" uid="7579660" lat="43.3414637" lon="-8.4324318"/>
 <node id="6204156158" visible="true" version="1" changeset="66259814" timestamp="2019-01-12T20:34:43Z" user="MapMakerGal" uid="7579660" lat="43.3414849" lon="-8.4323872"/>
 <node id="6204156159" visible="true" version="1" changeset="66259814" timestamp="2019-01-12T20:34:43Z" user="MapMakerGal" uid="7579660" lat="43.3415387" lon="-8.4323703"/>
 <node id="6204156160" visible="true" version="1" changeset="66259814" timestamp="2019-01-12T20:34:43Z" user="MapMakerGal" uid="7579660" lat="43.3416115" lon="-8.4323672"/>
 <node id="6204156161" visible="true" version="1" changeset="66259814" timestamp="2019-01-12T20:34:43Z" user="MapMakerGal" uid="7579660" lat="43.3417470" lon="-8.4324626"/>
 <node id="6204156162" visible="true" version="1" changeset="66259814" timestamp="2019-01-12T20:34:43Z" user="MapMakerGal" uid="7579660" lat="43.3419978" lon="-8.4324026"/>
 <node id="6204156163" visible="true" version="1" changeset="66259814" timestamp="2019-01-12T20:34:43Z" user="MapMakerGal" uid="7579660" lat="43.3421154" lon="-8.4323395"/>
 <node id="6204156164" visible="true" version="1" changeset="66259814" timestamp="2019-01-12T20:34:43Z" user="MapMakerGal" uid="7579660" lat="43.3422996" lon="-8.4321524"/>
 <node id="6204156165" visible="true" version="1" changeset="66259814" timestamp="2019-01-12T20:34:43Z" user="MapMakerGal" uid="7579660" lat="43.3423511" lon="-8.4321508"/>
 <node id="6204156166" visible="true" version="1" changeset="66259814" timestamp="2019-01-12T20:34:43Z" user="MapMakerGal" uid="7579660" lat="43.3423909" lon="-8.4322040"/>
 <node id="6204156167" visible="true" version="1" changeset="66259814" timestamp="2019-01-12T20:34:43Z" user="MapMakerGal" uid="7579660" lat="43.3424010" lon="-8.4322632"/>
 <node id="6204156168" visible="true" version="1" changeset="66259814" timestamp="2019-01-12T20:34:43Z" user="MapMakerGal" uid="7579660" lat="43.3423915" lon="-8.4322963"/>
 <node id="6204156169" visible="true" version="1" changeset="66259814" timestamp="2019-01-12T20:34:43Z" user="MapMakerGal" uid="7579660" lat="43.3423394" lon="-8.4323541"/>
 <node id="6204156170" visible="true" version="1" changeset="66259814" timestamp="2019-01-12T20:34:43Z" user="MapMakerGal" uid="7579660" lat="43.3423293" lon="-8.4324403"/>
 <node id="6204156171" visible="true" version="1" changeset="66259814" timestamp="2019-01-12T20:34:43Z" user="MapMakerGal" uid="7579660" lat="43.3423405" lon="-8.4324673"/>
 <node id="6204156172" visible="true" version="1" changeset="66259814" timestamp="2019-01-12T20:34:43Z" user="MapMakerGal" uid="7579660" lat="43.3423719" lon="-8.4324796"/>
 <node id="6204156173" visible="true" version="1" changeset="66259814" timestamp="2019-01-12T20:34:43Z" user="MapMakerGal" uid="7579660" lat="43.3424995" lon="-8.4324519"/>
 <node id="6204156174" visible="true" version="1" changeset="66259814" timestamp="2019-01-12T20:34:43Z" user="MapMakerGal" uid="7579660" lat="43.3425824" lon="-8.4324395"/>
 <node id="6204156175" visible="true" version="1" changeset="66259814" timestamp="2019-01-12T20:34:43Z" user="MapMakerGal" uid="7579660" lat="43.3426675" lon="-8.4325858"/>
 <node id="6204156176" visible="true" version="1" changeset="66259814" timestamp="2019-01-12T20:34:43Z" user="MapMakerGal" uid="7579660" lat="43.3426619" lon="-8.4327968"/>
 <node id="6204156177" visible="true" version="1" changeset="66259814" timestamp="2019-01-12T20:34:43Z" user="MapMakerGal" uid="7579660" lat="43.3426126" lon="-8.4331186"/>
 <node id="6204156178" visible="true" version="1" changeset="66259814" timestamp="2019-01-12T20:34:43Z" user="MapMakerGal" uid="7579660" lat="43.3424827" lon="-8.4336591"/>
 <node id="6204156179" visible="true" version="1" changeset="66259814" timestamp="2019-01-12T20:34:43Z" user="MapMakerGal" uid="7579660" lat="43.3423483" lon="-8.4343019"/>
 <node id="6204156180" visible="true" version="1" changeset="66259814" timestamp="2019-01-12T20:34:43Z" user="MapMakerGal" uid="7579660" lat="43.3423170" lon="-8.4343150"/>
 <node id="6204156181" visible="true" version="1" changeset="66259814" timestamp="2019-01-12T20:34:43Z" user="MapMakerGal" uid="7579660" lat="43.3422672" lon="-8.4343150"/>
 <node id="6204156182" visible="true" version="1" changeset="66259814" timestamp="2019-01-12T20:34:43Z" user="MapMakerGal" uid="7579660" lat="43.3421916" lon="-8.4342819"/>
 <node id="6204156183" visible="true" version="1" changeset="66259814" timestamp="2019-01-12T20:34:43Z" user="MapMakerGal" uid="7579660" lat="43.3421345" lon="-8.4343974"/>
 <node id="6204156184" visible="true" version="1" changeset="66259814" timestamp="2019-01-12T20:34:43Z" user="MapMakerGal" uid="7579660" lat="43.3421277" lon="-8.4344782"/>
 <node id="6204156185" visible="true" version="1" changeset="66259814" timestamp="2019-01-12T20:34:43Z" user="MapMakerGal" uid="7579660" lat="43.3421076" lon="-8.4345036"/>
 <node id="6204156186" visible="true" version="1" changeset="66259814" timestamp="2019-01-12T20:34:43Z" user="MapMakerGal" uid="7579660" lat="43.3420617" lon="-8.4345090"/>
 <node id="6204156187" visible="true" version="1" changeset="66259814" timestamp="2019-01-12T20:34:43Z" user="MapMakerGal" uid="7579660" lat="43.3420365" lon="-8.4345552"/>
 <node id="6204156188" visible="true" version="1" changeset="66259814" timestamp="2019-01-12T20:34:43Z" user="MapMakerGal" uid="7579660" lat="43.3420253" lon="-8.4346291"/>
 <node id="6204156189" visible="true" version="1" changeset="66259814" timestamp="2019-01-12T20:34:43Z" user="MapMakerGal" uid="7579660" lat="43.3420281" lon="-8.4347007"/>
 <node id="6204156190" visible="true" version="1" changeset="66259814" timestamp="2019-01-12T20:34:43Z" user="MapMakerGal" uid="7579660" lat="43.3420124" lon="-8.4347623"/>
 <node id="6204156191" visible="true" version="1" changeset="66259814" timestamp="2019-01-12T20:34:43Z" user="MapMakerGal" uid="7579660" lat="43.3420180" lon="-8.4348532"/>
 <node id="6204156192" visible="true" version="1" changeset="66259814" timestamp="2019-01-12T20:34:43Z" user="MapMakerGal" uid="7579660" lat="43.3420538" lon="-8.4348616"/>
 <node id="6204156193" visible="true" version="1" changeset="66259814" timestamp="2019-01-12T20:34:43Z" user="MapMakerGal" uid="7579660" lat="43.3421317" lon="-8.4348855"/>
 <node id="6204156194" visible="true" version="1" changeset="66259814" timestamp="2019-01-12T20:34:43Z" user="MapMakerGal" uid="7579660" lat="43.3421720" lon="-8.4349186"/>
 <node id="6204156195" visible="true" version="1" changeset="66259814" timestamp="2019-01-12T20:34:43Z" user="MapMakerGal" uid="7579660" lat="43.3421832" lon="-8.4349671"/>
 <node id="6204156196" visible="true" version="1" changeset="66259814" timestamp="2019-01-12T20:34:43Z" user="MapMakerGal" uid="7579660" lat="43.3424760" lon="-8.4397551">
  <tag k="power" v="tower"/>
 </node>
 <node id="6204156197" visible="true" version="1" changeset="66259814" timestamp="2019-01-12T20:34:43Z" user="MapMakerGal" uid="7579660" lat="43.3434833" lon="-8.4330940"/>
 <node id="6204156198" visible="true" version="1" changeset="66259814" timestamp="2019-01-12T20:34:43Z" user="MapMakerGal" uid="7579660" lat="43.3435342" lon="-8.4330378"/>
 <node id="6204156199" visible="true" version="1" changeset="66259814" timestamp="2019-01-12T20:34:43Z" user="MapMakerGal" uid="7579660" lat="43.3435611" lon="-8.4330308"/>
 <node id="6204156200" visible="true" version="1" changeset="66259814" timestamp="2019-01-12T20:34:43Z" user="MapMakerGal" uid="7579660" lat="43.3435746" lon="-8.4330555"/>
 <node id="6204156201" visible="true" version="1" changeset="66259814" timestamp="2019-01-12T20:34:43Z" user="MapMakerGal" uid="7579660" lat="43.3435852" lon="-8.4330955"/>
 <node id="6204156202" visible="true" version="1" changeset="66259814" timestamp="2019-01-12T20:34:43Z" user="MapMakerGal" uid="7579660" lat="43.3435544" lon="-8.4331748"/>
 <node id="6204156203" visible="true" version="1" changeset="66259814" timestamp="2019-01-12T20:34:43Z" user="MapMakerGal" uid="7579660" lat="43.3435208" lon="-8.4332387"/>
 <node id="6204156204" visible="true" version="1" changeset="66259814" timestamp="2019-01-12T20:34:43Z" user="MapMakerGal" uid="7579660" lat="43.3434402" lon="-8.4332633"/>
 <node id="6204156205" visible="true" version="1" changeset="66259814" timestamp="2019-01-12T20:34:43Z" user="MapMakerGal" uid="7579660" lat="43.3433506" lon="-8.4335374"/>
 <node id="6204156206" visible="true" version="1" changeset="66259814" timestamp="2019-01-12T20:34:43Z" user="MapMakerGal" uid="7579660" lat="43.3432845" lon="-8.4335644"/>
 <node id="6204156207" visible="true" version="1" changeset="66259814" timestamp="2019-01-12T20:34:43Z" user="MapMakerGal" uid="7579660" lat="43.3430930" lon="-8.4334674"/>
 <node id="6204156208" visible="true" version="1" changeset="66259814" timestamp="2019-01-12T20:34:43Z" user="MapMakerGal" uid="7579660" lat="43.3430370" lon="-8.4334866"/>
 <node id="6204156209" visible="true" version="1" changeset="66259814" timestamp="2019-01-12T20:34:43Z" user="MapMakerGal" uid="7579660" lat="43.3429950" lon="-8.4335220"/>
 <node id="6204156210" visible="true" version="1" changeset="66259814" timestamp="2019-01-12T20:34:43Z" user="MapMakerGal" uid="7579660" lat="43.3429491" lon="-8.4335390"/>
 <node id="6204156211" visible="true" version="1" changeset="66259814" timestamp="2019-01-12T20:34:43Z" user="MapMakerGal" uid="7579660" lat="43.3429161" lon="-8.4336244"/>
 <node id="6204156212" visible="true" version="1" changeset="66259814" timestamp="2019-01-12T20:34:43Z" user="MapMakerGal" uid="7579660" lat="43.3428612" lon="-8.4337522"/>
 <node id="6204156213" visible="true" version="1" changeset="66259814" timestamp="2019-01-12T20:34:43Z" user="MapMakerGal" uid="7579660" lat="43.3428758" lon="-8.4339139"/>
 <node id="6204156214" visible="true" version="1" changeset="66259814" timestamp="2019-01-12T20:34:43Z" user="MapMakerGal" uid="7579660" lat="43.3428780" lon="-8.4339439"/>
 <node id="6204156215" visible="true" version="1" changeset="66259814" timestamp="2019-01-12T20:34:43Z" user="MapMakerGal" uid="7579660" lat="43.3428657" lon="-8.4339732"/>
 <node id="6204156216" visible="true" version="1" changeset="66259814" timestamp="2019-01-12T20:34:43Z" user="MapMakerGal" uid="7579660" lat="43.3428332" lon="-8.4339840"/>
 <node id="6204156217" visible="true" version="1" changeset="66259814" timestamp="2019-01-12T20:34:43Z" user="MapMakerGal" uid="7579660" lat="43.3427683" lon="-8.4339670"/>
 <node id="6204156218" visible="true" version="1" changeset="66259814" timestamp="2019-01-12T20:34:43Z" user="MapMakerGal" uid="7579660" lat="43.3426776" lon="-8.4339978"/>
 <node id="6204156219" visible="true" version="1" changeset="66259814" timestamp="2019-01-12T20:34:43Z" user="MapMakerGal" uid="7579660" lat="43.3426115" lon="-8.4340224"/>
 <node id="6204156220" visible="true" version="1" changeset="66259814" timestamp="2019-01-12T20:34:43Z" user="MapMakerGal" uid="7579660" lat="43.3425723" lon="-8.4340055"/>
 <node id="6204156221" visible="true" version="1" changeset="66259814" timestamp="2019-01-12T20:34:43Z" user="MapMakerGal" uid="7579660" lat="43.3425555" lon="-8.4338454"/>
 <node id="6204156222" visible="true" version="1" changeset="66259814" timestamp="2019-01-12T20:34:44Z" user="MapMakerGal" uid="7579660" lat="43.3426373" lon="-8.4334512"/>
 <node id="6204156223" visible="true" version="1" changeset="66259814" timestamp="2019-01-12T20:34:44Z" user="MapMakerGal" uid="7579660" lat="43.3427380" lon="-8.4328999"/>
 <node id="6204156224" visible="true" version="1" changeset="66259814" timestamp="2019-01-12T20:34:44Z" user="MapMakerGal" uid="7579660" lat="43.3428097" lon="-8.4326844"/>
 <node id="6204156225" visible="true" version="1" changeset="66259814" timestamp="2019-01-12T20:34:44Z" user="MapMakerGal" uid="7579660" lat="43.3429519" lon="-8.4326197"/>
 <node id="6204156226" visible="true" version="1" changeset="66259814" timestamp="2019-01-12T20:34:44Z" user="MapMakerGal" uid="7579660" lat="43.3430415" lon="-8.4326459"/>
 <node id="6204156227" visible="true" version="1" changeset="66259814" timestamp="2019-01-12T20:34:44Z" user="MapMakerGal" uid="7579660" lat="43.3431815" lon="-8.4327352"/>
 <node id="6204156228" visible="true" version="1" changeset="66259814" timestamp="2019-01-12T20:34:44Z" user="MapMakerGal" uid="7579660" lat="43.3432498" lon="-8.4328476"/>
 <node id="6204156229" visible="true" version="1" changeset="66259814" timestamp="2019-01-12T20:34:44Z" user="MapMakerGal" uid="7579660" lat="43.3433092" lon="-8.4331001"/>
 <node id="6204156230" visible="true" version="1" changeset="66259814" timestamp="2019-01-12T20:34:44Z" user="MapMakerGal" uid="7579660" lat="43.3433562" lon="-8.4331540"/>
 <node id="6204156231" visible="true" version="1" changeset="66259814" timestamp="2019-01-12T20:34:44Z" user="MapMakerGal" uid="7579660" lat="43.3434127" lon="-8.4331455"/>
 <node id="6204156232" visible="true" version="1" changeset="66259814" timestamp="2019-01-12T20:34:44Z" user="MapMakerGal" uid="7579660" lat="43.3443663" lon="-8.4331771"/>
 <node id="6204156233" visible="true" version="1" changeset="66259814" timestamp="2019-01-12T20:34:44Z" user="MapMakerGal" uid="7579660" lat="43.3444189" lon="-8.4332248"/>
 <node id="6204156234" visible="true" version="1" changeset="66259814" timestamp="2019-01-12T20:34:44Z" user="MapMakerGal" uid="7579660" lat="43.3444547" lon="-8.4332880"/>
 <node id="6204156235" visible="true" version="1" changeset="66259814" timestamp="2019-01-12T20:34:44Z" user="MapMakerGal" uid="7579660" lat="43.3444760" lon="-8.4333526"/>
 <node id="6204156236" visible="true" version="2" changeset="71515624" timestamp="2019-06-22T18:15:38Z" user="abczyx" uid="2129377" lat="43.3444838" lon="-8.4334342">
  <tag k="addr:city" v="A Coruña"/>
  <tag k="addr:housenumber" v="49"/>
  <tag k="addr:postcode" v="15008"/>
  <tag k="addr:street" v="Estrada dos Baños de Arteixo"/>
  <tag k="source:addr" v="https://ide.coruna.es/descargas/cambioscallejero/CodVia_0333_20180129.pdf"/>
 </node>
 <node id="6204156237" visible="true" version="1" changeset="66259814" timestamp="2019-01-12T20:34:44Z" user="MapMakerGal" uid="7579660" lat="43.3444816" lon="-8.4335189"/>
 <node id="6204156238" visible="true" version="1" changeset="66259814" timestamp="2019-01-12T20:34:44Z" user="MapMakerGal" uid="7579660" lat="43.3433187" lon="-8.4362197"/>
 <node id="6204156239" visible="true" version="1" changeset="66259814" timestamp="2019-01-12T20:34:44Z" user="MapMakerGal" uid="7579660" lat="43.3433058" lon="-8.4362513"/>
 <node id="6204156240" visible="true" version="1" changeset="66259814" timestamp="2019-01-12T20:34:44Z" user="MapMakerGal" uid="7579660" lat="43.3433153" lon="-8.4362798"/>
 <node id="6204156241" visible="true" version="1" changeset="66259814" timestamp="2019-01-12T20:34:44Z" user="MapMakerGal" uid="7579660" lat="43.3433226" lon="-8.4363029"/>
 <node id="6204156242" visible="true" version="1" changeset="66259814" timestamp="2019-01-12T20:34:44Z" user="MapMakerGal" uid="7579660" lat="43.3433204" lon="-8.4363283"/>
 <node id="6204156243" visible="true" version="1" changeset="66259814" timestamp="2019-01-12T20:34:44Z" user="MapMakerGal" uid="7579660" lat="43.3433086" lon="-8.4363506"/>
 <node id="6204156244" visible="true" version="1" changeset="66259814" timestamp="2019-01-12T20:34:44Z" user="MapMakerGal" uid="7579660" lat="43.3432845" lon="-8.4363729"/>
 <node id="6204156245" visible="true" version="1" changeset="66259814" timestamp="2019-01-12T20:34:44Z" user="MapMakerGal" uid="7579660" lat="43.3432532" lon="-8.4364661"/>
 <node id="6204156246" visible="true" version="1" changeset="66259814" timestamp="2019-01-12T20:34:44Z" user="MapMakerGal" uid="7579660" lat="43.3432257" lon="-8.4364746"/>
 <node id="6204156247" visible="true" version="1" changeset="66259814" timestamp="2019-01-12T20:34:44Z" user="MapMakerGal" uid="7579660" lat="43.3431647" lon="-8.4364361"/>
 <node id="6204156248" visible="true" version="1" changeset="66259814" timestamp="2019-01-12T20:34:44Z" user="MapMakerGal" uid="7579660" lat="43.3431451" lon="-8.4362936"/>
 <node id="6204156249" visible="true" version="1" changeset="66259814" timestamp="2019-01-12T20:34:44Z" user="MapMakerGal" uid="7579660" lat="43.3431541" lon="-8.4362397"/>
 <node id="6204156250" visible="true" version="1" changeset="66259814" timestamp="2019-01-12T20:34:44Z" user="MapMakerGal" uid="7579660" lat="43.3431742" lon="-8.4362036"/>
 <node id="6204156251" visible="true" version="1" changeset="66259814" timestamp="2019-01-12T20:34:44Z" user="MapMakerGal" uid="7579660" lat="43.3432106" lon="-8.4360180"/>
 <node id="6204156252" visible="true" version="1" changeset="66259814" timestamp="2019-01-12T20:34:44Z" user="MapMakerGal" uid="7579660" lat="43.3432644" lon="-8.4358771"/>
 <node id="6204156253" visible="true" version="1" changeset="66259814" timestamp="2019-01-12T20:34:44Z" user="MapMakerGal" uid="7579660" lat="43.3432873" lon="-8.4358771"/>
 <node id="6204156254" visible="true" version="1" changeset="66259814" timestamp="2019-01-12T20:34:44Z" user="MapMakerGal" uid="7579660" lat="43.3433030" lon="-8.4359225"/>
 <node id="6204156255" visible="true" version="1" changeset="66259814" timestamp="2019-01-12T20:34:44Z" user="MapMakerGal" uid="7579660" lat="43.3433142" lon="-8.4359903"/>
 <node id="6204156256" visible="true" version="1" changeset="66259814" timestamp="2019-01-12T20:34:44Z" user="MapMakerGal" uid="7579660" lat="43.3433209" lon="-8.4360673"/>
 <node id="6204156257" visible="true" version="1" changeset="66259814" timestamp="2019-01-12T20:34:44Z" user="MapMakerGal" uid="7579660" lat="43.3440359" lon="-8.4387434"/>
 <node id="6204156258" visible="true" version="1" changeset="66259814" timestamp="2019-01-12T20:34:44Z" user="MapMakerGal" uid="7579660" lat="43.3439967" lon="-8.4387596"/>
 <node id="6204156259" visible="true" version="1" changeset="66259814" timestamp="2019-01-12T20:34:44Z" user="MapMakerGal" uid="7579660" lat="43.3439598" lon="-8.4387581"/>
 <node id="6204156260" visible="true" version="1" changeset="66259814" timestamp="2019-01-12T20:34:44Z" user="MapMakerGal" uid="7579660" lat="43.3439060" lon="-8.4387111"/>
 <node id="6204156261" visible="true" version="1" changeset="66259814" timestamp="2019-01-12T20:34:44Z" user="MapMakerGal" uid="7579660" lat="43.3438909" lon="-8.4386664"/>
 <node id="6204156262" visible="true" version="1" changeset="66259814" timestamp="2019-01-12T20:34:44Z" user="MapMakerGal" uid="7579660" lat="43.3438735" lon="-8.4386141"/>
 <node id="6204156263" visible="true" version="1" changeset="66259814" timestamp="2019-01-12T20:34:44Z" user="MapMakerGal" uid="7579660" lat="43.3438399" lon="-8.4385764"/>
 <node id="6204156264" visible="true" version="1" changeset="66259814" timestamp="2019-01-12T20:34:44Z" user="MapMakerGal" uid="7579660" lat="43.3438097" lon="-8.4385348"/>
 <node id="6204156265" visible="true" version="1" changeset="66259814" timestamp="2019-01-12T20:34:44Z" user="MapMakerGal" uid="7579660" lat="43.3437884" lon="-8.4384747"/>
 <node id="6204156266" visible="true" version="1" changeset="66259814" timestamp="2019-01-12T20:34:44Z" user="MapMakerGal" uid="7579660" lat="43.3437817" lon="-8.4383847"/>
 <node id="6204156267" visible="true" version="1" changeset="66259814" timestamp="2019-01-12T20:34:44Z" user="MapMakerGal" uid="7579660" lat="43.3437800" lon="-8.4383300"/>
 <node id="6204156268" visible="true" version="1" changeset="66259814" timestamp="2019-01-12T20:34:44Z" user="MapMakerGal" uid="7579660" lat="43.3437632" lon="-8.4382969"/>
 <node id="6204156269" visible="true" version="1" changeset="66259814" timestamp="2019-01-12T20:34:44Z" user="MapMakerGal" uid="7579660" lat="43.3437397" lon="-8.4382538"/>
 <node id="6204156270" visible="true" version="1" changeset="66259814" timestamp="2019-01-12T20:34:44Z" user="MapMakerGal" uid="7579660" lat="43.3437537" lon="-8.4381699"/>
 <node id="6204156271" visible="true" version="1" changeset="66259814" timestamp="2019-01-12T20:34:44Z" user="MapMakerGal" uid="7579660" lat="43.3437761" lon="-8.4381398"/>
 <node id="6204156272" visible="true" version="1" changeset="66259814" timestamp="2019-01-12T20:34:44Z" user="MapMakerGal" uid="7579660" lat="43.3438142" lon="-8.4380921"/>
 <node id="6204156273" visible="true" version="1" changeset="66259814" timestamp="2019-01-12T20:34:44Z" user="MapMakerGal" uid="7579660" lat="43.3438663" lon="-8.4380605"/>
 <node id="6204156274" visible="true" version="1" changeset="66259814" timestamp="2019-01-12T20:34:44Z" user="MapMakerGal" uid="7579660" lat="43.3438920" lon="-8.4380705"/>
 <node id="6204156275" visible="true" version="1" changeset="66259814" timestamp="2019-01-12T20:34:44Z" user="MapMakerGal" uid="7579660" lat="43.3439155" lon="-8.4380952"/>
 <node id="6204156276" visible="true" version="1" changeset="66259814" timestamp="2019-01-12T20:34:44Z" user="MapMakerGal" uid="7579660" lat="43.3439245" lon="-8.4381267"/>
 <node id="6204156277" visible="true" version="1" changeset="66259814" timestamp="2019-01-12T20:34:44Z" user="MapMakerGal" uid="7579660" lat="43.3439206" lon="-8.4381637"/>
 <node id="6204156278" visible="true" version="1" changeset="66259814" timestamp="2019-01-12T20:34:44Z" user="MapMakerGal" uid="7579660" lat="43.3439032" lon="-8.4381891"/>
 <node id="6204156279" visible="true" version="1" changeset="66259814" timestamp="2019-01-12T20:34:44Z" user="MapMakerGal" uid="7579660" lat="43.3438747" lon="-8.4382130"/>
 <node id="6204156280" visible="true" version="1" changeset="66259814" timestamp="2019-01-12T20:34:44Z" user="MapMakerGal" uid="7579660" lat="43.3438663" lon="-8.4382430"/>
 <node id="6204156281" visible="true" version="1" changeset="66259814" timestamp="2019-01-12T20:34:44Z" user="MapMakerGal" uid="7579660" lat="43.3438713" lon="-8.4382630"/>
 <node id="6204156282" visible="true" version="1" changeset="66259814" timestamp="2019-01-12T20:34:44Z" user="MapMakerGal" uid="7579660" lat="43.3438892" lon="-8.4382699"/>
 <node id="6204156283" visible="true" version="1" changeset="66259814" timestamp="2019-01-12T20:34:44Z" user="MapMakerGal" uid="7579660" lat="43.3439189" lon="-8.4382669"/>
 <node id="6204156284" visible="true" version="1" changeset="66259814" timestamp="2019-01-12T20:34:44Z" user="MapMakerGal" uid="7579660" lat="43.3439402" lon="-8.4382807"/>
 <node id="6204156285" visible="true" version="1" changeset="66259814" timestamp="2019-01-12T20:34:44Z" user="MapMakerGal" uid="7579660" lat="43.3439536" lon="-8.4383331"/>
 <node id="6204156286" visible="true" version="1" changeset="66259814" timestamp="2019-01-12T20:34:44Z" user="MapMakerGal" uid="7579660" lat="43.3439547" lon="-8.4383916"/>
 <node id="6204156287" visible="true" version="1" changeset="66259814" timestamp="2019-01-12T20:34:44Z" user="MapMakerGal" uid="7579660" lat="43.3439452" lon="-8.4384362"/>
 <node id="6204156288" visible="true" version="1" changeset="66259814" timestamp="2019-01-12T20:34:44Z" user="MapMakerGal" uid="7579660" lat="43.3439486" lon="-8.4384724"/>
 <node id="6204156289" visible="true" version="1" changeset="66259814" timestamp="2019-01-12T20:34:44Z" user="MapMakerGal" uid="7579660" lat="43.3439642" lon="-8.4384948"/>
 <node id="6204156290" visible="true" version="1" changeset="66259814" timestamp="2019-01-12T20:34:44Z" user="MapMakerGal" uid="7579660" lat="43.3439861" lon="-8.4384955"/>
 <node id="6204156291" visible="true" version="1" changeset="66259814" timestamp="2019-01-12T20:34:45Z" user="MapMakerGal" uid="7579660" lat="43.3440135" lon="-8.4384640"/>
 <node id="6204156292" visible="true" version="1" changeset="66259814" timestamp="2019-01-12T20:34:45Z" user="MapMakerGal" uid="7579660" lat="43.3440409" lon="-8.4384516"/>
 <node id="6204156293" visible="true" version="1" changeset="66259814" timestamp="2019-01-12T20:34:45Z" user="MapMakerGal" uid="7579660" lat="43.3440544" lon="-8.4384778"/>
 <node id="6204156294" visible="true" version="1" changeset="66259814" timestamp="2019-01-12T20:34:45Z" user="MapMakerGal" uid="7579660" lat="43.3440533" lon="-8.4385078"/>
 <node id="6204156295" visible="true" version="1" changeset="66259814" timestamp="2019-01-12T20:34:45Z" user="MapMakerGal" uid="7579660" lat="43.3440482" lon="-8.4385694"/>
 <node id="6204156296" visible="true" version="1" changeset="66259814" timestamp="2019-01-12T20:34:45Z" user="MapMakerGal" uid="7579660" lat="43.3434816" lon="-8.4392608"/>
 <node id="6204156297" visible="true" version="1" changeset="66259814" timestamp="2019-01-12T20:34:45Z" user="MapMakerGal" uid="7579660" lat="43.3434637" lon="-8.4392962"/>
 <node id="6204156298" visible="true" version="1" changeset="66259814" timestamp="2019-01-12T20:34:45Z" user="MapMakerGal" uid="7579660" lat="43.3434452" lon="-8.4393178"/>
 <node id="6204156299" visible="true" version="1" changeset="66259814" timestamp="2019-01-12T20:34:45Z" user="MapMakerGal" uid="7579660" lat="43.3434239" lon="-8.4393193"/>
 <node id="6204156300" visible="true" version="1" changeset="66259814" timestamp="2019-01-12T20:34:45Z" user="MapMakerGal" uid="7579660" lat="43.3433892" lon="-8.4392924"/>
 <node id="6204156301" visible="true" version="1" changeset="66259814" timestamp="2019-01-12T20:34:45Z" user="MapMakerGal" uid="7579660" lat="43.3433069" lon="-8.4393047"/>
 <node id="6204156302" visible="true" version="1" changeset="66259814" timestamp="2019-01-12T20:34:45Z" user="MapMakerGal" uid="7579660" lat="43.3432700" lon="-8.4392831"/>
 <node id="6204156303" visible="true" version="1" changeset="66259814" timestamp="2019-01-12T20:34:45Z" user="MapMakerGal" uid="7579660" lat="43.3432537" lon="-8.4392577"/>
 <node id="6204156304" visible="true" version="1" changeset="66259814" timestamp="2019-01-12T20:34:45Z" user="MapMakerGal" uid="7579660" lat="43.3432571" lon="-8.4392161"/>
 <node id="6204156305" visible="true" version="1" changeset="66259814" timestamp="2019-01-12T20:34:45Z" user="MapMakerGal" uid="7579660" lat="43.3432565" lon="-8.4391530"/>
 <node id="6204156306" visible="true" version="1" changeset="66259814" timestamp="2019-01-12T20:34:45Z" user="MapMakerGal" uid="7579660" lat="43.3432011" lon="-8.4389967"/>
 <node id="6204156307" visible="true" version="1" changeset="66259814" timestamp="2019-01-12T20:34:45Z" user="MapMakerGal" uid="7579660" lat="43.3431921" lon="-8.4388897"/>
 <node id="6204156308" visible="true" version="1" changeset="66259814" timestamp="2019-01-12T20:34:45Z" user="MapMakerGal" uid="7579660" lat="43.3432112" lon="-8.4388096"/>
 <node id="6204156309" visible="true" version="1" changeset="66259814" timestamp="2019-01-12T20:34:45Z" user="MapMakerGal" uid="7579660" lat="43.3432073" lon="-8.4387373"/>
 <node id="6204156310" visible="true" version="1" changeset="66259814" timestamp="2019-01-12T20:34:45Z" user="MapMakerGal" uid="7579660" lat="43.3431843" lon="-8.4387273"/>
 <node id="6204156311" visible="true" version="1" changeset="66259814" timestamp="2019-01-12T20:34:45Z" user="MapMakerGal" uid="7579660" lat="43.3431384" lon="-8.4387049"/>
 <node id="6204156312" visible="true" version="1" changeset="66259814" timestamp="2019-01-12T20:34:45Z" user="MapMakerGal" uid="7579660" lat="43.3431070" lon="-8.4386618"/>
 <node id="6204156313" visible="true" version="1" changeset="66259814" timestamp="2019-01-12T20:34:45Z" user="MapMakerGal" uid="7579660" lat="43.3431025" lon="-8.4386233"/>
 <node id="6204156314" visible="true" version="1" changeset="66259814" timestamp="2019-01-12T20:34:45Z" user="MapMakerGal" uid="7579660" lat="43.3431585" lon="-8.4385502"/>
 <node id="6204156315" visible="true" version="1" changeset="66259814" timestamp="2019-01-12T20:34:45Z" user="MapMakerGal" uid="7579660" lat="43.3431893" lon="-8.4385125"/>
 <node id="6204156316" visible="true" version="1" changeset="66259814" timestamp="2019-01-12T20:34:45Z" user="MapMakerGal" uid="7579660" lat="43.3431938" lon="-8.4384786"/>
 <node id="6204156317" visible="true" version="1" changeset="66259814" timestamp="2019-01-12T20:34:45Z" user="MapMakerGal" uid="7579660" lat="43.3431966" lon="-8.4384393"/>
 <node id="6204156318" visible="true" version="1" changeset="66259814" timestamp="2019-01-12T20:34:45Z" user="MapMakerGal" uid="7579660" lat="43.3432408" lon="-8.4383154"/>
 <node id="6204156319" visible="true" version="1" changeset="66259814" timestamp="2019-01-12T20:34:45Z" user="MapMakerGal" uid="7579660" lat="43.3433377" lon="-8.4382245"/>
 <node id="6204156320" visible="true" version="1" changeset="66259814" timestamp="2019-01-12T20:34:45Z" user="MapMakerGal" uid="7579660" lat="43.3433691" lon="-8.4382199"/>
 <node id="6204156321" visible="true" version="1" changeset="66259814" timestamp="2019-01-12T20:34:45Z" user="MapMakerGal" uid="7579660" lat="43.3434732" lon="-8.4381837"/>
 <node id="6204156322" visible="true" version="1" changeset="66259814" timestamp="2019-01-12T20:34:45Z" user="MapMakerGal" uid="7579660" lat="43.3434861" lon="-8.4381444"/>
 <node id="6204156323" visible="true" version="1" changeset="66259814" timestamp="2019-01-12T20:34:45Z" user="MapMakerGal" uid="7579660" lat="43.3435096" lon="-8.4380983"/>
 <node id="6204156324" visible="true" version="1" changeset="66259814" timestamp="2019-01-12T20:34:45Z" user="MapMakerGal" uid="7579660" lat="43.3436025" lon="-8.4381306"/>
 <node id="6204156325" visible="true" version="1" changeset="66259814" timestamp="2019-01-12T20:34:45Z" user="MapMakerGal" uid="7579660" lat="43.3436384" lon="-8.4381953"/>
 <node id="6204156326" visible="true" version="1" changeset="66259814" timestamp="2019-01-12T20:34:45Z" user="MapMakerGal" uid="7579660" lat="43.3436686" lon="-8.4382676"/>
 <node id="6204156327" visible="true" version="1" changeset="66259814" timestamp="2019-01-12T20:34:45Z" user="MapMakerGal" uid="7579660" lat="43.3437084" lon="-8.4383785"/>
 <node id="6204156328" visible="true" version="1" changeset="66259814" timestamp="2019-01-12T20:34:45Z" user="MapMakerGal" uid="7579660" lat="43.3437358" lon="-8.4384740"/>
 <node id="6204156329" visible="true" version="1" changeset="66259814" timestamp="2019-01-12T20:34:45Z" user="MapMakerGal" uid="7579660" lat="43.3437520" lon="-8.4385810"/>
 <node id="6204156330" visible="true" version="1" changeset="66259814" timestamp="2019-01-12T20:34:45Z" user="MapMakerGal" uid="7579660" lat="43.3437520" lon="-8.4387088"/>
 <node id="6204156331" visible="true" version="1" changeset="66259814" timestamp="2019-01-12T20:34:45Z" user="MapMakerGal" uid="7579660" lat="43.3437453" lon="-8.4388089"/>
 <node id="6204156332" visible="true" version="1" changeset="66259814" timestamp="2019-01-12T20:34:45Z" user="MapMakerGal" uid="7579660" lat="43.3436983" lon="-8.4389790"/>
 <node id="6204156333" visible="true" version="1" changeset="66259814" timestamp="2019-01-12T20:34:45Z" user="MapMakerGal" uid="7579660" lat="43.3437067" lon="-8.4390291"/>
 <node id="6204156334" visible="true" version="1" changeset="66259814" timestamp="2019-01-12T20:34:45Z" user="MapMakerGal" uid="7579660" lat="43.3437252" lon="-8.4390683"/>
 <node id="6204156335" visible="true" version="1" changeset="66259814" timestamp="2019-01-12T20:34:45Z" user="MapMakerGal" uid="7579660" lat="43.3437005" lon="-8.4391438"/>
 <node id="6204156336" visible="true" version="1" changeset="66259814" timestamp="2019-01-12T20:34:45Z" user="MapMakerGal" uid="7579660" lat="43.3436720" lon="-8.4391669"/>
 <node id="6204156337" visible="true" version="1" changeset="66259814" timestamp="2019-01-12T20:34:45Z" user="MapMakerGal" uid="7579660" lat="43.3436311" lon="-8.4391769"/>
 <node id="6204156338" visible="true" version="1" changeset="66259814" timestamp="2019-01-12T20:34:45Z" user="MapMakerGal" uid="7579660" lat="43.3436149" lon="-8.4391954"/>
 <node id="6204156339" visible="true" version="1" changeset="66259814" timestamp="2019-01-12T20:34:45Z" user="MapMakerGal" uid="7579660" lat="43.3436053" lon="-8.4392354"/>
 <node id="6204156340" visible="true" version="1" changeset="66259814" timestamp="2019-01-12T20:34:45Z" user="MapMakerGal" uid="7579660" lat="43.3435975" lon="-8.4392593"/>
 <node id="6204156341" visible="true" version="1" changeset="66259814" timestamp="2019-01-12T20:34:45Z" user="MapMakerGal" uid="7579660" lat="43.3435813" lon="-8.4392662"/>
 <node id="6204156342" visible="true" version="1" changeset="66259814" timestamp="2019-01-12T20:34:45Z" user="MapMakerGal" uid="7579660" lat="43.3435146" lon="-8.4392531"/>
 <node id="6204156343" visible="true" version="1" changeset="66259814" timestamp="2019-01-12T20:34:45Z" user="MapMakerGal" uid="7579660" lat="43.3442240" lon="-8.4391607"/>
 <node id="6204220844" visible="true" version="1" changeset="66260928" timestamp="2019-01-12T21:25:01Z" user="MapMakerGal" uid="7579660" lat="43.3406228" lon="-8.4290092"/>
 <node id="6204220845" visible="true" version="1" changeset="66260928" timestamp="2019-01-12T21:25:01Z" user="MapMakerGal" uid="7579660" lat="43.3404574" lon="-8.4288424"/>
 <node id="6204220846" visible="true" version="1" changeset="66260928" timestamp="2019-01-12T21:25:01Z" user="MapMakerGal" uid="7579660" lat="43.3380114" lon="-8.4313141"/>
 <node id="6204220847" visible="true" version="1" changeset="66260928" timestamp="2019-01-12T21:25:01Z" user="MapMakerGal" uid="7579660" lat="43.3378925" lon="-8.4318167"/>
 <node id="6204220848" visible="true" version="1" changeset="66260928" timestamp="2019-01-12T21:25:01Z" user="MapMakerGal" uid="7579660" lat="43.3379872" lon="-8.4319333"/>
 <node id="6204220849" visible="true" version="1" changeset="66260928" timestamp="2019-01-12T21:25:01Z" user="MapMakerGal" uid="7579660" lat="43.3384525" lon="-8.4322913"/>
 <node id="6204220850" visible="true" version="1" changeset="66260928" timestamp="2019-01-12T21:25:01Z" user="MapMakerGal" uid="7579660" lat="43.3387148" lon="-8.4326091"/>
 <node id="6204220851" visible="true" version="1" changeset="66260928" timestamp="2019-01-12T21:25:01Z" user="MapMakerGal" uid="7579660" lat="43.3391191" lon="-8.4327520"/>
 <node id="6204220852" visible="true" version="1" changeset="66260928" timestamp="2019-01-12T21:25:01Z" user="MapMakerGal" uid="7579660" lat="43.3397400" lon="-8.4334379"/>
 <node id="6204220853" visible="true" version="1" changeset="66260928" timestamp="2019-01-12T21:25:01Z" user="MapMakerGal" uid="7579660" lat="43.3400374" lon="-8.4344714"/>
 <node id="6204220854" visible="true" version="1" changeset="66260928" timestamp="2019-01-12T21:25:01Z" user="MapMakerGal" uid="7579660" lat="43.3397135" lon="-8.4369942"/>
 <node id="6204220855" visible="true" version="1" changeset="66260928" timestamp="2019-01-12T21:25:01Z" user="MapMakerGal" uid="7579660" lat="43.3388333" lon="-8.4381653"/>
 <node id="6204220856" visible="true" version="2" changeset="66844125" timestamp="2019-02-01T20:53:18Z" user="MapMakerGal" uid="7579660" lat="43.3385866" lon="-8.4397117"/>
 <node id="6204220857" visible="true" version="2" changeset="66844125" timestamp="2019-02-01T20:53:18Z" user="MapMakerGal" uid="7579660" lat="43.3391157" lon="-8.4404837"/>
 <node id="6204220858" visible="true" version="1" changeset="66260928" timestamp="2019-01-12T21:25:01Z" user="MapMakerGal" uid="7579660" lat="43.3397532" lon="-8.4399190"/>
 <node id="6204220859" visible="true" version="1" changeset="66260928" timestamp="2019-01-12T21:25:01Z" user="MapMakerGal" uid="7579660" lat="43.3397988" lon="-8.4395953"/>
 <node id="6204220860" visible="true" version="2" changeset="66844125" timestamp="2019-02-01T20:53:18Z" user="MapMakerGal" uid="7579660" lat="43.3396527" lon="-8.4388514"/>
 <node id="6204220861" visible="true" version="1" changeset="66260928" timestamp="2019-01-12T21:25:01Z" user="MapMakerGal" uid="7579660" lat="43.3397281" lon="-8.4385165"/>
 <node id="6204220862" visible="true" version="1" changeset="66260928" timestamp="2019-01-12T21:25:01Z" user="MapMakerGal" uid="7579660" lat="43.3398326" lon="-8.4385246"/>
 <node id="6204220863" visible="true" version="1" changeset="66260928" timestamp="2019-01-12T21:25:01Z" user="MapMakerGal" uid="7579660" lat="43.3402677" lon="-8.4394139"/>
 <node id="6204220864" visible="true" version="1" changeset="66260928" timestamp="2019-01-12T21:25:01Z" user="MapMakerGal" uid="7579660" lat="43.3406929" lon="-8.4398726"/>
 <node id="6204220865" visible="true" version="2" changeset="66844125" timestamp="2019-02-01T20:53:18Z" user="MapMakerGal" uid="7579660" lat="43.3409980" lon="-8.4403106"/>
 <node id="6204220866" visible="true" version="2" changeset="66844125" timestamp="2019-02-01T20:53:18Z" user="MapMakerGal" uid="7579660" lat="43.3408102" lon="-8.4408018"/>
 <node id="6204220867" visible="true" version="2" changeset="66844125" timestamp="2019-02-01T20:53:18Z" user="MapMakerGal" uid="7579660" lat="43.3405899" lon="-8.4416838"/>
 <node id="6204220868" visible="true" version="1" changeset="66260928" timestamp="2019-01-12T21:25:01Z" user="MapMakerGal" uid="7579660" lat="43.3406198" lon="-8.4424635"/>
 <node id="6204221010" visible="true" version="1" changeset="66260928" timestamp="2019-01-12T21:25:02Z" user="MapMakerGal" uid="7579660" lat="43.3403943" lon="-8.4395738"/>
 <node id="6252390573" visible="true" version="1" changeset="66844125" timestamp="2019-02-01T20:53:02Z" user="MapMakerGal" uid="7579660" lat="43.3388713" lon="-8.4381112"/>
 <node id="6252391514" visible="true" version="1" changeset="66844125" timestamp="2019-02-01T20:53:09Z" user="MapMakerGal" uid="7579660" lat="43.3388911" lon="-8.4404356"/>
 <node id="6252391515" visible="true" version="1" changeset="66844125" timestamp="2019-02-01T20:53:09Z" user="MapMakerGal" uid="7579660" lat="43.3390293" lon="-8.4404934"/>
 <node id="6252391625" visible="true" version="1" changeset="66844125" timestamp="2019-02-01T20:53:11Z" user="MapMakerGal" uid="7579660" lat="43.3410270" lon="-8.4404536"/>
 <node id="6252391626" visible="true" version="1" changeset="66844125" timestamp="2019-02-01T20:53:11Z" user="MapMakerGal" uid="7579660" lat="43.3410242" lon="-8.4405756"/>
 <node id="6252391627" visible="true" version="1" changeset="66844125" timestamp="2019-02-01T20:53:11Z" user="MapMakerGal" uid="7579660" lat="43.3408907" lon="-8.4407399"/>
 <node id="6252391628" visible="true" version="1" changeset="66844125" timestamp="2019-02-01T20:53:11Z" user="MapMakerGal" uid="7579660" lat="43.3407160" lon="-8.4408850"/>
 <node id="6252391629" visible="true" version="1" changeset="66844125" timestamp="2019-02-01T20:53:11Z" user="MapMakerGal" uid="7579660" lat="43.3406619" lon="-8.4409621"/>
 <node id="6252391630" visible="true" version="1" changeset="66844125" timestamp="2019-02-01T20:53:11Z" user="MapMakerGal" uid="7579660" lat="43.3406479" lon="-8.4410918"/>
 <node id="6252391631" visible="true" version="1" changeset="66844125" timestamp="2019-02-01T20:53:11Z" user="MapMakerGal" uid="7579660" lat="43.3405610" lon="-8.4414270"/>
 <node id="6252391633" visible="true" version="1" changeset="66844125" timestamp="2019-02-01T20:53:11Z" user="MapMakerGal" uid="7579660" lat="43.3405320" lon="-8.4415464"/>
 <node id="6252391634" visible="true" version="1" changeset="66844125" timestamp="2019-02-01T20:53:11Z" user="MapMakerGal" uid="7579660" lat="43.3405526" lon="-8.4416093"/>
 <node id="6252391635" visible="true" version="1" changeset="66844125" timestamp="2019-02-01T20:53:11Z" user="MapMakerGal" uid="7579660" lat="43.3406002" lon="-8.4417595"/>
 <node id="6252391636" visible="true" version="1" changeset="66844125" timestamp="2019-02-01T20:53:11Z" user="MapMakerGal" uid="7579660" lat="43.3405825" lon="-8.4418173"/>
 <node id="6252391637" visible="true" version="1" changeset="66844125" timestamp="2019-02-01T20:53:11Z" user="MapMakerGal" uid="7579660" lat="43.3405489" lon="-8.4418507"/>
 <node id="6252391638" visible="true" version="1" changeset="66844125" timestamp="2019-02-01T20:53:11Z" user="MapMakerGal" uid="7579660" lat="43.3405236" lon="-8.4420754"/>
 <node id="6252391639" visible="true" version="1" changeset="66844125" timestamp="2019-02-01T20:53:11Z" user="MapMakerGal" uid="7579660" lat="43.3405395" lon="-8.4421923"/>
 <node id="6252391640" visible="true" version="1" changeset="66844125" timestamp="2019-02-01T20:53:11Z" user="MapMakerGal" uid="7579660" lat="43.3405769" lon="-8.4423117"/>
 <node id="6252391641" visible="true" version="1" changeset="66844125" timestamp="2019-02-01T20:53:11Z" user="MapMakerGal" uid="7579660" lat="43.3406180" lon="-8.4424183"/>
 <node id="6252391688" visible="true" version="1" changeset="66844125" timestamp="2019-02-01T20:53:12Z" user="MapMakerGal" uid="7579660" lat="43.3404685" lon="-8.4439040"/>
 <node id="6252391689" visible="true" version="1" changeset="66844125" timestamp="2019-02-01T20:53:12Z" user="MapMakerGal" uid="7579660" lat="43.3405059" lon="-8.4436151"/>
 <node id="6252391690" visible="true" version="1" changeset="66844125" timestamp="2019-02-01T20:53:12Z" user="MapMakerGal" uid="7579660" lat="43.3406077" lon="-8.4434045"/>
 <node id="6252391691" visible="true" version="1" changeset="66844125" timestamp="2019-02-01T20:53:12Z" user="MapMakerGal" uid="7579660" lat="43.3406899" lon="-8.4433454"/>
 <node id="6252391692" visible="true" version="1" changeset="66844125" timestamp="2019-02-01T20:53:12Z" user="MapMakerGal" uid="7579660" lat="43.3425484" lon="-8.4409313"/>
 <node id="6252391693" visible="true" version="1" changeset="66844125" timestamp="2019-02-01T20:53:12Z" user="MapMakerGal" uid="7579660" lat="43.3426371" lon="-8.4417634"/>
 <node id="6252391694" visible="true" version="1" changeset="66844125" timestamp="2019-02-01T20:53:12Z" user="MapMakerGal" uid="7579660" lat="43.3425026" lon="-8.4419290"/>
 <node id="6252391695" visible="true" version="1" changeset="66844125" timestamp="2019-02-01T20:53:12Z" user="MapMakerGal" uid="7579660" lat="43.3424709" lon="-8.4419316"/>
 <node id="6252391696" visible="true" version="1" changeset="66844125" timestamp="2019-02-01T20:53:12Z" user="MapMakerGal" uid="7579660" lat="43.3424111" lon="-8.4418469"/>
 <node id="6252391697" visible="true" version="1" changeset="66844125" timestamp="2019-02-01T20:53:12Z" user="MapMakerGal" uid="7579660" lat="43.3423877" lon="-8.4418006"/>
 <node id="6252391698" visible="true" version="1" changeset="66844125" timestamp="2019-02-01T20:53:12Z" user="MapMakerGal" uid="7579660" lat="43.3423093" lon="-8.4417531"/>
 <node id="6252391699" visible="true" version="1" changeset="66844125" timestamp="2019-02-01T20:53:12Z" user="MapMakerGal" uid="7579660" lat="43.3423168" lon="-8.4418533"/>
 <node id="6252391700" visible="true" version="1" changeset="66844125" timestamp="2019-02-01T20:53:12Z" user="MapMakerGal" uid="7579660" lat="43.3422934" lon="-8.4418790"/>
 <node id="6252391701" visible="true" version="1" changeset="66844125" timestamp="2019-02-01T20:53:12Z" user="MapMakerGal" uid="7579660" lat="43.3422495" lon="-8.4418957"/>
 <node id="6252391702" visible="true" version="1" changeset="66844125" timestamp="2019-02-01T20:53:12Z" user="MapMakerGal" uid="7579660" lat="43.3421963" lon="-8.4418841"/>
 <node id="6252391703" visible="true" version="1" changeset="66844125" timestamp="2019-02-01T20:53:12Z" user="MapMakerGal" uid="7579660" lat="43.3421272" lon="-8.4418751"/>
 <node id="6252391704" visible="true" version="1" changeset="66844125" timestamp="2019-02-01T20:53:12Z" user="MapMakerGal" uid="7579660" lat="43.3420534" lon="-8.4418815"/>
 <node id="6252391705" visible="true" version="1" changeset="66844125" timestamp="2019-02-01T20:53:12Z" user="MapMakerGal" uid="7579660" lat="43.3420198" lon="-8.4419265"/>
 <node id="6252391706" visible="true" version="1" changeset="66844125" timestamp="2019-02-01T20:53:12Z" user="MapMakerGal" uid="7579660" lat="43.3418414" lon="-8.4418918"/>
 <node id="6252391707" visible="true" version="1" changeset="66844125" timestamp="2019-02-01T20:53:12Z" user="MapMakerGal" uid="7579660" lat="43.3418395" lon="-8.4419599"/>
 <node id="6252391708" visible="true" version="1" changeset="66844125" timestamp="2019-02-01T20:53:12Z" user="MapMakerGal" uid="7579660" lat="43.3428976" lon="-8.4407194"/>
 <node id="6252391709" visible="true" version="1" changeset="66844125" timestamp="2019-02-01T20:53:12Z" user="MapMakerGal" uid="7579660" lat="43.3428491" lon="-8.4408427"/>
 <node id="6252391710" visible="true" version="1" changeset="66844125" timestamp="2019-02-01T20:53:12Z" user="MapMakerGal" uid="7579660" lat="43.3428407" lon="-8.4409518"/>
 <node id="6252391711" visible="true" version="1" changeset="66844125" timestamp="2019-02-01T20:53:12Z" user="MapMakerGal" uid="7579660" lat="43.3428556" lon="-8.4410366"/>
 <node id="6252391712" visible="true" version="1" changeset="66844125" timestamp="2019-02-01T20:53:12Z" user="MapMakerGal" uid="7579660" lat="43.3429079" lon="-8.4410995"/>
 <node id="6252391713" visible="true" version="1" changeset="66844125" timestamp="2019-02-01T20:53:12Z" user="MapMakerGal" uid="7579660" lat="43.3430004" lon="-8.4411650"/>
 <node id="6252391714" visible="true" version="1" changeset="66844125" timestamp="2019-02-01T20:53:12Z" user="MapMakerGal" uid="7579660" lat="43.3431178" lon="-8.4412584"/>
 <node id="6252391715" visible="true" version="1" changeset="66844125" timestamp="2019-02-01T20:53:12Z" user="MapMakerGal" uid="7579660" lat="43.3432049" lon="-8.4413550"/>
 <node id="6252391716" visible="true" version="1" changeset="66844125" timestamp="2019-02-01T20:53:12Z" user="MapMakerGal" uid="7579660" lat="43.3431724" lon="-8.4411833"/>
 <node id="6252391717" visible="true" version="1" changeset="66844125" timestamp="2019-02-01T20:53:12Z" user="MapMakerGal" uid="7579660" lat="43.3432058" lon="-8.4411965"/>
 <node id="6252391718" visible="true" version="1" changeset="66844125" timestamp="2019-02-01T20:53:12Z" user="MapMakerGal" uid="7579660" lat="43.3432815" lon="-8.4411714"/>
 <node id="6252391719" visible="true" version="1" changeset="66844125" timestamp="2019-02-01T20:53:12Z" user="MapMakerGal" uid="7579660" lat="43.3433805" lon="-8.4410449"/>
 <node id="6252391720" visible="true" version="1" changeset="66844125" timestamp="2019-02-01T20:53:12Z" user="MapMakerGal" uid="7579660" lat="43.3434804" lon="-8.4409082"/>
 <node id="6252391721" visible="true" version="1" changeset="66844125" timestamp="2019-02-01T20:53:12Z" user="MapMakerGal" uid="7579660" lat="43.3436779" lon="-8.4406077"/>
 <node id="6252391722" visible="true" version="1" changeset="66844125" timestamp="2019-02-01T20:53:12Z" user="MapMakerGal" uid="7579660" lat="43.3437862" lon="-8.4404208"/>
 <node id="6252391723" visible="true" version="1" changeset="66844125" timestamp="2019-02-01T20:53:12Z" user="MapMakerGal" uid="7579660" lat="43.3438647" lon="-8.4402507"/>
 <node id="6252391724" visible="true" version="1" changeset="66844125" timestamp="2019-02-01T20:53:12Z" user="MapMakerGal" uid="7579660" lat="43.3428650" lon="-8.4418892"/>
 <node id="6252391725" visible="true" version="1" changeset="66844125" timestamp="2019-02-01T20:53:12Z" user="MapMakerGal" uid="7579660" lat="43.3426838" lon="-8.4422681"/>
 <node id="6252391726" visible="true" version="1" changeset="66844125" timestamp="2019-02-01T20:53:12Z" user="MapMakerGal" uid="7579660" lat="43.3421963" lon="-8.4433249"/>
 <node id="6252391727" visible="true" version="1" changeset="66844125" timestamp="2019-02-01T20:53:12Z" user="MapMakerGal" uid="7579660" lat="43.3422654" lon="-8.4431772"/>
 <node id="6252391728" visible="true" version="1" changeset="66844125" timestamp="2019-02-01T20:53:12Z" user="MapMakerGal" uid="7579660" lat="43.3424176" lon="-8.4428202"/>
 <node id="6252391729" visible="true" version="1" changeset="66844125" timestamp="2019-02-01T20:53:12Z" user="MapMakerGal" uid="7579660" lat="43.3426212" lon="-8.4423053"/>
 <node id="6252391730" visible="true" version="1" changeset="66844125" timestamp="2019-02-01T20:53:12Z" user="MapMakerGal" uid="7579660" lat="43.3427305" lon="-8.4420754"/>
 <node id="6252391731" visible="true" version="1" changeset="66844125" timestamp="2019-02-01T20:53:12Z" user="MapMakerGal" uid="7579660" lat="43.3428183" lon="-8.4418944"/>
 <node id="6252391732" visible="true" version="1" changeset="66844125" timestamp="2019-02-01T20:53:12Z" user="MapMakerGal" uid="7579660" lat="43.3429173" lon="-8.4417146"/>
 <node id="6252391733" visible="true" version="1" changeset="66844125" timestamp="2019-02-01T20:53:13Z" user="MapMakerGal" uid="7579660" lat="43.3429331" lon="-8.4416273"/>
 <node id="6252391734" visible="true" version="1" changeset="66844125" timestamp="2019-02-01T20:53:13Z" user="MapMakerGal" uid="7579660" lat="43.3412736" lon="-8.4439939"/>
 <node id="6252391735" visible="true" version="1" changeset="66844125" timestamp="2019-02-01T20:53:13Z" user="MapMakerGal" uid="7579660" lat="43.3414436" lon="-8.4439670"/>
 <node id="6252391736" visible="true" version="1" changeset="66844125" timestamp="2019-02-01T20:53:13Z" user="MapMakerGal" uid="7579660" lat="43.3414856" lon="-8.4440119"/>
 <node id="6252391737" visible="true" version="1" changeset="66844125" timestamp="2019-02-01T20:53:13Z" user="MapMakerGal" uid="7579660" lat="43.3415276" lon="-8.4440453"/>
 <node id="6252391738" visible="true" version="1" changeset="66844125" timestamp="2019-02-01T20:53:13Z" user="MapMakerGal" uid="7579660" lat="43.3415780" lon="-8.4440222"/>
 <node id="6252391739" visible="true" version="1" changeset="66844125" timestamp="2019-02-01T20:53:13Z" user="MapMakerGal" uid="7579660" lat="43.3417163" lon="-8.4438645"/>
 <node id="6252391740" visible="true" version="1" changeset="66844125" timestamp="2019-02-01T20:53:13Z" user="MapMakerGal" uid="7579660" lat="43.3417517" lon="-8.4437756"/>
 <node id="6252391741" visible="true" version="1" changeset="66844125" timestamp="2019-02-01T20:53:13Z" user="MapMakerGal" uid="7579660" lat="43.3417854" lon="-8.4436832"/>
 <node id="6252391742" visible="true" version="1" changeset="66844125" timestamp="2019-02-01T20:53:13Z" user="MapMakerGal" uid="7579660" lat="43.3418386" lon="-8.4436125"/>
 <node id="6252391743" visible="true" version="1" changeset="66844125" timestamp="2019-02-01T20:53:13Z" user="MapMakerGal" uid="7579660" lat="43.3418965" lon="-8.4435779"/>
 <node id="6252391744" visible="true" version="1" changeset="66844125" timestamp="2019-02-01T20:53:13Z" user="MapMakerGal" uid="7579660" lat="43.3419497" lon="-8.4435622"/>
 <node id="6252391745" visible="true" version="1" changeset="66844125" timestamp="2019-02-01T20:53:13Z" user="MapMakerGal" uid="7579660" lat="43.3420123" lon="-8.4435586"/>
 <node id="6252391746" visible="true" version="1" changeset="66844125" timestamp="2019-02-01T20:53:13Z" user="MapMakerGal" uid="7579660" lat="43.3420730" lon="-8.4435162"/>
 <node id="6252391747" visible="true" version="1" changeset="66844125" timestamp="2019-02-01T20:53:13Z" user="MapMakerGal" uid="7579660" lat="43.3421281" lon="-8.4434495"/>
 <node id="6252391769" visible="true" version="1" changeset="66844125" timestamp="2019-02-01T20:53:13Z" user="MapMakerGal" uid="7579660" lat="43.3424232" lon="-8.4452588"/>
 <node id="6252391770" visible="true" version="1" changeset="66844125" timestamp="2019-02-01T20:53:13Z" user="MapMakerGal" uid="7579660" lat="43.3424214" lon="-8.4448389"/>
 <node id="6252391771" visible="true" version="1" changeset="66844125" timestamp="2019-02-01T20:53:13Z" user="MapMakerGal" uid="7579660" lat="43.3424400" lon="-8.4442366"/>
 <node id="6252391772" visible="true" version="1" changeset="66844125" timestamp="2019-02-01T20:53:13Z" user="MapMakerGal" uid="7579660" lat="43.3424568" lon="-8.4439670"/>
 <node id="6252391773" visible="true" version="1" changeset="66844125" timestamp="2019-02-01T20:53:13Z" user="MapMakerGal" uid="7579660" lat="43.3424970" lon="-8.4435239"/>
 <node id="6252391774" visible="true" version="1" changeset="66844125" timestamp="2019-02-01T20:53:13Z" user="MapMakerGal" uid="7579660" lat="43.3425372" lon="-8.4432607"/>
 <node id="6252391775" visible="true" version="1" changeset="66844125" timestamp="2019-02-01T20:53:13Z" user="MapMakerGal" uid="7579660" lat="43.3425988" lon="-8.4429589"/>
 <node id="6252391776" visible="true" version="1" changeset="66844125" timestamp="2019-02-01T20:53:13Z" user="MapMakerGal" uid="7579660" lat="43.3426791" lon="-8.4426379"/>
 <node id="6252391777" visible="true" version="1" changeset="66844125" timestamp="2019-02-01T20:53:13Z" user="MapMakerGal" uid="7579660" lat="43.3427660" lon="-8.4423734"/>
 <node id="6252391778" visible="true" version="1" changeset="66844125" timestamp="2019-02-01T20:53:13Z" user="MapMakerGal" uid="7579660" lat="43.3428453" lon="-8.4421602"/>
 <node id="6252391779" visible="true" version="1" changeset="66844125" timestamp="2019-02-01T20:53:13Z" user="MapMakerGal" uid="7579660" lat="43.3429789" lon="-8.4418507"/>
 <node id="6252391780" visible="true" version="1" changeset="66844125" timestamp="2019-02-01T20:53:13Z" user="MapMakerGal" uid="7579660" lat="43.3430882" lon="-8.4416491"/>
 <node id="6252391781" visible="true" version="1" changeset="66844125" timestamp="2019-02-01T20:53:13Z" user="MapMakerGal" uid="7579660" lat="43.3432068" lon="-8.4414398"/>
 <node id="6252391782" visible="true" version="1" changeset="66844125" timestamp="2019-02-01T20:53:13Z" user="MapMakerGal" uid="7579660" lat="43.3431937" lon="-8.4414231"/>
 <node id="6252391783" visible="true" version="1" changeset="66844125" timestamp="2019-02-01T20:53:13Z" user="MapMakerGal" uid="7579660" lat="43.3431321" lon="-8.4415053"/>
 <node id="6252391784" visible="true" version="1" changeset="66844125" timestamp="2019-02-01T20:53:13Z" user="MapMakerGal" uid="7579660" lat="43.3430256" lon="-8.4416658"/>
 <node id="6252391785" visible="true" version="1" changeset="66844125" timestamp="2019-02-01T20:53:13Z" user="MapMakerGal" uid="7579660" lat="43.3429070" lon="-8.4418687"/>
 <node id="6252391786" visible="true" version="1" changeset="66844125" timestamp="2019-02-01T20:53:13Z" user="MapMakerGal" uid="7579660" lat="43.3427949" lon="-8.4420947"/>
 <node id="6252391787" visible="true" version="1" changeset="66844125" timestamp="2019-02-01T20:53:13Z" user="MapMakerGal" uid="7579660" lat="43.3426380" lon="-8.4424543"/>
 <node id="6252391788" visible="true" version="1" changeset="66844125" timestamp="2019-02-01T20:53:13Z" user="MapMakerGal" uid="7579660" lat="43.3424998" lon="-8.4428112"/>
 <node id="6252391789" visible="true" version="1" changeset="66844125" timestamp="2019-02-01T20:53:13Z" user="MapMakerGal" uid="7579660" lat="43.3423672" lon="-8.4431374"/>
 <node id="6252391790" visible="true" version="1" changeset="66844125" timestamp="2019-02-01T20:53:13Z" user="MapMakerGal" uid="7579660" lat="43.3422729" lon="-8.4433647"/>
 <node id="6252391791" visible="true" version="1" changeset="66844125" timestamp="2019-02-01T20:53:13Z" user="MapMakerGal" uid="7579660" lat="43.3421869" lon="-8.4435458"/>
 <node id="6252391792" visible="true" version="1" changeset="66844125" timestamp="2019-02-01T20:53:13Z" user="MapMakerGal" uid="7579660" lat="43.3421524" lon="-8.4436177"/>
 <node id="6252391793" visible="true" version="1" changeset="66844125" timestamp="2019-02-01T20:53:13Z" user="MapMakerGal" uid="7579660" lat="43.3421487" lon="-8.4436434"/>
 <node id="6252391794" visible="true" version="1" changeset="66844125" timestamp="2019-02-01T20:53:13Z" user="MapMakerGal" uid="7579660" lat="43.3421552" lon="-8.4436626"/>
 <node id="6252391795" visible="true" version="1" changeset="66844125" timestamp="2019-02-01T20:53:13Z" user="MapMakerGal" uid="7579660" lat="43.3421720" lon="-8.4436716"/>
 <node id="6252391796" visible="true" version="1" changeset="66844125" timestamp="2019-02-01T20:53:13Z" user="MapMakerGal" uid="7579660" lat="43.3421897" lon="-8.4436690"/>
 <node id="6252391797" visible="true" version="1" changeset="66844125" timestamp="2019-02-01T20:53:13Z" user="MapMakerGal" uid="7579660" lat="43.3422150" lon="-8.4436472"/>
 <node id="6252391798" visible="true" version="1" changeset="66844125" timestamp="2019-02-01T20:53:13Z" user="MapMakerGal" uid="7579660" lat="43.3422589" lon="-8.4436036"/>
 <node id="6252391799" visible="true" version="1" changeset="66844125" timestamp="2019-02-01T20:53:13Z" user="MapMakerGal" uid="7579660" lat="43.3423317" lon="-8.4435188"/>
 <node id="6252391800" visible="true" version="1" changeset="66844125" timestamp="2019-02-01T20:53:14Z" user="MapMakerGal" uid="7579660" lat="43.3424148" lon="-8.4434109"/>
 <node id="6252391801" visible="true" version="1" changeset="66844125" timestamp="2019-02-01T20:53:14Z" user="MapMakerGal" uid="7579660" lat="43.3424634" lon="-8.4434828"/>
 <node id="6252391802" visible="true" version="1" changeset="66844125" timestamp="2019-02-01T20:53:14Z" user="MapMakerGal" uid="7579660" lat="43.3423074" lon="-8.4436806"/>
 <node id="6252391803" visible="true" version="1" changeset="66844125" timestamp="2019-02-01T20:53:14Z" user="MapMakerGal" uid="7579660" lat="43.3422542" lon="-8.4437564"/>
 <node id="6252391804" visible="true" version="1" changeset="66844125" timestamp="2019-02-01T20:53:14Z" user="MapMakerGal" uid="7579660" lat="43.3422346" lon="-8.4438103"/>
 <node id="6252391805" visible="true" version="1" changeset="66844125" timestamp="2019-02-01T20:53:14Z" user="MapMakerGal" uid="7579660" lat="43.3422327" lon="-8.4438591"/>
 <node id="6252391806" visible="true" version="1" changeset="66844125" timestamp="2019-02-01T20:53:14Z" user="MapMakerGal" uid="7579660" lat="43.3422448" lon="-8.4439015"/>
 <node id="6252391807" visible="true" version="1" changeset="66844125" timestamp="2019-02-01T20:53:14Z" user="MapMakerGal" uid="7579660" lat="43.3422663" lon="-8.4439361"/>
 <node id="6252391808" visible="true" version="1" changeset="66844125" timestamp="2019-02-01T20:53:14Z" user="MapMakerGal" uid="7579660" lat="43.3422990" lon="-8.4439593"/>
 <node id="6252391809" visible="true" version="1" changeset="66844125" timestamp="2019-02-01T20:53:14Z" user="MapMakerGal" uid="7579660" lat="43.3423476" lon="-8.4439682"/>
 <node id="6252391810" visible="true" version="1" changeset="66844125" timestamp="2019-02-01T20:53:14Z" user="MapMakerGal" uid="7579660" lat="43.3424251" lon="-8.4439657"/>
 <node id="6252391811" visible="true" version="1" changeset="66844125" timestamp="2019-02-01T20:53:14Z" user="MapMakerGal" uid="7579660" lat="43.3424316" lon="-8.4440812"/>
 <node id="6252391812" visible="true" version="1" changeset="66844125" timestamp="2019-02-01T20:53:14Z" user="MapMakerGal" uid="7579660" lat="43.3422561" lon="-8.4441146"/>
 <node id="6252391813" visible="true" version="1" changeset="66844125" timestamp="2019-02-01T20:53:14Z" user="MapMakerGal" uid="7579660" lat="43.3421823" lon="-8.4441390"/>
 <node id="6252391814" visible="true" version="1" changeset="66844125" timestamp="2019-02-01T20:53:14Z" user="MapMakerGal" uid="7579660" lat="43.3421608" lon="-8.4441557"/>
 <node id="6252391815" visible="true" version="1" changeset="66844125" timestamp="2019-02-01T20:53:14Z" user="MapMakerGal" uid="7579660" lat="43.3421515" lon="-8.4441878"/>
 <node id="6252391816" visible="true" version="1" changeset="66844125" timestamp="2019-02-01T20:53:14Z" user="MapMakerGal" uid="7579660" lat="43.3421589" lon="-8.4442353"/>
 <node id="6252391817" visible="true" version="1" changeset="66844125" timestamp="2019-02-01T20:53:14Z" user="MapMakerGal" uid="7579660" lat="43.3422448" lon="-8.4444806"/>
 <node id="6252391818" visible="true" version="1" changeset="66844125" timestamp="2019-02-01T20:53:14Z" user="MapMakerGal" uid="7579660" lat="43.3423233" lon="-8.4447657"/>
 <node id="6252391819" visible="true" version="1" changeset="66844125" timestamp="2019-02-01T20:53:14Z" user="MapMakerGal" uid="7579660" lat="43.3423681" lon="-8.4449968"/>
 <node id="6252391820" visible="true" version="1" changeset="66844125" timestamp="2019-02-01T20:53:14Z" user="MapMakerGal" uid="7579660" lat="43.3424036" lon="-8.4452588"/>
 <node id="6252391821" visible="true" version="1" changeset="66844125" timestamp="2019-02-01T20:53:14Z" user="MapMakerGal" uid="7579660" lat="43.3416303" lon="-8.4439760"/>
 <node id="6252408499" visible="true" version="1" changeset="66844380" timestamp="2019-02-01T21:03:30Z" user="MapMakerGal" uid="7579660" lat="43.3400007" lon="-8.4353600"/>
 <node id="6252408500" visible="true" version="1" changeset="66844380" timestamp="2019-02-01T21:03:30Z" user="MapMakerGal" uid="7579660" lat="43.3399934" lon="-8.4357409"/>
 <node id="6252408501" visible="true" version="1" changeset="66844380" timestamp="2019-02-01T21:03:30Z" user="MapMakerGal" uid="7579660" lat="43.3392587" lon="-8.4375602"/>
 <node id="6260430757" visible="true" version="2" changeset="67457530" timestamp="2019-02-22T08:45:22Z" user="MapMakerGal" uid="7579660" lat="43.3476130" lon="-8.4248886"/>
 <node id="6260430758" visible="true" version="2" changeset="67457530" timestamp="2019-02-22T08:45:22Z" user="MapMakerGal" uid="7579660" lat="43.3474871" lon="-8.4252788"/>
 <node id="6260430779" visible="true" version="2" changeset="67457530" timestamp="2019-02-22T08:45:22Z" user="MapMakerGal" uid="7579660" lat="43.3470074" lon="-8.4267755"/>
 <node id="6266404530" visible="true" version="1" changeset="67031877" timestamp="2019-02-08T17:34:23Z" user="MapMakerGal" uid="7579660" lat="43.3424248" lon="-8.4289027"/>
 <node id="6266406489" visible="true" version="1" changeset="67031951" timestamp="2019-02-08T17:38:06Z" user="MapMakerGal" uid="7579660" lat="43.3422648" lon="-8.4308045"/>
 <node id="6266406490" visible="true" version="1" changeset="67031951" timestamp="2019-02-08T17:38:06Z" user="MapMakerGal" uid="7579660" lat="43.3420536" lon="-8.4305303"/>
 <node id="6266406491" visible="true" version="1" changeset="67031951" timestamp="2019-02-08T17:38:06Z" user="MapMakerGal" uid="7579660" lat="43.3417916" lon="-8.4301270"/>
 <node id="6266406492" visible="true" version="1" changeset="67031951" timestamp="2019-02-08T17:38:06Z" user="MapMakerGal" uid="7579660" lat="43.3423196" lon="-8.4299226"/>
 <node id="6266406493" visible="true" version="1" changeset="67031951" timestamp="2019-02-08T17:38:06Z" user="MapMakerGal" uid="7579660" lat="43.3424291" lon="-8.4300840"/>
 <node id="6266406494" visible="true" version="1" changeset="67031951" timestamp="2019-02-08T17:38:06Z" user="MapMakerGal" uid="7579660" lat="43.3426383" lon="-8.4304550"/>
 <node id="6266406495" visible="true" version="1" changeset="67031951" timestamp="2019-02-08T17:38:06Z" user="MapMakerGal" uid="7579660" lat="43.3430565" lon="-8.4308255"/>
 <node id="6266406496" visible="true" version="1" changeset="67031951" timestamp="2019-02-08T17:38:06Z" user="MapMakerGal" uid="7579660" lat="43.3428945" lon="-8.4306862"/>
 <node id="6266406497" visible="true" version="1" changeset="67031951" timestamp="2019-02-08T17:38:06Z" user="MapMakerGal" uid="7579660" lat="43.3427693" lon="-8.4306513"/>
 <node id="6266406498" visible="true" version="1" changeset="67031951" timestamp="2019-02-08T17:38:06Z" user="MapMakerGal" uid="7579660" lat="43.3426540" lon="-8.4306701"/>
 <node id="6266406499" visible="true" version="1" changeset="67031951" timestamp="2019-02-08T17:38:06Z" user="MapMakerGal" uid="7579660" lat="43.3425503" lon="-8.4306943"/>
 <node id="6266406500" visible="true" version="1" changeset="67031951" timestamp="2019-02-08T17:38:06Z" user="MapMakerGal" uid="7579660" lat="43.3424545" lon="-8.4308045"/>
 <node id="6266406501" visible="true" version="1" changeset="67031951" timestamp="2019-02-08T17:38:06Z" user="MapMakerGal" uid="7579660" lat="43.3423919" lon="-8.4309390"/>
 <node id="6266406502" visible="true" version="1" changeset="67031951" timestamp="2019-02-08T17:38:06Z" user="MapMakerGal" uid="7579660" lat="43.3426266" lon="-8.4311836"/>
 <node id="6266406503" visible="true" version="1" changeset="67031951" timestamp="2019-02-08T17:38:06Z" user="MapMakerGal" uid="7579660" lat="43.3430959" lon="-8.4315843"/>
 <node id="6266406504" visible="true" version="1" changeset="67031951" timestamp="2019-02-08T17:38:06Z" user="MapMakerGal" uid="7579660" lat="43.3433950" lon="-8.4318155"/>
 <node id="6266406505" visible="true" version="1" changeset="67031951" timestamp="2019-02-08T17:38:06Z" user="MapMakerGal" uid="7579660" lat="43.3435632" lon="-8.4319338"/>
 <node id="6266406506" visible="true" version="1" changeset="67031951" timestamp="2019-02-08T17:38:06Z" user="MapMakerGal" uid="7579660" lat="43.3435793" lon="-8.4318825"/>
 <node id="6295178973" visible="true" version="1" changeset="67457530" timestamp="2019-02-22T08:45:21Z" user="MapMakerGal" uid="7579660" lat="43.3488362" lon="-8.4210729"/>
 <node id="6295178974" visible="true" version="2" changeset="112317056" timestamp="2021-10-09T22:50:10Z" user="MapMakerGal" uid="7579660" lat="43.3488645" lon="-8.4210061"/>
 <node id="6295178975" visible="true" version="2" changeset="112317056" timestamp="2021-10-09T22:50:10Z" user="MapMakerGal" uid="7579660" lat="43.3489086" lon="-8.4209527"/>
 <node id="6295178976" visible="true" version="1" changeset="67457530" timestamp="2019-02-22T08:45:21Z" user="MapMakerGal" uid="7579660" lat="43.3492393" lon="-8.4202950"/>
 <node id="6295178977" visible="true" version="1" changeset="67457530" timestamp="2019-02-22T08:45:21Z" user="MapMakerGal" uid="7579660" lat="43.3492225" lon="-8.4201660"/>
 <node id="6295178978" visible="true" version="1" changeset="67457530" timestamp="2019-02-22T08:45:21Z" user="MapMakerGal" uid="7579660" lat="43.3492174" lon="-8.4200664"/>
 <node id="6404998500" visible="true" version="1" changeset="69212423" timestamp="2019-04-14T19:45:13Z" user="MapMakerGal" uid="7579660" lat="43.3454761" lon="-8.4299298"/>
 <node id="6404998501" visible="true" version="1" changeset="69212423" timestamp="2019-04-14T19:45:13Z" user="MapMakerGal" uid="7579660" lat="43.3454113" lon="-8.4303628"/>
 <node id="6404998502" visible="true" version="1" changeset="69212423" timestamp="2019-04-14T19:45:13Z" user="MapMakerGal" uid="7579660" lat="43.3453463" lon="-8.4305290"/>
 <node id="6404998503" visible="true" version="1" changeset="69212423" timestamp="2019-04-14T19:45:13Z" user="MapMakerGal" uid="7579660" lat="43.3453069" lon="-8.4305753"/>
 <node id="6404998504" visible="true" version="1" changeset="69212423" timestamp="2019-04-14T19:45:13Z" user="MapMakerGal" uid="7579660" lat="43.3452633" lon="-8.4305984"/>
 <node id="6404998505" visible="true" version="1" changeset="69212423" timestamp="2019-04-14T19:45:13Z" user="MapMakerGal" uid="7579660" lat="43.3452296" lon="-8.4305984"/>
 <node id="6404998506" visible="true" version="1" changeset="69212423" timestamp="2019-04-14T19:45:13Z" user="MapMakerGal" uid="7579660" lat="43.3453282" lon="-8.4303750"/>
 <node id="6404998507" visible="true" version="1" changeset="69212423" timestamp="2019-04-14T19:45:13Z" user="MapMakerGal" uid="7579660" lat="43.3453338" lon="-8.4303103"/>
 <node id="6404998508" visible="true" version="1" changeset="69212423" timestamp="2019-04-14T19:45:13Z" user="MapMakerGal" uid="7579660" lat="43.3451972" lon="-8.4307324"/>
 <node id="6404998509" visible="true" version="1" changeset="69212423" timestamp="2019-04-14T19:45:13Z" user="MapMakerGal" uid="7579660" lat="43.3452218" lon="-8.4307940"/>
 <node id="6404998510" visible="true" version="1" changeset="69212423" timestamp="2019-04-14T19:45:13Z" user="MapMakerGal" uid="7579660" lat="43.3452260" lon="-8.4308369"/>
 <node id="6404998511" visible="true" version="1" changeset="69212423" timestamp="2019-04-14T19:45:13Z" user="MapMakerGal" uid="7579660" lat="43.3451255" lon="-8.4309712"/>
 <node id="6404998512" visible="true" version="1" changeset="69212423" timestamp="2019-04-14T19:45:13Z" user="MapMakerGal" uid="7579660" lat="43.3451322" lon="-8.4309034"/>
 <node id="6404998513" visible="true" version="1" changeset="69212423" timestamp="2019-04-14T19:45:13Z" user="MapMakerGal" uid="7579660" lat="43.3452306" lon="-8.4307041"/>
 <node id="6404998514" visible="true" version="1" changeset="69212423" timestamp="2019-04-14T19:45:13Z" user="MapMakerGal" uid="7579660" lat="43.3455108" lon="-8.4299390"/>
 <node id="6404998515" visible="true" version="1" changeset="69212423" timestamp="2019-04-14T19:45:13Z" user="MapMakerGal" uid="7579660" lat="43.3455650" lon="-8.4299693"/>
 <node id="6404998518" visible="true" version="1" changeset="69212423" timestamp="2019-04-14T19:45:13Z" user="MapMakerGal" uid="7579660" lat="43.3461773" lon="-8.4283145"/>
 <node id="6404998519" visible="true" version="1" changeset="69212423" timestamp="2019-04-14T19:45:13Z" user="MapMakerGal" uid="7579660" lat="43.3461450" lon="-8.4284133"/>
 <node id="6404998524" visible="true" version="1" changeset="69212423" timestamp="2019-04-14T19:45:13Z" user="MapMakerGal" uid="7579660" lat="43.3461093" lon="-8.4285227"/>
 <node id="6404998525" visible="true" version="1" changeset="69212423" timestamp="2019-04-14T19:45:13Z" user="MapMakerGal" uid="7579660" lat="43.3456500" lon="-8.4291906"/>
 <node id="6404998528" visible="true" version="1" changeset="69212423" timestamp="2019-04-14T19:45:13Z" user="MapMakerGal" uid="7579660" lat="43.3456775" lon="-8.4291221"/>
 <node id="6404998529" visible="true" version="1" changeset="69212423" timestamp="2019-04-14T19:45:13Z" user="MapMakerGal" uid="7579660" lat="43.3455749" lon="-8.4293851"/>
 <node id="6404998531" visible="true" version="1" changeset="69212423" timestamp="2019-04-14T19:45:13Z" user="MapMakerGal" uid="7579660" lat="43.3455517" lon="-8.4294485"/>
 <node id="6404998550" visible="true" version="2" changeset="105920079" timestamp="2021-06-06T14:47:37Z" user="iagocity" uid="12096117" lat="43.3468190" lon="-8.4273495"/>
 <node id="6564913821" visible="true" version="1" changeset="71515624" timestamp="2019-06-22T18:15:38Z" user="abczyx" uid="2129377" lat="43.3444210" lon="-8.4341661">
  <tag k="addr:city" v="A Coruña"/>
  <tag k="addr:housenumber" v="51A"/>
  <tag k="addr:postcode" v="15008"/>
  <tag k="addr:street" v="Estrada dos Baños de Arteixo"/>
  <tag k="source:addr" v="https://ide.coruna.es/descargas/cambioscallejero/CodVia_0333_20180129.pdf"/>
 </node>
 <node id="6564913822" visible="true" version="1" changeset="71515624" timestamp="2019-06-22T18:15:38Z" user="abczyx" uid="2129377" lat="43.3436514" lon="-8.4360580"/>
 <node id="6564913823" visible="true" version="1" changeset="71515624" timestamp="2019-06-22T18:15:38Z" user="abczyx" uid="2129377" lat="43.3441187" lon="-8.4352683"/>
 <node id="6564913824" visible="true" version="1" changeset="71515624" timestamp="2019-06-22T18:15:38Z" user="abczyx" uid="2129377" lat="43.3448313" lon="-8.4309935"/>
 <node id="6564913825" visible="true" version="1" changeset="71515624" timestamp="2019-06-22T18:15:38Z" user="abczyx" uid="2129377" lat="43.3448535" lon="-8.4309421"/>
 <node id="6564913826" visible="true" version="1" changeset="71515624" timestamp="2019-06-22T18:15:38Z" user="abczyx" uid="2129377" lat="43.3444346" lon="-8.4368080">
  <tag k="addr:city" v="A Coruña"/>
  <tag k="addr:housenumber" v="53A"/>
  <tag k="addr:postcode" v="15008"/>
  <tag k="addr:street" v="Estrada dos Baños de Arteixo"/>
  <tag k="source:addr" v="https://ide.coruna.es/descargas/cambioscallejero/CodVia_0333_20180129.pdf"/>
 </node>
 <node id="6564913828" visible="true" version="1" changeset="71515624" timestamp="2019-06-22T18:15:38Z" user="abczyx" uid="2129377" lat="43.3436607" lon="-8.4356235"/>
 <node id="6564913829" visible="true" version="1" changeset="71515624" timestamp="2019-06-22T18:15:38Z" user="abczyx" uid="2129377" lat="43.3442414" lon="-8.4351663"/>
 <node id="6564913834" visible="true" version="1" changeset="71515624" timestamp="2019-06-22T18:15:38Z" user="abczyx" uid="2129377" lat="43.3453294" lon="-8.4320332">
  <tag k="addr:city" v="A Coruña"/>
  <tag k="addr:housenumber" v="30"/>
  <tag k="addr:postcode" v="15008"/>
  <tag k="addr:street" v="Estrada dos Baños de Arteixo"/>
  <tag k="source:addr" v="https://ide.coruna.es/descargas/cambioscallejero/CodVia_0333_20180129.pdf"/>
 </node>
 <node id="6564913836" visible="true" version="1" changeset="71515624" timestamp="2019-06-22T18:15:38Z" user="abczyx" uid="2129377" lat="43.3465159" lon="-8.4301771"/>
 <node id="6564913837" visible="true" version="1" changeset="71515624" timestamp="2019-06-22T18:15:38Z" user="abczyx" uid="2129377" lat="43.3442454" lon="-8.4352631"/>
 <node id="6564913841" visible="true" version="1" changeset="71515624" timestamp="2019-06-22T18:15:38Z" user="abczyx" uid="2129377" lat="43.3441134" lon="-8.4351711"/>
 <node id="6564913842" visible="true" version="1" changeset="71515624" timestamp="2019-06-22T18:15:38Z" user="abczyx" uid="2129377" lat="43.3436417" lon="-8.4356235"/>
 <node id="7008034111" visible="true" version="1" changeset="77518065" timestamp="2019-11-25T11:42:56Z" user="abczyx" uid="2129377" lat="43.3467462" lon="-8.4307639">
  <tag k="highway" v="stop"/>
 </node>
 <node id="7227301128" visible="true" version="1" changeset="81218984" timestamp="2020-02-19T11:47:34Z" user="MapMakerGal" uid="7579660" lat="43.3425290" lon="-8.4337554">
  <tag k="name" v="Quenlle"/>
  <tag k="place" v="locality"/>
 </node>
 <node id="7227301138" visible="true" version="1" changeset="81218984" timestamp="2020-02-19T11:47:34Z" user="MapMakerGal" uid="7579660" lat="43.3425088" lon="-8.4386808">
  <tag k="name" v="Cotos"/>
  <tag k="place" v="locality"/>
 </node>
 <node id="7442490651" visible="true" version="1" changeset="84070863" timestamp="2020-04-24T16:21:08Z" user="abczyx" uid="2129377" lat="43.3397051" lon="-8.4509975"/>
 <node id="7442490655" visible="true" version="1" changeset="84070863" timestamp="2020-04-24T16:21:08Z" user="abczyx" uid="2129377" lat="43.3394018" lon="-8.4516692"/>
 <node id="7507152464" visible="true" version="1" changeset="85030462" timestamp="2020-05-11T14:20:41Z" user="MapMakerGal" uid="7579660" lat="43.3440405" lon="-8.4327311"/>
 <node id="7507152465" visible="true" version="1" changeset="85030462" timestamp="2020-05-11T14:20:41Z" user="MapMakerGal" uid="7579660" lat="43.3440452" lon="-8.4325673"/>
 <node id="7636187385" visible="true" version="2" changeset="127580857" timestamp="2022-10-15T17:05:49Z" user="kmpoppe (@ Mapillary Update)" uid="14309561" lat="43.3434129" lon="-8.4300467">
  <tag k="man_made" v="surveillance"/>
  <tag k="mapillary" v="818397578775589"/>
  <tag k="source:position" v="Mapillary 2019-10-26"/>
  <tag k="survey:date" v="2020-05-30"/>
 </node>
 <node id="8314567339" visible="true" version="1" changeset="97363718" timestamp="2021-01-12T10:14:35Z" user="MapMakerGal" uid="7579660" lat="43.3405913" lon="-8.4286709"/>
 <node id="8812469694" visible="true" version="1" changeset="105990173" timestamp="2021-06-07T18:51:13Z" user="ddsaimon" uid="1893271" lat="43.3474810" lon="-8.4338240"/>
 <node id="8824664906" visible="true" version="1" changeset="106218272" timestamp="2021-06-11T13:48:29Z" user="MapMakerGal" uid="7579660" lat="43.3527913" lon="-8.4165481"/>
 <node id="8824664907" visible="true" version="1" changeset="106218272" timestamp="2021-06-11T13:48:29Z" user="MapMakerGal" uid="7579660" lat="43.3524243" lon="-8.4167859"/>
 <node id="8824664908" visible="true" version="1" changeset="106218272" timestamp="2021-06-11T13:48:29Z" user="MapMakerGal" uid="7579660" lat="43.3520790" lon="-8.4174456"/>
 <node id="8824664909" visible="true" version="1" changeset="106218272" timestamp="2021-06-11T13:48:29Z" user="MapMakerGal" uid="7579660" lat="43.3517800" lon="-8.4188078"/>
 <node id="9039018031" visible="true" version="1" changeset="110308369" timestamp="2021-08-26T21:25:01Z" user="iagocity" uid="12096117" lat="43.3460903" lon="-8.4287081"/>
 <node id="9161430809" visible="true" version="1" changeset="112317056" timestamp="2021-10-09T22:50:10Z" user="MapMakerGal" uid="7579660" lat="43.3488859" lon="-8.4209750"/>
 <node id="9170602302" visible="true" version="2" changeset="144339481" timestamp="2023-11-22T18:46:12Z" user="yopaseopor" uid="500572" lat="43.3427533" lon="-8.4305000">
  <tag k="direction" v="forward"/>
  <tag k="highway" v="stop"/>
  <tag k="traffic_sign" v="ES:R2"/>
 </node>
 <node id="9174998615" visible="true" version="1" changeset="112552028" timestamp="2021-10-15T17:23:23Z" user="iagocity" uid="12096117" lat="43.3581030" lon="-8.4218633"/>
 <node id="9175003840" visible="true" version="1" changeset="112552028" timestamp="2021-10-15T17:23:23Z" user="iagocity" uid="12096117" lat="43.3574733" lon="-8.4205877"/>
 <node id="9373877784" visible="true" version="1" changeset="115484519" timestamp="2021-12-28T18:57:37Z" user="MapMakerGal" uid="7579660" lat="43.3397004" lon="-8.4400081"/>
 <node id="9373877797" visible="true" version="1" changeset="115484519" timestamp="2021-12-28T18:57:37Z" user="MapMakerGal" uid="7579660" lat="43.3409940" lon="-8.4434730"/>
 <node id="9373877801" visible="true" version="1" changeset="115484519" timestamp="2021-12-28T18:57:37Z" user="MapMakerGal" uid="7579660" lat="43.3441360" lon="-8.4425764"/>
 <node id="9373877804" visible="true" version="1" changeset="115484519" timestamp="2021-12-28T18:57:37Z" user="MapMakerGal" uid="7579660" lat="43.3464568" lon="-8.4428564"/>
 <node id="9373877805" visible="true" version="1" changeset="115484519" timestamp="2021-12-28T18:57:37Z" user="MapMakerGal" uid="7579660" lat="43.3461779" lon="-8.4428429"/>
 <node id="9373877807" visible="true" version="1" changeset="115484519" timestamp="2021-12-28T18:57:37Z" user="MapMakerGal" uid="7579660" lat="43.3461779" lon="-8.4428429"/>
 <node id="9373877810" visible="true" version="1" changeset="115484519" timestamp="2021-12-28T18:57:37Z" user="MapMakerGal" uid="7579660" lat="43.3473168" lon="-8.4433282"/>
 <node id="9373877813" visible="true" version="1" changeset="115484519" timestamp="2021-12-28T18:57:37Z" user="MapMakerGal" uid="7579660" lat="43.3475251" lon="-8.4433680"/>
 <node id="9373877814" visible="true" version="1" changeset="115484519" timestamp="2021-12-28T18:57:37Z" user="MapMakerGal" uid="7579660" lat="43.3475251" lon="-8.4433680"/>
 <node id="9382527633" visible="true" version="1" changeset="115620119" timestamp="2021-12-31T19:05:58Z" user="abczyx" uid="2129377" lat="43.3440036" lon="-8.4395546"/>
 <node id="9382527634" visible="true" version="1" changeset="115620119" timestamp="2021-12-31T19:05:58Z" user="abczyx" uid="2129377" lat="43.3459062" lon="-8.4374107"/>
 <node id="9382527635" visible="true" version="1" changeset="115620119" timestamp="2021-12-31T19:05:58Z" user="abczyx" uid="2129377" lat="43.3463303" lon="-8.4377178"/>
 <node id="9382527636" visible="true" version="1" changeset="115620119" timestamp="2021-12-31T19:05:58Z" user="abczyx" uid="2129377" lat="43.3462936" lon="-8.4378305"/>
 <node id="9382527637" visible="true" version="1" changeset="115620119" timestamp="2021-12-31T19:05:58Z" user="abczyx" uid="2129377" lat="43.3463108" lon="-8.4376288"/>
 <node id="9382527638" visible="true" version="1" changeset="115620119" timestamp="2021-12-31T19:05:58Z" user="abczyx" uid="2129377" lat="43.3458551" lon="-8.4374528">
  <tag k="highway" v="give_way"/>
 </node>
 <node id="9382527639" visible="true" version="1" changeset="115620119" timestamp="2021-12-31T19:05:58Z" user="abczyx" uid="2129377" lat="43.3458052" lon="-8.4375279"/>
 <node id="9382527640" visible="true" version="1" changeset="115620119" timestamp="2021-12-31T19:05:58Z" user="abczyx" uid="2129377" lat="43.3462110" lon="-8.4375491">
  <tag k="highway" v="stop"/>
 </node>
 <node id="9382527641" visible="true" version="1" changeset="115620119" timestamp="2021-12-31T19:05:58Z" user="abczyx" uid="2129377" lat="43.3450680" lon="-8.4370276"/>
 <node id="10596679982" visible="true" version="1" changeset="131929427" timestamp="2023-01-31T16:43:17Z" user="abczyx" uid="2129377" lat="43.3448524" lon="-8.4336864"/>
 <node id="10596679985" visible="true" version="1" changeset="131929427" timestamp="2023-01-31T16:43:17Z" user="abczyx" uid="2129377" lat="43.3448834" lon="-8.4335540"/>
 <node id="10596679986" visible="true" version="1" changeset="131929427" timestamp="2023-01-31T16:43:17Z" user="abczyx" uid="2129377" lat="43.3447649" lon="-8.4344359"/>
 <node id="10596679991" visible="true" version="1" changeset="131929427" timestamp="2023-01-31T16:43:17Z" user="abczyx" uid="2129377" lat="43.3447635" lon="-8.4347387"/>
 <node id="10596679993" visible="true" version="1" changeset="131929427" timestamp="2023-01-31T16:43:17Z" user="abczyx" uid="2129377" lat="43.3448218" lon="-8.4347902"/>
 <node id="10596679999" visible="true" version="1" changeset="131929427" timestamp="2023-01-31T16:43:17Z" user="abczyx" uid="2129377" lat="43.3452719" lon="-8.4332965"/>
 <node id="10596680000" visible="true" version="1" changeset="131929427" timestamp="2023-01-31T16:43:17Z" user="abczyx" uid="2129377" lat="43.3447867" lon="-8.4347664"/>
 <node id="10974816097" visible="true" version="1" changeset="137300210" timestamp="2023-06-13T19:29:31Z" user="carto_unigis" uid="6264047" lat="43.3446754" lon="-8.4371502"/>
 <node id="11270479239" visible="true" version="1" changeset="142730890" timestamp="2023-10-17T21:16:42Z" user="MapMakerGal" uid="7579660" lat="43.3478631" lon="-8.4423166"/>
 <node id="11736690601" visible="true" version="2" changeset="155610026" timestamp="2024-08-22T14:44:02Z" user="kapazao_import" uid="8770019" lat="43.3448283" lon="-8.4408473">
  <tag k="frequency" v="50"/>
  <tag k="power" v="transformer"/>
 </node>
 <node id="11736690602" visible="true" version="2" changeset="155610026" timestamp="2024-08-22T14:44:02Z" user="kapazao_import" uid="8770019" lat="43.3447782" lon="-8.4407575">
  <tag k="frequency" v="50"/>
  <tag k="power" v="transformer"/>
 </node>
 <node id="11736690603" visible="true" version="2" changeset="155610026" timestamp="2024-08-22T14:44:02Z" user="kapazao_import" uid="8770019" lat="43.3447370" lon="-8.4406932">
  <tag k="frequency" v="50"/>
  <tag k="power" v="transformer"/>
 </node>
 <node id="11736690604" visible="true" version="2" changeset="155610026" timestamp="2024-08-22T14:44:02Z" user="kapazao_import" uid="8770019" lat="43.3447043" lon="-8.4406035">
  <tag k="frequency" v="50"/>
  <tag k="power" v="transformer"/>
 </node>
 <node id="11736690605" visible="true" version="2" changeset="155610026" timestamp="2024-08-22T14:44:02Z" user="kapazao_import" uid="8770019" lat="43.3446482" lon="-8.4405297">
  <tag k="frequency" v="50"/>
  <tag k="power" v="transformer"/>
 </node>
 <node id="12224119296" visible="true" version="1" changeset="157490119" timestamp="2024-10-05T08:56:57Z" user="joheil94" uid="18398586" lat="43.3432573" lon="-8.4303648"/>
 <node id="12224119297" visible="true" version="1" changeset="157490119" timestamp="2024-10-05T08:56:57Z" user="joheil94" uid="18398586" lat="43.3434139" lon="-8.4302034"/>
 <node id="12811663504" visible="true" version="1" changeset="165845608" timestamp="2025-05-05T13:11:35Z" user="Monchinho" uid="2788764" lat="43.3398047" lon="-8.4303552"/>
 <node id="13261832236" visible="true" version="1" changeset="173846932" timestamp="2025-10-27T16:27:52Z" user="Gabriel44200" uid="14203800" lat="43.3457746" lon="-8.4286684">
  <tag k="entrance" v="yes"/>
 </node>
 <node id="13658511517" visible="true" version="1" changeset="180054094" timestamp="2026-03-18T11:23:01Z" user="dmfr" uid="15324596" lat="43.3445019" lon="-8.4413959"/>
 <node id="13658511518" visible="true" version="1" changeset="180054094" timestamp="2026-03-18T11:23:01Z" user="dmfr" uid="15324596" lat="43.3445900" lon="-8.4412891"/>
 <node id="13658511519" visible="true" version="1" changeset="180054094" timestamp="2026-03-18T11:23:01Z" user="dmfr" uid="15324596" lat="43.3447143" lon="-8.4414831"/>
 <node id="13658511520" visible="true" version="1" changeset="180054094" timestamp="2026-03-18T11:23:01Z" user="dmfr" uid="15324596" lat="43.3446262" lon="-8.4415899"/>
 <node id="13658511521" visible="true" version="1" changeset="180054094" timestamp="2026-03-18T11:23:01Z" user="dmfr" uid="15324596" lat="43.3445479" lon="-8.4413818"/>
 <node id="13658511522" visible="true" version="1" changeset="180054094" timestamp="2026-03-18T11:23:01Z" user="dmfr" uid="15324596" lat="43.3445959" lon="-8.4414579"/>
 <node id="13658511523" visible="true" version="1" changeset="180054094" timestamp="2026-03-18T11:23:01Z" user="dmfr" uid="15324596" lat="43.3446439" lon="-8.4415340"/>
 <node id="13658511524" visible="true" version="1" changeset="180054094" timestamp="2026-03-18T11:23:01Z" user="dmfr" uid="15324596" lat="43.3445449" lon="-8.4405986"/>
 <node id="13658511525" visible="true" version="1" changeset="180054094" timestamp="2026-03-18T11:23:01Z" user="dmfr" uid="15324596" lat="43.3445697" lon="-8.4406375"/>
 <node id="13658511526" visible="true" version="1" changeset="180054094" timestamp="2026-03-18T11:23:01Z" user="dmfr" uid="15324596" lat="43.3445945" lon="-8.4406765"/>
 <node id="13658511527" visible="true" version="1" changeset="180054094" timestamp="2026-03-18T11:23:01Z" user="dmfr" uid="15324596" lat="43.3446193" lon="-8.4407154"/>
 <node id="13658511528" visible="true" version="1" changeset="180054094" timestamp="2026-03-18T11:23:01Z" user="dmfr" uid="15324596" lat="43.3446441" lon="-8.4407543"/>
 <node id="13658511529" visible="true" version="1" changeset="180054094" timestamp="2026-03-18T11:23:01Z" user="dmfr" uid="15324596" lat="43.3446689" lon="-8.4407933"/>
 <node id="13658511530" visible="true" version="1" changeset="180054094" timestamp="2026-03-18T11:23:01Z" user="dmfr" uid="15324596" lat="43.3446937" lon="-8.4408322"/>
 <node id="13658511531" visible="true" version="1" changeset="180054094" timestamp="2026-03-18T11:23:01Z" user="dmfr" uid="15324596" lat="43.3447185" lon="-8.4408711"/>
 <node id="13658511532" visible="true" version="1" changeset="180054094" timestamp="2026-03-18T11:23:01Z" user="dmfr" uid="15324596" lat="43.3447433" lon="-8.4409100"/>
 <node id="13658511533" visible="true" version="1" changeset="180054094" timestamp="2026-03-18T11:23:01Z" user="dmfr" uid="15324596" lat="43.3447681" lon="-8.4409490"/>
 <node id="13658511534" visible="true" version="1" changeset="180054094" timestamp="2026-03-18T11:23:01Z" user="dmfr" uid="15324596" lat="43.3447929" lon="-8.4409879"/>
 <node id="13658511535" visible="true" version="1" changeset="180054094" timestamp="2026-03-18T11:23:01Z" user="dmfr" uid="15324596" lat="43.3448177" lon="-8.4410268"/>
 <node id="13658511536" visible="true" version="1" changeset="180054094" timestamp="2026-03-18T11:23:01Z" user="dmfr" uid="15324596" lat="43.3448425" lon="-8.4410657"/>
 <node id="13658511537" visible="true" version="1" changeset="180054094" timestamp="2026-03-18T11:23:01Z" user="dmfr" uid="15324596" lat="43.3448673" lon="-8.4411047"/>
 <node id="13658511538" visible="true" version="1" changeset="180054094" timestamp="2026-03-18T11:23:01Z" user="dmfr" uid="15324596" lat="43.3448921" lon="-8.4411436"/>
 <node id="13658511539" visible="true" version="1" changeset="180054094" timestamp="2026-03-18T11:23:01Z" user="dmfr" uid="15324596" lat="43.3449169" lon="-8.4411825"/>
 <node id="13658511540" visible="true" version="1" changeset="180054094" timestamp="2026-03-18T11:23:01Z" user="dmfr" uid="15324596" lat="43.3449417" lon="-8.4412214"/>
 <node id="13658511541" visible="true" version="1" changeset="180054094" timestamp="2026-03-18T11:23:01Z" user="dmfr" uid="15324596" lat="43.3449665" lon="-8.4412604"/>
 <node id="13658511542" visible="true" version="1" changeset="180054094" timestamp="2026-03-18T11:23:01Z" user="dmfr" uid="15324596" lat="43.3449913" lon="-8.4412993"/>
 <node id="13658511543" visible="true" version="1" changeset="180054094" timestamp="2026-03-18T11:23:01Z" user="dmfr" uid="15324596" lat="43.3450161" lon="-8.4413382"/>
 <node id="13658511544" visible="true" version="1" changeset="180054094" timestamp="2026-03-18T11:23:01Z" user="dmfr" uid="15324596" lat="43.3450409" lon="-8.4413771"/>
 <node id="13658511545" visible="true" version="1" changeset="180054094" timestamp="2026-03-18T11:23:01Z" user="dmfr" uid="15324596" lat="43.3444386" lon="-8.4407267"/>
 <node id="13658511546" visible="true" version="1" changeset="180054094" timestamp="2026-03-18T11:23:01Z" user="dmfr" uid="15324596" lat="43.3444621" lon="-8.4407641"/>
 <node id="13658511547" visible="true" version="1" changeset="180054094" timestamp="2026-03-18T11:23:01Z" user="dmfr" uid="15324596" lat="43.3444857" lon="-8.4408015"/>
 <node id="13658511548" visible="true" version="1" changeset="180054094" timestamp="2026-03-18T11:23:01Z" user="dmfr" uid="15324596" lat="43.3445092" lon="-8.4408389"/>
 <node id="13658511549" visible="true" version="1" changeset="180054094" timestamp="2026-03-18T11:23:01Z" user="dmfr" uid="15324596" lat="43.3445327" lon="-8.4408763"/>
 <node id="13658511550" visible="true" version="1" changeset="180054094" timestamp="2026-03-18T11:23:01Z" user="dmfr" uid="15324596" lat="43.3445562" lon="-8.4409137"/>
 <node id="13658511551" visible="true" version="1" changeset="180054094" timestamp="2026-03-18T11:23:01Z" user="dmfr" uid="15324596" lat="43.3445797" lon="-8.4409511"/>
 <node id="13658511552" visible="true" version="1" changeset="180054094" timestamp="2026-03-18T11:23:01Z" user="dmfr" uid="15324596" lat="43.3446032" lon="-8.4409885"/>
 <node id="13658511553" visible="true" version="1" changeset="180054094" timestamp="2026-03-18T11:23:01Z" user="dmfr" uid="15324596" lat="43.3446268" lon="-8.4410259"/>
 <node id="13658511554" visible="true" version="1" changeset="180054094" timestamp="2026-03-18T11:23:01Z" user="dmfr" uid="15324596" lat="43.3446503" lon="-8.4410633"/>
 <node id="13658511555" visible="true" version="1" changeset="180054094" timestamp="2026-03-18T11:23:01Z" user="dmfr" uid="15324596" lat="43.3446738" lon="-8.4411007"/>
 <node id="13658511556" visible="true" version="1" changeset="180054094" timestamp="2026-03-18T11:23:01Z" user="dmfr" uid="15324596" lat="43.3446973" lon="-8.4411381"/>
 <node id="13658511557" visible="true" version="1" changeset="180054094" timestamp="2026-03-18T11:23:01Z" user="dmfr" uid="15324596" lat="43.3447208" lon="-8.4411755"/>
 <node id="13658511558" visible="true" version="1" changeset="180054094" timestamp="2026-03-18T11:23:01Z" user="dmfr" uid="15324596" lat="43.3447443" lon="-8.4412129">
  <tag k="power" v="insulator"/>
 </node>
 <node id="13658511559" visible="true" version="1" changeset="180054094" timestamp="2026-03-18T11:23:01Z" user="dmfr" uid="15324596" lat="43.3447679" lon="-8.4412503"/>
 <node id="13658511560" visible="true" version="1" changeset="180054094" timestamp="2026-03-18T11:23:01Z" user="dmfr" uid="15324596" lat="43.3447914" lon="-8.4412877">
  <tag k="power" v="insulator"/>
 </node>
 <node id="13658511561" visible="true" version="1" changeset="180054094" timestamp="2026-03-18T11:23:01Z" user="dmfr" uid="15324596" lat="43.3448149" lon="-8.4413251"/>
 <node id="13658511562" visible="true" version="1" changeset="180054094" timestamp="2026-03-18T11:23:01Z" user="dmfr" uid="15324596" lat="43.3448384" lon="-8.4413625"/>
 <node id="13658511563" visible="true" version="1" changeset="180054094" timestamp="2026-03-18T11:23:01Z" user="dmfr" uid="15324596" lat="43.3448619" lon="-8.4413999"/>
 <node id="13658511564" visible="true" version="1" changeset="180054094" timestamp="2026-03-18T11:23:01Z" user="dmfr" uid="15324596" lat="43.3445191" lon="-8.4405356"/>
 <node id="13658511565" visible="true" version="1" changeset="180054094" timestamp="2026-03-18T11:23:01Z" user="dmfr" uid="15324596" lat="43.3444640" lon="-8.4406003"/>
 <node id="13658511566" visible="true" version="1" changeset="180054094" timestamp="2026-03-18T11:23:01Z" user="dmfr" uid="15324596" lat="43.3444089" lon="-8.4406650"/>
 <way id="24560373" visible="true" version="21" changeset="179911184" timestamp="2026-03-15T17:53:36Z" user="Hugoren Martinako" uid="3392826">
  <nd ref="267036789"/>
  <nd ref="1125611683"/>
  <nd ref="267040010"/>
  <nd ref="267040011"/>
  <nd ref="267040012"/>
  <nd ref="6252391725"/>
  <nd ref="1166804003"/>
  <nd ref="6252391724"/>
  <nd ref="267040013"/>
  <nd ref="1166803992"/>
  <nd ref="6252391715"/>
  <nd ref="267040014"/>
  <nd ref="1166803977"/>
  <nd ref="1166803944"/>
  <nd ref="1166803958"/>
  <nd ref="1125611782"/>
  <nd ref="267040016"/>
  <tag k="highway" v="primary_link"/>
  <tag k="lanes" v="1"/>
  <tag k="maxspeed" v="80"/>
  <tag k="name" v="Estrada dos Baños de Arteixo"/>
  <tag k="name:es" v="Carretera Baños de Arteixo"/>
  <tag k="name:gl" v="Estrada dos Baños de Arteixo"/>
  <tag k="oneway" v="yes"/>
  <tag k="ref" v="AC-552"/>
  <tag k="short_name" v="Estrada Baños de Arteixo"/>
  <tag k="source" v="PNOA"/>
  <tag k="surface" v="asphalt"/>
 </way>
 <way id="26041616" visible="true" version="16" changeset="157893288" timestamp="2024-10-14T19:28:00Z" user="Qritica" uid="22020853">
  <nd ref="1810726014"/>
  <nd ref="1810726054"/>
  <nd ref="1810726033"/>
  <nd ref="1810726080"/>
  <nd ref="1810726015"/>
  <nd ref="1125611903"/>
  <nd ref="6202154619"/>
  <nd ref="1125611679"/>
  <nd ref="284748249"/>
  <nd ref="6202154620"/>
  <nd ref="1125611655"/>
  <nd ref="284748258"/>
  <nd ref="1125611723"/>
  <nd ref="284748264"/>
  <nd ref="1125611836"/>
  <nd ref="284748271"/>
  <nd ref="1125611758"/>
  <nd ref="284748279"/>
  <nd ref="1125611617"/>
  <nd ref="284748286"/>
  <nd ref="284748294"/>
  <nd ref="1125611792"/>
  <nd ref="284748300"/>
  <nd ref="1125612058"/>
  <nd ref="284748307"/>
  <nd ref="1125611886"/>
  <nd ref="284748315"/>
  <nd ref="1125611789"/>
  <nd ref="284748325"/>
  <nd ref="284748333"/>
  <nd ref="5579312462"/>
  <nd ref="284748339"/>
  <nd ref="7442490651"/>
  <nd ref="284748345"/>
  <nd ref="7442490655"/>
  <nd ref="284748354"/>
  <nd ref="284748362"/>
  <nd ref="284748370"/>
  <nd ref="284748378"/>
  <nd ref="284748386"/>
  <nd ref="284748394"/>
  <nd ref="284748410"/>
  <tag k="agricultural" v="no"/>
  <tag k="bicycle" v="no"/>
  <tag k="foot" v="no"/>
  <tag k="hazmat" v="designated"/>
  <tag k="highway" v="motorway"/>
  <tag k="horse" v="no"/>
  <tag k="lanes" v="2"/>
  <tag k="maxspeed" v="120"/>
  <tag k="name" v="Autoestrada da Costa da Morte"/>
  <tag k="oneway" v="yes"/>
  <tag k="ref" v="AG-55"/>
  <tag k="ref:colour" v="blue"/>
  <tag k="ref:colour_tx" v="white"/>
  <tag k="surface" v="asphalt"/>
  <tag k="toll" v="no"/>
 </way>
 <way id="77468914" visible="true" version="4" changeset="63260207" timestamp="2018-10-06T15:51:47Z" user="MapMakerGal" uid="7579660">
  <nd ref="911846432"/>
  <nd ref="911846260"/>
  <nd ref="911846434"/>
  <tag k="access" v="private"/>
  <tag k="highway" v="service"/>
  <tag k="source" v="yahoo"/>
 </way>
 <way id="77468916" visible="true" version="4" changeset="63260207" timestamp="2018-10-06T15:51:46Z" user="MapMakerGal" uid="7579660">
  <nd ref="1810726065"/>
  <nd ref="1840130605"/>
  <nd ref="5961817028"/>
  <nd ref="1840130593"/>
  <nd ref="1840130575"/>
  <tag k="access" v="destination"/>
  <tag k="highway" v="service"/>
  <tag k="oneway" v="yes"/>
  <tag k="source" v="yahoo"/>
 </way>
 <way id="77468922" visible="true" version="4" changeset="63260207" timestamp="2018-10-06T15:51:47Z" user="MapMakerGal" uid="7579660">
  <nd ref="911846434"/>
  <nd ref="911846122"/>
  <nd ref="1125611875"/>
  <nd ref="911846203"/>
  <nd ref="911846476"/>
  <nd ref="911846098"/>
  <nd ref="911846353"/>
  <nd ref="911846349"/>
  <nd ref="911846077"/>
  <tag k="access" v="private"/>
  <tag k="highway" v="service"/>
  <tag k="source" v="yahoo"/>
 </way>
 <way id="77468931" visible="true" version="8" changeset="63260207" timestamp="2018-10-06T15:51:47Z" user="MapMakerGal" uid="7579660">
  <nd ref="911846434"/>
  <nd ref="911846145"/>
  <nd ref="911846421"/>
  <nd ref="1840055162"/>
  <nd ref="1166803964"/>
  <nd ref="1166803981"/>
  <nd ref="911846249"/>
  <tag k="access" v="private"/>
  <tag k="highway" v="service"/>
  <tag k="source" v="yahoo"/>
 </way>
 <way id="77468935" visible="true" version="8" changeset="153253105" timestamp="2024-06-27T15:27:09Z" user="abczyx" uid="2129377">
  <nd ref="1834003232"/>
  <nd ref="1834003186"/>
  <nd ref="1834003280"/>
  <nd ref="1834003245"/>
  <tag k="access" v="private"/>
  <tag k="highway" v="service"/>
  <tag k="maxspeed" v="30"/>
  <tag k="oneway" v="no"/>
  <tag k="surface" v="asphalt"/>
 </way>
 <way id="77468941" visible="true" version="6" changeset="63260207" timestamp="2018-10-06T15:51:47Z" user="MapMakerGal" uid="7579660">
  <nd ref="911846353"/>
  <nd ref="911846432"/>
  <nd ref="1834003239"/>
  <nd ref="911846482"/>
  <nd ref="911846231"/>
  <nd ref="911846446"/>
  <nd ref="911846134"/>
  <nd ref="911846482"/>
  <tag k="access" v="private"/>
  <tag k="highway" v="service"/>
  <tag k="source" v="yahoo"/>
 </way>
 <way id="100017908" visible="true" version="3" changeset="63260207" timestamp="2018-10-06T15:51:48Z" user="MapMakerGal" uid="7579660">
  <nd ref="1156362592"/>
  <nd ref="1810726071"/>
  <tag k="highway" v="service"/>
  <tag k="oneway" v="yes"/>
 </way>
 <way id="100019048" visible="true" version="2" changeset="63260207" timestamp="2018-10-06T15:51:48Z" user="MapMakerGal" uid="7579660">
  <nd ref="1156362357"/>
  <nd ref="1156371037"/>
  <nd ref="1156371055"/>
  <nd ref="1156371035"/>
  <nd ref="1156371014"/>
  <tag k="access" v="private"/>
  <tag k="highway" v="service"/>
  <tag k="service" v="driveway"/>
 </way>
 <way id="100019055" visible="true" version="2" changeset="63260207" timestamp="2018-10-06T15:51:48Z" user="MapMakerGal" uid="7579660">
  <nd ref="1156371035"/>
  <nd ref="1156371052"/>
  <nd ref="1156371011"/>
  <nd ref="1156371006"/>
  <tag k="access" v="private"/>
  <tag k="highway" v="service"/>
  <tag k="service" v="driveway"/>
 </way>
 <way id="101013804" visible="true" version="3" changeset="63260207" timestamp="2018-10-06T15:51:48Z" user="MapMakerGal" uid="7579660">
  <nd ref="1166803953"/>
  <nd ref="1166803991"/>
  <nd ref="1166804000"/>
  <nd ref="1840130579"/>
  <nd ref="1166803963"/>
  <tag k="access" v="private"/>
  <tag k="highway" v="service"/>
  <tag k="source" v="yahoo"/>
 </way>
 <way id="135762608" visible="true" version="7" changeset="179911184" timestamp="2026-03-15T17:53:54Z" user="Hugoren Martinako" uid="3392826">
  <nd ref="1156362501"/>
  <nd ref="1810726068"/>
  <nd ref="1810726103"/>
  <nd ref="1810726082"/>
  <nd ref="1810726036"/>
  <nd ref="1810726057"/>
  <nd ref="1810726085"/>
  <nd ref="1490414917"/>
  <nd ref="1490414911"/>
  <tag k="destination" v="Polígono industrial Agrela-Bens;Riazor-Orzán;Zona comercial Marineda City;AC-14;Aeroporto;A-6 E-70 Lugo"/>
  <tag k="highway" v="primary_link"/>
  <tag k="lanes" v="1"/>
  <tag k="lit" v="yes"/>
  <tag k="maxspeed" v="60"/>
  <tag k="name" v="Estrada dos Baños de Arteixo"/>
  <tag k="name:es" v="Carretera Baños de Arteixo"/>
  <tag k="name:gl" v="Estrada dos Baños de Arteixo"/>
  <tag k="oneway" v="yes"/>
  <tag k="ref" v="AC-552"/>
  <tag k="short_name" v="Estrada Baños de Arteixo"/>
  <tag k="source" v="PNOA"/>
  <tag k="surface" v="asphalt"/>
 </way>
 <way id="135762609" visible="true" version="7" changeset="179911184" timestamp="2026-03-15T17:53:54Z" user="Hugoren Martinako" uid="3392826">
  <nd ref="1810726032"/>
  <nd ref="1810726026"/>
  <nd ref="1810726083"/>
  <nd ref="1810726089"/>
  <nd ref="1490414898"/>
  <nd ref="1810726112"/>
  <nd ref="1810726037"/>
  <nd ref="1810726019"/>
  <nd ref="2245577442"/>
  <nd ref="1810726028"/>
  <nd ref="1810726022"/>
  <nd ref="1810726056"/>
  <nd ref="1810726065"/>
  <nd ref="1810726038"/>
  <nd ref="911846089"/>
  <tag k="highway" v="primary_link"/>
  <tag k="lanes" v="1"/>
  <tag k="maxspeed" v="60"/>
  <tag k="name" v="Estrada dos Baños de Arteixo"/>
  <tag k="name:es" v="Carretera Baños de Arteixo"/>
  <tag k="name:gl" v="Estrada dos Baños de Arteixo"/>
  <tag k="oneway" v="yes"/>
  <tag k="ref" v="AC-552"/>
  <tag k="short_name" v="Estrada Baños de Arteixo"/>
  <tag k="source" v="PNOA"/>
  <tag k="surface" v="asphalt"/>
 </way>
 <way id="135762610" visible="true" version="12" changeset="179911184" timestamp="2026-03-15T17:53:54Z" user="Hugoren Martinako" uid="3392826">
  <nd ref="1810726041"/>
  <nd ref="5961817029"/>
  <nd ref="1810726071"/>
  <nd ref="1793532890"/>
  <nd ref="1793532878"/>
  <nd ref="1793532884"/>
  <nd ref="1793532872"/>
  <nd ref="1490414889"/>
  <nd ref="1490414887"/>
  <nd ref="1490414885"/>
  <nd ref="1810726048"/>
  <nd ref="1810726093"/>
  <tag k="destination" v="Riazor-Orzán;Zona comercial Marineda City;AC-14;Aeroporto;A-6 E-70 Lugo"/>
  <tag k="highway" v="primary_link"/>
  <tag k="lanes" v="1"/>
  <tag k="maxspeed" v="60"/>
  <tag k="name" v="Estrada dos Baños de Arteixo"/>
  <tag k="name:es" v="Carretera Baños de Arteixo"/>
  <tag k="name:gl" v="Estrada dos Baños de Arteixo"/>
  <tag k="oneway" v="yes"/>
  <tag k="ref" v="AC-552"/>
  <tag k="short_name" v="Estrada Baños de Arteixo"/>
  <tag k="source" v="PNOA"/>
  <tag k="surface" v="asphalt"/>
 </way>
 <way id="143269450" visible="true" version="9" changeset="167248419" timestamp="2025-06-06T04:34:59Z" user="sanchi" uid="170106">
  <nd ref="1567916488"/>
  <nd ref="3404142868"/>
  <nd ref="3404142873"/>
  <nd ref="1567916470"/>
  <nd ref="1490414913"/>
  <nd ref="1810726094"/>
  <nd ref="3404142875"/>
  <tag k="highway" v="trunk_link"/>
  <tag k="lanes" v="2"/>
  <tag k="maxspeed" v="40"/>
  <tag k="oneway" v="yes"/>
  <tag k="surface" v="asphalt"/>
 </way>
 <way id="149228494" visible="true" version="13" changeset="147289736" timestamp="2024-02-10T11:57:16Z" user="kapazao_import" uid="8770019">
  <nd ref="1622405172"/>
  <nd ref="3477297340"/>
  <nd ref="3477297261"/>
  <nd ref="6404998518"/>
  <nd ref="6404998519"/>
  <nd ref="6404998524"/>
  <nd ref="3477297311"/>
  <nd ref="3477297262"/>
  <nd ref="1793527136"/>
  <nd ref="6404998515"/>
  <nd ref="1793527118"/>
  <nd ref="6404998501"/>
  <nd ref="6404998502"/>
  <nd ref="6404998510"/>
  <nd ref="1804197119"/>
  <nd ref="3477297336"/>
  <nd ref="1622405155"/>
  <nd ref="1804197118"/>
  <nd ref="1804197115"/>
  <nd ref="3477297301"/>
  <nd ref="3477297318"/>
  <nd ref="1622405021"/>
  <nd ref="1622404939"/>
  <nd ref="1622405024"/>
  <nd ref="1622404963"/>
  <nd ref="3477297330"/>
  <nd ref="3477297279"/>
  <nd ref="3477297297"/>
  <nd ref="3477297292"/>
  <nd ref="1622405034"/>
  <nd ref="1622405039"/>
  <nd ref="2489655748"/>
  <nd ref="3477297260"/>
  <nd ref="3477297347"/>
  <nd ref="3477297362"/>
  <nd ref="3477297272"/>
  <nd ref="3477297296"/>
  <nd ref="3477297353"/>
  <nd ref="1622405047"/>
  <nd ref="3477297333"/>
  <nd ref="1622405056"/>
  <nd ref="3477297375"/>
  <nd ref="1622405091"/>
  <nd ref="1804197116"/>
  <nd ref="1804197117"/>
  <nd ref="1622405096"/>
  <nd ref="1622405159"/>
  <nd ref="1622405165"/>
  <nd ref="1622405172"/>
  <tag k="addr:city" v="A Coruña"/>
  <tag k="addr:housenumber" v="43"/>
  <tag k="addr:postcode" v="15008"/>
  <tag k="addr:street" v="Estrada dos Baños de Arteixo"/>
  <tag k="landuse" v="retail"/>
  <tag k="name" v="Centro Comercial Marineda City"/>
  <tag k="opening_hours" v="Mo-Sa 10:00-22:00; Su-Th 12:00-00:00 &quot;bar&quot;; Fr-Sa 12:00-01:00 &quot;bar&quot;"/>
  <tag k="website" v="http://www.marinedacity.es/"/>
 </way>
 <way id="154987936" visible="true" version="5" changeset="131929427" timestamp="2023-01-31T16:43:17Z" user="abczyx" uid="2129377">
  <nd ref="10596679986"/>
  <nd ref="10596679991"/>
  <nd ref="10596680000"/>
  <nd ref="10596679993"/>
  <nd ref="5961785968"/>
  <nd ref="1674371937"/>
  <nd ref="5961785959"/>
  <nd ref="5961785958"/>
  <nd ref="1674376666"/>
  <nd ref="1674376662"/>
  <nd ref="1674376658"/>
  <nd ref="5592663903"/>
  <nd ref="1674371952"/>
  <nd ref="10596679999"/>
  <nd ref="10596679985"/>
  <nd ref="10596679982"/>
  <nd ref="10596679986"/>
  <tag k="addr:city" v="A Coruña"/>
  <tag k="addr:housenumber" v="34"/>
  <tag k="addr:postcode" v="15008"/>
  <tag k="addr:street" v="Estrada dos Baños de Arteixo"/>
  <tag k="landuse" v="industrial"/>
  <tag k="name" v="Resonac Graphite Spain"/>
  <tag k="old_name" v="Showa Denko"/>
 </way>
 <way id="154988833" visible="true" version="11" changeset="165845608" timestamp="2025-05-05T13:11:35Z" user="Monchinho" uid="2788764">
  <nd ref="1674376679"/>
  <nd ref="1674376702"/>
  <nd ref="6202100523"/>
  <nd ref="1674376692"/>
  <nd ref="1674376668"/>
  <nd ref="1674438577"/>
  <nd ref="1674376663"/>
  <nd ref="1674376650"/>
  <nd ref="1674376697"/>
  <nd ref="1993762584"/>
  <nd ref="1834003190"/>
  <nd ref="9373877805"/>
  <nd ref="1674376670"/>
  <nd ref="1674376698"/>
  <nd ref="1993762560"/>
  <nd ref="1674376660"/>
  <nd ref="1674879641"/>
  <nd ref="1674879632"/>
  <nd ref="9373877801"/>
  <nd ref="6202154635"/>
  <nd ref="6202154637"/>
  <nd ref="1674376656"/>
  <nd ref="6202154636"/>
  <nd ref="1674376695"/>
  <nd ref="1674376653"/>
  <nd ref="1674376699"/>
  <nd ref="5961816987"/>
  <nd ref="1674376675"/>
  <nd ref="5961816986"/>
  <nd ref="5961817025"/>
  <nd ref="5961817028"/>
  <nd ref="1674376666"/>
  <nd ref="1674376662"/>
  <nd ref="1674376658"/>
  <nd ref="1674376673"/>
  <nd ref="1674376677"/>
  <nd ref="1834003166"/>
  <nd ref="1674376693"/>
  <nd ref="1674376694"/>
  <nd ref="1674376679"/>
  <tag k="landuse" v="industrial"/>
  <tag k="name" v="Alcoa - A Coruña"/>
  <tag k="wikidata" v="Q135325"/>
  <tag k="wikipedia" v="gl:Alcoa"/>
 </way>
 <way id="154990460" visible="true" version="23" changeset="165845608" timestamp="2025-05-05T13:11:35Z" user="Monchinho" uid="2788764">
  <nd ref="1674389947"/>
  <nd ref="470539088"/>
  <nd ref="470539070"/>
  <nd ref="9175003840"/>
  <nd ref="470539068"/>
  <nd ref="470539064"/>
  <nd ref="470539058"/>
  <nd ref="2989578252"/>
  <nd ref="1674389954"/>
  <nd ref="470539039"/>
  <nd ref="1674389942"/>
  <nd ref="1674389948"/>
  <nd ref="1853532293"/>
  <nd ref="1674389937"/>
  <nd ref="1674389949"/>
  <nd ref="8824664906"/>
  <nd ref="1674389941"/>
  <nd ref="8824664907"/>
  <nd ref="1674389952"/>
  <nd ref="8824664908"/>
  <nd ref="1674389957"/>
  <nd ref="1674389936"/>
  <nd ref="8824664909"/>
  <nd ref="1674389946"/>
  <nd ref="3480034194"/>
  <nd ref="5961710809"/>
  <nd ref="1674389940"/>
  <nd ref="1674389938"/>
  <nd ref="1674389955"/>
  <nd ref="6295178978"/>
  <nd ref="6295178977"/>
  <nd ref="6295178976"/>
  <nd ref="1674389950"/>
  <nd ref="5592124751"/>
  <nd ref="6295178975"/>
  <nd ref="9161430809"/>
  <nd ref="6295178974"/>
  <nd ref="6295178973"/>
  <nd ref="5592124750"/>
  <nd ref="1156371068"/>
  <nd ref="1853532357"/>
  <nd ref="2245549867"/>
  <nd ref="4900419450"/>
  <nd ref="3801078115"/>
  <nd ref="6260430757"/>
  <nd ref="6260430758"/>
  <nd ref="1156362358"/>
  <nd ref="3049134703"/>
  <nd ref="5592124748"/>
  <nd ref="6260430779"/>
  <nd ref="695412548"/>
  <nd ref="6404998550"/>
  <nd ref="5592124747"/>
  <nd ref="5592124746"/>
  <nd ref="6202131109"/>
  <nd ref="5592124745"/>
  <nd ref="6202127967"/>
  <nd ref="5592124744"/>
  <nd ref="5592124743"/>
  <nd ref="6202131163"/>
  <nd ref="5592124742"/>
  <nd ref="1674389944"/>
  <nd ref="1674389939"/>
  <nd ref="9174998615"/>
  <nd ref="1674389947"/>
  <tag k="alt_name" v="Parque Empresaria da Grela"/>
  <tag k="landuse" v="industrial"/>
  <tag k="name" v="Parque Empresarial de Agrela"/>
  <tag k="wikidata" v="Q31282920"/>
  <tag k="wikipedia" v="gl:Parque Empresarial de Agrela"/>
 </way>
 <way id="154996042" visible="true" version="2" changeset="66238188" timestamp="2019-01-11T20:35:02Z" user="MapMakerGal" uid="7579660">
  <nd ref="1674438578"/>
  <nd ref="1674438577"/>
  <nd ref="1674376668"/>
  <nd ref="1674376692"/>
  <nd ref="1674438575"/>
  <nd ref="1674438578"/>
  <tag k="building" v="yes"/>
 </way>
 <way id="158903808" visible="true" version="1" changeset="11254223" timestamp="2012-04-10T17:04:09Z" user="Nemigo" uid="650671">
  <nd ref="1710256797"/>
  <nd ref="911846168"/>
  <tag k="highway" v="service"/>
 </way>
 <way id="158904215" visible="true" version="6" changeset="180054094" timestamp="2026-03-18T11:23:01Z" user="dmfr" uid="15324596">
  <nd ref="1710260093"/>
  <nd ref="1710260096"/>
  <nd ref="1710260095"/>
  <nd ref="1710260089"/>
  <nd ref="1710260092"/>
  <nd ref="1710260091"/>
  <nd ref="1710260090"/>
  <nd ref="1840055195"/>
  <nd ref="1840055152"/>
  <nd ref="1834003261"/>
  <nd ref="1710260093"/>
 </way>
 <way id="160138957" visible="true" version="8" changeset="180054094" timestamp="2026-03-18T11:23:01Z" user="dmfr" uid="15324596">
  <nd ref="1793331126"/>
  <nd ref="1793331129"/>
  <nd ref="1793331111"/>
  <nd ref="1793331146"/>
  <nd ref="1793331137"/>
  <nd ref="1793331114"/>
  <nd ref="1793332486"/>
  <nd ref="1793331160"/>
  <nd ref="1793331153"/>
  <nd ref="1793332499"/>
  <nd ref="1710251313"/>
  <nd ref="1710250710"/>
  <nd ref="1710250361"/>
  <nd ref="1710250355"/>
  <nd ref="1710250299"/>
  <nd ref="1710249962"/>
  <nd ref="1710249797"/>
  <nd ref="1710252397"/>
  <nd ref="1710254675"/>
  <nd ref="1710254993"/>
  <nd ref="1710255502"/>
  <nd ref="1710255858"/>
  <nd ref="1710256367"/>
  <nd ref="1722105120"/>
  <tag k="cables" v="3"/>
  <tag k="circuits" v="1"/>
  <tag k="frequency" v="50"/>
  <tag k="power" v="line"/>
  <tag k="voltage" v="66000"/>
  <tag k="wires" v="double"/>
 </way>
 <way id="160139150" visible="true" version="6" changeset="180054584" timestamp="2026-03-18T11:34:35Z" user="dmfr" uid="15324596">
  <nd ref="4036061047"/>
  <nd ref="4036061043"/>
  <nd ref="1793331156"/>
  <nd ref="1793331148"/>
  <nd ref="1793331108"/>
  <nd ref="1793331119"/>
  <nd ref="1793331155"/>
  <nd ref="1793331162"/>
  <nd ref="1793331121"/>
  <nd ref="1793331157"/>
  <nd ref="1793331117"/>
  <nd ref="1793331124"/>
  <nd ref="1793331158"/>
  <nd ref="1710251018"/>
  <nd ref="1710250390"/>
  <nd ref="1710250345"/>
  <nd ref="1710255653"/>
  <nd ref="1710254884"/>
  <nd ref="1710249883"/>
  <nd ref="1710252882"/>
  <nd ref="1710254925"/>
  <nd ref="1710255323"/>
  <nd ref="1710255617"/>
  <nd ref="1710256025"/>
  <nd ref="1710256503"/>
  <nd ref="1722106727"/>
  <tag k="cables" v="3"/>
  <tag k="circuits" v="1"/>
  <tag k="frequency" v="50"/>
  <tag k="power" v="line"/>
  <tag k="voltage" v="66000"/>
  <tag k="wires" v="double"/>
 </way>
 <way id="160139741" visible="true" version="13" changeset="165845608" timestamp="2025-05-05T13:11:35Z" user="Monchinho" uid="2788764">
  <nd ref="1722112600"/>
  <nd ref="1801078143"/>
  <nd ref="1801078170"/>
  <nd ref="1801078155"/>
  <nd ref="6252391714"/>
  <nd ref="6252391716"/>
  <nd ref="1801078171"/>
  <nd ref="1801078138"/>
  <nd ref="1801078149"/>
  <nd ref="1801078154"/>
  <nd ref="1801078156"/>
  <nd ref="6252391692"/>
  <nd ref="1801078151"/>
  <nd ref="1801078139"/>
  <nd ref="1801078173"/>
  <nd ref="6252391693"/>
  <nd ref="1801078153"/>
  <nd ref="6252391694"/>
  <nd ref="6252391695"/>
  <nd ref="1801078152"/>
  <nd ref="6252391696"/>
  <nd ref="6252391697"/>
  <nd ref="1722112625"/>
  <nd ref="6252391698"/>
  <nd ref="6252391699"/>
  <nd ref="6252391700"/>
  <nd ref="6252391701"/>
  <nd ref="6252391702"/>
  <nd ref="6252391703"/>
  <nd ref="6202154618"/>
  <nd ref="6252391704"/>
  <nd ref="6252391705"/>
  <nd ref="6202154617"/>
  <nd ref="1722112511"/>
  <nd ref="6252391707"/>
  <nd ref="6252391706"/>
  <nd ref="1722112574"/>
  <nd ref="6202154616"/>
  <nd ref="6202154615"/>
  <nd ref="6202154614"/>
  <nd ref="6202154613"/>
  <nd ref="6202154612"/>
  <nd ref="6202154611"/>
  <nd ref="6202154610"/>
  <nd ref="1722112603"/>
  <nd ref="6202154609"/>
  <nd ref="1722112472"/>
  <nd ref="6202154608"/>
  <nd ref="1722112528"/>
  <nd ref="6202154607"/>
  <nd ref="1722112592"/>
  <nd ref="1722112588"/>
  <nd ref="6204155740"/>
  <nd ref="6204155739"/>
  <nd ref="6204155738"/>
  <nd ref="6204155737"/>
  <nd ref="6204155736"/>
  <nd ref="6204155735"/>
  <nd ref="1722112515"/>
  <nd ref="6204155734"/>
  <nd ref="6204155733"/>
  <nd ref="6204155732"/>
  <nd ref="6204155731"/>
  <nd ref="1722112465"/>
  <nd ref="6204155730"/>
  <nd ref="6204155729"/>
  <nd ref="6204155728"/>
  <nd ref="6204155727"/>
  <nd ref="1722112559"/>
  <nd ref="6204155726"/>
  <nd ref="6204155725"/>
  <nd ref="1722112553"/>
  <nd ref="6204155724"/>
  <nd ref="6204155723"/>
  <nd ref="6204155722"/>
  <nd ref="6204155721"/>
  <nd ref="6204155720"/>
  <nd ref="1722112480"/>
  <nd ref="6204155718"/>
  <nd ref="6204155719"/>
  <nd ref="1722112506"/>
  <nd ref="1722112557"/>
  <nd ref="1722112564"/>
  <nd ref="1801074854"/>
  <nd ref="1722112601"/>
  <nd ref="1722112555"/>
  <nd ref="12811663504"/>
  <nd ref="1722112596"/>
  <nd ref="1722112566"/>
  <nd ref="1722112500"/>
  <nd ref="1801075718"/>
  <nd ref="1722112570"/>
  <nd ref="6204220846"/>
  <nd ref="1722112623"/>
  <nd ref="6204220847"/>
  <nd ref="6204220848"/>
  <nd ref="1722112520"/>
  <nd ref="1722112468"/>
  <nd ref="6204220849"/>
  <nd ref="6204220850"/>
  <nd ref="6204220851"/>
  <nd ref="1722112476"/>
  <nd ref="6204220852"/>
  <nd ref="1722112585"/>
  <nd ref="6204220853"/>
  <nd ref="1722112595"/>
  <nd ref="6252408499"/>
  <nd ref="6252408500"/>
  <nd ref="1722112518"/>
  <nd ref="1722112621"/>
  <nd ref="6204220854"/>
  <nd ref="1722112562"/>
  <nd ref="6252408501"/>
  <nd ref="6252390573"/>
  <nd ref="6204220855"/>
  <nd ref="1722112526"/>
  <nd ref="6204220856"/>
  <nd ref="1835915565"/>
  <nd ref="6252391514"/>
  <nd ref="1722112575"/>
  <nd ref="6252391515"/>
  <nd ref="6204220857"/>
  <nd ref="1722112502"/>
  <nd ref="1801075711"/>
  <nd ref="9373877784"/>
  <nd ref="6204220858"/>
  <nd ref="6204220859"/>
  <nd ref="1801075719"/>
  <nd ref="6204220860"/>
  <nd ref="1801075713"/>
  <nd ref="6204220861"/>
  <nd ref="6204220862"/>
  <nd ref="1722112627"/>
  <nd ref="1722112572"/>
  <nd ref="6204220863"/>
  <nd ref="6204221010"/>
  <nd ref="1722112495"/>
  <nd ref="6204220864"/>
  <nd ref="1722112475"/>
  <nd ref="6204220865"/>
  <nd ref="6252391625"/>
  <nd ref="6252391626"/>
  <nd ref="1722112469"/>
  <nd ref="6252391627"/>
  <nd ref="6204220866"/>
  <nd ref="6252391628"/>
  <nd ref="6252391629"/>
  <nd ref="6252391630"/>
  <nd ref="1722112590"/>
  <nd ref="6252391631"/>
  <nd ref="6252391633"/>
  <nd ref="6252391634"/>
  <nd ref="6204220867"/>
  <nd ref="6252391635"/>
  <nd ref="6252391636"/>
  <nd ref="6252391637"/>
  <nd ref="1722112522"/>
  <nd ref="6252391638"/>
  <nd ref="6252391639"/>
  <nd ref="6252391640"/>
  <nd ref="6252391641"/>
  <nd ref="6204220868"/>
  <nd ref="1722112550"/>
  <nd ref="1722112482"/>
  <nd ref="6252391691"/>
  <nd ref="6252391690"/>
  <nd ref="6252391689"/>
  <nd ref="6252391688"/>
  <nd ref="2096447157"/>
  <nd ref="1726380864"/>
  <nd ref="1726380859"/>
  <nd ref="1726380824"/>
  <nd ref="9373877797"/>
  <nd ref="1726380894"/>
  <nd ref="1722112498"/>
  <nd ref="2437381007"/>
  <nd ref="1722112597"/>
  <nd ref="1722112485"/>
  <nd ref="1722112606"/>
  <nd ref="1722112618"/>
  <nd ref="1722112617"/>
  <nd ref="576507026"/>
  <nd ref="1722112470"/>
  <nd ref="1722112478"/>
  <nd ref="1722112600"/>
  <tag k="landuse" v="quarry"/>
  <tag k="name" v="Canteira de Cotos"/>
 </way>
 <way id="160278755" visible="true" version="5" changeset="49044121" timestamp="2017-05-28T12:08:44Z" user="Nemigo" uid="650671">
  <nd ref="1711935407"/>
  <nd ref="1711934123"/>
  <nd ref="1711934018"/>
  <nd ref="1711933955"/>
  <nd ref="1711933905"/>
  <nd ref="1710260893"/>
  <nd ref="1710261195"/>
  <nd ref="1711937154"/>
  <nd ref="1710264169"/>
  <nd ref="1711937102"/>
  <nd ref="4881526030"/>
  <nd ref="1711937388"/>
  <nd ref="4036061063"/>
  <tag k="cables" v="3"/>
  <tag k="circuits" v="1"/>
  <tag k="frequency" v="50"/>
  <tag k="power" v="line"/>
  <tag k="voltage" v="66000"/>
 </way>
 <way id="160832482" visible="true" version="5" changeset="159474103" timestamp="2024-11-22T20:18:31Z" user="LutherBlisset" uid="22195590">
  <nd ref="1728476619"/>
  <nd ref="1728476662"/>
  <nd ref="1728476652"/>
  <nd ref="1728476629"/>
  <nd ref="1728476632"/>
  <nd ref="1728476617"/>
  <nd ref="1728476663"/>
  <nd ref="1728476614"/>
  <nd ref="1728476649"/>
  <nd ref="1728476623"/>
  <nd ref="1728476626"/>
  <nd ref="1728476611"/>
  <nd ref="1728476660"/>
  <nd ref="1728476658"/>
  <nd ref="1728476633"/>
  <nd ref="1728476655"/>
  <nd ref="1728476619"/>
  <tag k="addr:city" v="A Coruña"/>
  <tag k="addr:housenumber" v="47"/>
  <tag k="addr:postcode" v="15008"/>
  <tag k="addr:street" v="Estrada dos Baños de Arteixo"/>
  <tag k="brand" v="Indra"/>
  <tag k="brand:wikidata" v="Q1661823"/>
  <tag k="brand:wikipedia" v="es:Indra Sistemas"/>
  <tag k="building" v="office"/>
  <tag k="check_date" v="2024-11-22"/>
  <tag k="name" v="Indra"/>
  <tag k="office" v="consulting"/>
  <tag k="official_name" v="Indra Sistemas, S.A."/>
  <tag k="source:addr" v="https://ide.coruna.es/descargas/cambioscallejero/CodVia_0333_20180129.pdf"/>
 </way>
 <way id="163852520" visible="true" version="12" changeset="97329750" timestamp="2021-01-11T21:01:29Z" user="MapMakerGal" uid="7579660">
  <nd ref="1755237344"/>
  <nd ref="1755237348"/>
  <nd ref="1755237350"/>
  <nd ref="1755237352"/>
  <nd ref="1755237355"/>
  <nd ref="1755237356"/>
  <nd ref="471530466"/>
  <tag k="alt_name" v="Lugar de Monte Patelo"/>
  <tag k="highway" v="unclassified"/>
  <tag k="lanes" v="1"/>
  <tag k="lit" v="yes"/>
  <tag k="maxspeed" v="30"/>
  <tag k="noname" v="yes"/>
  <tag k="oneway" v="yes"/>
  <tag k="surface" v="asphalt"/>
 </way>
 <way id="165471584" visible="true" version="2" changeset="148729550" timestamp="2024-03-16T12:32:51Z" user="happymapper" uid="1807190">
  <nd ref="1710480933"/>
  <nd ref="1710480443"/>
  <nd ref="1710479385"/>
  <nd ref="1710478698"/>
  <nd ref="1710478413"/>
  <nd ref="1710478285"/>
  <tag k="power" v="line"/>
  <tag k="voltage" v="220000"/>
 </way>
 <way id="165472298" visible="true" version="2" changeset="148729550" timestamp="2024-03-16T12:32:51Z" user="happymapper" uid="1807190">
  <nd ref="1710478166"/>
  <nd ref="1710478505"/>
  <nd ref="1710479137"/>
  <nd ref="1710479550"/>
  <nd ref="1710480119"/>
  <nd ref="1710480785"/>
  <tag k="power" v="line"/>
  <tag k="voltage" v="220000"/>
 </way>
 <way id="165474028" visible="true" version="3" changeset="50290103" timestamp="2017-07-14T17:47:14Z" user="Nemigo" uid="650671">
  <nd ref="1770115829"/>
  <nd ref="1770115826"/>
  <nd ref="1770115832"/>
  <nd ref="1770115828"/>
  <nd ref="1770115833"/>
  <nd ref="1728475727"/>
  <nd ref="1728475725"/>
  <nd ref="1770115829"/>
  <tag k="building" v="yes"/>
  <tag k="name" v="Fenosa"/>
  <tag k="office" v="yes"/>
 </way>
 <way id="165474084" visible="true" version="17" changeset="157490119" timestamp="2024-10-05T08:56:57Z" user="joheil94" uid="18398586">
  <nd ref="1770116251"/>
  <nd ref="1770116247"/>
  <nd ref="1770116241"/>
  <nd ref="1770116239"/>
  <nd ref="1770116249"/>
  <nd ref="1770116248"/>
  <nd ref="1770116244"/>
  <nd ref="12224119296"/>
  <nd ref="1770116256"/>
  <nd ref="1770116252"/>
  <nd ref="1770116240"/>
  <nd ref="1770116246"/>
  <nd ref="1770116250"/>
  <nd ref="1771802657"/>
  <nd ref="12224119297"/>
  <nd ref="1770116253"/>
  <nd ref="1770116255"/>
  <nd ref="1770116257"/>
  <nd ref="1770116254"/>
  <nd ref="1770116243"/>
  <nd ref="1770116245"/>
  <nd ref="1770116242"/>
  <nd ref="1770116251"/>
  <tag k="alt_name" v="Lugar de Monte Patelo"/>
  <tag k="highway" v="residential"/>
  <tag k="junction" v="roundabout"/>
  <tag k="lanes" v="2"/>
  <tag k="lit" v="yes"/>
  <tag k="maxspeed" v="30"/>
  <tag k="maxspeed:type" v="sign"/>
  <tag k="noname" v="yes"/>
  <tag k="surface" v="asphalt"/>
 </way>
 <way id="165474226" visible="true" version="15" changeset="93198456" timestamp="2020-10-28T19:57:49Z" user="MapMakerGal" uid="7579660">
  <nd ref="1770118020"/>
  <nd ref="1770118021"/>
  <nd ref="1770118025"/>
  <nd ref="1770118019"/>
  <nd ref="1770118024"/>
  <nd ref="1770118018"/>
  <nd ref="1783789629"/>
  <nd ref="1815371495"/>
  <nd ref="1815371435"/>
  <tag k="highway" v="residential"/>
  <tag k="lanes" v="1"/>
  <tag k="lit" v="yes"/>
  <tag k="maxspeed" v="30"/>
  <tag k="name" v="Estrada dos Baños de Arteixo"/>
  <tag k="name:es" v="Carretera Baños de Arteixo"/>
  <tag k="name:gl" v="Estrada dos Baños de Arteixo"/>
  <tag k="old_name" v="Carretera Baños de Arteijo"/>
  <tag k="oneway" v="yes"/>
  <tag k="short_name" v="Estrada Baños de Arteixo"/>
  <tag k="surface" v="asphalt"/>
 </way>
 <way id="165474419" visible="true" version="9" changeset="165845608" timestamp="2025-05-05T13:11:35Z" user="Monchinho" uid="2788764">
  <nd ref="1770119640"/>
  <nd ref="1770119646"/>
  <nd ref="1770119644"/>
  <nd ref="1770119643"/>
  <nd ref="1770119642"/>
  <nd ref="6266404530"/>
  <nd ref="2280653801"/>
  <nd ref="1770119638"/>
  <nd ref="2280653781"/>
  <nd ref="1770119639"/>
  <nd ref="1770119641"/>
  <nd ref="1770119647"/>
  <nd ref="1770119645"/>
  <nd ref="2965822694"/>
  <nd ref="1770119640"/>
  <tag k="designation" v="La Grela"/>
  <tag k="frequency" v="50"/>
  <tag k="location" v="indoor"/>
  <tag k="name" v="SET A Grela"/>
  <tag k="power" v="substation"/>
  <tag k="substation" v="transmission"/>
  <tag k="voltage" v="220000;15000"/>
 </way>
 <way id="165474429" visible="true" version="3" changeset="50290103" timestamp="2017-07-14T17:47:13Z" user="Nemigo" uid="650671">
  <nd ref="1770119669"/>
  <nd ref="1770119671"/>
  <nd ref="1770119668"/>
  <nd ref="1770119670"/>
  <nd ref="1770119669"/>
  <tag k="building" v="industrial"/>
  <tag k="name" v="Otero"/>
 </way>
 <way id="165639265" visible="true" version="19" changeset="179297839" timestamp="2026-03-03T11:47:19Z" user="eyfura" uid="22979651">
  <nd ref="1771822710"/>
  <nd ref="5482476839"/>
  <nd ref="3471615811"/>
  <nd ref="2971376624"/>
  <nd ref="2971377064"/>
  <nd ref="5482476840"/>
  <nd ref="1793527128"/>
  <nd ref="2971377061"/>
  <nd ref="5482476900"/>
  <nd ref="5482476841"/>
  <nd ref="3471615833"/>
  <nd ref="2971377066"/>
  <nd ref="1771802683"/>
  <nd ref="6564913825"/>
  <nd ref="6564913824"/>
  <nd ref="1771822710"/>
  <tag k="addr:city" v="A Coruña"/>
  <tag k="addr:housenumber" v="45"/>
  <tag k="addr:postcode" v="15008"/>
  <tag k="addr:street" v="Estrada dos Baños de Arteixo"/>
  <tag k="brand" v="IKEA"/>
  <tag k="brand:wikidata" v="Q54078"/>
  <tag k="brand:wikipedia" v="en:IKEA"/>
  <tag k="building" v="retail"/>
  <tag k="check_date" v="2026-03-03"/>
  <tag k="check_date:opening_hours" v="2023-08-02"/>
  <tag k="name" v="IKEA"/>
  <tag k="opening_hours" v="Mo-Sa 10:00-22:00"/>
  <tag k="operator" v="IKEA Ibérica, S.A."/>
  <tag k="shop" v="furniture"/>
  <tag k="source:addr" v="https://ide.coruna.es/descargas/cambioscallejero/CodVia_0333_20180129.pdf"/>
  <tag k="website" v="https://www.ikea.com/es/es"/>
  <tag k="wheelchair" v="yes"/>
 </way>
 <way id="165640166" visible="true" version="18" changeset="85030462" timestamp="2020-05-11T14:20:41Z" user="MapMakerGal" uid="7579660">
  <nd ref="1771811840"/>
  <nd ref="1771811891"/>
  <tag k="agricultural" v="no"/>
  <tag k="alt_name:es" v="Tercera Ronda"/>
  <tag k="alt_name:gl" v="Terceira Rolda"/>
  <tag k="bicycle" v="no"/>
  <tag k="bridge" v="yes"/>
  <tag k="carriage" v="no"/>
  <tag k="foot" v="no"/>
  <tag k="highway" v="trunk"/>
  <tag k="lanes" v="3"/>
  <tag k="layer" v="2"/>
  <tag k="lit" v="yes"/>
  <tag k="maxspeed" v="60"/>
  <tag k="name" v="Ronda do Real Club Deportivo da Coruña"/>
  <tag k="name:es" v="Ronda del Real Club Deportivo de A Coruña"/>
  <tag k="name:gl" v="Rolda do Real Clube Deportivo da Coruña"/>
  <tag k="nat_ref" v="V-14"/>
  <tag k="oneway" v="yes"/>
  <tag k="ref" v="V-1.4"/>
  <tag k="surface" v="asphalt"/>
 </way>
 <way id="165640169" visible="true" version="20" changeset="105990173" timestamp="2021-06-07T18:51:13Z" user="ddsaimon" uid="1893271">
  <nd ref="1567916539"/>
  <nd ref="1810726046"/>
  <nd ref="1810726059"/>
  <nd ref="1810726099"/>
  <nd ref="1810726031"/>
  <nd ref="1771811830"/>
  <nd ref="1771811840"/>
  <tag k="agricultural" v="no"/>
  <tag k="alt_name:es" v="Tercera Ronda"/>
  <tag k="alt_name:gl" v="Terceira Rolda"/>
  <tag k="bicycle" v="no"/>
  <tag k="carriage" v="no"/>
  <tag k="destination" v="Pocomaco-Mesoiro;Aeroporto;A-6;E-70;Lugo"/>
  <tag k="foot" v="no"/>
  <tag k="highway" v="trunk"/>
  <tag k="lanes" v="3"/>
  <tag k="lit" v="yes"/>
  <tag k="maxspeed" v="60"/>
  <tag k="name" v="Ronda do Real Club Deportivo da Coruña"/>
  <tag k="name:es" v="Ronda del Real Club Deportivo de A Coruña"/>
  <tag k="name:gl" v="Rolda do Real Clube Deportivo da Coruña"/>
  <tag k="nat_ref" v="V-14"/>
  <tag k="oneway" v="yes"/>
  <tag k="ref" v="V-1.4"/>
  <tag k="surface" v="asphalt"/>
 </way>
 <way id="165640170" visible="true" version="18" changeset="85030462" timestamp="2020-05-11T14:20:41Z" user="MapMakerGal" uid="7579660">
  <nd ref="1771811851"/>
  <nd ref="1771811824"/>
  <tag k="agricultural" v="no"/>
  <tag k="alt_name:es" v="Tercera Ronda"/>
  <tag k="alt_name:gl" v="Terceira Rolda"/>
  <tag k="bicycle" v="no"/>
  <tag k="bridge" v="yes"/>
  <tag k="carriage" v="no"/>
  <tag k="foot" v="no"/>
  <tag k="highway" v="trunk"/>
  <tag k="lanes" v="3"/>
  <tag k="layer" v="2"/>
  <tag k="lit" v="yes"/>
  <tag k="maxspeed" v="60"/>
  <tag k="name" v="Ronda do Real Club Deportivo da Coruña"/>
  <tag k="name:es" v="Ronda del Real Club Deportivo de A Coruña"/>
  <tag k="name:gl" v="Rolda do Real Clube Deportivo da Coruña"/>
  <tag k="nat_ref" v="V-14"/>
  <tag k="oneway" v="yes"/>
  <tag k="ref" v="V-1.4"/>
  <tag k="surface" v="asphalt"/>
 </way>
 <way id="165657583" visible="true" version="2" changeset="24179356" timestamp="2014-07-16T11:21:27Z" user="abczyx" uid="2129377">
  <nd ref="2965822694"/>
  <nd ref="1771974630"/>
  <nd ref="471530466"/>
  <tag k="highway" v="service"/>
  <tag k="oneway" v="no"/>
 </way>
 <way id="166714257" visible="true" version="9" changeset="179911184" timestamp="2026-03-15T17:53:57Z" user="Hugoren Martinako" uid="3392826">
  <nd ref="1156362344"/>
  <nd ref="1156362552"/>
  <nd ref="267036765"/>
  <nd ref="1156362508"/>
  <nd ref="1156362375"/>
  <nd ref="1156362589"/>
  <nd ref="1156362494"/>
  <nd ref="1156362445"/>
  <nd ref="1156362419"/>
  <nd ref="267036766"/>
  <nd ref="1156362528"/>
  <nd ref="1156362348"/>
  <nd ref="1156362460"/>
  <nd ref="267036767"/>
  <nd ref="1156362362"/>
  <nd ref="1156362533"/>
  <nd ref="1156362386"/>
  <nd ref="1156362434"/>
  <nd ref="267036768"/>
  <nd ref="1156362629"/>
  <nd ref="1156362570"/>
  <nd ref="1156362611"/>
  <nd ref="911846089"/>
  <tag k="foot" v="no"/>
  <tag k="highway" v="primary"/>
  <tag k="lanes" v="2"/>
  <tag k="maxspeed" v="60"/>
  <tag k="name" v="Estrada dos Baños de Arteixo"/>
  <tag k="name:es" v="Carretera Baños de Arteixo"/>
  <tag k="name:gl" v="Estrada dos Baños de Arteixo"/>
  <tag k="oneway" v="yes"/>
  <tag k="ref" v="AC-552"/>
  <tag k="short_name" v="Estrada Baños de Arteixo"/>
  <tag k="source" v="PNOA"/>
  <tag k="surface" v="asphalt"/>
 </way>
 <way id="166714261" visible="true" version="9" changeset="179911184" timestamp="2026-03-15T17:53:57Z" user="Hugoren Martinako" uid="3392826">
  <nd ref="267040866"/>
  <nd ref="1156362461"/>
  <nd ref="1156362554"/>
  <nd ref="1156362392"/>
  <nd ref="1815371429"/>
  <nd ref="911846116"/>
  <nd ref="1793527140"/>
  <nd ref="1815371490"/>
  <tag k="destination" v="Polígono industrial Agrela-Bens;Avenida de Arteixo;Porto;Centro cidade"/>
  <tag k="highway" v="primary"/>
  <tag k="lanes" v="2"/>
  <tag k="lit" v="yes"/>
  <tag k="maxspeed" v="60"/>
  <tag k="name" v="Estrada dos Baños de Arteixo"/>
  <tag k="name:es" v="Carretera Baños de Arteixo"/>
  <tag k="name:gl" v="Estrada dos Baños de Arteixo"/>
  <tag k="oneway" v="yes"/>
  <tag k="ref" v="AC-552"/>
  <tag k="short_name" v="Estrada Baños de Arteixo"/>
  <tag k="source" v="PNOA"/>
  <tag k="surface" v="asphalt"/>
 </way>
 <way id="168043325" visible="true" version="6" changeset="110308369" timestamp="2021-08-26T21:25:01Z" user="iagocity" uid="12096117">
  <nd ref="1793527127"/>
  <nd ref="1793527119"/>
  <nd ref="2940477656"/>
  <nd ref="3471615816"/>
  <nd ref="2940477669"/>
  <nd ref="2940477655"/>
  <tag k="highway" v="service"/>
  <tag k="oneway" v="yes"/>
  <tag k="service" v="driveway"/>
 </way>
 <way id="168043924" visible="true" version="5" changeset="69212423" timestamp="2019-04-14T19:45:21Z" user="MapMakerGal" uid="7579660">
  <nd ref="1793532886"/>
  <nd ref="1793532865"/>
  <nd ref="6404998513"/>
  <nd ref="1793532882"/>
  <nd ref="3471615832"/>
  <nd ref="2940477660"/>
  <tag k="highway" v="service"/>
  <tag k="name" v="Ikea"/>
  <tag k="oneway" v="yes"/>
  <tag k="service" v="driveway"/>
 </way>
 <way id="168043926" visible="true" version="12" changeset="90872087" timestamp="2020-09-14T14:39:08Z" user="MapMakerGal_import" uid="10907973">
  <nd ref="2400249971"/>
  <nd ref="3674562261"/>
  <nd ref="1156362641"/>
  <nd ref="1770117294"/>
  <tag k="highway" v="residential"/>
  <tag k="lanes" v="2"/>
  <tag k="lit" v="yes"/>
  <tag k="maxspeed" v="30"/>
  <tag k="noname" v="yes"/>
  <tag k="oneway" v="yes"/>
  <tag k="surface" v="asphalt"/>
 </way>
 <way id="168045099" visible="true" version="6" changeset="67031951" timestamp="2019-02-08T17:38:07Z" user="MapMakerGal" uid="7579660">
  <nd ref="1793543194"/>
  <nd ref="1793543198"/>
  <nd ref="1793543197"/>
  <nd ref="1793543188"/>
  <nd ref="3477297302"/>
  <nd ref="3477297303"/>
  <nd ref="3477297326"/>
  <nd ref="1793543192"/>
  <nd ref="3477297270"/>
  <nd ref="6266406495"/>
  <nd ref="1793543189"/>
  <nd ref="1793543199"/>
  <nd ref="1793543201"/>
  <nd ref="1793543190"/>
  <nd ref="3477297268"/>
  <nd ref="1793543193"/>
  <nd ref="6266406506"/>
  <nd ref="1793543196"/>
  <nd ref="3477297300"/>
  <nd ref="1793543200"/>
  <nd ref="3477297364"/>
  <nd ref="1793543195"/>
  <nd ref="3477297355"/>
  <nd ref="1793543191"/>
  <nd ref="3477297374"/>
  <nd ref="1793543194"/>
  <tag k="landuse" v="retail"/>
 </way>
 <way id="168649191" visible="true" version="3" changeset="66259814" timestamp="2019-01-12T20:34:50Z" user="MapMakerGal" uid="7579660">
  <nd ref="1798746865"/>
  <nd ref="6204156178"/>
  <nd ref="6204156177"/>
  <nd ref="6204156176"/>
  <nd ref="6204156175"/>
  <nd ref="1798746852"/>
  <nd ref="6204156174"/>
  <nd ref="6204156173"/>
  <nd ref="6204156172"/>
  <nd ref="6204156171"/>
  <nd ref="6204156170"/>
  <nd ref="6204156169"/>
  <nd ref="6204156168"/>
  <nd ref="6204156167"/>
  <nd ref="6204156166"/>
  <nd ref="6204156165"/>
  <nd ref="6204156164"/>
  <nd ref="1798746857"/>
  <nd ref="6204156163"/>
  <nd ref="6204156162"/>
  <nd ref="1854245919"/>
  <nd ref="6204156161"/>
  <nd ref="6204156160"/>
  <nd ref="6204156159"/>
  <nd ref="6204156158"/>
  <nd ref="6204156157"/>
  <nd ref="6204156156"/>
  <nd ref="6204156155"/>
  <nd ref="6204156154"/>
  <nd ref="1854245923"/>
  <nd ref="6204156153"/>
  <nd ref="6204156152"/>
  <nd ref="6204156151"/>
  <nd ref="6204156150"/>
  <nd ref="6204156149"/>
  <nd ref="6204156148"/>
  <nd ref="6204156147"/>
  <nd ref="6204156146"/>
  <nd ref="6204156145"/>
  <nd ref="6204156144"/>
  <nd ref="6204156143"/>
  <nd ref="6204156142"/>
  <nd ref="6204156141"/>
  <nd ref="6204156140"/>
  <nd ref="6204156139"/>
  <nd ref="6204156138"/>
  <nd ref="6204156137"/>
  <nd ref="6204156136"/>
  <nd ref="6204156135"/>
  <nd ref="6204156134"/>
  <nd ref="1798746862"/>
  <nd ref="6204156133"/>
  <nd ref="6204156132"/>
  <nd ref="6204156131"/>
  <nd ref="6204156130"/>
  <nd ref="6204156129"/>
  <nd ref="1798746845"/>
  <nd ref="6204156128"/>
  <nd ref="6204156127"/>
  <nd ref="6204156126"/>
  <nd ref="6204156122"/>
  <nd ref="6204156125"/>
  <nd ref="6204156124"/>
  <nd ref="6204156123"/>
  <nd ref="6204156121"/>
  <nd ref="1798746850"/>
  <nd ref="6204156120"/>
  <nd ref="6204156119"/>
  <nd ref="6204156118"/>
  <nd ref="6204156117"/>
  <nd ref="1798746842"/>
  <nd ref="6204156116"/>
  <nd ref="6204156115"/>
  <nd ref="6204156114"/>
  <nd ref="6204156113"/>
  <nd ref="1798746859"/>
  <nd ref="6204156112"/>
  <nd ref="6204156111"/>
  <nd ref="6204156110"/>
  <nd ref="6204156109"/>
  <nd ref="6204156108"/>
  <nd ref="6204156107"/>
  <nd ref="6204156106"/>
  <nd ref="6204156105"/>
  <nd ref="6204156104"/>
  <nd ref="1798746861"/>
  <nd ref="6204156195"/>
  <nd ref="6204156194"/>
  <nd ref="6204156193"/>
  <nd ref="6204156192"/>
  <nd ref="6204156191"/>
  <nd ref="1798746864"/>
  <nd ref="6204156190"/>
  <nd ref="6204156189"/>
  <nd ref="6204156188"/>
  <nd ref="6204156187"/>
  <nd ref="6204156186"/>
  <nd ref="6204156185"/>
  <nd ref="6204156184"/>
  <nd ref="6204156183"/>
  <nd ref="1798746866"/>
  <nd ref="1798746863"/>
  <nd ref="6204156182"/>
  <nd ref="6204156181"/>
  <nd ref="6204156180"/>
  <nd ref="6204156179"/>
  <nd ref="1798746865"/>
  <tag k="landuse" v="forest"/>
 </way>
 <way id="168649194" visible="true" version="3" changeset="139351461" timestamp="2023-08-02T14:44:12Z" user="tobkal" uid="14011719">
  <nd ref="1798746882"/>
  <nd ref="6204156221"/>
  <nd ref="6204156222"/>
  <nd ref="6204156223"/>
  <nd ref="6204156224"/>
  <nd ref="1798746877"/>
  <nd ref="6204156225"/>
  <nd ref="6204156226"/>
  <nd ref="1798746881"/>
  <nd ref="6204156227"/>
  <nd ref="6204156228"/>
  <nd ref="1798746883"/>
  <nd ref="6204156229"/>
  <nd ref="6204156230"/>
  <nd ref="6204156231"/>
  <nd ref="6204156197"/>
  <nd ref="6204156198"/>
  <nd ref="6204156199"/>
  <nd ref="6204156200"/>
  <nd ref="6204156201"/>
  <nd ref="6204156202"/>
  <nd ref="6204156203"/>
  <nd ref="6204156204"/>
  <nd ref="1798746876"/>
  <nd ref="1798746878"/>
  <nd ref="6204156205"/>
  <nd ref="6204156206"/>
  <nd ref="1798746879"/>
  <nd ref="6204156207"/>
  <nd ref="6204156208"/>
  <nd ref="6204156209"/>
  <nd ref="6204156210"/>
  <nd ref="6204156211"/>
  <nd ref="6204156212"/>
  <nd ref="1798746880"/>
  <nd ref="6204156213"/>
  <nd ref="6204156214"/>
  <nd ref="6204156215"/>
  <nd ref="6204156216"/>
  <nd ref="6204156217"/>
  <nd ref="6204156218"/>
  <nd ref="6204156219"/>
  <nd ref="6204156220"/>
  <nd ref="1798746882"/>
  <tag k="landuse" v="forest"/>
  <tag k="leaf_type" v="broadleaved"/>
 </way>
 <way id="168924319" visible="true" version="5" changeset="71515624" timestamp="2019-06-22T18:15:38Z" user="abczyx" uid="2129377">
  <nd ref="1801074189"/>
  <nd ref="1801074186"/>
  <nd ref="6564913837"/>
  <nd ref="6564913829"/>
  <nd ref="6564913841"/>
  <nd ref="6564913823"/>
  <nd ref="1801074183"/>
  <nd ref="6564913828"/>
  <nd ref="6564913842"/>
  <nd ref="6564913822"/>
  <nd ref="1801074185"/>
  <nd ref="1801074187"/>
  <nd ref="1801074190"/>
  <nd ref="1801074188"/>
  <nd ref="1801074189"/>
  <tag k="addr:city" v="A Coruña"/>
  <tag k="addr:housenumber" v="53"/>
  <tag k="addr:postcode" v="15008"/>
  <tag k="addr:street" v="Estrada dos Baños de Arteixo"/>
  <tag k="building" v="industrial"/>
  <tag k="name" v="Megasa"/>
  <tag k="source:addr" v="https://ide.coruna.es/descargas/cambioscallejero/CodVia_0333_20180129.pdf"/>
 </way>
 <way id="169277163" visible="true" version="11" changeset="97329750" timestamp="2021-01-11T21:01:29Z" user="MapMakerGal" uid="7579660">
  <nd ref="1810726108"/>
  <nd ref="2400249947"/>
  <nd ref="2400249965"/>
  <tag k="highway" v="trunk_link"/>
  <tag k="lanes" v="1"/>
  <tag k="maxspeed" v="40"/>
  <tag k="oneway" v="yes"/>
  <tag k="surface" v="asphalt"/>
 </way>
 <way id="169914585" visible="true" version="20" changeset="85030462" timestamp="2020-05-11T14:20:41Z" user="MapMakerGal" uid="7579660">
  <nd ref="1771811824"/>
  <nd ref="1567916492"/>
  <nd ref="1567916502"/>
  <nd ref="1567916529"/>
  <nd ref="1567916537"/>
  <tag k="agricultural" v="no"/>
  <tag k="alt_name:es" v="Tercera Ronda"/>
  <tag k="alt_name:gl" v="Terceira Rolda"/>
  <tag k="bicycle" v="no"/>
  <tag k="carriage" v="no"/>
  <tag k="foot" v="no"/>
  <tag k="highway" v="trunk"/>
  <tag k="lanes" v="3"/>
  <tag k="lit" v="yes"/>
  <tag k="maxspeed" v="60"/>
  <tag k="name" v="Ronda do Real Club Deportivo da Coruña"/>
  <tag k="name:es" v="Ronda del Real Club Deportivo de A Coruña"/>
  <tag k="name:gl" v="Rolda do Real Clube Deportivo da Coruña"/>
  <tag k="nat_ref" v="V-14"/>
  <tag k="oneway" v="yes"/>
  <tag k="ref" v="V-1.4"/>
  <tag k="source" v="PNOA"/>
  <tag k="source:date" v="2008"/>
  <tag k="surface" v="asphalt"/>
 </way>
 <way id="169914586" visible="true" version="8" changeset="85030462" timestamp="2020-05-11T14:20:41Z" user="MapMakerGal" uid="7579660">
  <nd ref="1810726087"/>
  <nd ref="1810726096"/>
  <nd ref="1490414918"/>
  <nd ref="1810726100"/>
  <nd ref="1567916483"/>
  <nd ref="1810726045"/>
  <nd ref="1810726042"/>
  <nd ref="1810726020"/>
  <nd ref="1810726072"/>
  <nd ref="1567916537"/>
  <tag k="agricultural" v="no"/>
  <tag k="bicycle" v="no"/>
  <tag k="carriage" v="no"/>
  <tag k="destination" v="Agrela-Bens;Rúa Severo Ochoa;AC-415;Meicende;Riazor-Orzán"/>
  <tag k="foot" v="no"/>
  <tag k="highway" v="trunk_link"/>
  <tag k="incline" v="up"/>
  <tag k="lanes" v="1"/>
  <tag k="lit" v="yes"/>
  <tag k="maxspeed" v="60"/>
  <tag k="name" v="Ronda do Real Club Deportivo da Coruña"/>
  <tag k="name:es" v="Ronda del Real Club Deportivo de A Coruña"/>
  <tag k="name:gl" v="Rolda do Real Clube Deportivo da Coruña"/>
  <tag k="oneway" v="yes"/>
  <tag k="source" v="PNOA"/>
  <tag k="source:date" v="2008"/>
  <tag k="surface" v="asphalt"/>
 </way>
 <way id="169914590" visible="true" version="10" changeset="115585460" timestamp="2021-12-30T22:43:55Z" user="abczyx" uid="2129377">
  <nd ref="1810726032"/>
  <nd ref="1810726078"/>
  <tag k="foot" v="no"/>
  <tag k="highway" v="primary"/>
  <tag k="junction" v="roundabout"/>
  <tag k="lanes" v="2"/>
  <tag k="maxspeed" v="40"/>
  <tag k="noname" v="yes"/>
  <tag k="surface" v="asphalt"/>
 </way>
 <way id="169914591" visible="true" version="11" changeset="115585460" timestamp="2021-12-30T22:43:55Z" user="abczyx" uid="2129377">
  <nd ref="1810726095"/>
  <nd ref="1810726067"/>
  <nd ref="1810726087"/>
  <nd ref="1810726049"/>
  <nd ref="1810726088"/>
  <nd ref="1810726024"/>
  <nd ref="1810726021"/>
  <nd ref="1810726052"/>
  <nd ref="1810726092"/>
  <nd ref="3404142875"/>
  <nd ref="1810726069"/>
  <nd ref="1810726107"/>
  <nd ref="1810726032"/>
  <tag k="foot" v="no"/>
  <tag k="highway" v="primary"/>
  <tag k="junction" v="roundabout"/>
  <tag k="lanes" v="2"/>
  <tag k="maxspeed" v="40"/>
  <tag k="noname" v="yes"/>
  <tag k="surface" v="asphalt"/>
 </way>
 <way id="169914592" visible="true" version="11" changeset="115585460" timestamp="2021-12-30T22:43:55Z" user="abczyx" uid="2129377">
  <nd ref="1810726093"/>
  <nd ref="2446014921"/>
  <nd ref="1810726108"/>
  <nd ref="1810726101"/>
  <nd ref="1810726025"/>
  <nd ref="1810726077"/>
  <nd ref="1810726050"/>
  <nd ref="1815371497"/>
  <nd ref="1810726016"/>
  <nd ref="3202431326"/>
  <nd ref="1810726111"/>
  <tag k="foot" v="no"/>
  <tag k="highway" v="primary"/>
  <tag k="junction" v="roundabout"/>
  <tag k="lanes" v="2"/>
  <tag k="maxspeed" v="40"/>
  <tag k="noname" v="yes"/>
  <tag k="surface" v="asphalt"/>
 </way>
 <way id="170593726" visible="true" version="6" changeset="179911184" timestamp="2026-03-15T17:53:57Z" user="Hugoren Martinako" uid="3392826">
  <nd ref="1156362501"/>
  <nd ref="1156362441"/>
  <nd ref="1156362481"/>
  <nd ref="1156362344"/>
  <tag k="destination" v="AG-55;AC-552;Arteixo;Carballo"/>
  <tag k="highway" v="primary"/>
  <tag k="lanes" v="2"/>
  <tag k="lit" v="yes"/>
  <tag k="maxspeed" v="60"/>
  <tag k="name" v="Estrada dos Baños de Arteixo"/>
  <tag k="name:es" v="Carretera Baños de Arteixo"/>
  <tag k="name:gl" v="Estrada dos Baños de Arteixo"/>
  <tag k="oneway" v="yes"/>
  <tag k="ref" v="AC-552"/>
  <tag k="short_name" v="Estrada Baños de Arteixo"/>
  <tag k="source" v="PNOA"/>
  <tag k="surface" v="asphalt"/>
 </way>
 <way id="172496479" visible="true" version="4" changeset="78019216" timestamp="2019-12-05T23:12:03Z" user="MapMakerGal" uid="7579660">
  <nd ref="1833992594"/>
  <nd ref="1833992597"/>
  <nd ref="1833992588"/>
  <nd ref="1833992590"/>
  <nd ref="1833992594"/>
  <tag k="addr:city" v="A Coruña"/>
  <tag k="addr:housenumber" v="28"/>
  <tag k="addr:postcode" v="15008"/>
  <tag k="addr:street" v="Estrada dos Baños de Arteixo"/>
  <tag k="building" v="industrial"/>
  <tag k="name" v="ABN Pipe"/>
  <tag k="shop" v="plumbing_stuff"/>
  <tag k="source:addr" v="https://ide.coruna.es/descargas/cambioscallejero/CodVia_0333_20180129.pdf"/>
 </way>
 <way id="172496480" visible="true" version="2" changeset="49318184" timestamp="2017-06-06T20:29:36Z" user="Nemigo" uid="650671">
  <nd ref="1833992589"/>
  <nd ref="1833992588"/>
  <nd ref="1833992597"/>
  <nd ref="1833992596"/>
  <nd ref="1833992589"/>
  <tag k="building" v="industrial"/>
 </way>
 <way id="172497467" visible="true" version="1" changeset="12429567" timestamp="2012-07-22T10:27:02Z" user="Nemigo" uid="650671">
  <nd ref="1834003194"/>
  <nd ref="1834003187"/>
  <nd ref="1834003264"/>
  <nd ref="1834003180"/>
  <nd ref="1834003194"/>
  <tag k="building" v="yes"/>
 </way>
 <way id="172497468" visible="true" version="1" changeset="12429567" timestamp="2012-07-22T10:27:02Z" user="Nemigo" uid="650671">
  <nd ref="1834003191"/>
  <nd ref="1834003193"/>
  <nd ref="1834003268"/>
  <nd ref="1834003257"/>
  <nd ref="1834003191"/>
  <tag k="building" v="yes"/>
 </way>
 <way id="172497471" visible="true" version="6" changeset="90872087" timestamp="2020-09-14T14:39:08Z" user="MapMakerGal_import" uid="10907973">
  <nd ref="1834003245"/>
  <nd ref="911846493"/>
  <nd ref="911846129"/>
  <nd ref="911846186"/>
  <nd ref="3480034230"/>
  <nd ref="1632008618"/>
  <tag k="highway" v="residential"/>
  <tag k="lit" v="yes"/>
  <tag k="maxspeed" v="30"/>
  <tag k="name" v="Rúa Galileo Galilei"/>
  <tag k="name:es" v="Calle Galileo Galilei"/>
  <tag k="name:gl" v="Rúa Galileo Galilei"/>
  <tag k="oneway" v="no"/>
  <tag k="source" v="yahoo"/>
  <tag k="surface" v="asphalt"/>
 </way>
 <way id="172497472" visible="true" version="1" changeset="12429567" timestamp="2012-07-22T10:27:03Z" user="Nemigo" uid="650671">
  <nd ref="1834003208"/>
  <nd ref="1834003207"/>
  <nd ref="1834003210"/>
  <nd ref="1834003241"/>
  <nd ref="1834003243"/>
  <nd ref="1834003226"/>
  <nd ref="1834003208"/>
  <tag k="building" v="yes"/>
 </way>
 <way id="172497474" visible="true" version="1" changeset="12429567" timestamp="2012-07-22T10:27:03Z" user="Nemigo" uid="650671">
  <nd ref="1834003272"/>
  <nd ref="1834003176"/>
  <nd ref="1834003200"/>
  <nd ref="1834003246"/>
  <nd ref="1834003216"/>
  <nd ref="1834003203"/>
  <nd ref="1834003223"/>
  <nd ref="1834003248"/>
  <nd ref="1834003255"/>
  <nd ref="1834003270"/>
  <nd ref="1834003272"/>
  <tag k="building" v="yes"/>
 </way>
 <way id="172497475" visible="true" version="1" changeset="12429567" timestamp="2012-07-22T10:27:03Z" user="Nemigo" uid="650671">
  <nd ref="1834003167"/>
  <nd ref="1834003212"/>
  <nd ref="1834003238"/>
  <nd ref="1834003244"/>
  <nd ref="1834003167"/>
  <tag k="building" v="yes"/>
 </way>
 <way id="172497478" visible="true" version="1" changeset="12429567" timestamp="2012-07-22T10:27:03Z" user="Nemigo" uid="650671">
  <nd ref="1834003196"/>
  <nd ref="1834003253"/>
  <nd ref="1834003250"/>
  <nd ref="1834003229"/>
  <nd ref="1834003196"/>
  <tag k="building" v="yes"/>
 </way>
 <way id="172497479" visible="true" version="1" changeset="12429567" timestamp="2012-07-22T10:27:03Z" user="Nemigo" uid="650671">
  <nd ref="1834003267"/>
  <nd ref="1834003173"/>
  <nd ref="1834003276"/>
  <nd ref="1834003230"/>
  <nd ref="1834003267"/>
  <tag k="building" v="yes"/>
 </way>
 <way id="172497480" visible="true" version="1" changeset="12429567" timestamp="2012-07-22T10:27:04Z" user="Nemigo" uid="650671">
  <nd ref="1834003168"/>
  <nd ref="1834003188"/>
  <nd ref="1834003192"/>
  <nd ref="1834003178"/>
  <nd ref="1834003168"/>
  <tag k="building" v="yes"/>
 </way>
 <way id="172497481" visible="true" version="1" changeset="12429567" timestamp="2012-07-22T10:27:04Z" user="Nemigo" uid="650671">
  <nd ref="1834003224"/>
  <nd ref="1834003181"/>
  <nd ref="1834003183"/>
  <nd ref="1834003185"/>
  <nd ref="1834003224"/>
  <tag k="building" v="yes"/>
 </way>
 <way id="172497485" visible="true" version="3" changeset="49318184" timestamp="2017-06-06T20:29:36Z" user="Nemigo" uid="650671">
  <nd ref="1834003218"/>
  <nd ref="1834003254"/>
  <nd ref="1834003265"/>
  <nd ref="1834003235"/>
  <nd ref="3362401208"/>
  <nd ref="3362400793"/>
  <nd ref="1834003218"/>
  <tag k="building" v="industrial"/>
 </way>
 <way id="172591933" visible="true" version="1" changeset="12441395" timestamp="2012-07-22T23:11:55Z" user="Nemigo" uid="650671">
  <nd ref="1834807444"/>
  <nd ref="1834807443"/>
  <nd ref="1834807442"/>
  <nd ref="1834807445"/>
  <nd ref="1834807444"/>
  <tag k="building" v="yes"/>
 </way>
 <way id="172591934" visible="true" version="2" changeset="66259814" timestamp="2019-01-12T20:34:51Z" user="MapMakerGal" uid="7579660">
  <nd ref="1834807451"/>
  <nd ref="6204156244"/>
  <nd ref="6204156243"/>
  <nd ref="6204156242"/>
  <nd ref="6204156241"/>
  <nd ref="6204156240"/>
  <nd ref="6204156239"/>
  <nd ref="6204156238"/>
  <nd ref="1834807449"/>
  <nd ref="6204156256"/>
  <nd ref="6204156255"/>
  <nd ref="6204156254"/>
  <nd ref="6204156253"/>
  <nd ref="6204156252"/>
  <nd ref="1834807446"/>
  <nd ref="6204156251"/>
  <nd ref="1834807448"/>
  <nd ref="6204156250"/>
  <nd ref="6204156249"/>
  <nd ref="6204156248"/>
  <nd ref="1834807447"/>
  <nd ref="6204156247"/>
  <nd ref="1834807450"/>
  <nd ref="6204156246"/>
  <nd ref="6204156245"/>
  <nd ref="1834807451"/>
  <tag k="landuse" v="forest"/>
 </way>
 <way id="172592888" visible="true" version="3" changeset="49318184" timestamp="2017-06-06T20:29:36Z" user="Nemigo" uid="650671">
  <nd ref="1834821090"/>
  <nd ref="1834821092"/>
  <nd ref="3362401072"/>
  <nd ref="1834821110"/>
  <nd ref="3362401045"/>
  <nd ref="3362400798"/>
  <nd ref="3362401007"/>
  <nd ref="3362401077"/>
  <nd ref="3362401000"/>
  <nd ref="3362400888"/>
  <nd ref="3362400824"/>
  <nd ref="3362401058"/>
  <nd ref="3362400853"/>
  <nd ref="3362401024"/>
  <nd ref="3362401081"/>
  <nd ref="3362401017"/>
  <nd ref="3362401027"/>
  <nd ref="1834821106"/>
  <nd ref="3362401032"/>
  <nd ref="1834821091"/>
  <nd ref="1834821090"/>
  <tag k="building" v="industrial"/>
 </way>
 <way id="173179053" visible="true" version="1" changeset="12514038" timestamp="2012-07-27T17:01:30Z" user="Nemigo" uid="650671">
  <nd ref="1840055175"/>
  <nd ref="1840055204"/>
  <nd ref="1840055206"/>
  <nd ref="1840055173"/>
  <nd ref="1840055154"/>
  <nd ref="1840055202"/>
  <nd ref="1840055175"/>
  <tag k="building" v="yes"/>
 </way>
 <way id="173179054" visible="true" version="1" changeset="12514038" timestamp="2012-07-27T17:01:30Z" user="Nemigo" uid="650671">
  <nd ref="1840055157"/>
  <nd ref="1840055191"/>
  <nd ref="1840055166"/>
  <nd ref="1840055176"/>
  <nd ref="1840055157"/>
  <tag k="building" v="yes"/>
 </way>
 <way id="173179055" visible="true" version="1" changeset="12514038" timestamp="2012-07-27T17:01:30Z" user="Nemigo" uid="650671">
  <nd ref="1840055178"/>
  <nd ref="1840055171"/>
  <nd ref="1840055155"/>
  <nd ref="1840055208"/>
  <nd ref="1840055193"/>
  <nd ref="1840055169"/>
  <nd ref="1840055180"/>
  <nd ref="1840055200"/>
  <nd ref="1840055178"/>
  <tag k="building" v="yes"/>
 </way>
 <way id="173179056" visible="true" version="2" changeset="63260207" timestamp="2018-10-06T15:51:47Z" user="MapMakerGal" uid="7579660">
  <nd ref="1840055212"/>
  <nd ref="1840055162"/>
  <tag k="access" v="private"/>
  <tag k="highway" v="service"/>
 </way>
 <way id="173179057" visible="true" version="1" changeset="12514038" timestamp="2012-07-27T17:01:30Z" user="Nemigo" uid="650671">
  <nd ref="1840055189"/>
  <nd ref="1840055164"/>
  <nd ref="1840055187"/>
  <nd ref="1840055182"/>
  <nd ref="1840055213"/>
  <nd ref="1840055167"/>
  <nd ref="1840055159"/>
  <nd ref="1840055210"/>
  <nd ref="1840055189"/>
  <tag k="building" v="yes"/>
 </way>
 <way id="173182989" visible="true" version="3" changeset="115620119" timestamp="2021-12-31T19:05:58Z" user="abczyx" uid="2129377">
  <nd ref="1840130511"/>
  <nd ref="5961816990"/>
  <nd ref="1840130590"/>
  <nd ref="5961816989"/>
  <nd ref="5961816988"/>
  <nd ref="5961817024"/>
  <tag k="access" v="private"/>
  <tag k="highway" v="service"/>
  <tag k="surface" v="asphalt"/>
 </way>
 <way id="173182991" visible="true" version="2" changeset="71515624" timestamp="2019-06-22T18:15:38Z" user="abczyx" uid="2129377">
  <nd ref="1840130525"/>
  <nd ref="1840130517"/>
  <nd ref="1840130505"/>
  <nd ref="1840130599"/>
  <nd ref="1840130585"/>
  <nd ref="1840130509"/>
  <nd ref="1840130516"/>
  <nd ref="1840130515"/>
  <nd ref="1840130525"/>
  <tag k="addr:city" v="A Coruña"/>
  <tag k="addr:housenumber" v="57"/>
  <tag k="addr:postcode" v="15008"/>
  <tag k="addr:street" v="Estrada dos Baños de Arteixo"/>
  <tag k="building" v="industrial"/>
  <tag k="source:addr" v="https://ide.coruna.es/descargas/cambioscallejero/CodVia_0333_20180129.pdf"/>
 </way>
 <way id="173182992" visible="true" version="2" changeset="63260207" timestamp="2018-10-06T15:51:47Z" user="MapMakerGal" uid="7579660">
  <nd ref="1840130582"/>
  <nd ref="1840130511"/>
  <tag k="access" v="private"/>
  <tag k="highway" v="service"/>
  <tag k="tunnel" v="yes"/>
 </way>
 <way id="173182993" visible="true" version="2" changeset="63260207" timestamp="2018-10-06T15:51:48Z" user="MapMakerGal" uid="7579660">
  <nd ref="1840130579"/>
  <nd ref="1840130519"/>
  <nd ref="1840130595"/>
  <tag k="access" v="private"/>
  <tag k="highway" v="service"/>
 </way>
 <way id="173182994" visible="true" version="1" changeset="12514038" timestamp="2012-07-27T17:38:05Z" user="Nemigo" uid="650671">
  <nd ref="1840130514"/>
  <nd ref="1840130602"/>
  <nd ref="1840130518"/>
  <nd ref="1840130507"/>
  <nd ref="1840130514"/>
  <tag k="building" v="yes"/>
 </way>
 <way id="173183633" visible="true" version="2" changeset="20436591" timestamp="2014-02-07T19:52:27Z" user="Nemigo" uid="650671">
  <nd ref="1840137809"/>
  <nd ref="1840137810"/>
  <nd ref="2660061508"/>
  <nd ref="1840137842"/>
  <nd ref="1840137869"/>
  <nd ref="1840137809"/>
  <tag k="building" v="yes"/>
 </way>
 <way id="173183634" visible="true" version="1" changeset="12514038" timestamp="2012-07-27T17:41:08Z" user="Nemigo" uid="650671">
  <nd ref="1840137838"/>
  <nd ref="1840137801"/>
  <nd ref="1840137859"/>
  <nd ref="1840137799"/>
  <nd ref="1840137840"/>
  <nd ref="1840137795"/>
  <nd ref="1840137838"/>
  <tag k="building" v="yes"/>
 </way>
 <way id="173183635" visible="true" version="2" changeset="71515624" timestamp="2019-06-22T18:15:38Z" user="abczyx" uid="2129377">
  <nd ref="1840137807"/>
  <nd ref="1840137855"/>
  <nd ref="1840137804"/>
  <nd ref="1840137874"/>
  <nd ref="1840137807"/>
  <tag k="addr:city" v="A Coruña"/>
  <tag k="addr:housenumber" v="51"/>
  <tag k="addr:postcode" v="15008"/>
  <tag k="addr:street" v="Estrada dos Baños de Arteixo"/>
  <tag k="building" v="industrial"/>
  <tag k="source:addr" v="https://ide.coruna.es/descargas/cambioscallejero/CodVia_0333_20180129.pdf"/>
 </way>
 <way id="173272783" visible="true" version="3" changeset="63260207" timestamp="2018-10-06T15:51:47Z" user="MapMakerGal" uid="7579660">
  <nd ref="1841148556"/>
  <nd ref="1841148545"/>
  <tag k="access" v="private"/>
  <tag k="highway" v="service"/>
  <tag k="layer" v="-1"/>
  <tag k="tunnel" v="yes"/>
 </way>
 <way id="173272784" visible="true" version="2" changeset="63260207" timestamp="2018-10-06T15:51:47Z" user="MapMakerGal" uid="7579660">
  <nd ref="1840055162"/>
  <nd ref="1841148636"/>
  <nd ref="1841148556"/>
  <tag k="access" v="private"/>
  <tag k="highway" v="service"/>
 </way>
 <way id="173272792" visible="true" version="1" changeset="12522006" timestamp="2012-07-28T11:40:40Z" user="Nemigo" uid="650671">
  <nd ref="1841148555"/>
  <nd ref="1841148540"/>
  <nd ref="1841148580"/>
  <nd ref="1841148617"/>
  <nd ref="1841148598"/>
  <nd ref="1841148532"/>
  <nd ref="1841148555"/>
  <tag k="building" v="yes"/>
 </way>
 <way id="173272793" visible="true" version="1" changeset="12522006" timestamp="2012-07-28T11:40:40Z" user="Nemigo" uid="650671">
  <nd ref="1841148582"/>
  <nd ref="1841148518"/>
  <nd ref="1841148560"/>
  <nd ref="1841148600"/>
  <nd ref="1841148582"/>
  <tag k="building" v="yes"/>
 </way>
 <way id="174759133" visible="true" version="2" changeset="66259814" timestamp="2019-01-12T20:34:51Z" user="MapMakerGal" uid="7579660">
  <nd ref="1854244258"/>
  <nd ref="6204156335"/>
  <nd ref="6204156336"/>
  <nd ref="6204156337"/>
  <nd ref="6204156338"/>
  <nd ref="6204156339"/>
  <nd ref="6204156340"/>
  <nd ref="6204156341"/>
  <nd ref="6204156342"/>
  <nd ref="6204156296"/>
  <nd ref="6204156297"/>
  <nd ref="6204156298"/>
  <nd ref="6204156299"/>
  <nd ref="6204156300"/>
  <nd ref="1854244261"/>
  <nd ref="6204156301"/>
  <nd ref="6204156302"/>
  <nd ref="6204156303"/>
  <nd ref="6204156304"/>
  <nd ref="6204156305"/>
  <nd ref="1854244257"/>
  <nd ref="6204156306"/>
  <nd ref="6204156307"/>
  <nd ref="6204156308"/>
  <nd ref="1854244265"/>
  <nd ref="6204156309"/>
  <nd ref="6204156310"/>
  <nd ref="6204156311"/>
  <nd ref="6204156312"/>
  <nd ref="6204156313"/>
  <nd ref="1854244266"/>
  <nd ref="6204156314"/>
  <nd ref="6204156315"/>
  <nd ref="6204156316"/>
  <nd ref="6204156317"/>
  <nd ref="6204156318"/>
  <nd ref="1854244255"/>
  <nd ref="6204156319"/>
  <nd ref="6204156320"/>
  <nd ref="1854244260"/>
  <nd ref="1854244256"/>
  <nd ref="6204156321"/>
  <nd ref="6204156322"/>
  <nd ref="6204156323"/>
  <nd ref="1854244254"/>
  <nd ref="6204156324"/>
  <nd ref="6204156325"/>
  <nd ref="6204156326"/>
  <nd ref="6204156327"/>
  <nd ref="6204156328"/>
  <nd ref="6204156329"/>
  <nd ref="6204156330"/>
  <nd ref="6204156331"/>
  <nd ref="1854244264"/>
  <nd ref="6204156332"/>
  <nd ref="6204156333"/>
  <nd ref="6204156334"/>
  <nd ref="1854244258"/>
  <tag k="landuse" v="forest"/>
 </way>
 <way id="188755701" visible="true" version="2" changeset="66238188" timestamp="2019-01-11T20:35:02Z" user="MapMakerGal" uid="7579660">
  <nd ref="1993762594"/>
  <nd ref="1993762574"/>
  <nd ref="1993762597"/>
  <nd ref="1993762575"/>
  <nd ref="1993762582"/>
  <nd ref="1993762584"/>
  <nd ref="1993762558"/>
  <nd ref="6202100520"/>
  <nd ref="1993762594"/>
  <tag k="building" v="yes"/>
 </way>
 <way id="215138222" visible="true" version="3" changeset="95638306" timestamp="2020-12-10T19:47:13Z" user="abczyx" uid="2129377">
  <nd ref="1770116246"/>
  <nd ref="3327681208"/>
  <nd ref="2245573748"/>
  <nd ref="2245573723"/>
  <tag k="highway" v="service"/>
  <tag k="maxheight" v="3"/>
  <tag k="maxweight" v="5.5"/>
 </way>
 <way id="215138223" visible="true" version="6" changeset="90872087" timestamp="2020-09-14T14:39:08Z" user="MapMakerGal_import" uid="10907973">
  <nd ref="1793532894"/>
  <nd ref="2965822686"/>
  <nd ref="2245573711"/>
  <nd ref="2245573892"/>
  <nd ref="2245573681"/>
  <nd ref="2245573759"/>
  <nd ref="2245573862"/>
  <nd ref="2245573895"/>
  <nd ref="2245573869"/>
  <nd ref="1770116245"/>
  <tag k="highway" v="residential"/>
  <tag k="lit" v="yes"/>
  <tag k="maxspeed" v="30"/>
  <tag k="noname" v="yes"/>
  <tag k="oneway" v="yes"/>
  <tag k="surface" v="asphalt"/>
 </way>
 <way id="215138225" visible="true" version="2" changeset="58612041" timestamp="2018-05-02T11:21:47Z" user="MapMakerGal" uid="7579660">
  <nd ref="2245573875"/>
  <nd ref="2245573771"/>
  <nd ref="2245573745"/>
  <nd ref="2245573774"/>
  <nd ref="2245573684"/>
  <nd ref="2245573790"/>
  <nd ref="2245573840"/>
  <nd ref="2245573879"/>
  <nd ref="2245573834"/>
  <nd ref="2245573856"/>
  <nd ref="2245573696"/>
  <nd ref="2245573693"/>
  <nd ref="2245573898"/>
  <nd ref="2245573702"/>
  <nd ref="2245573837"/>
  <nd ref="2245573845"/>
  <nd ref="2245573875"/>
  <tag k="landuse" v="commercial"/>
 </way>
 <way id="215138228" visible="true" version="3" changeset="66259814" timestamp="2019-01-12T20:34:51Z" user="MapMakerGal" uid="7579660">
  <nd ref="2245573872"/>
  <nd ref="2245573901"/>
  <nd ref="2245573866"/>
  <nd ref="2245573671"/>
  <nd ref="1707739191"/>
  <nd ref="2245573705"/>
  <nd ref="2245573739"/>
  <nd ref="2245573708"/>
  <nd ref="2245573727"/>
  <nd ref="2245573827"/>
  <nd ref="2245573904"/>
  <nd ref="2245573729"/>
  <nd ref="2245573794"/>
  <nd ref="2245573806"/>
  <nd ref="2245573720"/>
  <nd ref="2245573809"/>
  <nd ref="2245573815"/>
  <nd ref="2245573859"/>
  <nd ref="2245573675"/>
  <nd ref="2245573800"/>
  <nd ref="2245573714"/>
  <nd ref="6202154585"/>
  <nd ref="2245573792"/>
  <nd ref="2245573735"/>
  <nd ref="2245573699"/>
  <nd ref="2245573882"/>
  <nd ref="2245573751"/>
  <nd ref="2245573885"/>
  <nd ref="2245573830"/>
  <nd ref="2245573872"/>
  <tag k="landuse" v="industrial"/>
 </way>
 <way id="215138342" visible="true" version="2" changeset="66259814" timestamp="2019-01-12T20:34:51Z" user="MapMakerGal" uid="7579660">
  <nd ref="2245575664"/>
  <nd ref="6204156260"/>
  <nd ref="6204156261"/>
  <nd ref="6204156262"/>
  <nd ref="6204156263"/>
  <nd ref="6204156264"/>
  <nd ref="6204156265"/>
  <nd ref="6204156266"/>
  <nd ref="6204156267"/>
  <nd ref="6204156268"/>
  <nd ref="6204156269"/>
  <nd ref="2245575662"/>
  <nd ref="6204156270"/>
  <nd ref="6204156271"/>
  <nd ref="6204156272"/>
  <nd ref="2245575666"/>
  <nd ref="6204156273"/>
  <nd ref="6204156274"/>
  <nd ref="6204156275"/>
  <nd ref="6204156276"/>
  <nd ref="6204156277"/>
  <nd ref="6204156278"/>
  <nd ref="6204156279"/>
  <nd ref="6204156280"/>
  <nd ref="6204156281"/>
  <nd ref="6204156282"/>
  <nd ref="6204156283"/>
  <nd ref="6204156284"/>
  <nd ref="6204156285"/>
  <nd ref="6204156286"/>
  <nd ref="6204156287"/>
  <nd ref="6204156288"/>
  <nd ref="6204156289"/>
  <nd ref="6204156290"/>
  <nd ref="6204156291"/>
  <nd ref="6204156292"/>
  <nd ref="6204156293"/>
  <nd ref="6204156294"/>
  <nd ref="6204156295"/>
  <nd ref="2245575660"/>
  <nd ref="6204156257"/>
  <nd ref="6204156258"/>
  <nd ref="6204156259"/>
  <nd ref="2245575664"/>
  <tag k="natural" v="wood"/>
 </way>
 <way id="215138704" visible="true" version="2" changeset="139351400" timestamp="2023-08-02T14:43:39Z" user="tobkal" uid="14011719">
  <nd ref="2245577424"/>
  <nd ref="2245577453"/>
  <nd ref="2245577430"/>
  <nd ref="2245577437"/>
  <nd ref="2245577424"/>
  <tag k="building" v="warehouse"/>
 </way>
 <way id="215138705" visible="true" version="1" changeset="15588282" timestamp="2013-04-03T00:04:59Z" user="Nemigo" uid="650671">
  <nd ref="2245577439"/>
  <nd ref="2245577428"/>
  <nd ref="2245577438"/>
  <nd ref="2245577426"/>
  <nd ref="2245577439"/>
  <tag k="building" v="yes"/>
 </way>
 <way id="215138706" visible="true" version="2" changeset="139351400" timestamp="2023-08-02T14:43:43Z" user="tobkal" uid="14011719">
  <nd ref="2245577431"/>
  <nd ref="2245577448"/>
  <nd ref="2245577446"/>
  <nd ref="2245577432"/>
  <nd ref="2245577429"/>
  <nd ref="2245577425"/>
  <nd ref="2245577427"/>
  <nd ref="2245577445"/>
  <nd ref="2245577431"/>
  <tag k="building" v="warehouse"/>
 </way>
 <way id="215138707" visible="true" version="2" changeset="58618628" timestamp="2018-05-02T15:35:20Z" user="MapMakerGal" uid="7579660">
  <nd ref="2245577436"/>
  <nd ref="2245577434"/>
  <nd ref="2245577423"/>
  <nd ref="2245577435"/>
  <nd ref="2245577443"/>
  <nd ref="2245577452"/>
  <nd ref="2245577444"/>
  <nd ref="2245577450"/>
  <nd ref="2245577433"/>
  <nd ref="2245577451"/>
  <nd ref="2245577436"/>
  <tag k="abandoned" v="building"/>
  <tag k="building" v="abandoned"/>
 </way>
 <way id="215138708" visible="true" version="2" changeset="63260207" timestamp="2018-10-06T15:51:46Z" user="MapMakerGal" uid="7579660">
  <nd ref="5961785966"/>
  <nd ref="5961785965"/>
  <nd ref="5961785981"/>
  <nd ref="5961785964"/>
  <nd ref="5961785963"/>
  <nd ref="5961785962"/>
  <nd ref="5961785967"/>
  <nd ref="2245577422"/>
  <nd ref="5961785968"/>
  <nd ref="2245577442"/>
  <tag k="access" v="private"/>
  <tag k="highway" v="service"/>
 </way>
 <way id="215138709" visible="true" version="2" changeset="58618628" timestamp="2018-05-02T15:35:20Z" user="MapMakerGal" uid="7579660">
  <nd ref="2245577447"/>
  <nd ref="2245577449"/>
  <nd ref="2245577440"/>
  <nd ref="2245577441"/>
  <nd ref="2245577447"/>
  <tag k="abandoned" v="building"/>
  <tag k="building" v="abandoned"/>
 </way>
 <way id="217853768" visible="true" version="1" changeset="15772487" timestamp="2013-04-18T12:00:39Z" user="Nemigo" uid="650671">
  <nd ref="2271600690"/>
  <nd ref="2271600693"/>
  <nd ref="2271600691"/>
  <nd ref="2271600692"/>
  <nd ref="2271600690"/>
  <tag k="building" v="yes"/>
 </way>
 <way id="225048745" visible="true" version="5" changeset="95094758" timestamp="2020-12-01T12:23:57Z" user="MapMakerGal_import" uid="10907973">
  <nd ref="2338739607"/>
  <nd ref="1993762588"/>
  <nd ref="911846168"/>
  <nd ref="1668894972"/>
  <tag k="alt_name" v="Lugar Meicende"/>
  <tag k="highway" v="residential"/>
  <tag k="lit" v="yes"/>
  <tag k="maxspeed" v="30"/>
  <tag k="noname" v="yes"/>
  <tag k="oneway" v="no"/>
  <tag k="surface" v="asphalt"/>
 </way>
 <way id="231683683" visible="true" version="7" changeset="105990173" timestamp="2021-06-07T18:51:13Z" user="ddsaimon" uid="1893271">
  <nd ref="1567916539"/>
  <nd ref="8812469694"/>
  <nd ref="1567916526"/>
  <nd ref="1567916499"/>
  <nd ref="1567916495"/>
  <nd ref="1567916488"/>
  <tag k="bicycle" v="no"/>
  <tag k="destination" v="Marineda City;Agrela-Bens;Avenida de Arteixo;AG-55;AC-552;Carballo"/>
  <tag k="foot" v="no"/>
  <tag k="highway" v="trunk_link"/>
  <tag k="lanes" v="1"/>
  <tag k="maxspeed" v="60"/>
  <tag k="oneway" v="yes"/>
  <tag k="source" v="PNOA"/>
  <tag k="source:date" v="2008"/>
  <tag k="surface" v="asphalt"/>
 </way>
 <way id="231684554" visible="true" version="3" changeset="61934511" timestamp="2018-08-23T22:00:53Z" user="abczyx" uid="2129377">
  <nd ref="2400249962"/>
  <nd ref="2400249953"/>
  <nd ref="1156362641"/>
  <tag k="highway" v="trunk_link"/>
  <tag k="lanes" v="1"/>
  <tag k="maxspeed" v="40"/>
  <tag k="oneway" v="yes"/>
  <tag k="surface" v="asphalt"/>
 </way>
 <way id="231684555" visible="true" version="3" changeset="61934511" timestamp="2018-08-23T22:00:53Z" user="abczyx" uid="2129377">
  <nd ref="2400249991"/>
  <nd ref="2400249951"/>
  <nd ref="2400249981"/>
  <nd ref="2400249961"/>
  <nd ref="2400249985"/>
  <nd ref="2400249957"/>
  <nd ref="2400249979"/>
  <nd ref="2400249987"/>
  <nd ref="2400249962"/>
  <nd ref="2400249956"/>
  <nd ref="2400249983"/>
  <nd ref="5852295257"/>
  <nd ref="2400249971"/>
  <tag k="destination" v="Zona comercial Marineda City"/>
  <tag k="highway" v="trunk_link"/>
  <tag k="lanes" v="1"/>
  <tag k="lit" v="yes"/>
  <tag k="maxspeed" v="40"/>
  <tag k="oneway" v="yes"/>
  <tag k="surface" v="asphalt"/>
 </way>
 <way id="235025254" visible="true" version="15" changeset="85030462" timestamp="2020-05-11T14:20:41Z" user="MapMakerGal" uid="7579660">
  <nd ref="1771811891"/>
  <nd ref="7507152464"/>
  <nd ref="1771811903"/>
  <nd ref="1771811900"/>
  <nd ref="1771811841"/>
  <nd ref="1771811843"/>
  <nd ref="1771811910"/>
  <nd ref="1771811906"/>
  <nd ref="1810726034"/>
  <nd ref="1771811894"/>
  <nd ref="2291744986"/>
  <tag k="agricultural" v="no"/>
  <tag k="alt_name:es" v="Tercera Ronda"/>
  <tag k="alt_name:gl" v="Terceira Rolda"/>
  <tag k="bicycle" v="no"/>
  <tag k="carriage" v="no"/>
  <tag k="foot" v="no"/>
  <tag k="highway" v="trunk"/>
  <tag k="lanes" v="3"/>
  <tag k="lit" v="yes"/>
  <tag k="maxspeed" v="60"/>
  <tag k="name" v="Ronda do Real Club Deportivo da Coruña"/>
  <tag k="name:es" v="Ronda del Real Club Deportivo de A Coruña"/>
  <tag k="name:gl" v="Rolda do Real Clube Deportivo da Coruña"/>
  <tag k="nat_ref" v="V-14"/>
  <tag k="oneway" v="yes"/>
  <tag k="ref" v="V-1.4"/>
  <tag k="surface" v="asphalt"/>
 </way>
 <way id="241282964" visible="true" version="2" changeset="24179356" timestamp="2014-07-16T11:21:23Z" user="abczyx" uid="2129377">
  <nd ref="2489655750"/>
  <nd ref="2489655751"/>
  <nd ref="2489655752"/>
  <nd ref="2965822718"/>
  <tag k="highway" v="service"/>
  <tag k="oneway" v="yes"/>
  <tag k="service" v="driveway"/>
 </way>
 <way id="258972155" visible="true" version="2" changeset="66259814" timestamp="2019-01-12T20:34:51Z" user="MapMakerGal" uid="7579660">
  <nd ref="2642739910"/>
  <nd ref="2642739908"/>
  <nd ref="2642739907"/>
  <nd ref="2642739906"/>
  <nd ref="2642739885"/>
  <nd ref="2642739886"/>
  <nd ref="2642739887"/>
  <nd ref="2642739888"/>
  <nd ref="6204156196"/>
  <tag k="power" v="line"/>
 </way>
 <way id="258972157" visible="true" version="2" changeset="66259814" timestamp="2019-01-12T20:34:51Z" user="MapMakerGal" uid="7579660">
  <nd ref="2642739889"/>
  <nd ref="2642739890"/>
  <nd ref="6204155709"/>
  <nd ref="6204155710"/>
  <nd ref="6204155711"/>
  <nd ref="6204155712"/>
  <nd ref="2642739891"/>
  <nd ref="6204155713"/>
  <nd ref="6204155714"/>
  <nd ref="2642739892"/>
  <nd ref="6204155715"/>
  <nd ref="6204155716"/>
  <nd ref="6204155717"/>
  <nd ref="2642739893"/>
  <nd ref="6204155701"/>
  <nd ref="6204155702"/>
  <nd ref="6204155703"/>
  <nd ref="6204155704"/>
  <nd ref="6204155705"/>
  <nd ref="6204155706"/>
  <nd ref="6204155707"/>
  <nd ref="6204155708"/>
  <nd ref="2642739889"/>
  <tag k="landuse" v="forest"/>
 </way>
 <way id="258972158" visible="true" version="2" changeset="66259814" timestamp="2019-01-12T20:34:52Z" user="MapMakerGal" uid="7579660">
  <nd ref="2642739894"/>
  <nd ref="6204155681"/>
  <nd ref="6204155682"/>
  <nd ref="6204155683"/>
  <nd ref="6204155684"/>
  <nd ref="6204155685"/>
  <nd ref="2642739895"/>
  <nd ref="6204155686"/>
  <nd ref="2642739896"/>
  <nd ref="2642739897"/>
  <nd ref="6204155687"/>
  <nd ref="6204155688"/>
  <nd ref="6204155689"/>
  <nd ref="6204155690"/>
  <nd ref="6204155691"/>
  <nd ref="2642739898"/>
  <nd ref="6204155692"/>
  <nd ref="6204155693"/>
  <nd ref="2642739899"/>
  <nd ref="2642739900"/>
  <nd ref="6204155694"/>
  <nd ref="2642739901"/>
  <nd ref="6204155695"/>
  <nd ref="6204155696"/>
  <nd ref="2642739902"/>
  <nd ref="6204155697"/>
  <nd ref="6204155700"/>
  <nd ref="6204155699"/>
  <nd ref="6204155698"/>
  <nd ref="2642739894"/>
  <tag k="landuse" v="forest"/>
 </way>
 <way id="258972160" visible="true" version="2" changeset="66259814" timestamp="2019-01-12T20:34:52Z" user="MapMakerGal" uid="7579660">
  <nd ref="2642739903"/>
  <nd ref="6204155674"/>
  <nd ref="6204155673"/>
  <nd ref="2642739904"/>
  <nd ref="6204155680"/>
  <nd ref="6204155679"/>
  <nd ref="6204155678"/>
  <nd ref="6204155677"/>
  <nd ref="2642739905"/>
  <nd ref="6204155676"/>
  <nd ref="6204155675"/>
  <nd ref="2642739903"/>
  <tag k="landuse" v="forest"/>
 </way>
 <way id="258972161" visible="true" version="3" changeset="115620119" timestamp="2021-12-31T19:05:58Z" user="abczyx" uid="2129377">
  <nd ref="2642739918"/>
  <nd ref="2642739917"/>
  <nd ref="2642739916"/>
  <nd ref="1841148545"/>
  <nd ref="2642739919"/>
  <nd ref="2642739915"/>
  <nd ref="1840130582"/>
  <tag k="access" v="private"/>
  <tag k="highway" v="service"/>
 </way>
 <way id="258972163" visible="true" version="2" changeset="66259814" timestamp="2019-01-12T20:34:52Z" user="MapMakerGal" uid="7579660">
  <nd ref="2642739920"/>
  <nd ref="2642739921"/>
  <nd ref="2642739922"/>
  <nd ref="1840130517"/>
  <nd ref="2642739923"/>
  <nd ref="2642739924"/>
  <nd ref="2642739925"/>
  <nd ref="2642739926"/>
  <nd ref="6204156343"/>
  <nd ref="2642739927"/>
  <nd ref="2642739928"/>
  <nd ref="2642739929"/>
  <nd ref="2642739920"/>
  <tag k="landuse" v="industrial"/>
 </way>
 <way id="259249121" visible="true" version="2" changeset="71515624" timestamp="2019-06-22T18:15:38Z" user="abczyx" uid="2129377">
  <nd ref="2646029585"/>
  <nd ref="2646029587"/>
  <nd ref="2646029588"/>
  <nd ref="6564913836"/>
  <nd ref="2646029585"/>
  <tag k="addr:city" v="A Coruña"/>
  <tag k="addr:housenumber" v="26"/>
  <tag k="addr:postcode" v="15008"/>
  <tag k="addr:street" v="Estrada dos Baños de Arteixo"/>
  <tag k="building" v="industrial"/>
  <tag k="source:addr" v="https://ide.coruna.es/descargas/cambioscallejero/CodVia_0333_20180129.pdf"/>
 </way>
 <way id="259249122" visible="true" version="2" changeset="28987524" timestamp="2015-02-20T21:51:03Z" user="abczyx" uid="2129377">
  <nd ref="2646029592"/>
  <nd ref="2646029572"/>
  <nd ref="2646029590"/>
  <nd ref="2646029593"/>
  <nd ref="3362401070"/>
  <nd ref="3362400891"/>
  <nd ref="3362401061"/>
  <nd ref="3362400843"/>
  <nd ref="3362400839"/>
  <nd ref="3362400872"/>
  <nd ref="2646029592"/>
  <tag k="building" v="industrial"/>
 </way>
 <way id="259249126" visible="true" version="2" changeset="58618628" timestamp="2018-05-02T15:35:20Z" user="MapMakerGal" uid="7579660">
  <nd ref="2646029627"/>
  <nd ref="2646029628"/>
  <nd ref="2646029631"/>
  <nd ref="2646029633"/>
  <nd ref="2646029627"/>
  <tag k="abandoned" v="building"/>
  <tag k="building" v="abandoned"/>
 </way>
 <way id="260507892" visible="true" version="1" changeset="20436591" timestamp="2014-02-07T19:52:27Z" user="Nemigo" uid="650671">
  <nd ref="1840137810"/>
  <nd ref="2660061502"/>
  <nd ref="2660061503"/>
  <nd ref="2660061504"/>
  <nd ref="2660061505"/>
  <nd ref="2660061506"/>
  <nd ref="2660061507"/>
  <nd ref="2660061508"/>
  <nd ref="1840137810"/>
  <tag k="building" v="industrial"/>
 </way>
 <way id="290524772" visible="true" version="3" changeset="63260207" timestamp="2018-10-06T15:51:46Z" user="MapMakerGal" uid="7579660">
  <nd ref="2940477660"/>
  <nd ref="3471615819"/>
  <nd ref="1793533396"/>
  <nd ref="1793533399"/>
  <nd ref="1793533401"/>
  <tag k="highway" v="service"/>
  <tag k="oneway" v="yes"/>
  <tag k="service" v="driveway"/>
 </way>
 <way id="293028558" visible="true" version="6" changeset="95094758" timestamp="2020-12-01T12:23:57Z" user="MapMakerGal_import" uid="10907973">
  <nd ref="2400249971"/>
  <nd ref="471530473"/>
  <nd ref="3477336280"/>
  <nd ref="3477336281"/>
  <nd ref="471530472"/>
  <nd ref="471530471"/>
  <nd ref="1770116247"/>
  <tag k="alt_name" v="Lugar de Monte Patelo"/>
  <tag k="highway" v="residential"/>
  <tag k="lanes" v="2"/>
  <tag k="lanes:backward" v="1"/>
  <tag k="lanes:forward" v="1"/>
  <tag k="lit" v="yes"/>
  <tag k="maxspeed" v="30"/>
  <tag k="noname" v="yes"/>
  <tag k="oneway" v="no"/>
  <tag k="surface" v="asphalt"/>
 </way>
 <way id="293532063" visible="true" version="9" changeset="173846932" timestamp="2025-10-27T16:27:52Z" user="Gabriel44200" uid="14203800">
  <nd ref="1808784852"/>
  <nd ref="5482476857"/>
  <nd ref="5482476856"/>
  <nd ref="2971377069"/>
  <nd ref="2971377035"/>
  <nd ref="5482476854"/>
  <nd ref="5482476853"/>
  <nd ref="5482476852"/>
  <nd ref="3471615822"/>
  <nd ref="5482476850"/>
  <nd ref="2971377073"/>
  <nd ref="3471615825"/>
  <nd ref="5482476849"/>
  <nd ref="5482476848"/>
  <nd ref="5482476847"/>
  <nd ref="13261832236"/>
  <nd ref="5482476846"/>
  <nd ref="5482476845"/>
  <nd ref="5482476843"/>
  <nd ref="5482476844"/>
  <nd ref="5482476842"/>
  <nd ref="6404998528"/>
  <nd ref="6404998525"/>
  <nd ref="3471615843"/>
  <nd ref="6404998529"/>
  <nd ref="6404998531"/>
  <nd ref="3471615815"/>
  <nd ref="2971377066"/>
  <nd ref="3471615833"/>
  <nd ref="5482476841"/>
  <nd ref="5482476900"/>
  <nd ref="2971377061"/>
  <nd ref="5482476840"/>
  <nd ref="2971377064"/>
  <nd ref="2971376624"/>
  <nd ref="3471615811"/>
  <nd ref="5482476839"/>
  <nd ref="3471615838"/>
  <nd ref="2971377075"/>
  <nd ref="3471615812"/>
  <nd ref="2971377067"/>
  <nd ref="2971377048"/>
  <nd ref="5482476835"/>
  <nd ref="3476216787"/>
  <nd ref="2971377078"/>
  <nd ref="3476216790"/>
  <nd ref="1808784852"/>
 </way>
 <way id="300827965" visible="true" version="5" changeset="61934511" timestamp="2018-08-23T22:00:54Z" user="abczyx" uid="2129377">
  <nd ref="1771811834"/>
  <nd ref="5579312481"/>
  <nd ref="5579312480"/>
  <nd ref="5579312482"/>
  <nd ref="2400249991"/>
  <tag k="agricultural" v="no"/>
  <tag k="bicycle" v="no"/>
  <tag k="carriage" v="no"/>
  <tag k="destination" v="Zona comercial Marineda City;Estrada dos Baños de Arteixo;AG-55;AC-552;Arteixo;Carballo"/>
  <tag k="foot" v="no"/>
  <tag k="highway" v="trunk_link"/>
  <tag k="lanes" v="1"/>
  <tag k="lit" v="yes"/>
  <tag k="maxspeed" v="60"/>
  <tag k="oneway" v="yes"/>
  <tag k="surface" v="asphalt"/>
 </way>
 <way id="300827974" visible="true" version="2" changeset="30408917" timestamp="2015-04-22T16:40:35Z" user="cafeconleche" uid="1921164">
  <nd ref="1771802657"/>
  <nd ref="3049181744"/>
  <nd ref="3471615824"/>
  <nd ref="2280653752"/>
  <nd ref="2280653767"/>
  <tag k="highway" v="service"/>
  <tag k="oneway" v="yes"/>
  <tag k="service" v="driveway"/>
 </way>
 <way id="300827976" visible="true" version="3" changeset="57227479" timestamp="2018-03-15T23:35:41Z" user="MapMakerGal" uid="7579660">
  <nd ref="2965822718"/>
  <nd ref="2245573678"/>
  <nd ref="2969205448"/>
  <nd ref="2245573895"/>
  <tag k="highway" v="service"/>
  <tag k="oneway" v="yes"/>
  <tag k="service" v="driveway"/>
 </way>
 <way id="300827978" visible="true" version="12" changeset="85030462" timestamp="2020-05-11T14:20:41Z" user="MapMakerGal" uid="7579660">
  <nd ref="1771811834"/>
  <nd ref="3049134702"/>
  <nd ref="3049134704"/>
  <nd ref="3049181768"/>
  <nd ref="3049181734"/>
  <nd ref="3049134732"/>
  <nd ref="3049181747"/>
  <nd ref="3049181771"/>
  <nd ref="3049181763"/>
  <nd ref="3049181748"/>
  <nd ref="3049134727"/>
  <nd ref="7507152465"/>
  <nd ref="1771811851"/>
  <tag k="agricultural" v="no"/>
  <tag k="alt_name:es" v="Tercera Ronda"/>
  <tag k="alt_name:gl" v="Terceira Rolda"/>
  <tag k="bicycle" v="no"/>
  <tag k="carriage" v="no"/>
  <tag k="foot" v="no"/>
  <tag k="highway" v="trunk"/>
  <tag k="lanes" v="3"/>
  <tag k="lit" v="yes"/>
  <tag k="maxspeed" v="60"/>
  <tag k="name" v="Ronda do Real Club Deportivo da Coruña"/>
  <tag k="name:es" v="Ronda del Real Club Deportivo de A Coruña"/>
  <tag k="name:gl" v="Rolda do Real Clube Deportivo da Coruña"/>
  <tag k="nat_ref" v="V-14"/>
  <tag k="oneway" v="yes"/>
  <tag k="ref" v="V-1.4"/>
  <tag k="surface" v="asphalt"/>
 </way>
 <way id="300827979" visible="true" version="7" changeset="90872087" timestamp="2020-09-14T14:39:08Z" user="MapMakerGal_import" uid="10907973">
  <nd ref="1770116255"/>
  <nd ref="3049181758"/>
  <nd ref="2489655750"/>
  <nd ref="2969205448"/>
  <nd ref="3049134725"/>
  <nd ref="2965822719"/>
  <nd ref="3049134696"/>
  <nd ref="4970937239"/>
  <nd ref="1793527130"/>
  <tag k="highway" v="residential"/>
  <tag k="lit" v="yes"/>
  <tag k="maxspeed" v="30"/>
  <tag k="noname" v="yes"/>
  <tag k="oneway" v="yes"/>
  <tag k="surface" v="asphalt"/>
 </way>
 <way id="300827983" visible="true" version="3" changeset="175729130" timestamp="2025-12-09T19:40:19Z" user="kapazao_import" uid="8770019">
  <nd ref="2965822719"/>
  <nd ref="2245573892"/>
  <tag k="crossing" v="uncontrolled"/>
  <tag k="crossing:markings" v="zebra"/>
  <tag k="footway" v="crossing"/>
  <tag k="highway" v="footway"/>
 </way>
 <way id="300827988" visible="true" version="7" changeset="139355086" timestamp="2023-08-02T16:14:55Z" user="tobkal" uid="14011719">
  <nd ref="1770117294"/>
  <nd ref="3049181769"/>
  <nd ref="3049181773"/>
  <nd ref="3202431326"/>
  <tag k="highway" v="residential"/>
  <tag k="lanes" v="1"/>
  <tag k="lit" v="yes"/>
  <tag k="maxspeed" v="30"/>
  <tag k="noname" v="yes"/>
  <tag k="oneway" v="yes"/>
  <tag k="surface" v="asphalt"/>
  <tag k="width" v="3"/>
 </way>
 <way id="300827994" visible="true" version="4" changeset="57227479" timestamp="2018-03-15T23:35:41Z" user="MapMakerGal" uid="7579660">
  <nd ref="2280653767"/>
  <nd ref="1793524800"/>
  <nd ref="3471615839"/>
  <nd ref="3049181735"/>
  <nd ref="1770116253"/>
  <tag k="highway" v="service"/>
  <tag k="oneway" v="yes"/>
  <tag k="service" v="driveway"/>
 </way>
 <way id="303684601" visible="true" version="5" changeset="90872087" timestamp="2020-09-14T14:39:08Z" user="MapMakerGal_import" uid="10907973">
  <nd ref="911846186"/>
  <nd ref="3080873735"/>
  <nd ref="3080873784"/>
  <nd ref="3080873778"/>
  <nd ref="3080873529"/>
  <nd ref="3080873759"/>
  <nd ref="3080873764"/>
  <nd ref="911846214"/>
  <nd ref="3080873518"/>
  <nd ref="3080873783"/>
  <nd ref="7008034111"/>
  <nd ref="911846129"/>
  <tag k="highway" v="residential"/>
  <tag k="lit" v="yes"/>
  <tag k="maxspeed" v="30"/>
  <tag k="name" v="Rúa da Ermida"/>
  <tag k="name:es" v="Calle La Ermita"/>
  <tag k="name:gl" v="Rúa da Ermida"/>
  <tag k="oneway" v="yes"/>
  <tag k="short_name" v="Rúa Ermida"/>
  <tag k="short_name:es" v="Calle Ermita"/>
  <tag k="source" v="Catastro"/>
  <tag k="surface" v="asphalt"/>
 </way>
 <way id="326154392" visible="true" version="7" changeset="97329750" timestamp="2021-01-11T21:01:29Z" user="MapMakerGal" uid="7579660">
  <nd ref="1815371465"/>
  <nd ref="3327681238"/>
  <nd ref="4870686628"/>
  <nd ref="4870686642"/>
  <nd ref="4870686653"/>
  <nd ref="4870686651"/>
  <nd ref="1810726060"/>
  <tag k="agricultural" v="no"/>
  <tag k="bicycle" v="no"/>
  <tag k="carriage" v="no"/>
  <tag k="destination" v="AC-14;Aeroporto;A-6 E-70 Arteixo Lugo Madrid;DP-0512 POCOMACO Mesoiro"/>
  <tag k="foot" v="no"/>
  <tag k="highway" v="trunk_link"/>
  <tag k="lanes" v="1"/>
  <tag k="lit" v="yes"/>
  <tag k="maxspeed" v="50"/>
  <tag k="oneway" v="yes"/>
  <tag k="surface" v="asphalt"/>
 </way>
 <way id="332657115" visible="true" version="11" changeset="97363718" timestamp="2021-01-12T10:14:35Z" user="MapMakerGal" uid="7579660">
  <nd ref="1815371465"/>
  <nd ref="1815371479"/>
  <nd ref="1771802495"/>
  <nd ref="1771802498"/>
  <nd ref="1771802503"/>
  <nd ref="1771802507"/>
  <nd ref="1771802510"/>
  <nd ref="8314567339"/>
  <nd ref="4970935075"/>
  <nd ref="1771802514"/>
  <nd ref="4970935074"/>
  <tag k="destination" v="As Rañas;Zona comercial Marineda City"/>
  <tag k="highway" v="trunk_link"/>
  <tag k="lanes" v="1"/>
  <tag k="lit" v="yes"/>
  <tag k="maxspeed" v="30"/>
  <tag k="oneway" v="yes"/>
  <tag k="surface" v="asphalt"/>
 </way>
 <way id="339960412" visible="true" version="3" changeset="160474617" timestamp="2024-12-21T15:51:20Z" user="ydubras" uid="17421650">
  <nd ref="3049134696"/>
  <nd ref="3471615832"/>
  <nd ref="3471615819"/>
  <nd ref="3471615814"/>
  <nd ref="3471615828"/>
  <nd ref="3471615816"/>
  <nd ref="3471615823"/>
  <nd ref="3471615842"/>
  <nd ref="3471615829"/>
  <nd ref="3471615826"/>
  <nd ref="3471615834"/>
  <nd ref="3471615818"/>
  <tag k="highway" v="footway"/>
  <tag k="surface" v="paving_stones"/>
 </way>
 <way id="340493574" visible="true" version="8" changeset="175313624" timestamp="2025-11-30T13:48:24Z" user="abczyx" uid="2129377">
  <nd ref="1793543193"/>
  <nd ref="3477297277"/>
  <nd ref="3477297281"/>
  <nd ref="3477297335"/>
  <nd ref="3477297368"/>
  <nd ref="3477297291"/>
  <nd ref="3477297306"/>
  <nd ref="3477297322"/>
  <nd ref="3477297325"/>
  <nd ref="3477297269"/>
  <nd ref="3477297329"/>
  <nd ref="3477297351"/>
  <nd ref="3477297352"/>
  <nd ref="3477297331"/>
  <nd ref="3477297315"/>
  <nd ref="3477297381"/>
  <nd ref="3477297320"/>
  <nd ref="3477297361"/>
  <nd ref="3477297289"/>
  <nd ref="3477297316"/>
  <nd ref="3477297321"/>
  <nd ref="3477297334"/>
  <nd ref="1793543190"/>
  <nd ref="3477297268"/>
  <nd ref="1793543193"/>
  <tag k="addr:city" v="A Coruña"/>
  <tag k="addr:housenumber" v="63-67"/>
  <tag k="addr:place" v="Lugar de Monte Patelo"/>
  <tag k="addr:postcode" v="15008"/>
  <tag k="building" v="yes"/>
 </way>
 <way id="340493576" visible="true" version="4" changeset="63260207" timestamp="2018-10-06T15:51:46Z" user="MapMakerGal" uid="7579660">
  <nd ref="3477297358"/>
  <nd ref="3477297326"/>
  <nd ref="3477336281"/>
  <tag k="foot" v="no"/>
  <tag k="highway" v="service"/>
  <tag k="lanes" v="1"/>
  <tag k="maxheight" v="2.20"/>
  <tag k="oneway" v="yes"/>
  <tag k="service" v="parking_aisle"/>
  <tag k="surface" v="asphalt"/>
 </way>
 <way id="340493577" visible="true" version="2" changeset="67031951" timestamp="2019-02-08T17:38:08Z" user="MapMakerGal" uid="7579660">
  <nd ref="1793543190"/>
  <nd ref="1793543201"/>
  <nd ref="1793543199"/>
  <nd ref="1793543189"/>
  <nd ref="6266406495"/>
  <nd ref="3477297270"/>
  <nd ref="1793543192"/>
  <nd ref="3477297326"/>
  <nd ref="3477297303"/>
  <nd ref="3477297302"/>
  <nd ref="3477297320"/>
  <tag k="barrier" v="fence"/>
 </way>
 <way id="340493578" visible="true" version="1" changeset="30485124" timestamp="2015-04-25T21:10:53Z" user="abczyx" uid="2129377">
  <nd ref="3477297361"/>
  <nd ref="3477297382"/>
  <tag k="highway" v="footway"/>
 </way>
 <way id="340493579" visible="true" version="1" changeset="30485124" timestamp="2015-04-25T21:10:53Z" user="abczyx" uid="2129377">
  <nd ref="3477297382"/>
  <nd ref="3477297371"/>
  <nd ref="3477297365"/>
  <nd ref="3477297267"/>
  <nd ref="3477297358"/>
  <nd ref="3477297382"/>
  <tag k="height" v="2.20"/>
  <tag k="highway" v="service"/>
  <tag k="oneway" v="yes"/>
  <tag k="service" v="parking_aisle"/>
 </way>
 <way id="340493581" visible="true" version="2" changeset="63260207" timestamp="2018-10-06T15:51:45Z" user="MapMakerGal" uid="7579660">
  <nd ref="3477297371"/>
  <nd ref="3477297327"/>
  <nd ref="3477297334"/>
  <tag k="height" v="2.20"/>
  <tag k="highway" v="service"/>
  <tag k="oneway" v="no"/>
  <tag k="service" v="parking_aisle"/>
 </way>
 <way id="340493584" visible="true" version="1" changeset="30485124" timestamp="2015-04-25T21:10:54Z" user="abczyx" uid="2129377">
  <nd ref="3477297267"/>
  <nd ref="3477297341"/>
  <nd ref="3477297290"/>
  <nd ref="3477297295"/>
  <nd ref="3477297365"/>
  <tag k="height" v="2.20"/>
  <tag k="highway" v="service"/>
  <tag k="oneway" v="yes"/>
  <tag k="service" v="parking_aisle"/>
 </way>
 <way id="340493585" visible="true" version="1" changeset="30485124" timestamp="2015-04-25T21:10:54Z" user="abczyx" uid="2129377">
  <nd ref="3477297381"/>
  <nd ref="1793543188"/>
  <nd ref="471530473"/>
  <tag k="highway" v="footway"/>
 </way>
 <way id="340493586" visible="true" version="3" changeset="63260207" timestamp="2018-10-06T15:51:45Z" user="MapMakerGal" uid="7579660">
  <nd ref="471530469"/>
  <nd ref="3477297345"/>
  <nd ref="3477297270"/>
  <nd ref="3477297290"/>
  <tag k="foot" v="no"/>
  <tag k="highway" v="service"/>
  <tag k="lanes" v="1"/>
  <tag k="maxheight" v="2.20"/>
  <tag k="oneway" v="yes"/>
  <tag k="service" v="parking_aisle"/>
  <tag k="surface" v="asphalt"/>
 </way>
 <way id="340493588" visible="true" version="4" changeset="63260207" timestamp="2018-10-06T15:51:46Z" user="MapMakerGal" uid="7579660">
  <nd ref="3477336280"/>
  <nd ref="3477297303"/>
  <nd ref="3477297382"/>
  <tag k="foot" v="no"/>
  <tag k="highway" v="service"/>
  <tag k="lanes" v="1"/>
  <tag k="maxheight" v="2.20"/>
  <tag k="oneway" v="yes"/>
  <tag k="service" v="parking_aisle"/>
  <tag k="surface" v="asphalt"/>
 </way>
 <way id="340493589" visible="true" version="3" changeset="67031951" timestamp="2019-02-08T17:38:08Z" user="MapMakerGal" uid="7579660">
  <nd ref="1793543192"/>
  <nd ref="3477297326"/>
  <nd ref="3477297303"/>
  <nd ref="3477297302"/>
  <nd ref="3477297320"/>
  <nd ref="3477297361"/>
  <nd ref="3477297289"/>
  <nd ref="3477297316"/>
  <nd ref="3477297321"/>
  <nd ref="3477297334"/>
  <nd ref="1793543190"/>
  <nd ref="1793543201"/>
  <nd ref="1793543199"/>
  <nd ref="1793543189"/>
  <nd ref="6266406495"/>
  <nd ref="3477297270"/>
  <nd ref="1793543192"/>
  <tag k="access" v="customers"/>
  <tag k="amenity" v="parking"/>
  <tag k="fee" v="interval"/>
  <tag k="name" v="Mercadona"/>
  <tag k="parking" v="surface"/>
 </way>
 <way id="363274847" visible="true" version="2" changeset="63260207" timestamp="2018-10-06T15:51:45Z" user="MapMakerGal" uid="7579660">
  <nd ref="3674562273"/>
  <nd ref="3674562272"/>
  <nd ref="3674562270"/>
  <nd ref="3674562268"/>
  <nd ref="3674562266"/>
  <nd ref="3674562264"/>
  <nd ref="3674562260"/>
  <nd ref="3674562273"/>
  <tag k="access" v="private"/>
  <tag k="amenity" v="parking"/>
  <tag k="parking" v="surface"/>
 </way>
 <way id="363274886" visible="true" version="2" changeset="63260207" timestamp="2018-10-06T15:51:45Z" user="MapMakerGal" uid="7579660">
  <nd ref="3674562261"/>
  <nd ref="3674562263"/>
  <nd ref="1707739187"/>
  <nd ref="3674562265"/>
  <nd ref="3674562262"/>
  <nd ref="3674562259"/>
  <nd ref="3674562258"/>
  <nd ref="3674562257"/>
  <nd ref="3674562255"/>
  <nd ref="3674562256"/>
  <tag k="access" v="private"/>
  <tag k="highway" v="service"/>
  <tag k="service" v="parking_aisle"/>
 </way>
 <way id="363274905" visible="true" version="2" changeset="63260207" timestamp="2018-10-06T15:51:45Z" user="MapMakerGal" uid="7579660">
  <nd ref="3674562269"/>
  <nd ref="3674562262"/>
  <tag k="access" v="private"/>
  <tag k="highway" v="service"/>
  <tag k="service" v="parking_aisle"/>
 </way>
 <way id="363274914" visible="true" version="2" changeset="63260207" timestamp="2018-10-06T15:51:45Z" user="MapMakerGal" uid="7579660">
  <nd ref="3674562265"/>
  <nd ref="3674562267"/>
  <nd ref="3674562269"/>
  <nd ref="3674562271"/>
  <nd ref="3674562274"/>
  <nd ref="3674562259"/>
  <tag k="access" v="private"/>
  <tag k="highway" v="service"/>
  <tag k="service" v="parking_aisle"/>
 </way>
 <way id="376715123" visible="true" version="3" changeset="66048593" timestamp="2019-01-05T14:34:17Z" user="MapMakerGal" uid="7579660">
  <nd ref="3801078102"/>
  <nd ref="3801078101"/>
  <nd ref="3801078099"/>
  <nd ref="3801078098"/>
  <nd ref="3801078097"/>
  <nd ref="3801078100"/>
  <nd ref="3801078103"/>
  <nd ref="3801078104"/>
  <nd ref="3801078105"/>
  <nd ref="3801078106"/>
  <nd ref="3801078108"/>
  <nd ref="3801078109"/>
  <nd ref="3801078110"/>
  <nd ref="4900411546"/>
  <tag k="barrier" v="jersey_barrier"/>
  <tag k="material" v="concrete"/>
 </way>
 <way id="376715150" visible="true" version="4" changeset="179911212" timestamp="2026-03-15T17:54:08Z" user="Hugoren Martinako" uid="3392826">
  <nd ref="1490414911"/>
  <nd ref="1810726095"/>
  <tag k="highway" v="primary_link"/>
  <tag k="lanes" v="2"/>
  <tag k="maxspeed:type" v="ES:urban"/>
  <tag k="name" v="Estrada dos Baños de Arteixo"/>
  <tag k="oneway" v="yes"/>
  <tag k="ref" v="AC-552"/>
  <tag k="surface" v="asphalt"/>
 </way>
 <way id="376715175" visible="true" version="10" changeset="85030462" timestamp="2020-05-11T14:20:41Z" user="MapMakerGal" uid="7579660">
  <nd ref="2291744986"/>
  <nd ref="1771811858"/>
  <nd ref="1801073352"/>
  <nd ref="1801073348"/>
  <nd ref="1771811836"/>
  <nd ref="1810726060"/>
  <tag k="agricultural" v="no"/>
  <tag k="alt_name:es" v="Tercera Ronda"/>
  <tag k="alt_name:gl" v="Terceira Rolda"/>
  <tag k="bicycle" v="no"/>
  <tag k="carriage" v="no"/>
  <tag k="foot" v="no"/>
  <tag k="highway" v="trunk"/>
  <tag k="lanes" v="2"/>
  <tag k="lit" v="yes"/>
  <tag k="maxspeed" v="60"/>
  <tag k="name" v="Ronda do Real Club Deportivo da Coruña"/>
  <tag k="name:es" v="Ronda del Real Club Deportivo de A Coruña"/>
  <tag k="name:gl" v="Rolda do Real Clube Deportivo da Coruña"/>
  <tag k="nat_ref" v="V-14"/>
  <tag k="oneway" v="yes"/>
  <tag k="ref" v="V-1.4"/>
  <tag k="surface" v="asphalt"/>
 </way>
 <way id="376715179" visible="true" version="4" changeset="71515624" timestamp="2019-06-22T18:15:38Z" user="abczyx" uid="2129377">
  <nd ref="1810726073"/>
  <nd ref="2646029570"/>
  <nd ref="1810726076"/>
  <nd ref="4900411552"/>
  <nd ref="1810726109"/>
  <nd ref="1810726081"/>
  <nd ref="1834003232"/>
  <nd ref="1810726113"/>
  <nd ref="1810726043"/>
  <nd ref="1810726102"/>
  <nd ref="1490414911"/>
  <tag k="highway" v="service"/>
  <tag k="lanes" v="1"/>
  <tag k="lit" v="yes"/>
  <tag k="maxspeed" v="40"/>
  <tag k="name" v="Estrada dos Baños de Arteixo"/>
  <tag k="name:es" v="Carretera Baños de Arteixo"/>
  <tag k="name:gl" v="Estrada dos Baños de Arteixo"/>
  <tag k="old_name" v="Carretera Baños de Arteijo"/>
  <tag k="oneway" v="yes"/>
  <tag k="short_name" v="Estrada Baños de Arteixo"/>
  <tag k="surface" v="asphalt"/>
 </way>
 <way id="376715192" visible="true" version="6" changeset="115585460" timestamp="2021-12-30T22:43:55Z" user="abczyx" uid="2129377">
  <nd ref="1810726061"/>
  <nd ref="3801078107"/>
  <nd ref="1810726053"/>
  <tag k="bridge" v="yes"/>
  <tag k="foot" v="no"/>
  <tag k="highway" v="primary"/>
  <tag k="junction" v="roundabout"/>
  <tag k="lanes" v="2"/>
  <tag k="layer" v="2"/>
  <tag k="maxspeed" v="40"/>
  <tag k="noname" v="yes"/>
  <tag k="surface" v="asphalt"/>
 </way>
 <way id="498661526" visible="true" version="1" changeset="49318184" timestamp="2017-06-06T20:29:34Z" user="Nemigo" uid="650671">
  <nd ref="4900411552"/>
  <nd ref="4900411553"/>
  <tag k="highway" v="service"/>
 </way>
 <way id="507625018" visible="true" version="5" changeset="112480675" timestamp="2021-10-13T22:03:57Z" user="iagocity" uid="12096117">
  <nd ref="1793524797"/>
  <nd ref="471530469"/>
  <nd ref="471530468"/>
  <nd ref="471530467"/>
  <nd ref="9170602302"/>
  <nd ref="471530466"/>
  <tag k="alt_name" v="Lugar de Monte Patelo"/>
  <tag k="highway" v="residential"/>
  <tag k="lanes" v="2"/>
  <tag k="lanes:backward" v="1"/>
  <tag k="lanes:forward" v="1"/>
  <tag k="lit" v="yes"/>
  <tag k="maxspeed" v="30"/>
  <tag k="noname" v="yes"/>
  <tag k="oneway" v="no"/>
  <tag k="surface" v="asphalt"/>
 </way>
 <way id="507625019" visible="true" version="5" changeset="95094758" timestamp="2020-12-01T12:23:57Z" user="MapMakerGal_import" uid="10907973">
  <nd ref="1770116239"/>
  <nd ref="4970937237"/>
  <nd ref="1793524797"/>
  <tag k="alt_name" v="Lugar de Monte Patelo"/>
  <tag k="highway" v="residential"/>
  <tag k="lanes" v="1"/>
  <tag k="lit" v="yes"/>
  <tag k="maxspeed" v="30"/>
  <tag k="noname" v="yes"/>
  <tag k="oneway" v="yes"/>
  <tag k="surface" v="asphalt"/>
 </way>
 <way id="507625020" visible="true" version="3" changeset="110308369" timestamp="2021-08-26T21:25:01Z" user="iagocity" uid="12096117">
  <nd ref="4970937240"/>
  <nd ref="4970937241"/>
  <nd ref="4970937242"/>
  <nd ref="4970937243"/>
  <nd ref="4970937244"/>
  <nd ref="4970937245"/>
  <nd ref="4970937246"/>
  <nd ref="9039018031"/>
  <tag k="barrier" v="jersey_barrier"/>
  <tag k="material" v="concrete"/>
 </way>
 <way id="585184311" visible="true" version="2" changeset="71515624" timestamp="2019-06-22T18:15:38Z" user="abczyx" uid="2129377">
  <nd ref="5592663891"/>
  <nd ref="5592663892"/>
  <nd ref="5592663893"/>
  <nd ref="5592663894"/>
  <nd ref="5592663895"/>
  <nd ref="5592663896"/>
  <nd ref="5592663897"/>
  <nd ref="5592663898"/>
  <nd ref="5592663899"/>
  <nd ref="5592663900"/>
  <nd ref="6564913834"/>
  <nd ref="5592124747"/>
  <nd ref="5592124746"/>
  <nd ref="5592663891"/>
  <tag k="landuse" v="brownfield"/>
 </way>
 <way id="585184312" visible="true" version="2" changeset="71515624" timestamp="2019-06-22T18:15:38Z" user="abczyx" uid="2129377">
  <nd ref="5592663899"/>
  <nd ref="5592663898"/>
  <nd ref="5592663897"/>
  <nd ref="5592663896"/>
  <nd ref="5592663895"/>
  <nd ref="5592663894"/>
  <nd ref="5592663893"/>
  <nd ref="5592663892"/>
  <nd ref="5592663891"/>
  <nd ref="5592124746"/>
  <nd ref="5592124747"/>
  <nd ref="6564913834"/>
  <nd ref="5592663900"/>
  <nd ref="5592663899"/>
  <tag k="barrier" v="fence"/>
 </way>
 <way id="585184314" visible="true" version="1" changeset="58618628" timestamp="2018-05-02T15:35:20Z" user="MapMakerGal" uid="7579660">
  <nd ref="5592663902"/>
  <nd ref="5592663903"/>
  <nd ref="1674371952"/>
  <nd ref="5592663904"/>
  <nd ref="5592663905"/>
  <nd ref="5592663906"/>
  <nd ref="5592663907"/>
  <nd ref="5592663908"/>
  <nd ref="5592663901"/>
  <tag k="barrier" v="fence"/>
 </way>
 <way id="619282931" visible="true" version="4" changeset="95094758" timestamp="2020-12-01T12:23:57Z" user="MapMakerGal_import" uid="10907973">
  <nd ref="1793524797"/>
  <nd ref="4970937238"/>
  <nd ref="1770116256"/>
  <tag k="alt_name" v="Lugar de Monte Patelo"/>
  <tag k="highway" v="residential"/>
  <tag k="lanes" v="1"/>
  <tag k="lit" v="yes"/>
  <tag k="maxspeed" v="30"/>
  <tag k="noname" v="yes"/>
  <tag k="oneway" v="yes"/>
  <tag k="surface" v="asphalt"/>
 </way>
 <way id="619282932" visible="true" version="3" changeset="71172838" timestamp="2019-06-12T09:34:48Z" user="jeslop" uid="275212">
  <nd ref="2400249991"/>
  <nd ref="3049134694"/>
  <nd ref="3049181750"/>
  <nd ref="3049181759"/>
  <nd ref="3049181776"/>
  <nd ref="3049181775"/>
  <nd ref="3049181740"/>
  <nd ref="3049181757"/>
  <nd ref="3049134698"/>
  <nd ref="3049134713"/>
  <nd ref="3049134711"/>
  <nd ref="1815371497"/>
  <tag k="agricultural" v="no"/>
  <tag k="bicycle" v="no"/>
  <tag k="carriage" v="no"/>
  <tag k="destination" v="Estrada dos Baños de Arteixo;AG-55;AC-552;Arteixo;Carballo"/>
  <tag k="foot" v="no"/>
  <tag k="highway" v="trunk_link"/>
  <tag k="lanes" v="1"/>
  <tag k="lit" v="yes"/>
  <tag k="maxspeed" v="60"/>
  <tag k="oneway" v="yes"/>
  <tag k="surface" v="asphalt"/>
 </way>
 <way id="622799668" visible="true" version="6" changeset="179911212" timestamp="2026-03-15T17:54:14Z" user="Hugoren Martinako" uid="3392826">
  <nd ref="267040016"/>
  <nd ref="1156362568"/>
  <nd ref="1156362492"/>
  <nd ref="1156362347"/>
  <nd ref="1156362578"/>
  <nd ref="1156362444"/>
  <nd ref="1810726041"/>
  <tag k="destination:lanes" v="Polígono industrial Agrela-Bens;Avenida de Arteixo;Porto;Centro cidade|Polígono industrial Agrela-Bens;Avenida de Arteixo;Porto;Centro cidade|Riazor-Orzán;Zona comercial Marineda City;AC-14;Aeroporto;A-6 E-70 Lugo"/>
  <tag k="highway" v="primary"/>
  <tag k="lanes" v="3"/>
  <tag k="maxspeed" v="80"/>
  <tag k="name" v="Estrada dos Baños de Arteixo"/>
  <tag k="name:es" v="Carretera Baños de Arteixo"/>
  <tag k="name:gl" v="Estrada dos Baños de Arteixo"/>
  <tag k="oneway" v="yes"/>
  <tag k="ref" v="AC-552"/>
  <tag k="short_name" v="Estrada Baños de Arteixo"/>
  <tag k="source" v="PNOA"/>
  <tag k="surface" v="asphalt"/>
  <tag k="turn:lanes" v="none|through|slight_right"/>
 </way>
 <way id="622799669" visible="true" version="4" changeset="179911212" timestamp="2026-03-15T17:54:14Z" user="Hugoren Martinako" uid="3392826">
  <nd ref="1810726041"/>
  <nd ref="5961817031"/>
  <nd ref="1156362506"/>
  <nd ref="267040020"/>
  <nd ref="1156362511"/>
  <nd ref="1156362590"/>
  <nd ref="1156362377"/>
  <nd ref="267040861"/>
  <nd ref="1156362553"/>
  <nd ref="1156362503"/>
  <nd ref="1156362483"/>
  <nd ref="471530484"/>
  <nd ref="1156362466"/>
  <nd ref="267040866"/>
  <tag k="destination" v="Polígono industrial Agrela-Bens;Avenida de Arteixo;Porto;Centro cidade"/>
  <tag k="foot" v="no"/>
  <tag k="highway" v="primary"/>
  <tag k="lanes" v="2"/>
  <tag k="maxspeed" v="60"/>
  <tag k="name" v="Estrada dos Baños de Arteixo"/>
  <tag k="name:es" v="Carretera Baños de Arteixo"/>
  <tag k="name:gl" v="Estrada dos Baños de Arteixo"/>
  <tag k="oneway" v="yes"/>
  <tag k="ref" v="AC-552"/>
  <tag k="short_name" v="Estrada Baños de Arteixo"/>
  <tag k="source" v="PNOA"/>
  <tag k="surface" v="asphalt"/>
 </way>
 <way id="622799670" visible="true" version="4" changeset="179911212" timestamp="2026-03-15T17:54:14Z" user="Hugoren Martinako" uid="3392826">
  <nd ref="1810726014"/>
  <nd ref="1156362372"/>
  <nd ref="1156362537"/>
  <nd ref="267036771"/>
  <nd ref="1156362513"/>
  <nd ref="267036772"/>
  <nd ref="1166803956"/>
  <nd ref="267036773"/>
  <nd ref="1166803976"/>
  <nd ref="267036774"/>
  <nd ref="267036775"/>
  <nd ref="1166803983"/>
  <nd ref="267036776"/>
  <nd ref="1166804002"/>
  <nd ref="911846457"/>
  <nd ref="1166803980"/>
  <tag k="destination" v="Arteixo;Carballo"/>
  <tag k="destination:ref" v="AC-552"/>
  <tag k="highway" v="primary_link"/>
  <tag k="lanes" v="1"/>
  <tag k="maxspeed" v="70"/>
  <tag k="name" v="Estrada dos Baños de Arteixo"/>
  <tag k="name:es" v="Carretera Baños de Arteixo"/>
  <tag k="name:gl" v="Estrada dos Baños de Arteixo"/>
  <tag k="oneway" v="yes"/>
  <tag k="ref" v="AC-552"/>
  <tag k="short_name" v="Estrada Baños de Arteixo"/>
  <tag k="source" v="PNOA"/>
  <tag k="surface" v="asphalt"/>
 </way>
 <way id="622799671" visible="true" version="4" changeset="179911212" timestamp="2026-03-15T17:54:14Z" user="Hugoren Martinako" uid="3392826">
  <nd ref="911846089"/>
  <nd ref="10974816097"/>
  <nd ref="1810726014"/>
  <tag k="destination:lanes" v="AG-55;Arteixo;Carballo;A-6;Lugo-Madrid|AG-55;Arteixo;Carballo;A-6;Lugo-Madrid|AC-552;Arteixo;Carballo"/>
  <tag k="highway" v="primary"/>
  <tag k="lanes" v="3"/>
  <tag k="maxspeed" v="80"/>
  <tag k="name" v="Estrada dos Baños de Arteixo"/>
  <tag k="name:es" v="Carretera Baños de Arteixo"/>
  <tag k="name:gl" v="Estrada dos Baños de Arteixo"/>
  <tag k="oneway" v="yes"/>
  <tag k="ref" v="AC-552"/>
  <tag k="short_name" v="Estrada Baños de Arteixo"/>
  <tag k="source" v="PNOA"/>
  <tag k="surface" v="asphalt"/>
  <tag k="turn:lanes" v="none|through|slight_right"/>
 </way>
 <way id="631319369" visible="true" version="1" changeset="63260207" timestamp="2018-10-06T15:51:41Z" user="MapMakerGal" uid="7579660">
  <nd ref="5961785957"/>
  <nd ref="5961785958"/>
  <nd ref="5961785959"/>
  <nd ref="5961785960"/>
  <nd ref="5961785969"/>
  <nd ref="5961785961"/>
  <nd ref="5961785957"/>
  <tag k="access" v="private"/>
  <tag k="amenity" v="parking"/>
  <tag k="parking" v="surface"/>
 </way>
 <way id="631319372" visible="true" version="2" changeset="115620119" timestamp="2021-12-31T19:05:58Z" user="abczyx" uid="2129377">
  <nd ref="2245577422"/>
  <nd ref="5961785969"/>
  <nd ref="5961785970"/>
  <nd ref="5961785980"/>
  <tag k="access" v="private"/>
  <tag k="highway" v="service"/>
  <tag k="service" v="parking_aisle"/>
  <tag k="surface" v="asphalt"/>
 </way>
 <way id="631319375" visible="true" version="1" changeset="63260207" timestamp="2018-10-06T15:51:41Z" user="MapMakerGal" uid="7579660">
  <nd ref="5961785982"/>
  <nd ref="5961785983"/>
  <nd ref="5961785984"/>
  <nd ref="5961816985"/>
  <nd ref="5961816986"/>
  <nd ref="1674376675"/>
  <nd ref="5961816987"/>
  <nd ref="5961785982"/>
  <tag k="access" v="private"/>
  <tag k="amenity" v="parking"/>
  <tag k="parking" v="surface"/>
 </way>
 <way id="631319377" visible="true" version="1" changeset="63260207" timestamp="2018-10-06T15:51:41Z" user="MapMakerGal" uid="7579660">
  <nd ref="911846338"/>
  <nd ref="1166803946"/>
  <nd ref="1166803960"/>
  <nd ref="1166803974"/>
  <nd ref="1166804012"/>
  <nd ref="1166803955"/>
  <nd ref="1166803978"/>
  <nd ref="1166803994"/>
  <nd ref="1834003242"/>
  <nd ref="1834003197"/>
  <nd ref="1834003233"/>
  <tag k="access" v="private"/>
  <tag k="highway" v="service"/>
  <tag k="source" v="yahoo"/>
 </way>
 <way id="631319380" visible="true" version="1" changeset="63260207" timestamp="2018-10-06T15:51:41Z" user="MapMakerGal" uid="7579660">
  <nd ref="5961816992"/>
  <nd ref="5961816993"/>
  <nd ref="5961817004"/>
  <nd ref="5961816994"/>
  <nd ref="5961816995"/>
  <nd ref="5961816996"/>
  <nd ref="5961816997"/>
  <nd ref="5961817016"/>
  <nd ref="5961817013"/>
  <nd ref="5961816998"/>
  <nd ref="5961816999"/>
  <nd ref="5961817000"/>
  <nd ref="5961817001"/>
  <nd ref="5961817002"/>
  <nd ref="5961816992"/>
  <tag k="access" v="private"/>
  <tag k="amenity" v="parking"/>
  <tag k="parking" v="surface"/>
 </way>
 <way id="631319382" visible="true" version="2" changeset="115620119" timestamp="2021-12-31T19:05:58Z" user="abczyx" uid="2129377">
  <nd ref="5961817008"/>
  <nd ref="5961817007"/>
  <nd ref="5961817006"/>
  <nd ref="5961817005"/>
  <nd ref="5961817009"/>
  <nd ref="5961817008"/>
  <nd ref="5961817004"/>
  <nd ref="5961817003"/>
  <tag k="access" v="private"/>
  <tag k="highway" v="service"/>
  <tag k="oneway" v="yes"/>
  <tag k="service" v="parking_aisle"/>
  <tag k="surface" v="asphalt"/>
 </way>
 <way id="631319385" visible="true" version="2" changeset="115620119" timestamp="2021-12-31T19:05:58Z" user="abczyx" uid="2129377">
  <nd ref="5961817011"/>
  <nd ref="5961817010"/>
  <nd ref="5961817009"/>
  <tag k="access" v="private"/>
  <tag k="highway" v="service"/>
  <tag k="oneway" v="yes"/>
  <tag k="service" v="parking_aisle"/>
  <tag k="surface" v="asphalt"/>
 </way>
 <way id="631319388" visible="true" version="2" changeset="115620119" timestamp="2021-12-31T19:05:58Z" user="abczyx" uid="2129377">
  <nd ref="5961817015"/>
  <nd ref="5961817016"/>
  <nd ref="5961817017"/>
  <nd ref="5961817011"/>
  <nd ref="5961817012"/>
  <nd ref="5961817013"/>
  <nd ref="5961817014"/>
  <tag k="access" v="private"/>
  <tag k="highway" v="service"/>
  <tag k="oneway" v="yes"/>
  <tag k="service" v="parking_aisle"/>
  <tag k="surface" v="asphalt"/>
 </way>
 <way id="631319390" visible="true" version="1" changeset="63260207" timestamp="2018-10-06T15:51:41Z" user="MapMakerGal" uid="7579660">
  <nd ref="5961817017"/>
  <nd ref="5961817018"/>
  <tag k="access" v="private"/>
  <tag k="highway" v="service"/>
  <tag k="service" v="parking_aisle"/>
 </way>
 <way id="631319392" visible="true" version="1" changeset="63260207" timestamp="2018-10-06T15:51:42Z" user="MapMakerGal" uid="7579660">
  <nd ref="1840130528"/>
  <nd ref="5961817019"/>
  <nd ref="5961817021"/>
  <nd ref="5961817020"/>
  <tag k="access" v="private"/>
  <tag k="highway" v="service"/>
  <tag k="oneway" v="yes"/>
  <tag k="service" v="parking_aisle"/>
 </way>
 <way id="631319395" visible="true" version="1" changeset="63260207" timestamp="2018-10-06T15:51:42Z" user="MapMakerGal" uid="7579660">
  <nd ref="5961817021"/>
  <nd ref="5961817022"/>
  <tag k="access" v="private"/>
  <tag k="highway" v="service"/>
  <tag k="oneway" v="yes"/>
  <tag k="service" v="parking_aisle"/>
 </way>
 <way id="631319397" visible="true" version="1" changeset="63260207" timestamp="2018-10-06T15:51:42Z" user="MapMakerGal" uid="7579660">
  <nd ref="5961817021"/>
  <nd ref="5961817023"/>
  <nd ref="5961817024"/>
  <tag k="access" v="private"/>
  <tag k="highway" v="service"/>
  <tag k="oneway" v="yes"/>
  <tag k="service" v="parking_aisle"/>
 </way>
 <way id="631319400" visible="true" version="2" changeset="137300210" timestamp="2023-06-13T19:29:31Z" user="carto_unigis" uid="6264047">
  <nd ref="1840130575"/>
  <nd ref="5961817025"/>
  <nd ref="5961817027"/>
  <nd ref="10974816097"/>
  <tag k="highway" v="service"/>
  <tag k="oneway" v="yes"/>
 </way>
 <way id="631319402" visible="true" version="2" changeset="115620119" timestamp="2021-12-31T19:05:58Z" user="abczyx" uid="2129377">
  <nd ref="1840130575"/>
  <nd ref="9382527641"/>
  <nd ref="1840130591"/>
  <nd ref="5961817014"/>
  <nd ref="5961817015"/>
  <nd ref="911846358"/>
  <tag k="access" v="destination"/>
  <tag k="highway" v="service"/>
  <tag k="surface" v="asphalt"/>
 </way>
 <way id="631319405" visible="true" version="1" changeset="63260207" timestamp="2018-10-06T15:51:42Z" user="MapMakerGal" uid="7579660">
  <nd ref="5961817029"/>
  <nd ref="5961817030"/>
  <nd ref="1156362592"/>
  <tag k="highway" v="service"/>
  <tag k="oneway" v="yes"/>
 </way>
 <way id="631319407" visible="true" version="1" changeset="63260207" timestamp="2018-10-06T15:51:42Z" user="MapMakerGal" uid="7579660">
  <nd ref="1156362592"/>
  <nd ref="1707739191"/>
  <nd ref="1156362357"/>
  <nd ref="1156362389"/>
  <nd ref="1156362396"/>
  <nd ref="1156362535"/>
  <nd ref="1156362462"/>
  <nd ref="1156362364"/>
  <nd ref="1156362571"/>
  <nd ref="1156362597"/>
  <nd ref="1156362631"/>
  <nd ref="1156362438"/>
  <tag k="access" v="private"/>
  <tag k="highway" v="service"/>
  <tag k="service" v="driveway"/>
 </way>
 <way id="662489569" visible="true" version="4" changeset="142730890" timestamp="2023-10-17T21:16:42Z" user="MapMakerGal" uid="7579660">
  <nd ref="1674434686"/>
  <nd ref="1674434601"/>
  <nd ref="11270479239"/>
  <nd ref="6202100514"/>
  <nd ref="6202100527"/>
  <nd ref="1674438575"/>
  <nd ref="1674376692"/>
  <nd ref="1674376668"/>
  <nd ref="1674438577"/>
  <nd ref="1674376663"/>
  <nd ref="1674376650"/>
  <nd ref="1674376697"/>
  <nd ref="1993762584"/>
  <nd ref="1993762558"/>
  <nd ref="6202100520"/>
  <nd ref="6202100519"/>
  <nd ref="6202100518"/>
  <nd ref="6202100571"/>
  <nd ref="6202100572"/>
  <nd ref="9373877813"/>
  <nd ref="1674434559"/>
  <nd ref="1674434724"/>
  <nd ref="1674434568"/>
  <nd ref="6202100513"/>
  <nd ref="6202100512"/>
  <nd ref="6202100511"/>
  <nd ref="1674872034"/>
  <nd ref="1674872048"/>
  <nd ref="4870125474"/>
  <nd ref="4870125463"/>
  <nd ref="4870125501"/>
  <nd ref="1674434686"/>
  <tag k="landuse" v="industrial"/>
 </way>
 <way id="662489571" visible="true" version="2" changeset="115484519" timestamp="2021-12-28T18:57:37Z" user="MapMakerGal" uid="7579660">
  <nd ref="6202100572"/>
  <nd ref="9373877814"/>
  <nd ref="9373877810"/>
  <nd ref="9373877804"/>
  <nd ref="9373877807"/>
  <nd ref="1834003190"/>
  <nd ref="1993762584"/>
  <nd ref="1993762558"/>
  <nd ref="6202100520"/>
  <nd ref="6202100519"/>
  <nd ref="6202100518"/>
  <nd ref="6202100571"/>
  <nd ref="6202100572"/>
  <tag k="natural" v="scrub"/>
 </way>
 <way id="662493157" visible="true" version="1" changeset="66238661" timestamp="2019-01-11T20:50:24Z" user="MapMakerGal" uid="7579660">
  <nd ref="5592124746"/>
  <nd ref="6202131109"/>
  <nd ref="6202131124"/>
  <nd ref="6202131125"/>
  <nd ref="6202131126"/>
  <nd ref="1674376693"/>
  <nd ref="1834003166"/>
  <nd ref="1674376677"/>
  <nd ref="1674376673"/>
  <nd ref="1674376658"/>
  <nd ref="5592663903"/>
  <nd ref="1674371952"/>
  <nd ref="6202131108"/>
  <nd ref="6202131107"/>
  <nd ref="6202131106"/>
  <nd ref="6202131105"/>
  <nd ref="6202131104"/>
  <nd ref="6202131103"/>
  <nd ref="6202131102"/>
  <nd ref="6202131101"/>
  <nd ref="6202131100"/>
  <nd ref="6202131099"/>
  <nd ref="6202131098"/>
  <nd ref="6202131097"/>
  <nd ref="6202131096"/>
  <nd ref="6202131095"/>
  <nd ref="6202131094"/>
  <nd ref="5592663895"/>
  <nd ref="5592663894"/>
  <nd ref="5592663893"/>
  <nd ref="5592663892"/>
  <nd ref="5592663891"/>
  <nd ref="5592124746"/>
  <tag k="natural" v="scrub"/>
 </way>
 <way id="662495483" visible="true" version="1" changeset="66239047" timestamp="2019-01-11T21:04:05Z" user="MapMakerGal" uid="7579660">
  <nd ref="6202154479"/>
  <nd ref="6202154478"/>
  <nd ref="6202154477"/>
  <nd ref="6202154476"/>
  <nd ref="6202154475"/>
  <nd ref="6202154474"/>
  <nd ref="6202154473"/>
  <nd ref="6202154472"/>
  <nd ref="6202154471"/>
  <nd ref="6202154470"/>
  <nd ref="6202154469"/>
  <nd ref="6202154468"/>
  <nd ref="6202154467"/>
  <nd ref="6202154466"/>
  <nd ref="6202154465"/>
  <nd ref="6202154464"/>
  <nd ref="6202154463"/>
  <nd ref="6202154462"/>
  <nd ref="6202154461"/>
  <nd ref="6202154460"/>
  <nd ref="6202154459"/>
  <nd ref="6202154458"/>
  <nd ref="6202154479"/>
  <tag k="natural" v="water"/>
 </way>
 <way id="662495484" visible="true" version="5" changeset="165845608" timestamp="2025-05-05T13:11:35Z" user="Monchinho" uid="2788764">
  <nd ref="1722112625"/>
  <nd ref="6252391698"/>
  <nd ref="6252391699"/>
  <nd ref="6252391700"/>
  <nd ref="6252391701"/>
  <nd ref="6252391702"/>
  <nd ref="6252391703"/>
  <nd ref="6202154618"/>
  <nd ref="6252391704"/>
  <nd ref="6252391705"/>
  <nd ref="6202154617"/>
  <nd ref="1722112511"/>
  <nd ref="6252391707"/>
  <nd ref="6252391706"/>
  <nd ref="1722112574"/>
  <nd ref="6202154616"/>
  <nd ref="6202154615"/>
  <nd ref="6202154614"/>
  <nd ref="6202154613"/>
  <nd ref="6202154612"/>
  <nd ref="6202154611"/>
  <nd ref="6202154610"/>
  <nd ref="1722112603"/>
  <nd ref="6202154609"/>
  <nd ref="1722112472"/>
  <nd ref="6202154608"/>
  <nd ref="1722112528"/>
  <nd ref="6202154607"/>
  <nd ref="1722112592"/>
  <nd ref="1722112588"/>
  <nd ref="6204155740"/>
  <nd ref="6204155739"/>
  <nd ref="6204155738"/>
  <nd ref="6204155737"/>
  <nd ref="6204155736"/>
  <nd ref="6204155735"/>
  <nd ref="1722112515"/>
  <nd ref="6204155734"/>
  <nd ref="6204155733"/>
  <nd ref="6204155732"/>
  <nd ref="6204155731"/>
  <nd ref="1722112465"/>
  <nd ref="6204155730"/>
  <nd ref="6204155729"/>
  <nd ref="6204155728"/>
  <nd ref="6204155727"/>
  <nd ref="1722112559"/>
  <nd ref="6204155726"/>
  <nd ref="6204155725"/>
  <nd ref="1722112553"/>
  <nd ref="6204155724"/>
  <nd ref="6204155723"/>
  <nd ref="6204155722"/>
  <nd ref="6204155721"/>
  <nd ref="6204155720"/>
  <nd ref="1722112480"/>
  <nd ref="6204155718"/>
  <nd ref="6204155719"/>
  <nd ref="1722112506"/>
  <nd ref="1722112557"/>
  <nd ref="1722112564"/>
  <nd ref="1801074854"/>
  <nd ref="1722112601"/>
  <nd ref="1722112555"/>
  <nd ref="12811663504"/>
  <nd ref="1722112596"/>
  <nd ref="1722112566"/>
  <nd ref="6202154606"/>
  <nd ref="1722841136"/>
  <nd ref="1722841149"/>
  <nd ref="1722841151"/>
  <nd ref="6202154605"/>
  <nd ref="6202154604"/>
  <nd ref="1722841148"/>
  <nd ref="6204220845"/>
  <nd ref="6204220844"/>
  <nd ref="6202154603"/>
  <nd ref="6202154602"/>
  <nd ref="6202154601"/>
  <nd ref="6202154600"/>
  <nd ref="6202154599"/>
  <nd ref="6202154598"/>
  <nd ref="6202154597"/>
  <nd ref="6202154596"/>
  <nd ref="6202154595"/>
  <nd ref="6202154594"/>
  <nd ref="6202154593"/>
  <nd ref="6202154592"/>
  <nd ref="6202154591"/>
  <nd ref="6202154590"/>
  <nd ref="6202154589"/>
  <nd ref="6202154588"/>
  <nd ref="6202154587"/>
  <nd ref="6202154586"/>
  <nd ref="2245573708"/>
  <nd ref="2245573727"/>
  <nd ref="2245573827"/>
  <nd ref="2245573904"/>
  <nd ref="2245573729"/>
  <nd ref="2245573794"/>
  <nd ref="2245573806"/>
  <nd ref="2245573720"/>
  <nd ref="2245573809"/>
  <nd ref="2245573815"/>
  <nd ref="2245573859"/>
  <nd ref="2245573675"/>
  <nd ref="2245573800"/>
  <nd ref="2245573714"/>
  <nd ref="6202154585"/>
  <nd ref="2245573792"/>
  <nd ref="2245573735"/>
  <nd ref="2245573699"/>
  <nd ref="2245573882"/>
  <nd ref="2245573751"/>
  <nd ref="2245573885"/>
  <nd ref="2245573830"/>
  <nd ref="2245573872"/>
  <nd ref="2642739925"/>
  <nd ref="2642739924"/>
  <nd ref="2642739923"/>
  <nd ref="1840130517"/>
  <nd ref="2642739922"/>
  <nd ref="2642739921"/>
  <nd ref="2642739920"/>
  <nd ref="1801078171"/>
  <nd ref="1801078138"/>
  <nd ref="1801078149"/>
  <nd ref="1801078154"/>
  <nd ref="1801078156"/>
  <nd ref="6252391692"/>
  <nd ref="1801078151"/>
  <nd ref="1801078139"/>
  <nd ref="1801078173"/>
  <nd ref="6252391693"/>
  <nd ref="1801078153"/>
  <nd ref="6252391694"/>
  <nd ref="6252391695"/>
  <nd ref="1801078152"/>
  <nd ref="6252391696"/>
  <nd ref="6252391697"/>
  <nd ref="1722112625"/>
 </way>
 <way id="662495485" visible="true" version="1" changeset="66239047" timestamp="2019-01-11T21:04:05Z" user="MapMakerGal" uid="7579660">
  <nd ref="6202154634"/>
  <nd ref="6202154633"/>
  <nd ref="6202154632"/>
  <nd ref="6202154631"/>
  <nd ref="6202154630"/>
  <nd ref="6202154629"/>
  <nd ref="6202154628"/>
  <nd ref="6202154627"/>
  <nd ref="6202154626"/>
  <nd ref="6202154625"/>
  <nd ref="6202154624"/>
  <nd ref="6202154623"/>
  <nd ref="6202154622"/>
  <nd ref="6202154621"/>
  <nd ref="6202154634"/>
  <tag k="landuse" v="grass"/>
 </way>
 <way id="662730410" visible="true" version="1" changeset="66259814" timestamp="2019-01-12T20:34:45Z" user="MapMakerGal" uid="7579660">
  <nd ref="6204155747"/>
  <nd ref="6204155746"/>
  <nd ref="6204155745"/>
  <nd ref="6204155744"/>
  <nd ref="6204155743"/>
  <nd ref="6204155742"/>
  <nd ref="6204155741"/>
  <nd ref="6204155747"/>
  <tag k="natural" v="bare_rock"/>
 </way>
 <way id="662730411" visible="true" version="1" changeset="66259814" timestamp="2019-01-12T20:34:45Z" user="MapMakerGal" uid="7579660">
  <nd ref="6204155759"/>
  <nd ref="6204155758"/>
  <nd ref="6204155757"/>
  <nd ref="6204155756"/>
  <nd ref="6204155755"/>
  <nd ref="6204155754"/>
  <nd ref="6204155753"/>
  <nd ref="6204155752"/>
  <nd ref="6204155751"/>
  <nd ref="6204155750"/>
  <nd ref="6204155749"/>
  <nd ref="6204155748"/>
  <nd ref="6204155759"/>
  <tag k="natural" v="bare_rock"/>
 </way>
 <way id="662730412" visible="true" version="1" changeset="66259814" timestamp="2019-01-12T20:34:45Z" user="MapMakerGal" uid="7579660">
  <nd ref="6204155768"/>
  <nd ref="6204155767"/>
  <nd ref="6204155766"/>
  <nd ref="6204155765"/>
  <nd ref="6204155764"/>
  <nd ref="6204155763"/>
  <nd ref="6204155762"/>
  <nd ref="6204155761"/>
  <nd ref="6204155760"/>
  <nd ref="6204155768"/>
  <tag k="natural" v="bare_rock"/>
 </way>
 <way id="662730423" visible="true" version="1" changeset="66259814" timestamp="2019-01-12T20:34:46Z" user="MapMakerGal" uid="7579660">
  <nd ref="6204155962"/>
  <nd ref="6204155961"/>
  <nd ref="6204155960"/>
  <nd ref="6204155959"/>
  <nd ref="6204155958"/>
  <nd ref="6204155957"/>
  <nd ref="6204155956"/>
  <nd ref="6204155955"/>
  <nd ref="6204155954"/>
  <nd ref="6204155953"/>
  <nd ref="6204155952"/>
  <nd ref="6204155951"/>
  <nd ref="6204155950"/>
  <nd ref="6204155949"/>
  <nd ref="6204155948"/>
  <nd ref="6204155947"/>
  <nd ref="6204155946"/>
  <nd ref="6204155945"/>
  <nd ref="6204155944"/>
  <nd ref="6204155943"/>
  <nd ref="6204155942"/>
  <nd ref="6204155941"/>
  <nd ref="6204155940"/>
  <nd ref="6204155939"/>
  <nd ref="6204155938"/>
  <nd ref="6204155937"/>
  <nd ref="6204155936"/>
  <nd ref="6204155935"/>
  <nd ref="6204155934"/>
  <nd ref="6204155933"/>
  <nd ref="6204155962"/>
  <tag k="natural" v="bare_rock"/>
 </way>
 <way id="662730424" visible="true" version="1" changeset="66259814" timestamp="2019-01-12T20:34:46Z" user="MapMakerGal" uid="7579660">
  <nd ref="6204155980"/>
  <nd ref="6204155979"/>
  <nd ref="6204155978"/>
  <nd ref="6204155977"/>
  <nd ref="6204155976"/>
  <nd ref="6204155975"/>
  <nd ref="6204155974"/>
  <nd ref="6204155973"/>
  <nd ref="6204155972"/>
  <nd ref="6204155971"/>
  <nd ref="6204155970"/>
  <nd ref="6204155969"/>
  <nd ref="6204155968"/>
  <nd ref="6204155967"/>
  <nd ref="6204155966"/>
  <nd ref="6204155965"/>
  <nd ref="6204155964"/>
  <nd ref="6204155963"/>
  <nd ref="6204155980"/>
  <tag k="natural" v="bare_rock"/>
 </way>
 <way id="662730425" visible="true" version="1" changeset="66259814" timestamp="2019-01-12T20:34:46Z" user="MapMakerGal" uid="7579660">
  <nd ref="6204156000"/>
  <nd ref="6204155999"/>
  <nd ref="6204155998"/>
  <nd ref="6204155997"/>
  <nd ref="6204155996"/>
  <nd ref="6204155995"/>
  <nd ref="6204155994"/>
  <nd ref="6204155993"/>
  <nd ref="6204155992"/>
  <nd ref="6204155991"/>
  <nd ref="6204155990"/>
  <nd ref="6204155989"/>
  <nd ref="6204155988"/>
  <nd ref="6204155987"/>
  <nd ref="6204155986"/>
  <nd ref="6204155985"/>
  <nd ref="6204155984"/>
  <nd ref="6204155983"/>
  <nd ref="6204155982"/>
  <nd ref="6204155981"/>
  <nd ref="6204156000"/>
  <tag k="natural" v="bare_rock"/>
 </way>
 <way id="662730426" visible="true" version="1" changeset="66259814" timestamp="2019-01-12T20:34:46Z" user="MapMakerGal" uid="7579660">
  <nd ref="6204156012"/>
  <nd ref="6204156011"/>
  <nd ref="6204156010"/>
  <nd ref="6204156009"/>
  <nd ref="6204156008"/>
  <nd ref="6204156007"/>
  <nd ref="6204156006"/>
  <nd ref="6204156005"/>
  <nd ref="6204156004"/>
  <nd ref="6204156003"/>
  <nd ref="6204156002"/>
  <nd ref="6204156001"/>
  <nd ref="6204156012"/>
  <tag k="natural" v="bare_rock"/>
 </way>
 <way id="662730427" visible="true" version="1" changeset="66259814" timestamp="2019-01-12T20:34:46Z" user="MapMakerGal" uid="7579660">
  <nd ref="6204156054"/>
  <nd ref="6204156053"/>
  <nd ref="6204156052"/>
  <nd ref="6204156051"/>
  <nd ref="6204156050"/>
  <nd ref="6204156049"/>
  <nd ref="6204156048"/>
  <nd ref="6204156047"/>
  <nd ref="6204156046"/>
  <nd ref="6204156045"/>
  <nd ref="6204156044"/>
  <nd ref="6204156043"/>
  <nd ref="6204156042"/>
  <nd ref="6204156041"/>
  <nd ref="6204156040"/>
  <nd ref="6204156039"/>
  <nd ref="6204156038"/>
  <nd ref="6204156037"/>
  <nd ref="6204156036"/>
  <nd ref="6204156035"/>
  <nd ref="6204156034"/>
  <nd ref="6204156033"/>
  <nd ref="6204156032"/>
  <nd ref="6204156031"/>
  <nd ref="6204156030"/>
  <nd ref="6204156029"/>
  <nd ref="6204156028"/>
  <nd ref="6204156027"/>
  <nd ref="6204156026"/>
  <nd ref="6204156025"/>
  <nd ref="6204156024"/>
  <nd ref="6204156023"/>
  <nd ref="6204156022"/>
  <nd ref="6204156021"/>
  <nd ref="6204156020"/>
  <nd ref="6204156019"/>
  <nd ref="6204156018"/>
  <nd ref="6204156017"/>
  <nd ref="6204156016"/>
  <nd ref="6204156015"/>
  <nd ref="6204156014"/>
  <nd ref="6204156013"/>
  <nd ref="6204156054"/>
  <tag k="natural" v="bare_rock"/>
 </way>
 <way id="662730428" visible="true" version="1" changeset="66259814" timestamp="2019-01-12T20:34:47Z" user="MapMakerGal" uid="7579660">
  <nd ref="6204156093"/>
  <nd ref="6204156092"/>
  <nd ref="6204156091"/>
  <nd ref="6204156090"/>
  <nd ref="6204156089"/>
  <nd ref="6204156088"/>
  <nd ref="6204156087"/>
  <nd ref="6204156086"/>
  <nd ref="6204156085"/>
  <nd ref="6204156084"/>
  <nd ref="6204156083"/>
  <nd ref="6204156082"/>
  <nd ref="6204156081"/>
  <nd ref="6204156080"/>
  <nd ref="6204156079"/>
  <nd ref="6204156078"/>
  <nd ref="6204156077"/>
  <nd ref="6204156076"/>
  <nd ref="6204156075"/>
  <nd ref="6204156074"/>
  <nd ref="6204156073"/>
  <nd ref="6204156072"/>
  <nd ref="6204156071"/>
  <nd ref="6204156070"/>
  <nd ref="6204156069"/>
  <nd ref="6204156068"/>
  <nd ref="6204156067"/>
  <nd ref="6204156066"/>
  <nd ref="6204156065"/>
  <nd ref="6204156064"/>
  <nd ref="6204156063"/>
  <nd ref="6204156062"/>
  <nd ref="6204156061"/>
  <nd ref="6204156060"/>
  <nd ref="6204156059"/>
  <nd ref="6204156058"/>
  <nd ref="6204156057"/>
  <nd ref="6204156056"/>
  <nd ref="6204156055"/>
  <nd ref="6204156093"/>
  <tag k="natural" v="bare_rock"/>
 </way>
 <way id="662730429" visible="true" version="1" changeset="66259814" timestamp="2019-01-12T20:34:47Z" user="MapMakerGal" uid="7579660">
  <nd ref="6204156103"/>
  <nd ref="6204156102"/>
  <nd ref="6204156101"/>
  <nd ref="6204156100"/>
  <nd ref="6204156099"/>
  <nd ref="6204156098"/>
  <nd ref="6204156097"/>
  <nd ref="6204156096"/>
  <nd ref="6204156095"/>
  <nd ref="6204156094"/>
  <nd ref="6204156103"/>
  <tag k="natural" v="bare_rock"/>
 </way>
 <way id="662730430" visible="true" version="1" changeset="66259814" timestamp="2019-01-12T20:34:47Z" user="MapMakerGal" uid="7579660">
  <nd ref="6204156237"/>
  <nd ref="6204156236"/>
  <nd ref="6204156235"/>
  <nd ref="6204156234"/>
  <nd ref="6204156233"/>
  <nd ref="6204156232"/>
  <nd ref="6202154595"/>
  <nd ref="6202154594"/>
  <nd ref="6202154593"/>
  <nd ref="6202154592"/>
  <nd ref="6204156237"/>
  <tag k="landuse" v="grass"/>
 </way>
 <way id="662730431" visible="true" version="1" changeset="66259814" timestamp="2019-01-12T20:34:47Z" user="MapMakerGal" uid="7579660">
  <nd ref="6202154586"/>
  <nd ref="6204156237"/>
  <nd ref="6202154592"/>
  <nd ref="6202154591"/>
  <nd ref="6202154590"/>
  <nd ref="6202154589"/>
  <nd ref="6202154588"/>
  <nd ref="6202154587"/>
  <nd ref="6202154586"/>
  <tag k="landuse" v="industrial"/>
 </way>
 <way id="662730432" visible="true" version="1" changeset="66259814" timestamp="2019-01-12T20:34:47Z" user="MapMakerGal" uid="7579660">
  <nd ref="2245573901"/>
  <nd ref="2245573671"/>
  <nd ref="2245573866"/>
  <nd ref="2245573901"/>
  <tag k="access" v="private"/>
  <tag k="amenity" v="parking"/>
 </way>
 <way id="667752465" visible="true" version="1" changeset="66844125" timestamp="2019-02-01T20:53:15Z" user="MapMakerGal" uid="7579660">
  <nd ref="6252391715"/>
  <nd ref="6252391714"/>
  <nd ref="6252391713"/>
  <nd ref="6252391712"/>
  <nd ref="6252391711"/>
  <nd ref="6252391710"/>
  <nd ref="6252391709"/>
  <nd ref="6252391708"/>
  <tag k="access" v="private"/>
  <tag k="highway" v="track"/>
 </way>
 <way id="667752466" visible="true" version="1" changeset="66844125" timestamp="2019-02-01T20:53:15Z" user="MapMakerGal" uid="7579660">
  <nd ref="2642739929"/>
  <nd ref="6252391723"/>
  <nd ref="6252391722"/>
  <nd ref="6252391721"/>
  <nd ref="6252391720"/>
  <nd ref="6252391719"/>
  <nd ref="6252391718"/>
  <nd ref="6252391717"/>
  <nd ref="6252391716"/>
  <nd ref="1801078171"/>
  <nd ref="2642739920"/>
  <nd ref="2642739929"/>
  <tag k="natural" v="scrub"/>
 </way>
 <way id="667752467" visible="true" version="1" changeset="66844125" timestamp="2019-02-01T20:53:15Z" user="MapMakerGal" uid="7579660">
  <nd ref="6252391747"/>
  <nd ref="6252391746"/>
  <nd ref="6252391745"/>
  <nd ref="6252391744"/>
  <nd ref="6252391743"/>
  <nd ref="6252391742"/>
  <nd ref="6252391741"/>
  <nd ref="6252391740"/>
  <nd ref="6252391739"/>
  <nd ref="6252391821"/>
  <nd ref="6252391738"/>
  <nd ref="6252391737"/>
  <nd ref="6252391736"/>
  <nd ref="6252391735"/>
  <nd ref="6252391734"/>
  <nd ref="1726380884"/>
  <nd ref="1726380894"/>
  <nd ref="1722112498"/>
  <nd ref="2437381007"/>
  <nd ref="1722112597"/>
  <nd ref="1722112485"/>
  <nd ref="1722112606"/>
  <nd ref="1722112618"/>
  <nd ref="1722112617"/>
  <nd ref="576507026"/>
  <nd ref="1722112470"/>
  <nd ref="1722112478"/>
  <nd ref="1722112600"/>
  <nd ref="1801078143"/>
  <nd ref="1801078170"/>
  <nd ref="6252391733"/>
  <nd ref="6252391732"/>
  <nd ref="6252391731"/>
  <nd ref="6252391730"/>
  <nd ref="6252391729"/>
  <nd ref="6252391728"/>
  <nd ref="6252391727"/>
  <nd ref="6252391726"/>
  <nd ref="6252391747"/>
  <tag k="landuse" v="grass"/>
  <tag k="natural" v="scrub"/>
 </way>
 <way id="667752471" visible="true" version="1" changeset="66844125" timestamp="2019-02-01T20:53:16Z" user="MapMakerGal" uid="7579660">
  <nd ref="6252391820"/>
  <nd ref="6252391819"/>
  <nd ref="6252391818"/>
  <nd ref="6252391817"/>
  <nd ref="6252391816"/>
  <nd ref="6252391815"/>
  <nd ref="6252391814"/>
  <nd ref="6252391813"/>
  <nd ref="6252391812"/>
  <nd ref="6252391811"/>
  <nd ref="6252391810"/>
  <nd ref="6252391809"/>
  <nd ref="6252391808"/>
  <nd ref="6252391807"/>
  <nd ref="6252391806"/>
  <nd ref="6252391805"/>
  <nd ref="6252391804"/>
  <nd ref="6252391803"/>
  <nd ref="6252391802"/>
  <nd ref="6252391801"/>
  <nd ref="1166803961"/>
  <nd ref="6252391800"/>
  <nd ref="6252391799"/>
  <nd ref="6252391798"/>
  <nd ref="6252391797"/>
  <nd ref="6252391796"/>
  <nd ref="6252391795"/>
  <nd ref="6252391794"/>
  <nd ref="6252391793"/>
  <nd ref="6252391792"/>
  <nd ref="6252391791"/>
  <nd ref="6252391790"/>
  <nd ref="6252391789"/>
  <nd ref="6252391788"/>
  <nd ref="6252391787"/>
  <nd ref="6252391786"/>
  <nd ref="6252391785"/>
  <nd ref="6252391784"/>
  <nd ref="6252391783"/>
  <nd ref="6252391782"/>
  <nd ref="6252391781"/>
  <nd ref="6252391780"/>
  <nd ref="6252391779"/>
  <nd ref="6252391778"/>
  <nd ref="6252391777"/>
  <nd ref="6252391776"/>
  <nd ref="6252391775"/>
  <nd ref="6252391774"/>
  <nd ref="6252391773"/>
  <nd ref="6252391772"/>
  <nd ref="6252391771"/>
  <nd ref="6252391770"/>
  <nd ref="6252391769"/>
  <nd ref="6252391820"/>
  <tag k="landuse" v="grass"/>
 </way>
 <way id="669182513" visible="true" version="1" changeset="67031951" timestamp="2019-02-08T17:38:07Z" user="MapMakerGal" uid="7579660">
  <nd ref="6266406497"/>
  <nd ref="6266406494"/>
  <nd ref="6266406493"/>
  <nd ref="6266406492"/>
  <nd ref="6266406491"/>
  <nd ref="6266406490"/>
  <nd ref="6266406489"/>
  <nd ref="6266406501"/>
  <nd ref="6266406500"/>
  <nd ref="6266406499"/>
  <nd ref="6266406498"/>
  <nd ref="6266406497"/>
  <tag k="landuse" v="grass"/>
  <tag k="natural" v="scrub"/>
 </way>
 <way id="669182514" visible="true" version="1" changeset="67031951" timestamp="2019-02-08T17:38:07Z" user="MapMakerGal" uid="7579660">
  <nd ref="6266406506"/>
  <nd ref="6266406505"/>
  <nd ref="6266406504"/>
  <nd ref="6266406503"/>
  <nd ref="6266406502"/>
  <nd ref="6266406501"/>
  <nd ref="6266406500"/>
  <nd ref="6266406499"/>
  <nd ref="6266406498"/>
  <nd ref="6266406497"/>
  <nd ref="6266406496"/>
  <nd ref="6266406495"/>
  <nd ref="1793543189"/>
  <nd ref="1793543199"/>
  <nd ref="1793543201"/>
  <nd ref="1793543190"/>
  <nd ref="3477297268"/>
  <nd ref="1793543193"/>
  <nd ref="6266406506"/>
  <tag k="natural" v="scrub"/>
 </way>
 <way id="671790067" visible="true" version="3" changeset="97329750" timestamp="2021-01-11T21:01:29Z" user="MapMakerGal" uid="7579660">
  <nd ref="2400249965"/>
  <nd ref="1771802465"/>
  <nd ref="1815371499"/>
  <nd ref="1815371471"/>
  <nd ref="1815371438"/>
  <nd ref="1815371465"/>
  <tag k="highway" v="trunk_link"/>
  <tag k="lanes" v="1"/>
  <tag k="maxspeed" v="40"/>
  <tag k="oneway" v="yes"/>
  <tag k="surface" v="asphalt"/>
 </way>
 <way id="671790135" visible="true" version="2" changeset="115585460" timestamp="2021-12-30T22:43:55Z" user="abczyx" uid="2129377">
  <nd ref="1810726078"/>
  <nd ref="1810726084"/>
  <nd ref="3202431292"/>
  <tag k="bridge" v="yes"/>
  <tag k="foot" v="no"/>
  <tag k="highway" v="primary"/>
  <tag k="junction" v="roundabout"/>
  <tag k="lanes" v="2"/>
  <tag k="layer" v="2"/>
  <tag k="maxspeed" v="40"/>
  <tag k="noname" v="yes"/>
  <tag k="surface" v="asphalt"/>
 </way>
 <way id="671790136" visible="true" version="2" changeset="115585460" timestamp="2021-12-30T22:43:55Z" user="abczyx" uid="2129377">
  <nd ref="3202431292"/>
  <nd ref="1810726093"/>
  <tag k="foot" v="no"/>
  <tag k="highway" v="primary"/>
  <tag k="junction" v="roundabout"/>
  <tag k="lanes" v="2"/>
  <tag k="maxspeed" v="40"/>
  <tag k="noname" v="yes"/>
  <tag k="surface" v="asphalt"/>
 </way>
 <way id="683772995" visible="true" version="1" changeset="69212423" timestamp="2019-04-14T19:45:15Z" user="MapMakerGal" uid="7579660">
  <nd ref="6404998500"/>
  <nd ref="6404998501"/>
  <nd ref="6404998502"/>
  <nd ref="6404998503"/>
  <nd ref="6404998504"/>
  <nd ref="6404998505"/>
  <nd ref="6404998506"/>
  <nd ref="6404998507"/>
  <nd ref="6404998500"/>
  <tag k="leisure" v="garden"/>
 </way>
 <way id="683772997" visible="true" version="1" changeset="69212423" timestamp="2019-04-14T19:45:15Z" user="MapMakerGal" uid="7579660">
  <nd ref="6404998508"/>
  <nd ref="6404998509"/>
  <nd ref="6404998510"/>
  <nd ref="3477297336"/>
  <nd ref="1622405155"/>
  <nd ref="6404998511"/>
  <nd ref="6404998512"/>
  <nd ref="6404998508"/>
  <tag k="leisure" v="garden"/>
 </way>
 <way id="683772998" visible="true" version="1" changeset="69212423" timestamp="2019-04-14T19:45:15Z" user="MapMakerGal" uid="7579660">
  <nd ref="6404998514"/>
  <nd ref="6404998515"/>
  <nd ref="1793527118"/>
  <nd ref="6404998514"/>
  <tag k="leisure" v="garden"/>
 </way>
 <way id="699102418" visible="true" version="4" changeset="139355086" timestamp="2023-08-02T16:15:00Z" user="tobkal" uid="14011719">
  <nd ref="1770117294"/>
  <nd ref="2965822662"/>
  <nd ref="1793532880"/>
  <nd ref="1793532863"/>
  <nd ref="1793532892"/>
  <nd ref="1793532876"/>
  <nd ref="1793532894"/>
  <tag k="highway" v="residential"/>
  <tag k="lanes" v="1"/>
  <tag k="lit" v="yes"/>
  <tag k="maxspeed" v="30"/>
  <tag k="name" v="Estrada dos Baños de Arteixo"/>
  <tag k="name:es" v="Carretera Baños de Arteixo"/>
  <tag k="name:gl" v="Estrada dos Baños de Arteixo"/>
  <tag k="old_name" v="Carretera Baños de Arteijo"/>
  <tag k="oneway" v="yes"/>
  <tag k="short_name" v="Estrada Baños de Arteixo"/>
  <tag k="surface" v="asphalt"/>
  <tag k="width" v="3"/>
 </way>
 <way id="795695672" visible="true" version="3" changeset="171014917" timestamp="2025-08-26T08:32:10Z" user="MarinoBM" uid="11454828">
  <nd ref="285173083"/>
  <nd ref="285173103"/>
  <nd ref="470595922"/>
  <nd ref="1125611750"/>
  <nd ref="285173108"/>
  <nd ref="285173114"/>
  <nd ref="1125611768"/>
  <nd ref="285173120"/>
  <nd ref="1125611924"/>
  <nd ref="285173126"/>
  <nd ref="1125611632"/>
  <nd ref="285173133"/>
  <nd ref="1125612001"/>
  <nd ref="285173139"/>
  <nd ref="267040015"/>
  <nd ref="1125612024"/>
  <nd ref="267040016"/>
  <tag k="agricultural" v="no"/>
  <tag k="bicycle" v="no"/>
  <tag k="foot" v="no"/>
  <tag k="hazmat" v="designated"/>
  <tag k="highway" v="motorway"/>
  <tag k="horse" v="no"/>
  <tag k="lanes" v="2"/>
  <tag k="maxspeed" v="100"/>
  <tag k="name" v="Autoestrada da Costa da Morte"/>
  <tag k="oneway" v="yes"/>
  <tag k="ref" v="AG-55"/>
  <tag k="ref:colour" v="blue"/>
  <tag k="ref:colour_tx" v="white"/>
  <tag k="surface" v="asphalt"/>
  <tag k="toll" v="no"/>
 </way>
 <way id="864155077" visible="true" version="2" changeset="115585460" timestamp="2021-12-30T22:43:55Z" user="abczyx" uid="2129377">
  <nd ref="1810726111"/>
  <nd ref="1810726061"/>
  <tag k="foot" v="no"/>
  <tag k="highway" v="primary"/>
  <tag k="junction" v="roundabout"/>
  <tag k="lanes" v="2"/>
  <tag k="maxspeed" v="40"/>
  <tag k="noname" v="yes"/>
  <tag k="surface" v="asphalt"/>
 </way>
 <way id="864155078" visible="true" version="2" changeset="115585460" timestamp="2021-12-30T22:43:55Z" user="abczyx" uid="2129377">
  <nd ref="1810726053"/>
  <nd ref="1810726095"/>
  <tag k="foot" v="no"/>
  <tag k="highway" v="primary"/>
  <tag k="junction" v="roundabout"/>
  <tag k="lanes" v="2"/>
  <tag k="maxspeed" v="40"/>
  <tag k="noname" v="yes"/>
  <tag k="surface" v="asphalt"/>
 </way>
 <way id="864760838" visible="true" version="1" changeset="93198456" timestamp="2020-10-28T19:57:49Z" user="MapMakerGal" uid="7579660">
  <nd ref="1793532894"/>
  <nd ref="1793527130"/>
  <nd ref="1793532886"/>
  <nd ref="1793533401"/>
  <nd ref="1793527127"/>
  <nd ref="1793527154"/>
  <tag k="highway" v="residential"/>
  <tag k="lanes" v="1"/>
  <tag k="lit" v="yes"/>
  <tag k="maxspeed" v="30"/>
  <tag k="name" v="Estrada dos Baños de Arteixo"/>
  <tag k="name:es" v="Carretera Baños de Arteixo"/>
  <tag k="name:gl" v="Estrada dos Baños de Arteixo"/>
  <tag k="old_name" v="Carretera Baños de Arteijo"/>
  <tag k="oneway" v="yes"/>
  <tag k="short_name" v="Estrada Baños de Arteixo"/>
  <tag k="surface" v="asphalt"/>
 </way>
 <way id="864760839" visible="true" version="2" changeset="139355086" timestamp="2023-08-02T16:15:05Z" user="tobkal" uid="14011719">
  <nd ref="1810726111"/>
  <nd ref="1810726105"/>
  <nd ref="1770118022"/>
  <nd ref="1770118020"/>
  <tag k="highway" v="residential"/>
  <tag k="lanes" v="1"/>
  <tag k="lit" v="yes"/>
  <tag k="maxspeed" v="30"/>
  <tag k="name" v="Estrada dos Baños de Arteixo"/>
  <tag k="name:es" v="Carretera Baños de Arteixo"/>
  <tag k="name:gl" v="Estrada dos Baños de Arteixo"/>
  <tag k="old_name" v="Carretera Baños de Arteijo"/>
  <tag k="oneway" v="yes"/>
  <tag k="short_name" v="Estrada Baños de Arteixo"/>
  <tag k="surface" v="asphalt"/>
  <tag k="width" v="3"/>
 </way>
 <way id="864760844" visible="true" version="2" changeset="112480675" timestamp="2021-10-13T22:03:57Z" user="iagocity" uid="12096117">
  <nd ref="1770118020"/>
  <nd ref="1793532894"/>
  <tag k="access" v="no"/>
  <tag k="bus" v="yes"/>
  <tag k="busway" v="lane"/>
  <tag k="highway" v="residential"/>
  <tag k="lanes" v="1"/>
  <tag k="lit" v="yes"/>
  <tag k="maxspeed" v="30"/>
  <tag k="name" v="Estrada dos Baños de Arteixo"/>
  <tag k="oneway" v="yes"/>
  <tag k="short_name" v="Estrada Baños de Arteixo"/>
  <tag k="surface" v="asphalt"/>
  <tag k="taxi" v="yes"/>
 </way>
 <way id="1017214426" visible="true" version="1" changeset="115620119" timestamp="2021-12-31T19:05:58Z" user="abczyx" uid="2129377">
  <nd ref="1166803997"/>
  <nd ref="9382527639"/>
  <nd ref="9382527638"/>
  <nd ref="9382527634"/>
  <tag k="access" v="destination"/>
  <tag k="highway" v="service"/>
  <tag k="oneway" v="yes"/>
  <tag k="surface" v="asphalt"/>
 </way>
 <way id="1017214427" visible="true" version="1" changeset="115620119" timestamp="2021-12-31T19:05:58Z" user="abczyx" uid="2129377">
  <nd ref="1840130582"/>
  <nd ref="2642739912"/>
  <nd ref="2642739913"/>
  <nd ref="2642739914"/>
  <nd ref="9382527633"/>
  <nd ref="1840130582"/>
  <tag k="access" v="private"/>
  <tag k="highway" v="service"/>
  <tag k="oneway" v="yes"/>
  <tag k="service" v="parking_aisle"/>
  <tag k="surface" v="asphalt"/>
 </way>
 <way id="1017214428" visible="true" version="1" changeset="115620119" timestamp="2021-12-31T19:05:58Z" user="abczyx" uid="2129377">
  <nd ref="5961785980"/>
  <nd ref="5961785971"/>
  <nd ref="5961785972"/>
  <nd ref="5961785973"/>
  <nd ref="5961785974"/>
  <nd ref="5961785975"/>
  <nd ref="5961785976"/>
  <nd ref="5961785977"/>
  <nd ref="5961785978"/>
  <nd ref="5961785979"/>
  <nd ref="5961785980"/>
  <tag k="access" v="private"/>
  <tag k="highway" v="service"/>
  <tag k="oneway" v="yes"/>
  <tag k="service" v="parking_aisle"/>
  <tag k="surface" v="asphalt"/>
 </way>
 <way id="1017214429" visible="true" version="1" changeset="115620119" timestamp="2021-12-31T19:05:58Z" user="abczyx" uid="2129377">
  <nd ref="911846338"/>
  <nd ref="911846464"/>
  <nd ref="1840130595"/>
  <nd ref="911846249"/>
  <tag k="access" v="destination"/>
  <tag k="highway" v="service"/>
  <tag k="surface" v="asphalt"/>
 </way>
 <way id="1017214430" visible="true" version="1" changeset="115620119" timestamp="2021-12-31T19:05:58Z" user="abczyx" uid="2129377">
  <nd ref="911846249"/>
  <nd ref="5961817003"/>
  <nd ref="1166803997"/>
  <nd ref="5961816991"/>
  <nd ref="911846358"/>
  <nd ref="9382527634"/>
  <nd ref="9382527640"/>
  <nd ref="911846338"/>
  <nd ref="9382527637"/>
  <nd ref="9382527635"/>
  <nd ref="9382527636"/>
  <nd ref="1840130519"/>
  <tag k="access" v="destination"/>
  <tag k="highway" v="service"/>
  <tag k="oneway" v="yes"/>
  <tag k="surface" v="asphalt"/>
 </way>
 <way id="1017214431" visible="true" version="1" changeset="115620119" timestamp="2021-12-31T19:05:58Z" user="abczyx" uid="2129377">
  <nd ref="5961817022"/>
  <nd ref="1840130528"/>
  <tag k="access" v="private"/>
  <tag k="highway" v="service"/>
  <tag k="oneway" v="yes"/>
  <tag k="service" v="parking_aisle"/>
  <tag k="surface" v="asphalt"/>
 </way>
 <way id="1017214432" visible="true" version="1" changeset="115620119" timestamp="2021-12-31T19:05:58Z" user="abczyx" uid="2129377">
  <nd ref="5961817024"/>
  <nd ref="5961817020"/>
  <nd ref="1840130512"/>
  <nd ref="1840130522"/>
  <nd ref="5961817022"/>
  <nd ref="9382527641"/>
  <tag k="access" v="private"/>
  <tag k="highway" v="service"/>
  <tag k="oneway" v="yes"/>
  <tag k="surface" v="asphalt"/>
 </way>
 <way id="1017214433" visible="true" version="1" changeset="115620119" timestamp="2021-12-31T19:05:58Z" user="abczyx" uid="2129377">
  <nd ref="1840130528"/>
  <nd ref="1840130591"/>
  <tag k="access" v="private"/>
  <tag k="highway" v="service"/>
  <tag k="surface" v="asphalt"/>
 </way>
 <way id="1490188375" visible="true" version="1" changeset="180054094" timestamp="2026-03-18T11:23:01Z" user="dmfr" uid="15324596">
  <nd ref="1722105120"/>
  <nd ref="13658511560"/>
  <tag k="cables" v="3"/>
  <tag k="circuits" v="1"/>
  <tag k="frequency" v="50"/>
  <tag k="line" v="bay"/>
  <tag k="power" v="line"/>
  <tag k="voltage" v="66000"/>
 </way>
 <way id="1490188376" visible="true" version="1" changeset="180054094" timestamp="2026-03-18T11:23:01Z" user="dmfr" uid="15324596">
  <nd ref="1722106727"/>
  <nd ref="13658511558"/>
  <tag k="cables" v="3"/>
  <tag k="circuits" v="1"/>
  <tag k="frequency" v="50"/>
  <tag k="line" v="bay"/>
  <tag k="power" v="line"/>
  <tag k="voltage" v="66000"/>
 </way>
 <way id="1490188377" visible="true" version="1" changeset="180054094" timestamp="2026-03-18T11:23:01Z" user="dmfr" uid="15324596">
  <nd ref="13658511520"/>
  <nd ref="13658511519"/>
  <nd ref="13658511518"/>
  <nd ref="13658511517"/>
  <nd ref="13658511520"/>
  <tag k="barrier" v="fence"/>
 </way>
 <way id="1490188378" visible="true" version="1" changeset="180054094" timestamp="2026-03-18T11:23:01Z" user="dmfr" uid="15324596">
  <nd ref="13658511523"/>
  <nd ref="1722105120"/>
  <nd ref="13658511522"/>
  <nd ref="1722106727"/>
  <nd ref="13658511521"/>
  <tag k="power" v="portal"/>
 </way>
 <way id="1490188379" visible="true" version="1" changeset="180054094" timestamp="2026-03-18T11:23:01Z" user="dmfr" uid="15324596">
  <nd ref="13658511544"/>
  <nd ref="13658511543"/>
  <nd ref="13658511542"/>
  <nd ref="13658511541"/>
  <nd ref="13658511540"/>
  <nd ref="13658511539"/>
  <nd ref="13658511538"/>
  <nd ref="13658511537"/>
  <nd ref="13658511536"/>
  <nd ref="13658511535"/>
  <nd ref="13658511534"/>
  <nd ref="13658511533"/>
  <nd ref="13658511532"/>
  <nd ref="13658511531"/>
  <nd ref="13658511530"/>
  <nd ref="13658511529"/>
  <nd ref="13658511528"/>
  <nd ref="13658511527"/>
  <nd ref="13658511526"/>
  <nd ref="13658511525"/>
  <nd ref="13658511524"/>
  <tag k="power" v="portal"/>
 </way>
 <way id="1490188380" visible="true" version="1" changeset="180054094" timestamp="2026-03-18T11:23:01Z" user="dmfr" uid="15324596">
  <nd ref="13658511563"/>
  <nd ref="13658511562"/>
  <nd ref="13658511561"/>
  <nd ref="13658511560"/>
  <nd ref="13658511559"/>
  <nd ref="13658511558"/>
  <nd ref="13658511557"/>
  <nd ref="13658511556"/>
  <nd ref="13658511555"/>
  <nd ref="13658511554"/>
  <nd ref="13658511553"/>
  <nd ref="13658511552"/>
  <nd ref="13658511551"/>
  <nd ref="13658511550"/>
  <nd ref="13658511549"/>
  <nd ref="13658511548"/>
  <nd ref="13658511547"/>
  <nd ref="13658511546"/>
  <nd ref="13658511545"/>
  <tag k="power" v="portal"/>
 </way>
 <way id="1490188381" visible="true" version="1" changeset="180054094" timestamp="2026-03-18T11:23:01Z" user="dmfr" uid="15324596">
  <nd ref="13658511566"/>
  <nd ref="1710480785"/>
  <nd ref="13658511565"/>
  <nd ref="1710480933"/>
  <nd ref="13658511564"/>
  <tag k="power" v="portal"/>
 </way>
 <relation id="2222368" visible="true" version="61" changeset="182853514" timestamp="2026-05-18T21:45:23Z" user="sanchi" uid="170106">
  <member type="node" ref="2924783875" role="platform"/>
  <member type="node" ref="2924786173" role="platform"/>
  <member type="node" ref="2936705595" role="platform"/>
  <member type="node" ref="5653506912" role="platform"/>
  <member type="node" ref="3080873740" role="platform"/>
  <member type="node" ref="1896163553" role="platform"/>
  <member type="node" ref="1896163572" role="platform"/>
  <member type="node" ref="470581400" role="platform"/>
  <member type="node" ref="276824502" role="platform"/>
  <member type="node" ref="1817937034" role="platform"/>
  <member type="node" ref="1817937040" role="platform"/>
  <member type="node" ref="5418402232" role="platform"/>
  <member type="node" ref="3006549307" role="platform"/>
  <member type="node" ref="3006549539" role="platform"/>
  <member type="node" ref="1817645380" role="platform"/>
  <member type="node" ref="3010709521" role="platform"/>
  <member type="node" ref="1156395672" role="platform"/>
  <member type="node" ref="3053880581" role="platform"/>
  <member type="node" ref="5655654701" role="platform"/>
  <member type="node" ref="1817645388" role="platform"/>
  <member type="node" ref="5655647740" role="platform"/>
  <member type="node" ref="5418387803" role="platform"/>
  <member type="node" ref="5655647741" role="platform"/>
  <member type="node" ref="1817645373" role="platform"/>
  <member type="way" ref="864155080" role=""/>
  <member type="way" ref="39440612" role=""/>
  <member type="way" ref="293532066" role=""/>
  <member type="way" ref="1313388227" role=""/>
  <member type="way" ref="293532062" role=""/>
  <member type="way" ref="864112867" role=""/>
  <member type="way" ref="167061846" role=""/>
  <member type="way" ref="39435590" role=""/>
  <member type="way" ref="293532057" role=""/>
  <member type="way" ref="167061844" role=""/>
  <member type="way" ref="298612682" role=""/>
  <member type="way" ref="753538988" role=""/>
  <member type="way" ref="366847646" role=""/>
  <member type="way" ref="39433312" role=""/>
  <member type="way" ref="332746431" role=""/>
  <member type="way" ref="72272484" role=""/>
  <member type="way" ref="72272481" role=""/>
  <member type="way" ref="72272493" role=""/>
  <member type="way" ref="35909077" role=""/>
  <member type="way" ref="290524771" role=""/>
  <member type="way" ref="1461655482" role=""/>
  <member type="way" ref="1461655481" role=""/>
  <member type="way" ref="1461655478" role=""/>
  <member type="way" ref="1461657703" role=""/>
  <member type="way" ref="1461657702" role=""/>
  <member type="way" ref="167246081" role=""/>
  <member type="way" ref="1461655479" role=""/>
  <member type="way" ref="1461655480" role=""/>
  <member type="way" ref="1380318688" role=""/>
  <member type="way" ref="55199639" role=""/>
  <member type="way" ref="1418343314" role=""/>
  <member type="way" ref="762213009" role=""/>
  <member type="way" ref="168731369" role=""/>
  <member type="way" ref="55199622" role=""/>
  <member type="way" ref="166709761" role=""/>
  <member type="way" ref="167246067" role=""/>
  <member type="way" ref="1306045755" role=""/>
  <member type="way" ref="257451818" role=""/>
  <member type="way" ref="831149970" role=""/>
  <member type="way" ref="166968696" role=""/>
  <member type="way" ref="166968702" role=""/>
  <member type="way" ref="166968700" role=""/>
  <member type="way" ref="170606958" role=""/>
  <member type="way" ref="170606962" role=""/>
  <member type="way" ref="166968701" role=""/>
  <member type="way" ref="39314913" role=""/>
  <member type="way" ref="166714258" role=""/>
  <member type="way" ref="166714252" role=""/>
  <member type="way" ref="620862152" role=""/>
  <member type="way" ref="166714249" role=""/>
  <member type="way" ref="133981045" role=""/>
  <member type="way" ref="100006199" role=""/>
  <member type="way" ref="921360251" role=""/>
  <member type="way" ref="290392521" role=""/>
  <member type="way" ref="290392519" role=""/>
  <member type="way" ref="290167101" role=""/>
  <member type="way" ref="301314422" role=""/>
  <member type="way" ref="172010593" role=""/>
  <member type="way" ref="37868635" role=""/>
  <member type="way" ref="99809377" role=""/>
  <member type="way" ref="1255792554" role=""/>
  <member type="way" ref="819547498" role=""/>
  <member type="way" ref="33103631" role=""/>
  <member type="way" ref="819547500" role=""/>
  <member type="way" ref="819547499" role=""/>
  <member type="way" ref="864155079" role=""/>
  <member type="way" ref="150277818" role=""/>
  <member type="way" ref="819547502" role=""/>
  <member type="way" ref="150277819" role=""/>
  <member type="way" ref="819547501" role=""/>
  <member type="way" ref="290392513" role=""/>
  <member type="way" ref="290392549" role=""/>
  <member type="way" ref="290392523" role=""/>
  <member type="way" ref="290392522" role=""/>
  <member type="way" ref="55356289" role=""/>
  <member type="way" ref="166714254" role=""/>
  <member type="way" ref="376715151" role=""/>
  <member type="way" ref="376715149" role=""/>
  <member type="way" ref="135762608" role=""/>
  <member type="way" ref="376715150" role=""/>
  <member type="way" ref="169914591" role=""/>
  <member type="way" ref="169914590" role=""/>
  <member type="way" ref="671790135" role=""/>
  <member type="way" ref="671790136" role=""/>
  <member type="way" ref="169914592" role=""/>
  <member type="way" ref="864760839" role=""/>
  <member type="way" ref="864760844" role=""/>
  <member type="way" ref="864760838" role=""/>
  <member type="way" ref="864760843" role=""/>
  <tag k="colour" v="#f94f8e"/>
  <tag k="fee" v="yes"/>
  <tag k="from" v="As Lagoas"/>
  <tag k="name" v="Bus 11: As Lagoas → Área Comercial Marineda"/>
  <tag k="operator" v="Compañía de Tranvías de A Coruña, S.A"/>
  <tag k="public_transport:version" v="2"/>
  <tag k="ref" v="11"/>
  <tag k="route" v="bus"/>
  <tag k="to" v="Área Comercial Marineda"/>
  <tag k="type" v="route"/>
  <tag k="wheelchair" v="yes"/>
 </relation>
 <relation id="2269738" visible="true" version="2" changeset="93124637" timestamp="2020-10-27T13:27:23Z" user="MapMakerGal" uid="7579660">
  <member type="relation" ref="2222368" role=""/>
  <member type="relation" ref="2269737" role=""/>
  <tag k="colour" v="#f94f8e"/>
  <tag k="name" v="Bus 11"/>
  <tag k="operator" v="Compañía de Tranvías de A Coruña, S.A"/>
  <tag k="ref" v="11"/>
  <tag k="route_master" v="bus"/>
  <tag k="type" v="route_master"/>
 </relation>
 <relation id="5363014" visible="true" version="26" changeset="160951697" timestamp="2025-01-03T14:27:55Z" user="MapMakerGal" uid="7579660">
  <member type="way" ref="233641592" role=""/>
  <member type="way" ref="894549798" role=""/>
  <member type="way" ref="478251132" role=""/>
  <member type="way" ref="332657090" role=""/>
  <member type="way" ref="332657073" role=""/>
  <member type="way" ref="496442324" role=""/>
  <member type="way" ref="496442323" role=""/>
  <member type="way" ref="496442321" role=""/>
  <member type="way" ref="496442322" role=""/>
  <member type="way" ref="300827978" role=""/>
  <member type="way" ref="165640170" role=""/>
  <member type="way" ref="169914585" role=""/>
  <member type="way" ref="231683682" role=""/>
  <member type="way" ref="215642195" role=""/>
  <member type="way" ref="215642194" role=""/>
  <member type="way" ref="143269452" role=""/>
  <member type="way" ref="1348259099" role=""/>
  <member type="way" ref="143269460" role=""/>
  <member type="way" ref="574604242" role=""/>
  <member type="way" ref="574604243" role=""/>
  <member type="way" ref="235025239" role=""/>
  <member type="way" ref="126512838" role=""/>
  <member type="way" ref="169254582" role=""/>
  <member type="way" ref="169254581" role=""/>
  <member type="way" ref="831144676" role=""/>
  <member type="way" ref="126512837" role=""/>
  <member type="way" ref="807239261" role=""/>
  <member type="way" ref="169254580" role=""/>
  <member type="way" ref="169254583" role=""/>
  <member type="way" ref="130867797" role=""/>
  <member type="way" ref="1348259098" role=""/>
  <member type="way" ref="143269441" role=""/>
  <member type="way" ref="170090130" role=""/>
  <member type="way" ref="215642196" role=""/>
  <member type="way" ref="952095391" role=""/>
  <member type="way" ref="165640169" role=""/>
  <member type="way" ref="165640166" role=""/>
  <member type="way" ref="235025254" role=""/>
  <member type="way" ref="376715175" role=""/>
  <member type="way" ref="233640822" role=""/>
  <member type="way" ref="496442319" role=""/>
  <member type="way" ref="496442318" role=""/>
  <member type="way" ref="332657063" role=""/>
  <member type="way" ref="496442325" role=""/>
  <member type="way" ref="233640854" role=""/>
  <member type="way" ref="539134893" role=""/>
  <member type="way" ref="539134892" role=""/>
  <member type="way" ref="478251134" role=""/>
  <member type="way" ref="400564064" role="link"/>
  <member type="way" ref="671790067" role="link"/>
  <member type="way" ref="326154392" role="link"/>
  <member type="way" ref="169277163" role="link"/>
  <member type="way" ref="231683683" role="link"/>
  <member type="way" ref="143269450" role="link"/>
  <member type="way" ref="290392520" role="link"/>
  <member type="way" ref="1248092980" role="link"/>
  <member type="way" ref="233640660" role="link"/>
  <member type="way" ref="231684555" role="link"/>
  <member type="way" ref="300827965" role="link"/>
  <member type="way" ref="231684554" role="link"/>
  <member type="way" ref="619282932" role="link"/>
  <member type="way" ref="169914586" role="link"/>
  <member type="way" ref="171764931" role="link"/>
  <member type="way" ref="574556685" role="link"/>
  <member type="way" ref="300828004" role="link"/>
  <member type="way" ref="300828005" role="link"/>
  <member type="way" ref="332657095" role="link"/>
  <member type="way" ref="894549802" role="link"/>
  <member type="way" ref="894549799" role="link"/>
  <tag k="name" v="Terceira Rolda da Coruña (V-14)"/>
  <tag k="name:es" v="Tercera Ronda de La Coruña (V-14)"/>
  <tag k="name:gl" v="Terceira Rolda da Coruña (V-14)"/>
  <tag k="network" v="GL:V-road"/>
  <tag k="operator" v="Xunta de Galicia;Concello da Coruña"/>
  <tag k="ref" v="V-14"/>
  <tag k="ref:colour" v="#008000"/>
  <tag k="ref:colour_bg" v="#00AA00"/>
  <tag k="ref:colour_tx" v="white"/>
  <tag k="route" v="road"/>
  <tag k="type" v="route"/>
  <tag k="wikidata" v="Q19973462"/>
  <tag k="wikipedia" v="gl:Ronda do Real Club Deportivo de La Coruña"/>
 </relation>
 <relation id="8118903" visible="true" version="1" changeset="57238324" timestamp="2018-03-16T10:59:54Z" user="MapMakerGal" uid="7579660">
  <member type="way" ref="293532063" role="outer"/>
  <member type="way" ref="570240657" role="inner"/>
  <member type="way" ref="570240671" role="inner"/>
  <member type="way" ref="570240658" role="inner"/>
  <member type="way" ref="570240659" role="inner"/>
  <member type="way" ref="570240660" role="inner"/>
  <member type="way" ref="570240661" role="inner"/>
  <member type="way" ref="570240662" role="inner"/>
  <member type="way" ref="570240653" role="inner"/>
  <tag k="area" v="yes"/>
  <tag k="highway" v="pedestrian"/>
  <tag k="lit" v="yes"/>
  <tag k="surface" v="asphalt"/>
  <tag k="type" v="multipolygon"/>
 </relation>
 <relation id="8781760" visible="true" version="1" changeset="63260207" timestamp="2018-10-06T15:51:42Z" user="MapMakerGal" uid="7579660">
  <member type="way" ref="77468916" role="from"/>
  <member type="node" ref="1840130575" role="via"/>
  <member type="way" ref="631319400" role="to"/>
  <tag k="restriction" v="no_left_turn"/>
  <tag k="type" v="restriction"/>
 </relation>
 <relation id="8781761" visible="true" version="1" changeset="63260207" timestamp="2018-10-06T15:51:42Z" user="MapMakerGal" uid="7579660">
  <member type="way" ref="631319402" role="from"/>
  <member type="node" ref="1840130575" role="via"/>
  <member type="way" ref="631319402" role="to"/>
  <tag k="restriction" v="no_u_turn"/>
  <tag k="type" v="restriction"/>
 </relation>
 <relation id="9211918" visible="true" version="1" changeset="66260928" timestamp="2019-01-12T21:25:03Z" user="MapMakerGal" uid="7579660">
  <member type="way" ref="662495484" role="outer"/>
  <member type="way" ref="172591934" role="inner"/>
  <member type="way" ref="215138342" role="inner"/>
  <member type="way" ref="174759133" role="inner"/>
  <member type="way" ref="258972157" role="inner"/>
  <member type="way" ref="258972158" role="inner"/>
  <member type="way" ref="258972160" role="inner"/>
  <member type="way" ref="662730426" role="inner"/>
  <member type="way" ref="662730425" role="inner"/>
  <member type="way" ref="662730423" role="inner"/>
  <member type="way" ref="662730410" role="inner"/>
  <member type="way" ref="662730411" role="inner"/>
  <member type="way" ref="662730412" role="inner"/>
  <member type="way" ref="662730428" role="inner"/>
  <member type="way" ref="662730424" role="inner"/>
  <member type="way" ref="662730429" role="inner"/>
  <member type="way" ref="662730427" role="inner"/>
  <member type="way" ref="168649194" role="inner"/>
  <member type="way" ref="168649191" role="inner"/>
  <member type="way" ref="168924828" role="inner"/>
  <member type="way" ref="662730414" role="inner"/>
  <member type="way" ref="662730413" role="inner"/>
  <member type="way" ref="662730418" role="inner"/>
  <member type="way" ref="662730416" role="inner"/>
  <member type="way" ref="662730421" role="inner"/>
  <member type="way" ref="662730422" role="inner"/>
  <member type="way" ref="662730419" role="inner"/>
  <member type="way" ref="662730420" role="inner"/>
  <member type="way" ref="174759267" role="inner"/>
  <member type="way" ref="174759266" role="inner"/>
  <member type="way" ref="168924372" role="inner"/>
  <member type="way" ref="662739219" role="inner"/>
  <member type="way" ref="662739220" role="inner"/>
  <member type="way" ref="662730415" role="inner"/>
  <tag k="natural" v="scrub"/>
  <tag k="type" v="multipolygon"/>
 </relation>
 <relation id="9713978" visible="true" version="1" changeset="71515624" timestamp="2019-06-22T18:15:38Z" user="abczyx" uid="2129377">
  <member type="node" ref="2400249971" role="via"/>
  <member type="way" ref="231684555" role="from"/>
  <member type="way" ref="168043926" role="to"/>
  <tag k="restriction" v="no_left_turn"/>
  <tag k="type" v="restriction"/>
 </relation>
 <relation id="11241548" visible="true" version="1" changeset="87153070" timestamp="2020-06-25T17:46:17Z" user="MapMakerGal" uid="7579660">
  <member type="way" ref="39268353" role="from"/>
  <member type="node" ref="470539088" role="via"/>
  <member type="way" ref="291609219" role="to"/>
  <tag k="restriction" v="only_straight_on"/>
  <tag k="type" v="restriction"/>
 </relation>
 <relation id="11241549" visible="true" version="1" changeset="87153070" timestamp="2020-06-25T17:46:17Z" user="MapMakerGal" uid="7579660">
  <member type="way" ref="592475862" role="from"/>
  <member type="node" ref="470539088" role="via"/>
  <member type="way" ref="291609219" role="to"/>
  <tag k="restriction" v="only_straight_on"/>
  <tag k="type" v="restriction"/>
 </relation>
 <relation id="11241552" visible="true" version="1" changeset="87153070" timestamp="2020-06-25T17:46:17Z" user="MapMakerGal" uid="7579660">
  <member type="way" ref="291609219" role="from"/>
  <member type="node" ref="470539088" role="via"/>
  <member type="way" ref="291609219" role="to"/>
  <tag k="restriction" v="no_u_turn"/>
  <tag k="type" v="restriction"/>
 </relation>
 <relation id="16508680" visible="true" version="9" changeset="176959198" timestamp="2026-01-07T20:09:17Z" user="MarinoBM" uid="11454828">
  <member type="way" ref="26041616" role=""/>
  <member type="way" ref="795695682" role=""/>
  <member type="way" ref="795695673" role=""/>
  <member type="way" ref="795695669" role=""/>
  <member type="way" ref="795695676" role=""/>
  <member type="way" ref="795695663" role=""/>
  <member type="way" ref="589614587" role=""/>
  <member type="way" ref="795695670" role=""/>
  <member type="way" ref="589614588" role=""/>
  <member type="way" ref="795695674" role=""/>
  <member type="way" ref="795695664" role=""/>
  <member type="way" ref="795695672" role=""/>
  <member type="way" ref="589614586" role=""/>
  <member type="way" ref="795695680" role=""/>
  <member type="way" ref="795695677" role=""/>
  <member type="way" ref="795695667" role=""/>
  <member type="way" ref="589614585" role=""/>
  <member type="way" ref="795695671" role=""/>
  <member type="way" ref="795695679" role=""/>
  <member type="way" ref="795695675" role=""/>
  <member type="way" ref="795695681" role=""/>
  <member type="way" ref="795695668" role=""/>
  <member type="way" ref="795695678" role=""/>
  <member type="way" ref="27460468" role=""/>
  <member type="way" ref="29005386" role=""/>
  <member type="way" ref="89558810" role=""/>
  <member type="way" ref="89558797" role=""/>
  <member type="way" ref="176397993" role=""/>
  <member type="way" ref="1415671660" role=""/>
  <member type="way" ref="1465177144" role=""/>
  <member type="way" ref="1415671658" role=""/>
  <member type="way" ref="1415671659" role=""/>
  <member type="way" ref="1415671657" role=""/>
  <member type="way" ref="769028619" role=""/>
  <member type="way" ref="795695684" role=""/>
  <member type="way" ref="795695683" role=""/>
  <member type="way" ref="257088583" role=""/>
  <member type="way" ref="769028620" role=""/>
  <member type="way" ref="89558803" role=""/>
  <member type="way" ref="89558822" role=""/>
  <member type="way" ref="26071258" role=""/>
  <member type="way" ref="29005390" role=""/>
  <member type="way" ref="29005388" role=""/>
  <member type="way" ref="795695666" role=""/>
  <member type="way" ref="769028971" role=""/>
  <member type="way" ref="769028972" role=""/>
  <member type="way" ref="176397986" role=""/>
  <member type="way" ref="156543952" role=""/>
  <member type="way" ref="786151684" role=""/>
  <member type="way" ref="156543956" role=""/>
  <member type="way" ref="58073787" role=""/>
  <member type="way" ref="58073788" role=""/>
  <member type="way" ref="976033283" role=""/>
  <member type="way" ref="58073799" role=""/>
  <member type="way" ref="58073797" role=""/>
  <member type="way" ref="26071836" role=""/>
  <member type="way" ref="489940069" role=""/>
  <member type="way" ref="513648270" role=""/>
  <member type="way" ref="513648269" role=""/>
  <member type="way" ref="405637910" role=""/>
  <member type="way" ref="583601506" role=""/>
  <member type="way" ref="583601507" role=""/>
  <member type="way" ref="432374375" role=""/>
  <member type="way" ref="513641360" role=""/>
  <member type="way" ref="513641359" role=""/>
  <member type="way" ref="405639766" role=""/>
  <member type="way" ref="583599965" role=""/>
  <member type="way" ref="583599964" role=""/>
  <member type="way" ref="434829984" role=""/>
  <member type="way" ref="513641369" role=""/>
  <member type="way" ref="513641361" role=""/>
  <member type="way" ref="432374374" role=""/>
  <member type="way" ref="405637911" role=""/>
  <member type="way" ref="583601508" role=""/>
  <member type="way" ref="583601509" role=""/>
  <member type="way" ref="513648268" role=""/>
  <tag k="name" v="Autoestrada da Costa da Morte"/>
  <tag k="network" v="GL:AG-highway"/>
  <tag k="operator" v="Xunta de Galicia"/>
  <tag k="ref" v="AG-55"/>
  <tag k="ref:colour" v="#19408B"/>
  <tag k="ref:colour_bg" v="#19408B"/>
  <tag k="ref:colour_tx" v="white"/>
  <tag k="route" v="road"/>
  <tag k="type" v="route"/>
  <tag k="wikidata" v="Q26202645"/>
  <tag k="wikipedia" v="gl:AG-55"/>
 </relation>
 <relation id="17538855" visible="true" version="29" changeset="187947326" timestamp="2026-08-24T16:18:02Z" user="WEB0" uid="14301797">
  <member type="way" ref="24436379" role=""/>
  <member type="way" ref="24559842" role=""/>
  <member type="way" ref="376715152" role=""/>
  <member type="way" ref="99809372" role=""/>
  <member type="way" ref="166714254" role=""/>
  <member type="way" ref="376715151" role=""/>
  <member type="way" ref="376715149" role=""/>
  <member type="way" ref="170593726" role=""/>
  <member type="way" ref="166714257" role=""/>
  <member type="way" ref="622799671" role=""/>
  <member type="way" ref="622799670" role=""/>
  <member type="way" ref="101013803" role=""/>
  <member type="way" ref="101013808" role=""/>
  <member type="way" ref="1524705834" role=""/>
  <member type="way" ref="24560582" role=""/>
  <member type="way" ref="170593725" role=""/>
  <member type="way" ref="166714261" role=""/>
  <member type="way" ref="622799669" role=""/>
  <member type="way" ref="622799668" role=""/>
  <member type="way" ref="24560373" role=""/>
  <member type="way" ref="24812264" role=""/>
  <member type="way" ref="24559900" role=""/>
  <member type="way" ref="24560100" role=""/>
  <member type="way" ref="24560242" role=""/>
  <member type="way" ref="560501047" role=""/>
  <member type="way" ref="975035700" role=""/>
  <member type="way" ref="975035688" role=""/>
  <member type="way" ref="975035698" role=""/>
  <member type="way" ref="560501052" role=""/>
  <member type="way" ref="975035702" role=""/>
  <member type="way" ref="975035696" role=""/>
  <member type="way" ref="975035693" role=""/>
  <member type="way" ref="975035692" role=""/>
  <member type="way" ref="975035691" role=""/>
  <member type="way" ref="975035701" role=""/>
  <member type="way" ref="975035699" role=""/>
  <member type="way" ref="975035689" role=""/>
  <member type="way" ref="27460466" role=""/>
  <member type="way" ref="1346021607" role=""/>
  <member type="way" ref="375455549" role=""/>
  <member type="way" ref="365850656" role=""/>
  <member type="way" ref="1346021608" role=""/>
  <member type="way" ref="334500385" role=""/>
  <member type="way" ref="334500383" role=""/>
  <member type="way" ref="425203708" role=""/>
  <member type="way" ref="425203711" role=""/>
  <member type="way" ref="1371939252" role=""/>
  <member type="way" ref="1530945464" role=""/>
  <member type="way" ref="425203710" role=""/>
  <member type="way" ref="425203712" role=""/>
  <member type="way" ref="334500376" role=""/>
  <member type="way" ref="206573856" role=""/>
  <member type="way" ref="206573845" role=""/>
  <member type="way" ref="206573844" role=""/>
  <member type="way" ref="206573846" role=""/>
  <member type="way" ref="206573841" role=""/>
  <member type="way" ref="206573842" role=""/>
  <member type="way" ref="495765472" role=""/>
  <member type="way" ref="24560174" role=""/>
  <member type="way" ref="24560107" role=""/>
  <member type="way" ref="24560134" role=""/>
  <member type="way" ref="1530945463" role=""/>
  <member type="way" ref="24560162" role=""/>
  <member type="way" ref="1371939251" role=""/>
  <member type="way" ref="560501046" role=""/>
  <member type="way" ref="44470686" role=""/>
  <member type="way" ref="931203207" role=""/>
  <member type="way" ref="931203195" role=""/>
  <member type="way" ref="931203206" role=""/>
  <member type="way" ref="1340804763" role=""/>
  <member type="way" ref="931203204" role=""/>
  <member type="way" ref="759421369" role=""/>
  <member type="way" ref="759421363" role=""/>
  <member type="way" ref="759421368" role=""/>
  <member type="way" ref="759421370" role=""/>
  <member type="way" ref="759421366" role=""/>
  <member type="way" ref="759421367" role=""/>
  <member type="way" ref="759421364" role=""/>
  <member type="way" ref="931203201" role=""/>
  <member type="way" ref="931203189" role=""/>
  <member type="way" ref="931203191" role=""/>
  <member type="way" ref="931203199" role=""/>
  <member type="way" ref="931203193" role=""/>
  <member type="way" ref="931203186" role=""/>
  <member type="way" ref="560501051" role=""/>
  <member type="way" ref="931203185" role=""/>
  <member type="way" ref="266321123" role=""/>
  <member type="way" ref="145146096" role=""/>
  <member type="way" ref="145146098" role=""/>
  <member type="way" ref="145146092" role=""/>
  <member type="way" ref="145146094" role=""/>
  <member type="way" ref="145146100" role=""/>
  <member type="way" ref="1250300394" role=""/>
  <member type="way" ref="934030908" role=""/>
  <member type="way" ref="934030906" role=""/>
  <member type="way" ref="204170112" role=""/>
  <member type="way" ref="863346201" role=""/>
  <member type="way" ref="560501036" role=""/>
  <member type="way" ref="1530945461" role=""/>
  <member type="way" ref="1371939249" role=""/>
  <member type="way" ref="560501026" role=""/>
  <member type="way" ref="560501021" role=""/>
  <member type="way" ref="560501014" role=""/>
  <member type="way" ref="981061853" role=""/>
  <member type="way" ref="981061858" role=""/>
  <member type="way" ref="981061854" role=""/>
  <member type="way" ref="981061873" role=""/>
  <member type="way" ref="981061871" role=""/>
  <member type="way" ref="981061875" role=""/>
  <member type="way" ref="981061862" role=""/>
  <member type="way" ref="981061866" role=""/>
  <member type="way" ref="981061855" role=""/>
  <member type="way" ref="981061865" role=""/>
  <member type="way" ref="981061868" role=""/>
  <member type="way" ref="560501029" role=""/>
  <member type="way" ref="560501013" role=""/>
  <member type="way" ref="204170105" role=""/>
  <member type="way" ref="43598711" role=""/>
  <member type="way" ref="43598713" role=""/>
  <member type="way" ref="1158102879" role=""/>
  <member type="way" ref="1158102878" role=""/>
  <member type="way" ref="1158102877" role=""/>
  <member type="way" ref="1158102876" role=""/>
  <member type="way" ref="339831247" role=""/>
  <member type="way" ref="339831246" role=""/>
  <member type="way" ref="307359350" role=""/>
  <member type="way" ref="556808040" role=""/>
  <member type="way" ref="556808047" role=""/>
  <member type="way" ref="556808055" role=""/>
  <member type="way" ref="556808037" role=""/>
  <member type="way" ref="307359363" role=""/>
  <member type="way" ref="1158102875" role=""/>
  <member type="way" ref="1158102871" role=""/>
  <member type="way" ref="1158102869" role=""/>
  <member type="way" ref="1158102870" role=""/>
  <member type="way" ref="176634901" role=""/>
  <member type="way" ref="176634907" role=""/>
  <member type="way" ref="176634897" role=""/>
  <member type="way" ref="176634900" role=""/>
  <member type="way" ref="25544047" role=""/>
  <member type="way" ref="1474510225" role=""/>
  <member type="way" ref="1474510226" role=""/>
  <member type="way" ref="176634899" role=""/>
  <member type="way" ref="176633513" role=""/>
  <member type="way" ref="176633504" role=""/>
  <member type="way" ref="55619680" role=""/>
  <member type="way" ref="24359677" role=""/>
  <member type="way" ref="55619678" role=""/>
  <member type="way" ref="422511484" role=""/>
  <member type="way" ref="422511516" role=""/>
  <member type="way" ref="55619664" role=""/>
  <member type="way" ref="1421264484" role=""/>
  <member type="way" ref="357144719" role=""/>
  <member type="way" ref="357144724" role=""/>
  <member type="way" ref="25544049" role=""/>
  <member type="way" ref="1157051219" role=""/>
  <member type="way" ref="257109986" role=""/>
  <member type="way" ref="321464216" role=""/>
  <member type="way" ref="321464285" role=""/>
  <member type="way" ref="321463768" role=""/>
  <member type="way" ref="1157051225" role=""/>
  <member type="way" ref="1157051216" role=""/>
  <member type="way" ref="1157051231" role=""/>
  <member type="way" ref="1157051215" role=""/>
  <member type="way" ref="1157051234" role=""/>
  <member type="way" ref="1157051226" role=""/>
  <member type="way" ref="1157051228" role=""/>
  <member type="way" ref="1157051233" role=""/>
  <member type="way" ref="1421264499" role=""/>
  <member type="way" ref="1421264500" role=""/>
  <member type="way" ref="257109984" role=""/>
  <member type="way" ref="25896782" role=""/>
  <member type="way" ref="25896783" role=""/>
  <member type="way" ref="419944606" role=""/>
  <member type="way" ref="1552063926" role=""/>
  <member type="way" ref="1552063934" role=""/>
  <member type="way" ref="1552063940" role=""/>
  <member type="way" ref="1552063933" role=""/>
  <member type="way" ref="1552063927" role=""/>
  <member type="way" ref="1552063923" role=""/>
  <member type="way" ref="1552063916" role=""/>
  <member type="way" ref="1552063921" role=""/>
  <member type="way" ref="1552063915" role=""/>
  <member type="way" ref="419944602" role=""/>
  <member type="way" ref="1552063958" role=""/>
  <member type="way" ref="1552063955" role=""/>
  <member type="way" ref="1552063954" role=""/>
  <member type="way" ref="1357900300" role=""/>
  <member type="way" ref="1357900295" role=""/>
  <member type="way" ref="1357900294" role=""/>
  <member type="way" ref="1158179823" role=""/>
  <member type="way" ref="1158179822" role=""/>
  <member type="way" ref="1158179821" role=""/>
  <member type="way" ref="1158179820" role=""/>
  <member type="way" ref="1158179819" role=""/>
  <member type="way" ref="1357900287" role=""/>
  <member type="way" ref="1552063950" role=""/>
  <member type="way" ref="1552063951" role=""/>
  <member type="way" ref="1552063947" role=""/>
  <member type="way" ref="1552063952" role=""/>
  <member type="way" ref="419944603" role=""/>
  <member type="way" ref="1552063953" role=""/>
  <member type="way" ref="1552063948" role=""/>
  <member type="way" ref="1552063949" role=""/>
  <member type="way" ref="1552063946" role=""/>
  <member type="way" ref="1357900285" role=""/>
  <member type="way" ref="1510686264" role=""/>
  <member type="way" ref="1510686265" role=""/>
  <member type="way" ref="1512739235" role=""/>
  <member type="way" ref="1548176853" role=""/>
  <member type="way" ref="257109980" role=""/>
  <member type="way" ref="513644263" role=""/>
  <member type="way" ref="399068984" role=""/>
  <member type="way" ref="513648260" role=""/>
  <member type="way" ref="1357870841" role=""/>
  <member type="way" ref="1357870890" role=""/>
  <member type="way" ref="1357870891" role=""/>
  <member type="way" ref="1357870888" role=""/>
  <member type="way" ref="1357870893" role=""/>
  <member type="way" ref="1357870892" role=""/>
  <member type="way" ref="1357870889" role=""/>
  <member type="way" ref="1357870885" role=""/>
  <member type="way" ref="1357870884" role=""/>
  <member type="way" ref="1357870886" role=""/>
  <member type="way" ref="1357870869" role=""/>
  <member type="way" ref="1357870881" role=""/>
  <member type="way" ref="1357870867" role=""/>
  <member type="way" ref="1357870842" role=""/>
  <member type="way" ref="1357870845" role=""/>
  <member type="way" ref="1357870846" role=""/>
  <member type="way" ref="1357870852" role=""/>
  <member type="way" ref="1357870854" role=""/>
  <member type="way" ref="1357870887" role=""/>
  <member type="way" ref="31399123" role=""/>
  <member type="way" ref="399068985" role=""/>
  <member type="way" ref="513648264" role=""/>
  <member type="way" ref="513648262" role=""/>
  <member type="way" ref="513648263" role=""/>
  <member type="way" ref="434836755" role=""/>
  <member type="way" ref="434836756" role=""/>
  <member type="way" ref="513648251" role=""/>
  <member type="way" ref="513648259" role=""/>
  <member type="way" ref="434836514" role=""/>
  <member type="way" ref="513648253" role=""/>
  <member type="way" ref="513648258" role=""/>
  <member type="way" ref="516412355" role=""/>
  <member type="way" ref="516412356" role=""/>
  <member type="way" ref="434836515" role=""/>
  <member type="way" ref="434835942" role=""/>
  <member type="way" ref="434835943" role=""/>
  <member type="way" ref="583599978" role=""/>
  <member type="way" ref="583599977" role=""/>
  <member type="way" ref="434835941" role=""/>
  <member type="way" ref="434835940" role=""/>
  <member type="way" ref="434835701" role=""/>
  <member type="way" ref="434835697" role=""/>
  <member type="way" ref="26030038" role=""/>
  <member type="way" ref="659100111" role=""/>
  <member type="way" ref="110598461" role=""/>
  <member type="way" ref="110598419" role=""/>
  <member type="way" ref="725828315" role=""/>
  <member type="way" ref="704200461" role=""/>
  <member type="way" ref="434829980" role=""/>
  <member type="way" ref="704200460" role=""/>
  <member type="way" ref="725828314" role=""/>
  <member type="way" ref="725828313" role=""/>
  <member type="way" ref="242696652" role=""/>
  <member type="way" ref="242696658" role=""/>
  <member type="way" ref="242696643" role=""/>
  <member type="way" ref="242696662" role=""/>
  <member type="way" ref="242696666" role=""/>
  <member type="way" ref="242696646" role=""/>
  <member type="way" ref="1521915050" role=""/>
  <member type="way" ref="1521915049" role=""/>
  <member type="way" ref="1521915048" role=""/>
  <member type="way" ref="237251385" role=""/>
  <member type="way" ref="237251387" role=""/>
  <member type="way" ref="237251371" role=""/>
  <member type="way" ref="237251370" role=""/>
  <member type="way" ref="237251365" role=""/>
  <member type="way" ref="1190764399" role=""/>
  <member type="way" ref="237251368" role=""/>
  <member type="way" ref="1190764402" role=""/>
  <member type="way" ref="237251377" role=""/>
  <member type="way" ref="237255453" role=""/>
  <member type="way" ref="1190760138" role=""/>
  <member type="way" ref="1190760137" role=""/>
  <member type="way" ref="1278279528" role=""/>
  <member type="way" ref="237255452" role=""/>
  <member type="way" ref="1190760140" role=""/>
  <member type="way" ref="237255451" role=""/>
  <member type="way" ref="237255454" role=""/>
  <member type="way" ref="237257501" role=""/>
  <member type="way" ref="945875904" role=""/>
  <member type="way" ref="1190552259" role=""/>
  <member type="way" ref="237257502" role=""/>
  <member type="way" ref="1190552260" role=""/>
  <member type="way" ref="945875900" role=""/>
  <member type="way" ref="237257503" role=""/>
  <member type="way" ref="661150328" role=""/>
  <member type="way" ref="237260827" role=""/>
  <member type="way" ref="1190575303" role=""/>
  <member type="way" ref="1190575302" role=""/>
  <member type="way" ref="1190575300" role=""/>
  <member type="way" ref="1190575301" role=""/>
  <member type="way" ref="530855095" role=""/>
  <member type="way" ref="237260829" role=""/>
  <member type="way" ref="237260831" role=""/>
  <member type="way" ref="237260834" role=""/>
  <member type="way" ref="237260830" role=""/>
  <member type="way" ref="237260835" role=""/>
  <member type="way" ref="237260828" role=""/>
  <member type="way" ref="237260833" role=""/>
  <member type="way" ref="237260832" role=""/>
  <member type="way" ref="1158185831" role=""/>
  <member type="way" ref="1158185828" role=""/>
  <member type="way" ref="145012053" role=""/>
  <member type="way" ref="1426871392" role=""/>
  <member type="way" ref="1426871394" role=""/>
  <member type="way" ref="1426871395" role=""/>
  <member type="way" ref="1426871396" role=""/>
  <member type="way" ref="1426871397" role=""/>
  <member type="way" ref="1426871398" role=""/>
  <member type="way" ref="1426871399" role=""/>
  <member type="way" ref="1191366351" role=""/>
  <member type="way" ref="1191366350" role=""/>
  <member type="way" ref="1191366349" role=""/>
  <member type="way" ref="1191366348" role=""/>
  <member type="way" ref="145012038" role=""/>
  <member type="way" ref="992651949" role=""/>
  <member type="way" ref="992651948" role=""/>
  <member type="way" ref="352297826" role=""/>
  <member type="way" ref="352297827" role=""/>
  <member type="way" ref="23767715" role=""/>
  <member type="way" ref="352297825" role=""/>
  <member type="way" ref="352297828" role=""/>
  <member type="way" ref="992651939" role=""/>
  <member type="way" ref="992651938" role=""/>
  <member type="way" ref="1301260653" role=""/>
  <member type="way" ref="1301260654" role=""/>
  <member type="way" ref="1158188368" role=""/>
  <member type="way" ref="1426872415" role=""/>
  <member type="way" ref="1255389748" role=""/>
  <member type="way" ref="1426872414" role=""/>
  <member type="way" ref="1426872416" role=""/>
  <member type="way" ref="1158188372" role=""/>
  <member type="way" ref="1158188370" role=""/>
  <member type="way" ref="1255389749" role=""/>
  <member type="way" ref="145012039" role=""/>
  <member type="way" ref="1074252482" role=""/>
  <member type="way" ref="1074252474" role=""/>
  <member type="way" ref="1074252475" role=""/>
  <member type="way" ref="1074252476" role=""/>
  <member type="way" ref="1074252483" role=""/>
  <member type="way" ref="145012040" role=""/>
  <member type="way" ref="237264257" role=""/>
  <member type="way" ref="1426873217" role=""/>
  <member type="way" ref="1426873218" role=""/>
  <member type="way" ref="1426873219" role=""/>
  <member type="way" ref="1158188380" role=""/>
  <member type="way" ref="1158188379" role=""/>
  <member type="way" ref="1158188377" role=""/>
  <member type="way" ref="1158188378" role=""/>
  <member type="way" ref="1474497532" role=""/>
  <member type="way" ref="237264255" role=""/>
  <member type="way" ref="489366631" role=""/>
  <member type="way" ref="1348151489" role=""/>
  <member type="way" ref="1158188382" role=""/>
  <member type="way" ref="1158188383" role=""/>
  <member type="way" ref="1158188385" role=""/>
  <member type="way" ref="1158188387" role=""/>
  <member type="way" ref="1474497533" role=""/>
  <member type="way" ref="1444740011" role=""/>
  <member type="way" ref="1444740013" role=""/>
  <member type="way" ref="1444740012" role=""/>
  <member type="way" ref="1158188386" role=""/>
  <member type="way" ref="1158188389" role=""/>
  <member type="way" ref="1158188388" role=""/>
  <member type="way" ref="1158188390" role=""/>
  <member type="way" ref="1158191791" role=""/>
  <member type="way" ref="1158191799" role=""/>
  <member type="way" ref="1158191794" role=""/>
  <member type="way" ref="1158191793" role=""/>
  <member type="way" ref="1158191792" role=""/>
  <member type="way" ref="495952911" role=""/>
  <member type="way" ref="1240095012" role=""/>
  <member type="way" ref="495952912" role=""/>
  <member type="way" ref="144749065" role=""/>
  <member type="way" ref="495952913" role=""/>
  <member type="way" ref="1240095011" role=""/>
  <member type="way" ref="495954445" role=""/>
  <member type="way" ref="580571420" role=""/>
  <member type="way" ref="495954451" role=""/>
  <member type="way" ref="495954446" role=""/>
  <member type="way" ref="495954447" role=""/>
  <member type="way" ref="580571396" role=""/>
  <member type="way" ref="48307954" role=""/>
  <member type="way" ref="580571424" role=""/>
  <member type="way" ref="1470251819" role=""/>
  <member type="way" ref="580571397" role=""/>
  <member type="way" ref="580571408" role=""/>
  <member type="way" ref="580571414" role=""/>
  <member type="way" ref="1357900274" role=""/>
  <member type="way" ref="1357870853" role=""/>
  <member type="way" ref="1357870868" role=""/>
  <member type="way" ref="1357870876" role=""/>
  <member type="way" ref="1357870874" role=""/>
  <member type="way" ref="1357870879" role=""/>
  <member type="way" ref="513648261" role=""/>
  <member type="way" ref="1357900275" role=""/>
  <member type="way" ref="1357900280" role=""/>
  <member type="way" ref="1357900288" role=""/>
  <member type="way" ref="1552063945" role=""/>
  <member type="way" ref="1357900286" role=""/>
  <member type="way" ref="1421264481" role=""/>
  <member type="way" ref="113589874" role=""/>
  <member type="way" ref="1421264479" role=""/>
  <member type="way" ref="357553575" role=""/>
  <member type="way" ref="113589872" role=""/>
  <member type="way" ref="26071914" role=""/>
  <member type="way" ref="1462688059" role=""/>
  <member type="way" ref="178472176" role=""/>
  <member type="way" ref="81657506" role=""/>
  <member type="way" ref="1421264516" role=""/>
  <member type="way" ref="81657549" role=""/>
  <member type="way" ref="1421264496" role=""/>
  <member type="way" ref="321463205" role=""/>
  <member type="way" ref="1421264497" role=""/>
  <member type="way" ref="1421264498" role=""/>
  <member type="way" ref="1421264480" role=""/>
  <member type="way" ref="264945994" role=""/>
  <member type="way" ref="1421264515" role=""/>
  <member type="way" ref="975035697" role=""/>
  <tag k="distance" v="88.97"/>
  <tag k="name" v="Estrada AC-552"/>
  <tag k="name:es" v="Carretera AC-552"/>
  <tag k="name:gl" v="Estrada AC-552"/>
  <tag k="network" v="GL:AC-road"/>
  <tag k="operator" v="Xunta de Galicia"/>
  <tag k="ref" v="AC-552"/>
  <tag k="ref:colour" v="#FF9D00"/>
  <tag k="ref:colour_bg" v="#FF9D00"/>
  <tag k="ref:colour_tx" v="black"/>
  <tag k="route" v="road"/>
  <tag k="type" v="route"/>
  <tag k="wikidata" v="Q12379785"/>
  <tag k="wikipedia" v="gl:AC-552"/>
 </relation>
 <relation id="20172514" visible="true" version="1" changeset="178104014" timestamp="2026-02-04T17:09:07Z" user="DANDO MOTORAZOS" uid="21837933">
  <member type="node" ref="11026473818" role="device"/>
  <member type="node" ref="13524578994" role="to"/>
  <member type="node" ref="1815371429" role="from"/>
  <member type="node" ref="1793527132" role="from"/>
  <tag k="enforcement" v="maxspeed"/>
  <tag k="maxspeed" v="70"/>
  <tag k="type" v="enforcement"/>
 </relation>
 <relation id="20347054" visible="true" version="1" changeset="180054094" timestamp="2026-03-18T11:23:01Z" user="dmfr" uid="15324596">
  <member type="way" ref="158904215" role="outer"/>
  <member type="way" ref="1490188377" role="outer"/>
  <tag k="frequency" v="50"/>
  <tag k="location" v="outdoor"/>
  <tag k="name" v="Alcoa"/>
  <tag k="power" v="substation"/>
  <tag k="substation" v="industrial"/>
  <tag k="type" v="multipolygon"/>
  <tag k="voltage" v="220000;66000"/>
 </relation>
</osm>
